{
"type": "FeatureCollection",
"name": "gulmiGHI",
"crs": { "type": "name", "properties": { "name": "urn:ogc:def:crs:OGC:1.3:CRS84" } },
"features": [
{"type":"Feature","properties":{"VALUE":4.26100016},"geometry":{"type":"Point","coordinates":[83.145833333333428,28.2625]}},
{"type":"Feature","properties":{"VALUE":4.1420002},"geometry":{"type":"Point","coordinates":[83.154166666666768,28.2625]}},
{"type":"Feature","properties":{"VALUE":4.18499994},"geometry":{"type":"Point","coordinates":[83.162500000000108,28.2625]}},
{"type":"Feature","properties":{"VALUE":3.69700003},"geometry":{"type":"Point","coordinates":[83.179166666666788,28.2625]}},
{"type":"Feature","properties":{"VALUE":3.79900002},"geometry":{"type":"Point","coordinates":[83.187500000000128,28.2625]}},
{"type":"Feature","properties":{"VALUE":4.31500006},"geometry":{"type":"Point","coordinates":[83.095833333333388,28.254166666666666]}},
{"type":"Feature","properties":{"VALUE":4.19299984},"geometry":{"type":"Point","coordinates":[83.120833333333408,28.254166666666666]}},
{"type":"Feature","properties":{"VALUE":4.17299986},"geometry":{"type":"Point","coordinates":[83.1375,28.254166666666666]}},
{"type":"Feature","properties":{"VALUE":3.94700003},"geometry":{"type":"Point","coordinates":[83.145833333333428,28.254166666666666]}},
{"type":"Feature","properties":{"VALUE":4.05200005},"geometry":{"type":"Point","coordinates":[83.154166666666768,28.254166666666666]}},
{"type":"Feature","properties":{"VALUE":3.98300004},"geometry":{"type":"Point","coordinates":[83.162500000000108,28.254166666666666]}},
{"type":"Feature","properties":{"VALUE":3.75300002},"geometry":{"type":"Point","coordinates":[83.170833333333448,28.254166666666666]}},
{"type":"Feature","properties":{"VALUE":4.11000013},"geometry":{"type":"Point","coordinates":[83.179166666666788,28.254166666666666]}},
{"type":"Feature","properties":{"VALUE":3.9289999},"geometry":{"type":"Point","coordinates":[83.187500000000128,28.254166666666666]}},
{"type":"Feature","properties":{"VALUE":3.76300001},"geometry":{"type":"Point","coordinates":[83.195833333333468,28.254166666666666]}},
{"type":"Feature","properties":{"VALUE":3.88599992},"geometry":{"type":"Point","coordinates":[83.204166666666808,28.254166666666666]}},
{"type":"Feature","properties":{"VALUE":4.35599995},"geometry":{"type":"Point","coordinates":[83.0875,28.245833333333334]}},
{"type":"Feature","properties":{"VALUE":4.25199986},"geometry":{"type":"Point","coordinates":[83.095833333333388,28.245833333333334]}},
{"type":"Feature","properties":{"VALUE":4.17500019},"geometry":{"type":"Point","coordinates":[83.104166666666728,28.245833333333334]}},
{"type":"Feature","properties":{"VALUE":4.15100002},"geometry":{"type":"Point","coordinates":[83.1125,28.245833333333334]}},
{"type":"Feature","properties":{"VALUE":4.1960001},"geometry":{"type":"Point","coordinates":[83.120833333333408,28.245833333333334]}},
{"type":"Feature","properties":{"VALUE":4.26300001},"geometry":{"type":"Point","coordinates":[83.129166666666748,28.245833333333334]}},
{"type":"Feature","properties":{"VALUE":4.29099989},"geometry":{"type":"Point","coordinates":[83.1375,28.245833333333334]}},
{"type":"Feature","properties":{"VALUE":4.02899981},"geometry":{"type":"Point","coordinates":[83.145833333333428,28.245833333333334]}},
{"type":"Feature","properties":{"VALUE":3.85299993},"geometry":{"type":"Point","coordinates":[83.154166666666768,28.245833333333334]}},
{"type":"Feature","properties":{"VALUE":4.12099981},"geometry":{"type":"Point","coordinates":[83.162500000000108,28.245833333333334]}},
{"type":"Feature","properties":{"VALUE":4.21700001},"geometry":{"type":"Point","coordinates":[83.170833333333448,28.245833333333334]}},
{"type":"Feature","properties":{"VALUE":4.23899984},"geometry":{"type":"Point","coordinates":[83.179166666666788,28.245833333333334]}},
{"type":"Feature","properties":{"VALUE":4.28200006},"geometry":{"type":"Point","coordinates":[83.187500000000128,28.245833333333334]}},
{"type":"Feature","properties":{"VALUE":3.99300003},"geometry":{"type":"Point","coordinates":[83.195833333333468,28.245833333333334]}},
{"type":"Feature","properties":{"VALUE":3.92000008},"geometry":{"type":"Point","coordinates":[83.204166666666808,28.245833333333334]}},
{"type":"Feature","properties":{"VALUE":3.88800001},"geometry":{"type":"Point","coordinates":[83.212500000000148,28.245833333333334]}},
{"type":"Feature","properties":{"VALUE":4.13000011},"geometry":{"type":"Point","coordinates":[83.029166666666669,28.2375]}},
{"type":"Feature","properties":{"VALUE":4.15700006},"geometry":{"type":"Point","coordinates":[83.0375,28.2375]}},
{"type":"Feature","properties":{"VALUE":4.31899977},"geometry":{"type":"Point","coordinates":[83.045833333333348,28.2375]}},
{"type":"Feature","properties":{"VALUE":4.24399996},"geometry":{"type":"Point","coordinates":[83.054166666666688,28.2375]}},
{"type":"Feature","properties":{"VALUE":4.26000023},"geometry":{"type":"Point","coordinates":[83.0625,28.2375]}},
{"type":"Feature","properties":{"VALUE":4.23600006},"geometry":{"type":"Point","coordinates":[83.070833333333368,28.2375]}},
{"type":"Feature","properties":{"VALUE":4.11499977},"geometry":{"type":"Point","coordinates":[83.0875,28.2375]}},
{"type":"Feature","properties":{"VALUE":4.06699991},"geometry":{"type":"Point","coordinates":[83.095833333333388,28.2375]}},
{"type":"Feature","properties":{"VALUE":4.03599977},"geometry":{"type":"Point","coordinates":[83.104166666666728,28.2375]}},
{"type":"Feature","properties":{"VALUE":4.01800013},"geometry":{"type":"Point","coordinates":[83.1125,28.2375]}},
{"type":"Feature","properties":{"VALUE":4.05999994},"geometry":{"type":"Point","coordinates":[83.120833333333408,28.2375]}},
{"type":"Feature","properties":{"VALUE":4.14599991},"geometry":{"type":"Point","coordinates":[83.129166666666748,28.2375]}},
{"type":"Feature","properties":{"VALUE":4.27199984},"geometry":{"type":"Point","coordinates":[83.1375,28.2375]}},
{"type":"Feature","properties":{"VALUE":4.33199978},"geometry":{"type":"Point","coordinates":[83.145833333333428,28.2375]}},
{"type":"Feature","properties":{"VALUE":4.29500008},"geometry":{"type":"Point","coordinates":[83.154166666666768,28.2375]}},
{"type":"Feature","properties":{"VALUE":4.22800016},"geometry":{"type":"Point","coordinates":[83.162500000000108,28.2375]}},
{"type":"Feature","properties":{"VALUE":4.10500002},"geometry":{"type":"Point","coordinates":[83.170833333333448,28.2375]}},
{"type":"Feature","properties":{"VALUE":4.16400003},"geometry":{"type":"Point","coordinates":[83.179166666666788,28.2375]}},
{"type":"Feature","properties":{"VALUE":4.26499987},"geometry":{"type":"Point","coordinates":[83.187500000000128,28.2375]}},
{"type":"Feature","properties":{"VALUE":4.32299995},"geometry":{"type":"Point","coordinates":[83.195833333333468,28.2375]}},
{"type":"Feature","properties":{"VALUE":4.26900005},"geometry":{"type":"Point","coordinates":[83.204166666666808,28.2375]}},
{"type":"Feature","properties":{"VALUE":4.09700012},"geometry":{"type":"Point","coordinates":[83.212500000000148,28.2375]}},
{"type":"Feature","properties":{"VALUE":3.9000001},"geometry":{"type":"Point","coordinates":[83.220833333333488,28.2375]}},
{"type":"Feature","properties":{"VALUE":4.21700001},"geometry":{"type":"Point","coordinates":[83.029166666666669,28.229166666666668]}},
{"type":"Feature","properties":{"VALUE":4.16800022},"geometry":{"type":"Point","coordinates":[83.0375,28.229166666666668]}},
{"type":"Feature","properties":{"VALUE":4.20800018},"geometry":{"type":"Point","coordinates":[83.045833333333348,28.229166666666668]}},
{"type":"Feature","properties":{"VALUE":4.07399988},"geometry":{"type":"Point","coordinates":[83.054166666666688,28.229166666666668]}},
{"type":"Feature","properties":{"VALUE":4.08900023},"geometry":{"type":"Point","coordinates":[83.0625,28.229166666666668]}},
{"type":"Feature","properties":{"VALUE":4.33900023},"geometry":{"type":"Point","coordinates":[83.070833333333368,28.229166666666668]}},
{"type":"Feature","properties":{"VALUE":4.19500017},"geometry":{"type":"Point","coordinates":[83.079166666666708,28.229166666666668]}},
{"type":"Feature","properties":{"VALUE":4.35200024},"geometry":{"type":"Point","coordinates":[83.0875,28.229166666666668]}},
{"type":"Feature","properties":{"VALUE":4.23400021},"geometry":{"type":"Point","coordinates":[83.095833333333388,28.229166666666668]}},
{"type":"Feature","properties":{"VALUE":4.05999994},"geometry":{"type":"Point","coordinates":[83.104166666666728,28.229166666666668]}},
{"type":"Feature","properties":{"VALUE":4.11899996},"geometry":{"type":"Point","coordinates":[83.1125,28.229166666666668]}},
{"type":"Feature","properties":{"VALUE":4.04400015},"geometry":{"type":"Point","coordinates":[83.120833333333408,28.229166666666668]}},
{"type":"Feature","properties":{"VALUE":4.06899977},"geometry":{"type":"Point","coordinates":[83.129166666666748,28.229166666666668]}},
{"type":"Feature","properties":{"VALUE":4.13100004},"geometry":{"type":"Point","coordinates":[83.1375,28.229166666666668]}},
{"type":"Feature","properties":{"VALUE":4.16099977},"geometry":{"type":"Point","coordinates":[83.145833333333428,28.229166666666668]}},
{"type":"Feature","properties":{"VALUE":4.09800005},"geometry":{"type":"Point","coordinates":[83.154166666666768,28.229166666666668]}},
{"type":"Feature","properties":{"VALUE":4.03200006},"geometry":{"type":"Point","coordinates":[83.162500000000108,28.229166666666668]}},
{"type":"Feature","properties":{"VALUE":4.04099989},"geometry":{"type":"Point","coordinates":[83.170833333333448,28.229166666666668]}},
{"type":"Feature","properties":{"VALUE":4.00699997},"geometry":{"type":"Point","coordinates":[83.179166666666788,28.229166666666668]}},
{"type":"Feature","properties":{"VALUE":3.97199988},"geometry":{"type":"Point","coordinates":[83.187500000000128,28.229166666666668]}},
{"type":"Feature","properties":{"VALUE":4.1079998},"geometry":{"type":"Point","coordinates":[83.195833333333468,28.229166666666668]}},
{"type":"Feature","properties":{"VALUE":4.03200006},"geometry":{"type":"Point","coordinates":[83.204166666666808,28.229166666666668]}},
{"type":"Feature","properties":{"VALUE":4.21700001},"geometry":{"type":"Point","coordinates":[83.212500000000148,28.229166666666668]}},
{"type":"Feature","properties":{"VALUE":3.977},"geometry":{"type":"Point","coordinates":[83.220833333333488,28.229166666666668]}},
{"type":"Feature","properties":{"VALUE":3.954},"geometry":{"type":"Point","coordinates":[83.229166666666828,28.229166666666668]}},
{"type":"Feature","properties":{"VALUE":4.32499981},"geometry":{"type":"Point","coordinates":[83.029166666666669,28.220833333333335]}},
{"type":"Feature","properties":{"VALUE":4.11800003},"geometry":{"type":"Point","coordinates":[83.0375,28.220833333333335]}},
{"type":"Feature","properties":{"VALUE":4.10400009},"geometry":{"type":"Point","coordinates":[83.045833333333348,28.220833333333335]}},
{"type":"Feature","properties":{"VALUE":4.08400011},"geometry":{"type":"Point","coordinates":[83.054166666666688,28.220833333333335]}},
{"type":"Feature","properties":{"VALUE":4.28299999},"geometry":{"type":"Point","coordinates":[83.0625,28.220833333333335]}},
{"type":"Feature","properties":{"VALUE":4.35400009},"geometry":{"type":"Point","coordinates":[83.070833333333368,28.220833333333335]}},
{"type":"Feature","properties":{"VALUE":4.27199984},"geometry":{"type":"Point","coordinates":[83.079166666666708,28.220833333333335]}},
{"type":"Feature","properties":{"VALUE":4.29400015},"geometry":{"type":"Point","coordinates":[83.0875,28.220833333333335]}},
{"type":"Feature","properties":{"VALUE":4.33900023},"geometry":{"type":"Point","coordinates":[83.095833333333388,28.220833333333335]}},
{"type":"Feature","properties":{"VALUE":4.31400013},"geometry":{"type":"Point","coordinates":[83.104166666666728,28.220833333333335]}},
{"type":"Feature","properties":{"VALUE":4.25099993},"geometry":{"type":"Point","coordinates":[83.1125,28.220833333333335]}},
{"type":"Feature","properties":{"VALUE":4.08199978},"geometry":{"type":"Point","coordinates":[83.120833333333408,28.220833333333335]}},
{"type":"Feature","properties":{"VALUE":4.08900023},"geometry":{"type":"Point","coordinates":[83.129166666666748,28.220833333333335]}},
{"type":"Feature","properties":{"VALUE":4.04899979},"geometry":{"type":"Point","coordinates":[83.1375,28.220833333333335]}},
{"type":"Feature","properties":{"VALUE":4.08199978},"geometry":{"type":"Point","coordinates":[83.145833333333428,28.220833333333335]}},
{"type":"Feature","properties":{"VALUE":4.01800013},"geometry":{"type":"Point","coordinates":[83.154166666666768,28.220833333333335]}},
{"type":"Feature","properties":{"VALUE":4.09000015},"geometry":{"type":"Point","coordinates":[83.162500000000108,28.220833333333335]}},
{"type":"Feature","properties":{"VALUE":4.15600014},"geometry":{"type":"Point","coordinates":[83.170833333333448,28.220833333333335]}},
{"type":"Feature","properties":{"VALUE":4.18499994},"geometry":{"type":"Point","coordinates":[83.179166666666788,28.220833333333335]}},
{"type":"Feature","properties":{"VALUE":3.86400008},"geometry":{"type":"Point","coordinates":[83.187500000000128,28.220833333333335]}},
{"type":"Feature","properties":{"VALUE":4.05499983},"geometry":{"type":"Point","coordinates":[83.195833333333468,28.220833333333335]}},
{"type":"Feature","properties":{"VALUE":4.10599995},"geometry":{"type":"Point","coordinates":[83.204166666666808,28.220833333333335]}},
{"type":"Feature","properties":{"VALUE":4.22100019},"geometry":{"type":"Point","coordinates":[83.212500000000148,28.220833333333335]}},
{"type":"Feature","properties":{"VALUE":4.25199986},"geometry":{"type":"Point","coordinates":[83.220833333333488,28.220833333333335]}},
{"type":"Feature","properties":{"VALUE":4.16499996},"geometry":{"type":"Point","coordinates":[83.229166666666828,28.220833333333335]}},
{"type":"Feature","properties":{"VALUE":3.96199989},"geometry":{"type":"Point","coordinates":[83.237500000000168,28.220833333333335]}},
{"type":"Feature","properties":{"VALUE":4.13000011},"geometry":{"type":"Point","coordinates":[83.0375,28.2125]}},
{"type":"Feature","properties":{"VALUE":4.2329998},"geometry":{"type":"Point","coordinates":[83.045833333333348,28.2125]}},
{"type":"Feature","properties":{"VALUE":4.09000015},"geometry":{"type":"Point","coordinates":[83.054166666666688,28.2125]}},
{"type":"Feature","properties":{"VALUE":4.35400009},"geometry":{"type":"Point","coordinates":[83.0625,28.2125]}},
{"type":"Feature","properties":{"VALUE":4.37099981},"geometry":{"type":"Point","coordinates":[83.070833333333368,28.2125]}},
{"type":"Feature","properties":{"VALUE":4.2420001},"geometry":{"type":"Point","coordinates":[83.079166666666708,28.2125]}},
{"type":"Feature","properties":{"VALUE":4.21099997},"geometry":{"type":"Point","coordinates":[83.0875,28.2125]}},
{"type":"Feature","properties":{"VALUE":4.24900007},"geometry":{"type":"Point","coordinates":[83.095833333333388,28.2125]}},
{"type":"Feature","properties":{"VALUE":4.06099987},"geometry":{"type":"Point","coordinates":[83.104166666666728,28.2125]}},
{"type":"Feature","properties":{"VALUE":4.08400011},"geometry":{"type":"Point","coordinates":[83.1125,28.2125]}},
{"type":"Feature","properties":{"VALUE":4.28599977},"geometry":{"type":"Point","coordinates":[83.120833333333408,28.2125]}},
{"type":"Feature","properties":{"VALUE":4.30100012},"geometry":{"type":"Point","coordinates":[83.129166666666748,28.2125]}},
{"type":"Feature","properties":{"VALUE":4.27699995},"geometry":{"type":"Point","coordinates":[83.1375,28.2125]}},
{"type":"Feature","properties":{"VALUE":4.35900021},"geometry":{"type":"Point","coordinates":[83.145833333333428,28.2125]}},
{"type":"Feature","properties":{"VALUE":4.35900021},"geometry":{"type":"Point","coordinates":[83.154166666666768,28.2125]}},
{"type":"Feature","properties":{"VALUE":4.36100006},"geometry":{"type":"Point","coordinates":[83.162500000000108,28.2125]}},
{"type":"Feature","properties":{"VALUE":4.39900017},"geometry":{"type":"Point","coordinates":[83.170833333333448,28.2125]}},
{"type":"Feature","properties":{"VALUE":4.421},"geometry":{"type":"Point","coordinates":[83.179166666666788,28.2125]}},
{"type":"Feature","properties":{"VALUE":3.93700004},"geometry":{"type":"Point","coordinates":[83.187500000000128,28.2125]}},
{"type":"Feature","properties":{"VALUE":3.91000009},"geometry":{"type":"Point","coordinates":[83.195833333333468,28.2125]}},
{"type":"Feature","properties":{"VALUE":3.94700003},"geometry":{"type":"Point","coordinates":[83.204166666666808,28.2125]}},
{"type":"Feature","properties":{"VALUE":3.99499989},"geometry":{"type":"Point","coordinates":[83.212500000000148,28.2125]}},
{"type":"Feature","properties":{"VALUE":4.02199984},"geometry":{"type":"Point","coordinates":[83.220833333333488,28.2125]}},
{"type":"Feature","properties":{"VALUE":4.08900023},"geometry":{"type":"Point","coordinates":[83.229166666666828,28.2125]}},
{"type":"Feature","properties":{"VALUE":4.14599991},"geometry":{"type":"Point","coordinates":[83.237500000000168,28.2125]}},
{"type":"Feature","properties":{"VALUE":4.03499985},"geometry":{"type":"Point","coordinates":[83.245833333333508,28.2125]}},
{"type":"Feature","properties":{"VALUE":4.30200005},"geometry":{"type":"Point","coordinates":[83.0375,28.204166666666669]}},
{"type":"Feature","properties":{"VALUE":4.23999977},"geometry":{"type":"Point","coordinates":[83.045833333333348,28.204166666666669]}},
{"type":"Feature","properties":{"VALUE":4.40600014},"geometry":{"type":"Point","coordinates":[83.054166666666688,28.204166666666669]}},
{"type":"Feature","properties":{"VALUE":4.28599977},"geometry":{"type":"Point","coordinates":[83.0625,28.204166666666669]}},
{"type":"Feature","properties":{"VALUE":4.28200006},"geometry":{"type":"Point","coordinates":[83.070833333333368,28.204166666666669]}},
{"type":"Feature","properties":{"VALUE":4.23899984},"geometry":{"type":"Point","coordinates":[83.079166666666708,28.204166666666669]}},
{"type":"Feature","properties":{"VALUE":4.20599985},"geometry":{"type":"Point","coordinates":[83.0875,28.204166666666669]}},
{"type":"Feature","properties":{"VALUE":4.15999985},"geometry":{"type":"Point","coordinates":[83.095833333333388,28.204166666666669]}},
{"type":"Feature","properties":{"VALUE":4.02899981},"geometry":{"type":"Point","coordinates":[83.104166666666728,28.204166666666669]}},
{"type":"Feature","properties":{"VALUE":4.19999981},"geometry":{"type":"Point","coordinates":[83.1125,28.204166666666669]}},
{"type":"Feature","properties":{"VALUE":4.23000002},"geometry":{"type":"Point","coordinates":[83.120833333333408,28.204166666666669]}},
{"type":"Feature","properties":{"VALUE":4.26100016},"geometry":{"type":"Point","coordinates":[83.129166666666748,28.204166666666669]}},
{"type":"Feature","properties":{"VALUE":4.29300022},"geometry":{"type":"Point","coordinates":[83.1375,28.204166666666669]}},
{"type":"Feature","properties":{"VALUE":4.25299978},"geometry":{"type":"Point","coordinates":[83.145833333333428,28.204166666666669]}},
{"type":"Feature","properties":{"VALUE":4.3039999},"geometry":{"type":"Point","coordinates":[83.154166666666768,28.204166666666669]}},
{"type":"Feature","properties":{"VALUE":4.36100006},"geometry":{"type":"Point","coordinates":[83.162500000000108,28.204166666666669]}},
{"type":"Feature","properties":{"VALUE":4.35699987},"geometry":{"type":"Point","coordinates":[83.170833333333448,28.204166666666669]}},
{"type":"Feature","properties":{"VALUE":4.39699984},"geometry":{"type":"Point","coordinates":[83.179166666666788,28.204166666666669]}},
{"type":"Feature","properties":{"VALUE":4.3210001},"geometry":{"type":"Point","coordinates":[83.187500000000128,28.204166666666669]}},
{"type":"Feature","properties":{"VALUE":4.13700008},"geometry":{"type":"Point","coordinates":[83.195833333333468,28.204166666666669]}},
{"type":"Feature","properties":{"VALUE":4.02899981},"geometry":{"type":"Point","coordinates":[83.204166666666808,28.204166666666669]}},
{"type":"Feature","properties":{"VALUE":4.17299986},"geometry":{"type":"Point","coordinates":[83.212500000000148,28.204166666666669]}},
{"type":"Feature","properties":{"VALUE":4.25199986},"geometry":{"type":"Point","coordinates":[83.220833333333488,28.204166666666669]}},
{"type":"Feature","properties":{"VALUE":4.16800022},"geometry":{"type":"Point","coordinates":[83.229166666666828,28.204166666666669]}},
{"type":"Feature","properties":{"VALUE":4.09700012},"geometry":{"type":"Point","coordinates":[83.237500000000168,28.204166666666669]}},
{"type":"Feature","properties":{"VALUE":4.18900013},"geometry":{"type":"Point","coordinates":[83.245833333333508,28.204166666666669]}},
{"type":"Feature","properties":{"VALUE":3.88599992},"geometry":{"type":"Point","coordinates":[83.254166666666848,28.204166666666669]}},
{"type":"Feature","properties":{"VALUE":4.46799994},"geometry":{"type":"Point","coordinates":[83.0375,28.195833333333336]}},
{"type":"Feature","properties":{"VALUE":4.43599987},"geometry":{"type":"Point","coordinates":[83.045833333333348,28.195833333333336]}},
{"type":"Feature","properties":{"VALUE":4.37599993},"geometry":{"type":"Point","coordinates":[83.054166666666688,28.195833333333336]}},
{"type":"Feature","properties":{"VALUE":4.36899996},"geometry":{"type":"Point","coordinates":[83.0625,28.195833333333336]}},
{"type":"Feature","properties":{"VALUE":4.22900009},"geometry":{"type":"Point","coordinates":[83.070833333333368,28.195833333333336]}},
{"type":"Feature","properties":{"VALUE":4.11600018},"geometry":{"type":"Point","coordinates":[83.079166666666708,28.195833333333336]}},
{"type":"Feature","properties":{"VALUE":4.1960001},"geometry":{"type":"Point","coordinates":[83.0875,28.195833333333336]}},
{"type":"Feature","properties":{"VALUE":4.11899996},"geometry":{"type":"Point","coordinates":[83.095833333333388,28.195833333333336]}},
{"type":"Feature","properties":{"VALUE":4.12400007},"geometry":{"type":"Point","coordinates":[83.104166666666728,28.195833333333336]}},
{"type":"Feature","properties":{"VALUE":4.17600012},"geometry":{"type":"Point","coordinates":[83.1125,28.195833333333336]}},
{"type":"Feature","properties":{"VALUE":4.21000004},"geometry":{"type":"Point","coordinates":[83.120833333333408,28.195833333333336]}},
{"type":"Feature","properties":{"VALUE":4.11800003},"geometry":{"type":"Point","coordinates":[83.129166666666748,28.195833333333336]}},
{"type":"Feature","properties":{"VALUE":4.25600004},"geometry":{"type":"Point","coordinates":[83.1375,28.195833333333336]}},
{"type":"Feature","properties":{"VALUE":4.17399979},"geometry":{"type":"Point","coordinates":[83.145833333333428,28.195833333333336]}},
{"type":"Feature","properties":{"VALUE":4.27600002},"geometry":{"type":"Point","coordinates":[83.154166666666768,28.195833333333336]}},
{"type":"Feature","properties":{"VALUE":4.24399996},"geometry":{"type":"Point","coordinates":[83.162500000000108,28.195833333333336]}},
{"type":"Feature","properties":{"VALUE":4.22300005},"geometry":{"type":"Point","coordinates":[83.170833333333448,28.195833333333336]}},
{"type":"Feature","properties":{"VALUE":4.31899977},"geometry":{"type":"Point","coordinates":[83.179166666666788,28.195833333333336]}},
{"type":"Feature","properties":{"VALUE":4.42500019},"geometry":{"type":"Point","coordinates":[83.187500000000128,28.195833333333336]}},
{"type":"Feature","properties":{"VALUE":4.40299988},"geometry":{"type":"Point","coordinates":[83.195833333333468,28.195833333333336]}},
{"type":"Feature","properties":{"VALUE":4.26599979},"geometry":{"type":"Point","coordinates":[83.204166666666808,28.195833333333336]}},
{"type":"Feature","properties":{"VALUE":4.29099989},"geometry":{"type":"Point","coordinates":[83.212500000000148,28.195833333333336]}},
{"type":"Feature","properties":{"VALUE":4.2579999},"geometry":{"type":"Point","coordinates":[83.220833333333488,28.195833333333336]}},
{"type":"Feature","properties":{"VALUE":4.14499998},"geometry":{"type":"Point","coordinates":[83.229166666666828,28.195833333333336]}},
{"type":"Feature","properties":{"VALUE":4.03100014},"geometry":{"type":"Point","coordinates":[83.237500000000168,28.195833333333336]}},
{"type":"Feature","properties":{"VALUE":4.25299978},"geometry":{"type":"Point","coordinates":[83.245833333333508,28.195833333333336]}},
{"type":"Feature","properties":{"VALUE":4.02899981},"geometry":{"type":"Point","coordinates":[83.254166666666848,28.195833333333336]}},
{"type":"Feature","properties":{"VALUE":3.96499991},"geometry":{"type":"Point","coordinates":[83.262500000000188,28.195833333333336]}},
{"type":"Feature","properties":{"VALUE":4.08099985},"geometry":{"type":"Point","coordinates":[83.304166666666887,28.195833333333336]}},
{"type":"Feature","properties":{"VALUE":4.0999999000000003},"geometry":{"type":"Point","coordinates":[83.354166666666927,28.195833333333336]}},
{"type":"Feature","properties":{"VALUE":4.49300003},"geometry":{"type":"Point","coordinates":[83.0375,28.1875]}},
{"type":"Feature","properties":{"VALUE":4.43900013},"geometry":{"type":"Point","coordinates":[83.045833333333348,28.1875]}},
{"type":"Feature","properties":{"VALUE":4.22800016},"geometry":{"type":"Point","coordinates":[83.054166666666688,28.1875]}},
{"type":"Feature","properties":{"VALUE":4.29300022},"geometry":{"type":"Point","coordinates":[83.0625,28.1875]}},
{"type":"Feature","properties":{"VALUE":4.30200005},"geometry":{"type":"Point","coordinates":[83.070833333333368,28.1875]}},
{"type":"Feature","properties":{"VALUE":4.17700005},"geometry":{"type":"Point","coordinates":[83.079166666666708,28.1875]}},
{"type":"Feature","properties":{"VALUE":4.16300011},"geometry":{"type":"Point","coordinates":[83.0875,28.1875]}},
{"type":"Feature","properties":{"VALUE":4.08300018},"geometry":{"type":"Point","coordinates":[83.095833333333388,28.1875]}},
{"type":"Feature","properties":{"VALUE":4.11399984},"geometry":{"type":"Point","coordinates":[83.104166666666728,28.1875]}},
{"type":"Feature","properties":{"VALUE":4.15399981},"geometry":{"type":"Point","coordinates":[83.1125,28.1875]}},
{"type":"Feature","properties":{"VALUE":4.1869998},"geometry":{"type":"Point","coordinates":[83.120833333333408,28.1875]}},
{"type":"Feature","properties":{"VALUE":4.14099979},"geometry":{"type":"Point","coordinates":[83.129166666666748,28.1875]}},
{"type":"Feature","properties":{"VALUE":4.23699999},"geometry":{"type":"Point","coordinates":[83.1375,28.1875]}},
{"type":"Feature","properties":{"VALUE":4.15100002},"geometry":{"type":"Point","coordinates":[83.145833333333428,28.1875]}},
{"type":"Feature","properties":{"VALUE":4.31500006},"geometry":{"type":"Point","coordinates":[83.154166666666768,28.1875]}},
{"type":"Feature","properties":{"VALUE":4.24300003},"geometry":{"type":"Point","coordinates":[83.162500000000108,28.1875]}},
{"type":"Feature","properties":{"VALUE":4.1960001},"geometry":{"type":"Point","coordinates":[83.170833333333448,28.1875]}},
{"type":"Feature","properties":{"VALUE":4.35300016},"geometry":{"type":"Point","coordinates":[83.179166666666788,28.1875]}},
{"type":"Feature","properties":{"VALUE":4.29500008},"geometry":{"type":"Point","coordinates":[83.187500000000128,28.1875]}},
{"type":"Feature","properties":{"VALUE":4.26900005},"geometry":{"type":"Point","coordinates":[83.195833333333468,28.1875]}},
{"type":"Feature","properties":{"VALUE":4.34600019},"geometry":{"type":"Point","coordinates":[83.204166666666808,28.1875]}},
{"type":"Feature","properties":{"VALUE":4.19999981},"geometry":{"type":"Point","coordinates":[83.212500000000148,28.1875]}},
{"type":"Feature","properties":{"VALUE":4.03700018},"geometry":{"type":"Point","coordinates":[83.220833333333488,28.1875]}},
{"type":"Feature","properties":{"VALUE":4.15899992},"geometry":{"type":"Point","coordinates":[83.229166666666828,28.1875]}},
{"type":"Feature","properties":{"VALUE":3.91199994},"geometry":{"type":"Point","coordinates":[83.237500000000168,28.1875]}},
{"type":"Feature","properties":{"VALUE":4.03800011},"geometry":{"type":"Point","coordinates":[83.245833333333508,28.1875]}},
{"type":"Feature","properties":{"VALUE":4.24900007},"geometry":{"type":"Point","coordinates":[83.254166666666848,28.1875]}},
{"type":"Feature","properties":{"VALUE":4.00699997},"geometry":{"type":"Point","coordinates":[83.262500000000188,28.1875]}},
{"type":"Feature","properties":{"VALUE":3.91899991},"geometry":{"type":"Point","coordinates":[83.270833333333528,28.1875]}},
{"type":"Feature","properties":{"VALUE":4.09700012},"geometry":{"type":"Point","coordinates":[83.279166666666868,28.1875]}},
{"type":"Feature","properties":{"VALUE":4.12599993},"geometry":{"type":"Point","coordinates":[83.287500000000207,28.1875]}},
{"type":"Feature","properties":{"VALUE":4.16900015},"geometry":{"type":"Point","coordinates":[83.295833333333547,28.1875]}},
{"type":"Feature","properties":{"VALUE":4.20499992},"geometry":{"type":"Point","coordinates":[83.304166666666887,28.1875]}},
{"type":"Feature","properties":{"VALUE":4.11999989},"geometry":{"type":"Point","coordinates":[83.312500000000227,28.1875]}},
{"type":"Feature","properties":{"VALUE":3.81100011},"geometry":{"type":"Point","coordinates":[83.320833333333567,28.1875]}},
{"type":"Feature","properties":{"VALUE":3.9289999},"geometry":{"type":"Point","coordinates":[83.329166666666907,28.1875]}},
{"type":"Feature","properties":{"VALUE":3.84500003},"geometry":{"type":"Point","coordinates":[83.337500000000247,28.1875]}},
{"type":"Feature","properties":{"VALUE":3.84800005},"geometry":{"type":"Point","coordinates":[83.345833333333587,28.1875]}},
{"type":"Feature","properties":{"VALUE":3.85500002},"geometry":{"type":"Point","coordinates":[83.354166666666927,28.1875]}},
{"type":"Feature","properties":{"VALUE":3.88599992},"geometry":{"type":"Point","coordinates":[83.362500000000267,28.1875]}},
{"type":"Feature","properties":{"VALUE":4.53399992},"geometry":{"type":"Point","coordinates":[83.0375,28.179166666666671]}},
{"type":"Feature","properties":{"VALUE":4.25299978},"geometry":{"type":"Point","coordinates":[83.045833333333348,28.179166666666671]}},
{"type":"Feature","properties":{"VALUE":4.20800018},"geometry":{"type":"Point","coordinates":[83.054166666666688,28.179166666666671]}},
{"type":"Feature","properties":{"VALUE":4.31400013},"geometry":{"type":"Point","coordinates":[83.0625,28.179166666666671]}},
{"type":"Feature","properties":{"VALUE":4.16900015},"geometry":{"type":"Point","coordinates":[83.070833333333368,28.179166666666671]}},
{"type":"Feature","properties":{"VALUE":4.1960001},"geometry":{"type":"Point","coordinates":[83.079166666666708,28.179166666666671]}},
{"type":"Feature","properties":{"VALUE":4.09399986},"geometry":{"type":"Point","coordinates":[83.0875,28.179166666666671]}},
{"type":"Feature","properties":{"VALUE":4.24399996},"geometry":{"type":"Point","coordinates":[83.095833333333388,28.179166666666671]}},
{"type":"Feature","properties":{"VALUE":4.22100019},"geometry":{"type":"Point","coordinates":[83.104166666666728,28.179166666666671]}},
{"type":"Feature","properties":{"VALUE":4.15100002},"geometry":{"type":"Point","coordinates":[83.1125,28.179166666666671]}},
{"type":"Feature","properties":{"VALUE":4.16900015},"geometry":{"type":"Point","coordinates":[83.120833333333408,28.179166666666671]}},
{"type":"Feature","properties":{"VALUE":4.19099998},"geometry":{"type":"Point","coordinates":[83.129166666666748,28.179166666666671]}},
{"type":"Feature","properties":{"VALUE":4.19299984},"geometry":{"type":"Point","coordinates":[83.1375,28.179166666666671]}},
{"type":"Feature","properties":{"VALUE":4.2579999},"geometry":{"type":"Point","coordinates":[83.145833333333428,28.179166666666671]}},
{"type":"Feature","properties":{"VALUE":4.26300001},"geometry":{"type":"Point","coordinates":[83.154166666666768,28.179166666666671]}},
{"type":"Feature","properties":{"VALUE":4.22800016},"geometry":{"type":"Point","coordinates":[83.162500000000108,28.179166666666671]}},
{"type":"Feature","properties":{"VALUE":4.21700001},"geometry":{"type":"Point","coordinates":[83.170833333333448,28.179166666666671]}},
{"type":"Feature","properties":{"VALUE":4.33599997},"geometry":{"type":"Point","coordinates":[83.179166666666788,28.179166666666671]}},
{"type":"Feature","properties":{"VALUE":4.25099993},"geometry":{"type":"Point","coordinates":[83.187500000000128,28.179166666666671]}},
{"type":"Feature","properties":{"VALUE":4.27899981},"geometry":{"type":"Point","coordinates":[83.195833333333468,28.179166666666671]}},
{"type":"Feature","properties":{"VALUE":4.34100008},"geometry":{"type":"Point","coordinates":[83.204166666666808,28.179166666666671]}},
{"type":"Feature","properties":{"VALUE":4.36000013},"geometry":{"type":"Point","coordinates":[83.212500000000148,28.179166666666671]}},
{"type":"Feature","properties":{"VALUE":4.33599997},"geometry":{"type":"Point","coordinates":[83.220833333333488,28.179166666666671]}},
{"type":"Feature","properties":{"VALUE":4.38000011},"geometry":{"type":"Point","coordinates":[83.229166666666828,28.179166666666671]}},
{"type":"Feature","properties":{"VALUE":4.10099983},"geometry":{"type":"Point","coordinates":[83.237500000000168,28.179166666666671]}},
{"type":"Feature","properties":{"VALUE":4.07299995},"geometry":{"type":"Point","coordinates":[83.245833333333508,28.179166666666671]}},
{"type":"Feature","properties":{"VALUE":4.23199987},"geometry":{"type":"Point","coordinates":[83.254166666666848,28.179166666666671]}},
{"type":"Feature","properties":{"VALUE":4.31799984},"geometry":{"type":"Point","coordinates":[83.262500000000188,28.179166666666671]}},
{"type":"Feature","properties":{"VALUE":3.9460001},"geometry":{"type":"Point","coordinates":[83.270833333333528,28.179166666666671]}},
{"type":"Feature","properties":{"VALUE":4.03399992},"geometry":{"type":"Point","coordinates":[83.279166666666868,28.179166666666671]}},
{"type":"Feature","properties":{"VALUE":4.19799995},"geometry":{"type":"Point","coordinates":[83.287500000000207,28.179166666666671]}},
{"type":"Feature","properties":{"VALUE":4.21400023},"geometry":{"type":"Point","coordinates":[83.295833333333547,28.179166666666671]}},
{"type":"Feature","properties":{"VALUE":4.21600008},"geometry":{"type":"Point","coordinates":[83.304166666666887,28.179166666666671]}},
{"type":"Feature","properties":{"VALUE":4.31500006},"geometry":{"type":"Point","coordinates":[83.312500000000227,28.179166666666671]}},
{"type":"Feature","properties":{"VALUE":4.27199984},"geometry":{"type":"Point","coordinates":[83.320833333333567,28.179166666666671]}},
{"type":"Feature","properties":{"VALUE":3.8829999},"geometry":{"type":"Point","coordinates":[83.329166666666907,28.179166666666671]}},
{"type":"Feature","properties":{"VALUE":3.67700005},"geometry":{"type":"Point","coordinates":[83.337500000000247,28.179166666666671]}},
{"type":"Feature","properties":{"VALUE":3.87100005},"geometry":{"type":"Point","coordinates":[83.345833333333587,28.179166666666671]}},
{"type":"Feature","properties":{"VALUE":3.93300009},"geometry":{"type":"Point","coordinates":[83.354166666666927,28.179166666666671]}},
{"type":"Feature","properties":{"VALUE":3.87199998},"geometry":{"type":"Point","coordinates":[83.362500000000267,28.179166666666671]}},
{"type":"Feature","properties":{"VALUE":4.36199999},"geometry":{"type":"Point","coordinates":[83.0375,28.170833333333338]}},
{"type":"Feature","properties":{"VALUE":4.37200022},"geometry":{"type":"Point","coordinates":[83.045833333333348,28.170833333333338]}},
{"type":"Feature","properties":{"VALUE":4.21000004},"geometry":{"type":"Point","coordinates":[83.054166666666688,28.170833333333338]}},
{"type":"Feature","properties":{"VALUE":4.33599997},"geometry":{"type":"Point","coordinates":[83.0625,28.170833333333338]}},
{"type":"Feature","properties":{"VALUE":4.23999977},"geometry":{"type":"Point","coordinates":[83.070833333333368,28.170833333333338]}},
{"type":"Feature","properties":{"VALUE":4.1789999},"geometry":{"type":"Point","coordinates":[83.079166666666708,28.170833333333338]}},
{"type":"Feature","properties":{"VALUE":4.2750001},"geometry":{"type":"Point","coordinates":[83.0875,28.170833333333338]}},
{"type":"Feature","properties":{"VALUE":4.22700024},"geometry":{"type":"Point","coordinates":[83.095833333333388,28.170833333333338]}},
{"type":"Feature","properties":{"VALUE":4.23999977},"geometry":{"type":"Point","coordinates":[83.104166666666728,28.170833333333338]}},
{"type":"Feature","properties":{"VALUE":4.20300007},"geometry":{"type":"Point","coordinates":[83.1125,28.170833333333338]}},
{"type":"Feature","properties":{"VALUE":4.1789999},"geometry":{"type":"Point","coordinates":[83.120833333333408,28.170833333333338]}},
{"type":"Feature","properties":{"VALUE":4.19000006},"geometry":{"type":"Point","coordinates":[83.129166666666748,28.170833333333338]}},
{"type":"Feature","properties":{"VALUE":4.21000004},"geometry":{"type":"Point","coordinates":[83.1375,28.170833333333338]}},
{"type":"Feature","properties":{"VALUE":4.25},"geometry":{"type":"Point","coordinates":[83.145833333333428,28.170833333333338]}},
{"type":"Feature","properties":{"VALUE":4.23699999},"geometry":{"type":"Point","coordinates":[83.154166666666768,28.170833333333338]}},
{"type":"Feature","properties":{"VALUE":4.19700003},"geometry":{"type":"Point","coordinates":[83.162500000000108,28.170833333333338]}},
{"type":"Feature","properties":{"VALUE":4.26300001},"geometry":{"type":"Point","coordinates":[83.170833333333448,28.170833333333338]}},
{"type":"Feature","properties":{"VALUE":4.27099991},"geometry":{"type":"Point","coordinates":[83.179166666666788,28.170833333333338]}},
{"type":"Feature","properties":{"VALUE":4.2249999},"geometry":{"type":"Point","coordinates":[83.187500000000128,28.170833333333338]}},
{"type":"Feature","properties":{"VALUE":4.3119998},"geometry":{"type":"Point","coordinates":[83.195833333333468,28.170833333333338]}},
{"type":"Feature","properties":{"VALUE":4.2329998},"geometry":{"type":"Point","coordinates":[83.204166666666808,28.170833333333338]}},
{"type":"Feature","properties":{"VALUE":4.29699993},"geometry":{"type":"Point","coordinates":[83.212500000000148,28.170833333333338]}},
{"type":"Feature","properties":{"VALUE":4.36199999},"geometry":{"type":"Point","coordinates":[83.220833333333488,28.170833333333338]}},
{"type":"Feature","properties":{"VALUE":4.26399994},"geometry":{"type":"Point","coordinates":[83.229166666666828,28.170833333333338]}},
{"type":"Feature","properties":{"VALUE":4.23500013},"geometry":{"type":"Point","coordinates":[83.237500000000168,28.170833333333338]}},
{"type":"Feature","properties":{"VALUE":4.16300011},"geometry":{"type":"Point","coordinates":[83.245833333333508,28.170833333333338]}},
{"type":"Feature","properties":{"VALUE":4.17999983},"geometry":{"type":"Point","coordinates":[83.254166666666848,28.170833333333338]}},
{"type":"Feature","properties":{"VALUE":4.25199986},"geometry":{"type":"Point","coordinates":[83.262500000000188,28.170833333333338]}},
{"type":"Feature","properties":{"VALUE":4.14699984},"geometry":{"type":"Point","coordinates":[83.270833333333528,28.170833333333338]}},
{"type":"Feature","properties":{"VALUE":3.95000005},"geometry":{"type":"Point","coordinates":[83.279166666666868,28.170833333333338]}},
{"type":"Feature","properties":{"VALUE":4.10300016},"geometry":{"type":"Point","coordinates":[83.287500000000207,28.170833333333338]}},
{"type":"Feature","properties":{"VALUE":4.21000004},"geometry":{"type":"Point","coordinates":[83.295833333333547,28.170833333333338]}},
{"type":"Feature","properties":{"VALUE":4.07999992},"geometry":{"type":"Point","coordinates":[83.304166666666887,28.170833333333338]}},
{"type":"Feature","properties":{"VALUE":4.13899994},"geometry":{"type":"Point","coordinates":[83.312500000000227,28.170833333333338]}},
{"type":"Feature","properties":{"VALUE":4.31099987},"geometry":{"type":"Point","coordinates":[83.320833333333567,28.170833333333338]}},
{"type":"Feature","properties":{"VALUE":4.24499989},"geometry":{"type":"Point","coordinates":[83.329166666666907,28.170833333333338]}},
{"type":"Feature","properties":{"VALUE":4.14799976},"geometry":{"type":"Point","coordinates":[83.337500000000247,28.170833333333338]}},
{"type":"Feature","properties":{"VALUE":3.41400003},"geometry":{"type":"Point","coordinates":[83.345833333333587,28.170833333333338]}},
{"type":"Feature","properties":{"VALUE":3.86500001},"geometry":{"type":"Point","coordinates":[83.354166666666927,28.170833333333338]}},
{"type":"Feature","properties":{"VALUE":3.68600011},"geometry":{"type":"Point","coordinates":[83.362500000000267,28.170833333333338]}},
{"type":"Feature","properties":{"VALUE":3.87599993},"geometry":{"type":"Point","coordinates":[83.370833333333607,28.170833333333338]}},
{"type":"Feature","properties":{"VALUE":4.28399992},"geometry":{"type":"Point","coordinates":[83.045833333333348,28.1625]}},
{"type":"Feature","properties":{"VALUE":4.26000023},"geometry":{"type":"Point","coordinates":[83.054166666666688,28.1625]}},
{"type":"Feature","properties":{"VALUE":4.26399994},"geometry":{"type":"Point","coordinates":[83.0625,28.1625]}},
{"type":"Feature","properties":{"VALUE":4.34299994},"geometry":{"type":"Point","coordinates":[83.070833333333368,28.1625]}},
{"type":"Feature","properties":{"VALUE":4.21899986},"geometry":{"type":"Point","coordinates":[83.079166666666708,28.1625]}},
{"type":"Feature","properties":{"VALUE":4.25199986},"geometry":{"type":"Point","coordinates":[83.0875,28.1625]}},
{"type":"Feature","properties":{"VALUE":4.25},"geometry":{"type":"Point","coordinates":[83.095833333333388,28.1625]}},
{"type":"Feature","properties":{"VALUE":4.22399998},"geometry":{"type":"Point","coordinates":[83.104166666666728,28.1625]}},
{"type":"Feature","properties":{"VALUE":4.26000023},"geometry":{"type":"Point","coordinates":[83.1125,28.1625]}},
{"type":"Feature","properties":{"VALUE":4.12400007},"geometry":{"type":"Point","coordinates":[83.120833333333408,28.1625]}},
{"type":"Feature","properties":{"VALUE":4.16400003},"geometry":{"type":"Point","coordinates":[83.129166666666748,28.1625]}},
{"type":"Feature","properties":{"VALUE":4.17000008},"geometry":{"type":"Point","coordinates":[83.1375,28.1625]}},
{"type":"Feature","properties":{"VALUE":4.20100021},"geometry":{"type":"Point","coordinates":[83.145833333333428,28.1625]}},
{"type":"Feature","properties":{"VALUE":4.19899988},"geometry":{"type":"Point","coordinates":[83.154166666666768,28.1625]}},
{"type":"Feature","properties":{"VALUE":4.18900013},"geometry":{"type":"Point","coordinates":[83.162500000000108,28.1625]}},
{"type":"Feature","properties":{"VALUE":4.19299984},"geometry":{"type":"Point","coordinates":[83.170833333333448,28.1625]}},
{"type":"Feature","properties":{"VALUE":4.21099997},"geometry":{"type":"Point","coordinates":[83.179166666666788,28.1625]}},
{"type":"Feature","properties":{"VALUE":4.23899984},"geometry":{"type":"Point","coordinates":[83.187500000000128,28.1625]}},
{"type":"Feature","properties":{"VALUE":4.27099991},"geometry":{"type":"Point","coordinates":[83.195833333333468,28.1625]}},
{"type":"Feature","properties":{"VALUE":4.26800013},"geometry":{"type":"Point","coordinates":[83.204166666666808,28.1625]}},
{"type":"Feature","properties":{"VALUE":4.3130002},"geometry":{"type":"Point","coordinates":[83.212500000000148,28.1625]}},
{"type":"Feature","properties":{"VALUE":4.29099989},"geometry":{"type":"Point","coordinates":[83.220833333333488,28.1625]}},
{"type":"Feature","properties":{"VALUE":4.34100008},"geometry":{"type":"Point","coordinates":[83.229166666666828,28.1625]}},
{"type":"Feature","properties":{"VALUE":4.1789999},"geometry":{"type":"Point","coordinates":[83.237500000000168,28.1625]}},
{"type":"Feature","properties":{"VALUE":4.09800005},"geometry":{"type":"Point","coordinates":[83.245833333333508,28.1625]}},
{"type":"Feature","properties":{"VALUE":4.22900009},"geometry":{"type":"Point","coordinates":[83.254166666666848,28.1625]}},
{"type":"Feature","properties":{"VALUE":4.2420001},"geometry":{"type":"Point","coordinates":[83.262500000000188,28.1625]}},
{"type":"Feature","properties":{"VALUE":4.22700024},"geometry":{"type":"Point","coordinates":[83.270833333333528,28.1625]}},
{"type":"Feature","properties":{"VALUE":4.08799982},"geometry":{"type":"Point","coordinates":[83.279166666666868,28.1625]}},
{"type":"Feature","properties":{"VALUE":4.09399986},"geometry":{"type":"Point","coordinates":[83.287500000000207,28.1625]}},
{"type":"Feature","properties":{"VALUE":4.17000008},"geometry":{"type":"Point","coordinates":[83.295833333333547,28.1625]}},
{"type":"Feature","properties":{"VALUE":4.14300013},"geometry":{"type":"Point","coordinates":[83.304166666666887,28.1625]}},
{"type":"Feature","properties":{"VALUE":4.3130002},"geometry":{"type":"Point","coordinates":[83.312500000000227,28.1625]}},
{"type":"Feature","properties":{"VALUE":4.28599977},"geometry":{"type":"Point","coordinates":[83.320833333333567,28.1625]}},
{"type":"Feature","properties":{"VALUE":4.10900021},"geometry":{"type":"Point","coordinates":[83.329166666666907,28.1625]}},
{"type":"Feature","properties":{"VALUE":4.2249999},"geometry":{"type":"Point","coordinates":[83.337500000000247,28.1625]}},
{"type":"Feature","properties":{"VALUE":4.3579998},"geometry":{"type":"Point","coordinates":[83.345833333333587,28.1625]}},
{"type":"Feature","properties":{"VALUE":4.17700005},"geometry":{"type":"Point","coordinates":[83.354166666666927,28.1625]}},
{"type":"Feature","properties":{"VALUE":3.51099992},"geometry":{"type":"Point","coordinates":[83.362500000000267,28.1625]}},
{"type":"Feature","properties":{"VALUE":3.56599998},"geometry":{"type":"Point","coordinates":[83.370833333333607,28.1625]}},
{"type":"Feature","properties":{"VALUE":4.31099987},"geometry":{"type":"Point","coordinates":[83.379166666666947,28.1625]}},
{"type":"Feature","properties":{"VALUE":4.33599997},"geometry":{"type":"Point","coordinates":[83.387500000000287,28.1625]}},
{"type":"Feature","properties":{"VALUE":4.31899977},"geometry":{"type":"Point","coordinates":[83.045833333333348,28.154166666666672]}},
{"type":"Feature","properties":{"VALUE":4.21400023},"geometry":{"type":"Point","coordinates":[83.054166666666688,28.154166666666672]}},
{"type":"Feature","properties":{"VALUE":4.28700018},"geometry":{"type":"Point","coordinates":[83.0625,28.154166666666672]}},
{"type":"Feature","properties":{"VALUE":4.36100006},"geometry":{"type":"Point","coordinates":[83.070833333333368,28.154166666666672]}},
{"type":"Feature","properties":{"VALUE":4.26999998},"geometry":{"type":"Point","coordinates":[83.079166666666708,28.154166666666672]}},
{"type":"Feature","properties":{"VALUE":4.20800018},"geometry":{"type":"Point","coordinates":[83.0875,28.154166666666672]}},
{"type":"Feature","properties":{"VALUE":4.28999996},"geometry":{"type":"Point","coordinates":[83.095833333333388,28.154166666666672]}},
{"type":"Feature","properties":{"VALUE":4.22900009},"geometry":{"type":"Point","coordinates":[83.104166666666728,28.154166666666672]}},
{"type":"Feature","properties":{"VALUE":4.13700008},"geometry":{"type":"Point","coordinates":[83.1125,28.154166666666672]}},
{"type":"Feature","properties":{"VALUE":4.26300001},"geometry":{"type":"Point","coordinates":[83.120833333333408,28.154166666666672]}},
{"type":"Feature","properties":{"VALUE":4.14900017},"geometry":{"type":"Point","coordinates":[83.129166666666748,28.154166666666672]}},
{"type":"Feature","properties":{"VALUE":4.204},"geometry":{"type":"Point","coordinates":[83.1375,28.154166666666672]}},
{"type":"Feature","properties":{"VALUE":4.17199993},"geometry":{"type":"Point","coordinates":[83.145833333333428,28.154166666666672]}},
{"type":"Feature","properties":{"VALUE":4.19999981},"geometry":{"type":"Point","coordinates":[83.154166666666768,28.154166666666672]}},
{"type":"Feature","properties":{"VALUE":4.20300007},"geometry":{"type":"Point","coordinates":[83.162500000000108,28.154166666666672]}},
{"type":"Feature","properties":{"VALUE":4.21299982},"geometry":{"type":"Point","coordinates":[83.170833333333448,28.154166666666672]}},
{"type":"Feature","properties":{"VALUE":4.16099977},"geometry":{"type":"Point","coordinates":[83.179166666666788,28.154166666666672]}},
{"type":"Feature","properties":{"VALUE":4.24800014},"geometry":{"type":"Point","coordinates":[83.187500000000128,28.154166666666672]}},
{"type":"Feature","properties":{"VALUE":4.23500013},"geometry":{"type":"Point","coordinates":[83.195833333333468,28.154166666666672]}},
{"type":"Feature","properties":{"VALUE":4.28100014},"geometry":{"type":"Point","coordinates":[83.204166666666808,28.154166666666672]}},
{"type":"Feature","properties":{"VALUE":4.28299999},"geometry":{"type":"Point","coordinates":[83.212500000000148,28.154166666666672]}},
{"type":"Feature","properties":{"VALUE":4.35099983},"geometry":{"type":"Point","coordinates":[83.220833333333488,28.154166666666672]}},
{"type":"Feature","properties":{"VALUE":4.38199997},"geometry":{"type":"Point","coordinates":[83.229166666666828,28.154166666666672]}},
{"type":"Feature","properties":{"VALUE":4.3039999},"geometry":{"type":"Point","coordinates":[83.237500000000168,28.154166666666672]}},
{"type":"Feature","properties":{"VALUE":4.04500008},"geometry":{"type":"Point","coordinates":[83.245833333333508,28.154166666666672]}},
{"type":"Feature","properties":{"VALUE":4.22300005},"geometry":{"type":"Point","coordinates":[83.254166666666848,28.154166666666672]}},
{"type":"Feature","properties":{"VALUE":4.2750001},"geometry":{"type":"Point","coordinates":[83.262500000000188,28.154166666666672]}},
{"type":"Feature","properties":{"VALUE":4.329},"geometry":{"type":"Point","coordinates":[83.270833333333528,28.154166666666672]}},
{"type":"Feature","properties":{"VALUE":4.11800003},"geometry":{"type":"Point","coordinates":[83.279166666666868,28.154166666666672]}},
{"type":"Feature","properties":{"VALUE":4.06799984},"geometry":{"type":"Point","coordinates":[83.287500000000207,28.154166666666672]}},
{"type":"Feature","properties":{"VALUE":4.13000011},"geometry":{"type":"Point","coordinates":[83.295833333333547,28.154166666666672]}},
{"type":"Feature","properties":{"VALUE":4.204},"geometry":{"type":"Point","coordinates":[83.304166666666887,28.154166666666672]}},
{"type":"Feature","properties":{"VALUE":4.25199986},"geometry":{"type":"Point","coordinates":[83.312500000000227,28.154166666666672]}},
{"type":"Feature","properties":{"VALUE":4.09100008},"geometry":{"type":"Point","coordinates":[83.320833333333567,28.154166666666672]}},
{"type":"Feature","properties":{"VALUE":4.12900019},"geometry":{"type":"Point","coordinates":[83.329166666666907,28.154166666666672]}},
{"type":"Feature","properties":{"VALUE":4.27799988},"geometry":{"type":"Point","coordinates":[83.337500000000247,28.154166666666672]}},
{"type":"Feature","properties":{"VALUE":4.48899984},"geometry":{"type":"Point","coordinates":[83.345833333333587,28.154166666666672]}},
{"type":"Feature","properties":{"VALUE":4.52099991},"geometry":{"type":"Point","coordinates":[83.354166666666927,28.154166666666672]}},
{"type":"Feature","properties":{"VALUE":4.50500011},"geometry":{"type":"Point","coordinates":[83.362500000000267,28.154166666666672]}},
{"type":"Feature","properties":{"VALUE":4.46299982},"geometry":{"type":"Point","coordinates":[83.370833333333607,28.154166666666672]}},
{"type":"Feature","properties":{"VALUE":4.37099981},"geometry":{"type":"Point","coordinates":[83.379166666666947,28.154166666666672]}},
{"type":"Feature","properties":{"VALUE":4.38700008},"geometry":{"type":"Point","coordinates":[83.387500000000287,28.154166666666672]}},
{"type":"Feature","properties":{"VALUE":4.36299992},"geometry":{"type":"Point","coordinates":[83.395833333333627,28.154166666666672]}},
{"type":"Feature","properties":{"VALUE":4.23199987},"geometry":{"type":"Point","coordinates":[83.0625,28.145833333333339]}},
{"type":"Feature","properties":{"VALUE":4.39300013},"geometry":{"type":"Point","coordinates":[83.070833333333368,28.145833333333339]}},
{"type":"Feature","properties":{"VALUE":4.32999992},"geometry":{"type":"Point","coordinates":[83.079166666666708,28.145833333333339]}},
{"type":"Feature","properties":{"VALUE":4.33799982},"geometry":{"type":"Point","coordinates":[83.0875,28.145833333333339]}},
{"type":"Feature","properties":{"VALUE":4.33300018},"geometry":{"type":"Point","coordinates":[83.095833333333388,28.145833333333339]}},
{"type":"Feature","properties":{"VALUE":4.24700022},"geometry":{"type":"Point","coordinates":[83.104166666666728,28.145833333333339]}},
{"type":"Feature","properties":{"VALUE":4.23199987},"geometry":{"type":"Point","coordinates":[83.1125,28.145833333333339]}},
{"type":"Feature","properties":{"VALUE":4.20200014},"geometry":{"type":"Point","coordinates":[83.120833333333408,28.145833333333339]}},
{"type":"Feature","properties":{"VALUE":4.23899984},"geometry":{"type":"Point","coordinates":[83.129166666666748,28.145833333333339]}},
{"type":"Feature","properties":{"VALUE":4.19299984},"geometry":{"type":"Point","coordinates":[83.1375,28.145833333333339]}},
{"type":"Feature","properties":{"VALUE":4.22399998},"geometry":{"type":"Point","coordinates":[83.145833333333428,28.145833333333339]}},
{"type":"Feature","properties":{"VALUE":4.17500019},"geometry":{"type":"Point","coordinates":[83.154166666666768,28.145833333333339]}},
{"type":"Feature","properties":{"VALUE":4.22200012},"geometry":{"type":"Point","coordinates":[83.162500000000108,28.145833333333339]}},
{"type":"Feature","properties":{"VALUE":4.25199986},"geometry":{"type":"Point","coordinates":[83.170833333333448,28.145833333333339]}},
{"type":"Feature","properties":{"VALUE":4.21799994},"geometry":{"type":"Point","coordinates":[83.179166666666788,28.145833333333339]}},
{"type":"Feature","properties":{"VALUE":4.21000004},"geometry":{"type":"Point","coordinates":[83.187500000000128,28.145833333333339]}},
{"type":"Feature","properties":{"VALUE":4.21999979},"geometry":{"type":"Point","coordinates":[83.195833333333468,28.145833333333339]}},
{"type":"Feature","properties":{"VALUE":4.26999998},"geometry":{"type":"Point","coordinates":[83.204166666666808,28.145833333333339]}},
{"type":"Feature","properties":{"VALUE":4.27899981},"geometry":{"type":"Point","coordinates":[83.212500000000148,28.145833333333339]}},
{"type":"Feature","properties":{"VALUE":4.27699995},"geometry":{"type":"Point","coordinates":[83.220833333333488,28.145833333333339]}},
{"type":"Feature","properties":{"VALUE":4.24900007},"geometry":{"type":"Point","coordinates":[83.229166666666828,28.145833333333339]}},
{"type":"Feature","properties":{"VALUE":4.28200006},"geometry":{"type":"Point","coordinates":[83.237500000000168,28.145833333333339]}},
{"type":"Feature","properties":{"VALUE":4.01200008},"geometry":{"type":"Point","coordinates":[83.245833333333508,28.145833333333339]}},
{"type":"Feature","properties":{"VALUE":4.11199999},"geometry":{"type":"Point","coordinates":[83.254166666666848,28.145833333333339]}},
{"type":"Feature","properties":{"VALUE":4.1880002},"geometry":{"type":"Point","coordinates":[83.262500000000188,28.145833333333339]}},
{"type":"Feature","properties":{"VALUE":4.23600006},"geometry":{"type":"Point","coordinates":[83.270833333333528,28.145833333333339]}},
{"type":"Feature","properties":{"VALUE":4.32399988},"geometry":{"type":"Point","coordinates":[83.279166666666868,28.145833333333339]}},
{"type":"Feature","properties":{"VALUE":4.01100016},"geometry":{"type":"Point","coordinates":[83.287500000000207,28.145833333333339]}},
{"type":"Feature","properties":{"VALUE":4.02400017},"geometry":{"type":"Point","coordinates":[83.295833333333547,28.145833333333339]}},
{"type":"Feature","properties":{"VALUE":4.09800005},"geometry":{"type":"Point","coordinates":[83.304166666666887,28.145833333333339]}},
{"type":"Feature","properties":{"VALUE":4.15799999},"geometry":{"type":"Point","coordinates":[83.312500000000227,28.145833333333339]}},
{"type":"Feature","properties":{"VALUE":4.20499992},"geometry":{"type":"Point","coordinates":[83.320833333333567,28.145833333333339]}},
{"type":"Feature","properties":{"VALUE":4.25699997},"geometry":{"type":"Point","coordinates":[83.329166666666907,28.145833333333339]}},
{"type":"Feature","properties":{"VALUE":4.05100012},"geometry":{"type":"Point","coordinates":[83.337500000000247,28.145833333333339]}},
{"type":"Feature","properties":{"VALUE":4.49499989},"geometry":{"type":"Point","coordinates":[83.345833333333587,28.145833333333339]}},
{"type":"Feature","properties":{"VALUE":4.45599985},"geometry":{"type":"Point","coordinates":[83.354166666666927,28.145833333333339]}},
{"type":"Feature","properties":{"VALUE":4.35400009},"geometry":{"type":"Point","coordinates":[83.362500000000267,28.145833333333339]}},
{"type":"Feature","properties":{"VALUE":4.41200018},"geometry":{"type":"Point","coordinates":[83.370833333333607,28.145833333333339]}},
{"type":"Feature","properties":{"VALUE":4.27699995},"geometry":{"type":"Point","coordinates":[83.379166666666947,28.145833333333339]}},
{"type":"Feature","properties":{"VALUE":4.31400013},"geometry":{"type":"Point","coordinates":[83.387500000000287,28.145833333333339]}},
{"type":"Feature","properties":{"VALUE":4.28800011},"geometry":{"type":"Point","coordinates":[83.395833333333627,28.145833333333339]}},
{"type":"Feature","properties":{"VALUE":4.329},"geometry":{"type":"Point","coordinates":[83.404166666666967,28.145833333333339]}},
{"type":"Feature","properties":{"VALUE":4.25199986},"geometry":{"type":"Point","coordinates":[83.054166666666688,28.1375]}},
{"type":"Feature","properties":{"VALUE":4.28299999},"geometry":{"type":"Point","coordinates":[83.0625,28.1375]}},
{"type":"Feature","properties":{"VALUE":4.33099985},"geometry":{"type":"Point","coordinates":[83.070833333333368,28.1375]}},
{"type":"Feature","properties":{"VALUE":4.39099979},"geometry":{"type":"Point","coordinates":[83.079166666666708,28.1375]}},
{"type":"Feature","properties":{"VALUE":4.28900003},"geometry":{"type":"Point","coordinates":[83.0875,28.1375]}},
{"type":"Feature","properties":{"VALUE":4.29300022},"geometry":{"type":"Point","coordinates":[83.095833333333388,28.1375]}},
{"type":"Feature","properties":{"VALUE":4.29400015},"geometry":{"type":"Point","coordinates":[83.104166666666728,28.1375]}},
{"type":"Feature","properties":{"VALUE":4.21199989},"geometry":{"type":"Point","coordinates":[83.1125,28.1375]}},
{"type":"Feature","properties":{"VALUE":4.2420001},"geometry":{"type":"Point","coordinates":[83.120833333333408,28.1375]}},
{"type":"Feature","properties":{"VALUE":4.13600016},"geometry":{"type":"Point","coordinates":[83.129166666666748,28.1375]}},
{"type":"Feature","properties":{"VALUE":4.16400003},"geometry":{"type":"Point","coordinates":[83.1375,28.1375]}},
{"type":"Feature","properties":{"VALUE":4.16800022},"geometry":{"type":"Point","coordinates":[83.145833333333428,28.1375]}},
{"type":"Feature","properties":{"VALUE":4.1789999},"geometry":{"type":"Point","coordinates":[83.154166666666768,28.1375]}},
{"type":"Feature","properties":{"VALUE":4.23600006},"geometry":{"type":"Point","coordinates":[83.162500000000108,28.1375]}},
{"type":"Feature","properties":{"VALUE":4.23199987},"geometry":{"type":"Point","coordinates":[83.170833333333448,28.1375]}},
{"type":"Feature","properties":{"VALUE":4.19500017},"geometry":{"type":"Point","coordinates":[83.179166666666788,28.1375]}},
{"type":"Feature","properties":{"VALUE":4.21000004},"geometry":{"type":"Point","coordinates":[83.187500000000128,28.1375]}},
{"type":"Feature","properties":{"VALUE":4.204},"geometry":{"type":"Point","coordinates":[83.195833333333468,28.1375]}},
{"type":"Feature","properties":{"VALUE":4.21500015},"geometry":{"type":"Point","coordinates":[83.204166666666808,28.1375]}},
{"type":"Feature","properties":{"VALUE":4.2420001},"geometry":{"type":"Point","coordinates":[83.212500000000148,28.1375]}},
{"type":"Feature","properties":{"VALUE":4.2420001},"geometry":{"type":"Point","coordinates":[83.220833333333488,28.1375]}},
{"type":"Feature","properties":{"VALUE":4.19799995},"geometry":{"type":"Point","coordinates":[83.229166666666828,28.1375]}},
{"type":"Feature","properties":{"VALUE":4.25299978},"geometry":{"type":"Point","coordinates":[83.237500000000168,28.1375]}},
{"type":"Feature","properties":{"VALUE":4.19700003},"geometry":{"type":"Point","coordinates":[83.245833333333508,28.1375]}},
{"type":"Feature","properties":{"VALUE":3.94400001},"geometry":{"type":"Point","coordinates":[83.254166666666848,28.1375]}},
{"type":"Feature","properties":{"VALUE":4.15899992},"geometry":{"type":"Point","coordinates":[83.262500000000188,28.1375]}},
{"type":"Feature","properties":{"VALUE":4.33300018},"geometry":{"type":"Point","coordinates":[83.270833333333528,28.1375]}},
{"type":"Feature","properties":{"VALUE":4.36000013},"geometry":{"type":"Point","coordinates":[83.279166666666868,28.1375]}},
{"type":"Feature","properties":{"VALUE":4.36499977},"geometry":{"type":"Point","coordinates":[83.287500000000207,28.1375]}},
{"type":"Feature","properties":{"VALUE":3.99900007},"geometry":{"type":"Point","coordinates":[83.295833333333547,28.1375]}},
{"type":"Feature","properties":{"VALUE":3.93799996},"geometry":{"type":"Point","coordinates":[83.304166666666887,28.1375]}},
{"type":"Feature","properties":{"VALUE":4.14099979},"geometry":{"type":"Point","coordinates":[83.312500000000227,28.1375]}},
{"type":"Feature","properties":{"VALUE":4.13600016},"geometry":{"type":"Point","coordinates":[83.320833333333567,28.1375]}},
{"type":"Feature","properties":{"VALUE":4.13000011},"geometry":{"type":"Point","coordinates":[83.329166666666907,28.1375]}},
{"type":"Feature","properties":{"VALUE":4.36899996},"geometry":{"type":"Point","coordinates":[83.337500000000247,28.1375]}},
{"type":"Feature","properties":{"VALUE":4.37900019},"geometry":{"type":"Point","coordinates":[83.345833333333587,28.1375]}},
{"type":"Feature","properties":{"VALUE":4.28700018},"geometry":{"type":"Point","coordinates":[83.354166666666927,28.1375]}},
{"type":"Feature","properties":{"VALUE":4.15399981},"geometry":{"type":"Point","coordinates":[83.362500000000267,28.1375]}},
{"type":"Feature","properties":{"VALUE":4.10500002},"geometry":{"type":"Point","coordinates":[83.370833333333607,28.1375]}},
{"type":"Feature","properties":{"VALUE":4.34399986},"geometry":{"type":"Point","coordinates":[83.379166666666947,28.1375]}},
{"type":"Feature","properties":{"VALUE":4.16599989},"geometry":{"type":"Point","coordinates":[83.387500000000287,28.1375]}},
{"type":"Feature","properties":{"VALUE":4.26499987},"geometry":{"type":"Point","coordinates":[83.395833333333627,28.1375]}},
{"type":"Feature","properties":{"VALUE":4.34600019},"geometry":{"type":"Point","coordinates":[83.404166666666967,28.1375]}},
{"type":"Feature","properties":{"VALUE":3.99699998},"geometry":{"type":"Point","coordinates":[83.412500000000307,28.1375]}},
{"type":"Feature","properties":{"VALUE":4.40199995},"geometry":{"type":"Point","coordinates":[83.0625,28.129166666666674]}},
{"type":"Feature","properties":{"VALUE":4.44099998},"geometry":{"type":"Point","coordinates":[83.070833333333368,28.129166666666674]}},
{"type":"Feature","properties":{"VALUE":4.44299984},"geometry":{"type":"Point","coordinates":[83.079166666666708,28.129166666666674]}},
{"type":"Feature","properties":{"VALUE":4.34100008},"geometry":{"type":"Point","coordinates":[83.0875,28.129166666666674]}},
{"type":"Feature","properties":{"VALUE":4.28499985},"geometry":{"type":"Point","coordinates":[83.095833333333388,28.129166666666674]}},
{"type":"Feature","properties":{"VALUE":4.25400019},"geometry":{"type":"Point","coordinates":[83.104166666666728,28.129166666666674]}},
{"type":"Feature","properties":{"VALUE":4.1500001},"geometry":{"type":"Point","coordinates":[83.1125,28.129166666666674]}},
{"type":"Feature","properties":{"VALUE":4.15999985},"geometry":{"type":"Point","coordinates":[83.120833333333408,28.129166666666674]}},
{"type":"Feature","properties":{"VALUE":4.24499989},"geometry":{"type":"Point","coordinates":[83.129166666666748,28.129166666666674]}},
{"type":"Feature","properties":{"VALUE":4.19999981},"geometry":{"type":"Point","coordinates":[83.1375,28.129166666666674]}},
{"type":"Feature","properties":{"VALUE":4.19299984},"geometry":{"type":"Point","coordinates":[83.145833333333428,28.129166666666674]}},
{"type":"Feature","properties":{"VALUE":4.11999989},"geometry":{"type":"Point","coordinates":[83.154166666666768,28.129166666666674]}},
{"type":"Feature","properties":{"VALUE":4.16499996},"geometry":{"type":"Point","coordinates":[83.162500000000108,28.129166666666674]}},
{"type":"Feature","properties":{"VALUE":4.22300005},"geometry":{"type":"Point","coordinates":[83.170833333333448,28.129166666666674]}},
{"type":"Feature","properties":{"VALUE":4.22399998},"geometry":{"type":"Point","coordinates":[83.179166666666788,28.129166666666674]}},
{"type":"Feature","properties":{"VALUE":4.24100018},"geometry":{"type":"Point","coordinates":[83.187500000000128,28.129166666666674]}},
{"type":"Feature","properties":{"VALUE":4.1789999},"geometry":{"type":"Point","coordinates":[83.195833333333468,28.129166666666674]}},
{"type":"Feature","properties":{"VALUE":4.21400023},"geometry":{"type":"Point","coordinates":[83.204166666666808,28.129166666666674]}},
{"type":"Feature","properties":{"VALUE":4.21999979},"geometry":{"type":"Point","coordinates":[83.212500000000148,28.129166666666674]}},
{"type":"Feature","properties":{"VALUE":4.21000004},"geometry":{"type":"Point","coordinates":[83.220833333333488,28.129166666666674]}},
{"type":"Feature","properties":{"VALUE":4.19899988},"geometry":{"type":"Point","coordinates":[83.229166666666828,28.129166666666674]}},
{"type":"Feature","properties":{"VALUE":4.30299997},"geometry":{"type":"Point","coordinates":[83.237500000000168,28.129166666666674]}},
{"type":"Feature","properties":{"VALUE":4.37200022},"geometry":{"type":"Point","coordinates":[83.245833333333508,28.129166666666674]}},
{"type":"Feature","properties":{"VALUE":4.20900011},"geometry":{"type":"Point","coordinates":[83.254166666666848,28.129166666666674]}},
{"type":"Feature","properties":{"VALUE":4.20699978},"geometry":{"type":"Point","coordinates":[83.262500000000188,28.129166666666674]}},
{"type":"Feature","properties":{"VALUE":4.28599977},"geometry":{"type":"Point","coordinates":[83.270833333333528,28.129166666666674]}},
{"type":"Feature","properties":{"VALUE":4.28499985},"geometry":{"type":"Point","coordinates":[83.279166666666868,28.129166666666674]}},
{"type":"Feature","properties":{"VALUE":4.34600019},"geometry":{"type":"Point","coordinates":[83.287500000000207,28.129166666666674]}},
{"type":"Feature","properties":{"VALUE":4.37400007},"geometry":{"type":"Point","coordinates":[83.295833333333547,28.129166666666674]}},
{"type":"Feature","properties":{"VALUE":4.21500015},"geometry":{"type":"Point","coordinates":[83.304166666666887,28.129166666666674]}},
{"type":"Feature","properties":{"VALUE":3.98699999},"geometry":{"type":"Point","coordinates":[83.312500000000227,28.129166666666674]}},
{"type":"Feature","properties":{"VALUE":4.18200016},"geometry":{"type":"Point","coordinates":[83.320833333333567,28.129166666666674]}},
{"type":"Feature","properties":{"VALUE":4.19000006},"geometry":{"type":"Point","coordinates":[83.329166666666907,28.129166666666674]}},
{"type":"Feature","properties":{"VALUE":4.16099977},"geometry":{"type":"Point","coordinates":[83.337500000000247,28.129166666666674]}},
{"type":"Feature","properties":{"VALUE":4.43300009},"geometry":{"type":"Point","coordinates":[83.345833333333587,28.129166666666674]}},
{"type":"Feature","properties":{"VALUE":4.35200024},"geometry":{"type":"Point","coordinates":[83.354166666666927,28.129166666666674]}},
{"type":"Feature","properties":{"VALUE":4.01300001},"geometry":{"type":"Point","coordinates":[83.362500000000267,28.129166666666674]}},
{"type":"Feature","properties":{"VALUE":4.21799994},"geometry":{"type":"Point","coordinates":[83.370833333333607,28.129166666666674]}},
{"type":"Feature","properties":{"VALUE":4.45499992},"geometry":{"type":"Point","coordinates":[83.379166666666947,28.129166666666674]}},
{"type":"Feature","properties":{"VALUE":4.23699999},"geometry":{"type":"Point","coordinates":[83.387500000000287,28.129166666666674]}},
{"type":"Feature","properties":{"VALUE":4.30499983},"geometry":{"type":"Point","coordinates":[83.395833333333627,28.129166666666674]}},
{"type":"Feature","properties":{"VALUE":4.23500013},"geometry":{"type":"Point","coordinates":[83.404166666666967,28.129166666666674]}},
{"type":"Feature","properties":{"VALUE":4.34200001},"geometry":{"type":"Point","coordinates":[83.412500000000307,28.129166666666674]}},
{"type":"Feature","properties":{"VALUE":4.05000019},"geometry":{"type":"Point","coordinates":[83.437500000000327,28.129166666666674]}},
{"type":"Feature","properties":{"VALUE":3.98300004},"geometry":{"type":"Point","coordinates":[83.454166666667007,28.129166666666674]}},
{"type":"Feature","properties":{"VALUE":3.88100004},"geometry":{"type":"Point","coordinates":[83.462500000000347,28.129166666666674]}},
{"type":"Feature","properties":{"VALUE":3.89199996},"geometry":{"type":"Point","coordinates":[83.470833333333687,28.129166666666674]}},
{"type":"Feature","properties":{"VALUE":4.21500015},"geometry":{"type":"Point","coordinates":[83.054166666666688,28.120833333333341]}},
{"type":"Feature","properties":{"VALUE":4.30000019},"geometry":{"type":"Point","coordinates":[83.0625,28.120833333333341]}},
{"type":"Feature","properties":{"VALUE":4.4829998},"geometry":{"type":"Point","coordinates":[83.070833333333368,28.120833333333341]}},
{"type":"Feature","properties":{"VALUE":4.44299984},"geometry":{"type":"Point","coordinates":[83.079166666666708,28.120833333333341]}},
{"type":"Feature","properties":{"VALUE":4.42000008},"geometry":{"type":"Point","coordinates":[83.0875,28.120833333333341]}},
{"type":"Feature","properties":{"VALUE":4.40100002},"geometry":{"type":"Point","coordinates":[83.095833333333388,28.120833333333341]}},
{"type":"Feature","properties":{"VALUE":4.3920002},"geometry":{"type":"Point","coordinates":[83.104166666666728,28.120833333333341]}},
{"type":"Feature","properties":{"VALUE":4.27199984},"geometry":{"type":"Point","coordinates":[83.1125,28.120833333333341]}},
{"type":"Feature","properties":{"VALUE":4.204},"geometry":{"type":"Point","coordinates":[83.120833333333408,28.120833333333341]}},
{"type":"Feature","properties":{"VALUE":4.23199987},"geometry":{"type":"Point","coordinates":[83.129166666666748,28.120833333333341]}},
{"type":"Feature","properties":{"VALUE":4.34299994},"geometry":{"type":"Point","coordinates":[83.1375,28.120833333333341]}},
{"type":"Feature","properties":{"VALUE":4.23099995},"geometry":{"type":"Point","coordinates":[83.145833333333428,28.120833333333341]}},
{"type":"Feature","properties":{"VALUE":4.22200012},"geometry":{"type":"Point","coordinates":[83.154166666666768,28.120833333333341]}},
{"type":"Feature","properties":{"VALUE":4.19099998},"geometry":{"type":"Point","coordinates":[83.162500000000108,28.120833333333341]}},
{"type":"Feature","properties":{"VALUE":4.16900015},"geometry":{"type":"Point","coordinates":[83.170833333333448,28.120833333333341]}},
{"type":"Feature","properties":{"VALUE":4.15899992},"geometry":{"type":"Point","coordinates":[83.179166666666788,28.120833333333341]}},
{"type":"Feature","properties":{"VALUE":4.17500019},"geometry":{"type":"Point","coordinates":[83.187500000000128,28.120833333333341]}},
{"type":"Feature","properties":{"VALUE":4.15799999},"geometry":{"type":"Point","coordinates":[83.195833333333468,28.120833333333341]}},
{"type":"Feature","properties":{"VALUE":4.14699984},"geometry":{"type":"Point","coordinates":[83.204166666666808,28.120833333333341]}},
{"type":"Feature","properties":{"VALUE":4.15999985},"geometry":{"type":"Point","coordinates":[83.212500000000148,28.120833333333341]}},
{"type":"Feature","properties":{"VALUE":4.17199993},"geometry":{"type":"Point","coordinates":[83.220833333333488,28.120833333333341]}},
{"type":"Feature","properties":{"VALUE":4.19199991},"geometry":{"type":"Point","coordinates":[83.229166666666828,28.120833333333341]}},
{"type":"Feature","properties":{"VALUE":4.20800018},"geometry":{"type":"Point","coordinates":[83.237500000000168,28.120833333333341]}},
{"type":"Feature","properties":{"VALUE":4.23999977},"geometry":{"type":"Point","coordinates":[83.245833333333508,28.120833333333341]}},
{"type":"Feature","properties":{"VALUE":4.20699978},"geometry":{"type":"Point","coordinates":[83.254166666666848,28.120833333333341]}},
{"type":"Feature","properties":{"VALUE":4.19799995},"geometry":{"type":"Point","coordinates":[83.262500000000188,28.120833333333341]}},
{"type":"Feature","properties":{"VALUE":4.14099979},"geometry":{"type":"Point","coordinates":[83.270833333333528,28.120833333333341]}},
{"type":"Feature","properties":{"VALUE":4.11100006},"geometry":{"type":"Point","coordinates":[83.279166666666868,28.120833333333341]}},
{"type":"Feature","properties":{"VALUE":4.24300003},"geometry":{"type":"Point","coordinates":[83.287500000000207,28.120833333333341]}},
{"type":"Feature","properties":{"VALUE":4.16599989},"geometry":{"type":"Point","coordinates":[83.295833333333547,28.120833333333341]}},
{"type":"Feature","properties":{"VALUE":4.12799978},"geometry":{"type":"Point","coordinates":[83.304166666666887,28.120833333333341]}},
{"type":"Feature","properties":{"VALUE":4.06899977},"geometry":{"type":"Point","coordinates":[83.312500000000227,28.120833333333341]}},
{"type":"Feature","properties":{"VALUE":4.02199984},"geometry":{"type":"Point","coordinates":[83.320833333333567,28.120833333333341]}},
{"type":"Feature","properties":{"VALUE":4.18200016},"geometry":{"type":"Point","coordinates":[83.329166666666907,28.120833333333341]}},
{"type":"Feature","properties":{"VALUE":4.34600019},"geometry":{"type":"Point","coordinates":[83.337500000000247,28.120833333333341]}},
{"type":"Feature","properties":{"VALUE":4.36399984},"geometry":{"type":"Point","coordinates":[83.345833333333587,28.120833333333341]}},
{"type":"Feature","properties":{"VALUE":4.30299997},"geometry":{"type":"Point","coordinates":[83.354166666666927,28.120833333333341]}},
{"type":"Feature","properties":{"VALUE":4.14499998},"geometry":{"type":"Point","coordinates":[83.362500000000267,28.120833333333341]}},
{"type":"Feature","properties":{"VALUE":4.43300009},"geometry":{"type":"Point","coordinates":[83.370833333333607,28.120833333333341]}},
{"type":"Feature","properties":{"VALUE":4.46199989},"geometry":{"type":"Point","coordinates":[83.379166666666947,28.120833333333341]}},
{"type":"Feature","properties":{"VALUE":4.29799986},"geometry":{"type":"Point","coordinates":[83.387500000000287,28.120833333333341]}},
{"type":"Feature","properties":{"VALUE":4.25099993},"geometry":{"type":"Point","coordinates":[83.395833333333627,28.120833333333341]}},
{"type":"Feature","properties":{"VALUE":4.26100016},"geometry":{"type":"Point","coordinates":[83.404166666666967,28.120833333333341]}},
{"type":"Feature","properties":{"VALUE":4.20900011},"geometry":{"type":"Point","coordinates":[83.412500000000307,28.120833333333341]}},
{"type":"Feature","properties":{"VALUE":3.99399996},"geometry":{"type":"Point","coordinates":[83.420833333333647,28.120833333333341]}},
{"type":"Feature","properties":{"VALUE":3.97399998},"geometry":{"type":"Point","coordinates":[83.429166666666987,28.120833333333341]}},
{"type":"Feature","properties":{"VALUE":4.20699978},"geometry":{"type":"Point","coordinates":[83.437500000000327,28.120833333333341]}},
{"type":"Feature","properties":{"VALUE":3.79699993},"geometry":{"type":"Point","coordinates":[83.445833333333667,28.120833333333341]}},
{"type":"Feature","properties":{"VALUE":3.954},"geometry":{"type":"Point","coordinates":[83.454166666667007,28.120833333333341]}},
{"type":"Feature","properties":{"VALUE":4.07800007},"geometry":{"type":"Point","coordinates":[83.462500000000347,28.120833333333341]}},
{"type":"Feature","properties":{"VALUE":4.15700006},"geometry":{"type":"Point","coordinates":[83.470833333333687,28.120833333333341]}},
{"type":"Feature","properties":{"VALUE":4.1960001},"geometry":{"type":"Point","coordinates":[83.504166666667047,28.120833333333341]}},
{"type":"Feature","properties":{"VALUE":4.17299986},"geometry":{"type":"Point","coordinates":[83.512500000000387,28.120833333333341]}},
{"type":"Feature","properties":{"VALUE":4.38899994},"geometry":{"type":"Point","coordinates":[83.054166666666688,28.1125]}},
{"type":"Feature","properties":{"VALUE":4.38000011},"geometry":{"type":"Point","coordinates":[83.0625,28.1125]}},
{"type":"Feature","properties":{"VALUE":4.38800001},"geometry":{"type":"Point","coordinates":[83.070833333333368,28.1125]}},
{"type":"Feature","properties":{"VALUE":4.35699987},"geometry":{"type":"Point","coordinates":[83.079166666666708,28.1125]}},
{"type":"Feature","properties":{"VALUE":4.32600021},"geometry":{"type":"Point","coordinates":[83.0875,28.1125]}},
{"type":"Feature","properties":{"VALUE":4.28100014},"geometry":{"type":"Point","coordinates":[83.095833333333388,28.1125]}},
{"type":"Feature","properties":{"VALUE":4.29899979},"geometry":{"type":"Point","coordinates":[83.104166666666728,28.1125]}},
{"type":"Feature","properties":{"VALUE":4.23699999},"geometry":{"type":"Point","coordinates":[83.1125,28.1125]}},
{"type":"Feature","properties":{"VALUE":4.24599981},"geometry":{"type":"Point","coordinates":[83.120833333333408,28.1125]}},
{"type":"Feature","properties":{"VALUE":4.23799992},"geometry":{"type":"Point","coordinates":[83.129166666666748,28.1125]}},
{"type":"Feature","properties":{"VALUE":4.29899979},"geometry":{"type":"Point","coordinates":[83.1375,28.1125]}},
{"type":"Feature","properties":{"VALUE":4.37400007},"geometry":{"type":"Point","coordinates":[83.145833333333428,28.1125]}},
{"type":"Feature","properties":{"VALUE":4.33199978},"geometry":{"type":"Point","coordinates":[83.154166666666768,28.1125]}},
{"type":"Feature","properties":{"VALUE":4.32800007},"geometry":{"type":"Point","coordinates":[83.162500000000108,28.1125]}},
{"type":"Feature","properties":{"VALUE":4.30999994},"geometry":{"type":"Point","coordinates":[83.170833333333448,28.1125]}},
{"type":"Feature","properties":{"VALUE":4.28999996},"geometry":{"type":"Point","coordinates":[83.179166666666788,28.1125]}},
{"type":"Feature","properties":{"VALUE":4.23600006},"geometry":{"type":"Point","coordinates":[83.187500000000128,28.1125]}},
{"type":"Feature","properties":{"VALUE":4.20100021},"geometry":{"type":"Point","coordinates":[83.195833333333468,28.1125]}},
{"type":"Feature","properties":{"VALUE":4.21199989},"geometry":{"type":"Point","coordinates":[83.204166666666808,28.1125]}},
{"type":"Feature","properties":{"VALUE":4.26599979},"geometry":{"type":"Point","coordinates":[83.212500000000148,28.1125]}},
{"type":"Feature","properties":{"VALUE":4.22399998},"geometry":{"type":"Point","coordinates":[83.220833333333488,28.1125]}},
{"type":"Feature","properties":{"VALUE":4.13000011},"geometry":{"type":"Point","coordinates":[83.229166666666828,28.1125]}},
{"type":"Feature","properties":{"VALUE":4.11000013},"geometry":{"type":"Point","coordinates":[83.237500000000168,28.1125]}},
{"type":"Feature","properties":{"VALUE":4.29199982},"geometry":{"type":"Point","coordinates":[83.245833333333508,28.1125]}},
{"type":"Feature","properties":{"VALUE":4.12200022},"geometry":{"type":"Point","coordinates":[83.254166666666848,28.1125]}},
{"type":"Feature","properties":{"VALUE":4.12400007},"geometry":{"type":"Point","coordinates":[83.262500000000188,28.1125]}},
{"type":"Feature","properties":{"VALUE":4.14599991},"geometry":{"type":"Point","coordinates":[83.270833333333528,28.1125]}},
{"type":"Feature","properties":{"VALUE":4.09299994},"geometry":{"type":"Point","coordinates":[83.279166666666868,28.1125]}},
{"type":"Feature","properties":{"VALUE":3.93000007},"geometry":{"type":"Point","coordinates":[83.287500000000207,28.1125]}},
{"type":"Feature","properties":{"VALUE":3.90700006},"geometry":{"type":"Point","coordinates":[83.295833333333547,28.1125]}},
{"type":"Feature","properties":{"VALUE":3.99099994},"geometry":{"type":"Point","coordinates":[83.304166666666887,28.1125]}},
{"type":"Feature","properties":{"VALUE":4.11299992},"geometry":{"type":"Point","coordinates":[83.312500000000227,28.1125]}},
{"type":"Feature","properties":{"VALUE":4.05000019},"geometry":{"type":"Point","coordinates":[83.320833333333567,28.1125]}},
{"type":"Feature","properties":{"VALUE":4.04300022},"geometry":{"type":"Point","coordinates":[83.329166666666907,28.1125]}},
{"type":"Feature","properties":{"VALUE":4.18200016},"geometry":{"type":"Point","coordinates":[83.337500000000247,28.1125]}},
{"type":"Feature","properties":{"VALUE":4.27600002},"geometry":{"type":"Point","coordinates":[83.345833333333587,28.1125]}},
{"type":"Feature","properties":{"VALUE":4.11399984},"geometry":{"type":"Point","coordinates":[83.354166666666927,28.1125]}},
{"type":"Feature","properties":{"VALUE":4.13500023},"geometry":{"type":"Point","coordinates":[83.362500000000267,28.1125]}},
{"type":"Feature","properties":{"VALUE":4.09800005},"geometry":{"type":"Point","coordinates":[83.370833333333607,28.1125]}},
{"type":"Feature","properties":{"VALUE":4.27099991},"geometry":{"type":"Point","coordinates":[83.379166666666947,28.1125]}},
{"type":"Feature","properties":{"VALUE":4.10400009},"geometry":{"type":"Point","coordinates":[83.387500000000287,28.1125]}},
{"type":"Feature","properties":{"VALUE":4.13899994},"geometry":{"type":"Point","coordinates":[83.395833333333627,28.1125]}},
{"type":"Feature","properties":{"VALUE":4.16300011},"geometry":{"type":"Point","coordinates":[83.404166666666967,28.1125]}},
{"type":"Feature","properties":{"VALUE":4.16200018},"geometry":{"type":"Point","coordinates":[83.412500000000307,28.1125]}},
{"type":"Feature","properties":{"VALUE":4.18900013},"geometry":{"type":"Point","coordinates":[83.420833333333647,28.1125]}},
{"type":"Feature","properties":{"VALUE":4.30900002},"geometry":{"type":"Point","coordinates":[83.429166666666987,28.1125]}},
{"type":"Feature","properties":{"VALUE":4.29699993},"geometry":{"type":"Point","coordinates":[83.437500000000327,28.1125]}},
{"type":"Feature","properties":{"VALUE":4.26499987},"geometry":{"type":"Point","coordinates":[83.445833333333667,28.1125]}},
{"type":"Feature","properties":{"VALUE":4.28999996},"geometry":{"type":"Point","coordinates":[83.454166666667007,28.1125]}},
{"type":"Feature","properties":{"VALUE":4.19000006},"geometry":{"type":"Point","coordinates":[83.462500000000347,28.1125]}},
{"type":"Feature","properties":{"VALUE":4.11600018},"geometry":{"type":"Point","coordinates":[83.470833333333687,28.1125]}},
{"type":"Feature","properties":{"VALUE":4.12200022},"geometry":{"type":"Point","coordinates":[83.479166666667027,28.1125]}},
{"type":"Feature","properties":{"VALUE":4.28499985},"geometry":{"type":"Point","coordinates":[83.487500000000367,28.1125]}},
{"type":"Feature","properties":{"VALUE":4.2750001},"geometry":{"type":"Point","coordinates":[83.495833333333707,28.1125]}},
{"type":"Feature","properties":{"VALUE":4.19399977},"geometry":{"type":"Point","coordinates":[83.504166666667047,28.1125]}},
{"type":"Feature","properties":{"VALUE":4.14699984},"geometry":{"type":"Point","coordinates":[83.512500000000387,28.1125]}},
{"type":"Feature","properties":{"VALUE":4.0710001},"geometry":{"type":"Point","coordinates":[83.520833333333727,28.1125]}},
{"type":"Feature","properties":{"VALUE":4.19899988},"geometry":{"type":"Point","coordinates":[83.529166666667066,28.1125]}},
{"type":"Feature","properties":{"VALUE":4.17299986},"geometry":{"type":"Point","coordinates":[83.537500000000406,28.1125]}},
{"type":"Feature","properties":{"VALUE":3.92400002},"geometry":{"type":"Point","coordinates":[83.545833333333746,28.1125]}},
{"type":"Feature","properties":{"VALUE":3.85599995},"geometry":{"type":"Point","coordinates":[83.554166666667086,28.1125]}},
{"type":"Feature","properties":{"VALUE":4.34000015},"geometry":{"type":"Point","coordinates":[83.070833333333368,28.104166666666675]}},
{"type":"Feature","properties":{"VALUE":4.30200005},"geometry":{"type":"Point","coordinates":[83.079166666666708,28.104166666666675]}},
{"type":"Feature","properties":{"VALUE":4.30299997},"geometry":{"type":"Point","coordinates":[83.0875,28.104166666666675]}},
{"type":"Feature","properties":{"VALUE":4.35500002},"geometry":{"type":"Point","coordinates":[83.095833333333388,28.104166666666675]}},
{"type":"Feature","properties":{"VALUE":4.35699987},"geometry":{"type":"Point","coordinates":[83.104166666666728,28.104166666666675]}},
{"type":"Feature","properties":{"VALUE":4.31099987},"geometry":{"type":"Point","coordinates":[83.1125,28.104166666666675]}},
{"type":"Feature","properties":{"VALUE":4.29799986},"geometry":{"type":"Point","coordinates":[83.120833333333408,28.104166666666675]}},
{"type":"Feature","properties":{"VALUE":4.21999979},"geometry":{"type":"Point","coordinates":[83.129166666666748,28.104166666666675]}},
{"type":"Feature","properties":{"VALUE":4.25299978},"geometry":{"type":"Point","coordinates":[83.1375,28.104166666666675]}},
{"type":"Feature","properties":{"VALUE":4.34700012},"geometry":{"type":"Point","coordinates":[83.145833333333428,28.104166666666675]}},
{"type":"Feature","properties":{"VALUE":4.29899979},"geometry":{"type":"Point","coordinates":[83.154166666666768,28.104166666666675]}},
{"type":"Feature","properties":{"VALUE":4.34600019},"geometry":{"type":"Point","coordinates":[83.162500000000108,28.104166666666675]}},
{"type":"Feature","properties":{"VALUE":4.32999992},"geometry":{"type":"Point","coordinates":[83.170833333333448,28.104166666666675]}},
{"type":"Feature","properties":{"VALUE":4.27600002},"geometry":{"type":"Point","coordinates":[83.179166666666788,28.104166666666675]}},
{"type":"Feature","properties":{"VALUE":4.29799986},"geometry":{"type":"Point","coordinates":[83.187500000000128,28.104166666666675]}},
{"type":"Feature","properties":{"VALUE":4.29799986},"geometry":{"type":"Point","coordinates":[83.195833333333468,28.104166666666675]}},
{"type":"Feature","properties":{"VALUE":4.19000006},"geometry":{"type":"Point","coordinates":[83.204166666666808,28.104166666666675]}},
{"type":"Feature","properties":{"VALUE":4.14300013},"geometry":{"type":"Point","coordinates":[83.212500000000148,28.104166666666675]}},
{"type":"Feature","properties":{"VALUE":4.25199986},"geometry":{"type":"Point","coordinates":[83.220833333333488,28.104166666666675]}},
{"type":"Feature","properties":{"VALUE":4.03900003},"geometry":{"type":"Point","coordinates":[83.229166666666828,28.104166666666675]}},
{"type":"Feature","properties":{"VALUE":4.11399984},"geometry":{"type":"Point","coordinates":[83.237500000000168,28.104166666666675]}},
{"type":"Feature","properties":{"VALUE":4.12599993},"geometry":{"type":"Point","coordinates":[83.245833333333508,28.104166666666675]}},
{"type":"Feature","properties":{"VALUE":4.09600019},"geometry":{"type":"Point","coordinates":[83.254166666666848,28.104166666666675]}},
{"type":"Feature","properties":{"VALUE":4.13500023},"geometry":{"type":"Point","coordinates":[83.262500000000188,28.104166666666675]}},
{"type":"Feature","properties":{"VALUE":4.21299982},"geometry":{"type":"Point","coordinates":[83.270833333333528,28.104166666666675]}},
{"type":"Feature","properties":{"VALUE":4.31400013},"geometry":{"type":"Point","coordinates":[83.279166666666868,28.104166666666675]}},
{"type":"Feature","properties":{"VALUE":4.04799986},"geometry":{"type":"Point","coordinates":[83.287500000000207,28.104166666666675]}},
{"type":"Feature","properties":{"VALUE":4.25199986},"geometry":{"type":"Point","coordinates":[83.295833333333547,28.104166666666675]}},
{"type":"Feature","properties":{"VALUE":4.2579999},"geometry":{"type":"Point","coordinates":[83.304166666666887,28.104166666666675]}},
{"type":"Feature","properties":{"VALUE":4.17700005},"geometry":{"type":"Point","coordinates":[83.312500000000227,28.104166666666675]}},
{"type":"Feature","properties":{"VALUE":3.95600009},"geometry":{"type":"Point","coordinates":[83.320833333333567,28.104166666666675]}},
{"type":"Feature","properties":{"VALUE":3.93000007},"geometry":{"type":"Point","coordinates":[83.329166666666907,28.104166666666675]}},
{"type":"Feature","properties":{"VALUE":4.0619998},"geometry":{"type":"Point","coordinates":[83.337500000000247,28.104166666666675]}},
{"type":"Feature","properties":{"VALUE":4.03000021},"geometry":{"type":"Point","coordinates":[83.345833333333587,28.104166666666675]}},
{"type":"Feature","properties":{"VALUE":4.09399986},"geometry":{"type":"Point","coordinates":[83.354166666666927,28.104166666666675]}},
{"type":"Feature","properties":{"VALUE":4.03399992},"geometry":{"type":"Point","coordinates":[83.362500000000267,28.104166666666675]}},
{"type":"Feature","properties":{"VALUE":4.18599987},"geometry":{"type":"Point","coordinates":[83.370833333333607,28.104166666666675]}},
{"type":"Feature","properties":{"VALUE":4.50299978},"geometry":{"type":"Point","coordinates":[83.379166666666947,28.104166666666675]}},
{"type":"Feature","properties":{"VALUE":4.41099977},"geometry":{"type":"Point","coordinates":[83.387500000000287,28.104166666666675]}},
{"type":"Feature","properties":{"VALUE":4.31400013},"geometry":{"type":"Point","coordinates":[83.395833333333627,28.104166666666675]}},
{"type":"Feature","properties":{"VALUE":4.31699991},"geometry":{"type":"Point","coordinates":[83.404166666666967,28.104166666666675]}},
{"type":"Feature","properties":{"VALUE":4.09399986},"geometry":{"type":"Point","coordinates":[83.412500000000307,28.104166666666675]}},
{"type":"Feature","properties":{"VALUE":4.12400007},"geometry":{"type":"Point","coordinates":[83.420833333333647,28.104166666666675]}},
{"type":"Feature","properties":{"VALUE":4.11100006},"geometry":{"type":"Point","coordinates":[83.429166666666987,28.104166666666675]}},
{"type":"Feature","properties":{"VALUE":4.07499981},"geometry":{"type":"Point","coordinates":[83.437500000000327,28.104166666666675]}},
{"type":"Feature","properties":{"VALUE":4.07700014},"geometry":{"type":"Point","coordinates":[83.445833333333667,28.104166666666675]}},
{"type":"Feature","properties":{"VALUE":4.10500002},"geometry":{"type":"Point","coordinates":[83.454166666667007,28.104166666666675]}},
{"type":"Feature","properties":{"VALUE":4.12799978},"geometry":{"type":"Point","coordinates":[83.462500000000347,28.104166666666675]}},
{"type":"Feature","properties":{"VALUE":4.19000006},"geometry":{"type":"Point","coordinates":[83.470833333333687,28.104166666666675]}},
{"type":"Feature","properties":{"VALUE":4.28299999},"geometry":{"type":"Point","coordinates":[83.479166666667027,28.104166666666675]}},
{"type":"Feature","properties":{"VALUE":4.18300009},"geometry":{"type":"Point","coordinates":[83.487500000000367,28.104166666666675]}},
{"type":"Feature","properties":{"VALUE":4.046},"geometry":{"type":"Point","coordinates":[83.495833333333707,28.104166666666675]}},
{"type":"Feature","properties":{"VALUE":4.19799995},"geometry":{"type":"Point","coordinates":[83.504166666667047,28.104166666666675]}},
{"type":"Feature","properties":{"VALUE":4.07999992},"geometry":{"type":"Point","coordinates":[83.512500000000387,28.104166666666675]}},
{"type":"Feature","properties":{"VALUE":4.01300001},"geometry":{"type":"Point","coordinates":[83.520833333333727,28.104166666666675]}},
{"type":"Feature","properties":{"VALUE":4.2420001},"geometry":{"type":"Point","coordinates":[83.529166666667066,28.104166666666675]}},
{"type":"Feature","properties":{"VALUE":4.26300001},"geometry":{"type":"Point","coordinates":[83.537500000000406,28.104166666666675]}},
{"type":"Feature","properties":{"VALUE":4.01900005},"geometry":{"type":"Point","coordinates":[83.545833333333746,28.104166666666675]}},
{"type":"Feature","properties":{"VALUE":3.7809999},"geometry":{"type":"Point","coordinates":[83.554166666667086,28.104166666666675]}},
{"type":"Feature","properties":{"VALUE":4.42600012},"geometry":{"type":"Point","coordinates":[83.070833333333368,28.095833333333342]}},
{"type":"Feature","properties":{"VALUE":4.40700006},"geometry":{"type":"Point","coordinates":[83.079166666666708,28.095833333333342]}},
{"type":"Feature","properties":{"VALUE":4.29699993},"geometry":{"type":"Point","coordinates":[83.104166666666728,28.095833333333342]}},
{"type":"Feature","properties":{"VALUE":4.2750001},"geometry":{"type":"Point","coordinates":[83.1125,28.095833333333342]}},
{"type":"Feature","properties":{"VALUE":4.23500013},"geometry":{"type":"Point","coordinates":[83.120833333333408,28.095833333333342]}},
{"type":"Feature","properties":{"VALUE":4.21400023},"geometry":{"type":"Point","coordinates":[83.129166666666748,28.095833333333342]}},
{"type":"Feature","properties":{"VALUE":4.19000006},"geometry":{"type":"Point","coordinates":[83.1375,28.095833333333342]}},
{"type":"Feature","properties":{"VALUE":4.19299984},"geometry":{"type":"Point","coordinates":[83.145833333333428,28.095833333333342]}},
{"type":"Feature","properties":{"VALUE":4.2249999},"geometry":{"type":"Point","coordinates":[83.154166666666768,28.095833333333342]}},
{"type":"Feature","properties":{"VALUE":4.21099997},"geometry":{"type":"Point","coordinates":[83.162500000000108,28.095833333333342]}},
{"type":"Feature","properties":{"VALUE":4.27099991},"geometry":{"type":"Point","coordinates":[83.170833333333448,28.095833333333342]}},
{"type":"Feature","properties":{"VALUE":4.25500011},"geometry":{"type":"Point","coordinates":[83.179166666666788,28.095833333333342]}},
{"type":"Feature","properties":{"VALUE":4.18200016},"geometry":{"type":"Point","coordinates":[83.187500000000128,28.095833333333342]}},
{"type":"Feature","properties":{"VALUE":4.17500019},"geometry":{"type":"Point","coordinates":[83.195833333333468,28.095833333333342]}},
{"type":"Feature","properties":{"VALUE":4.10900021},"geometry":{"type":"Point","coordinates":[83.204166666666808,28.095833333333342]}},
{"type":"Feature","properties":{"VALUE":4.19199991},"geometry":{"type":"Point","coordinates":[83.212500000000148,28.095833333333342]}},
{"type":"Feature","properties":{"VALUE":4.13100004},"geometry":{"type":"Point","coordinates":[83.220833333333488,28.095833333333342]}},
{"type":"Feature","properties":{"VALUE":4.11800003},"geometry":{"type":"Point","coordinates":[83.229166666666828,28.095833333333342]}},
{"type":"Feature","properties":{"VALUE":4.11299992},"geometry":{"type":"Point","coordinates":[83.237500000000168,28.095833333333342]}},
{"type":"Feature","properties":{"VALUE":4.07700014},"geometry":{"type":"Point","coordinates":[83.245833333333508,28.095833333333342]}},
{"type":"Feature","properties":{"VALUE":4.03599977},"geometry":{"type":"Point","coordinates":[83.254166666666848,28.095833333333342]}},
{"type":"Feature","properties":{"VALUE":4.08199978},"geometry":{"type":"Point","coordinates":[83.262500000000188,28.095833333333342]}},
{"type":"Feature","properties":{"VALUE":4.04500008},"geometry":{"type":"Point","coordinates":[83.270833333333528,28.095833333333342]}},
{"type":"Feature","properties":{"VALUE":4.08699989},"geometry":{"type":"Point","coordinates":[83.279166666666868,28.095833333333342]}},
{"type":"Feature","properties":{"VALUE":4.27199984},"geometry":{"type":"Point","coordinates":[83.287500000000207,28.095833333333342]}},
{"type":"Feature","properties":{"VALUE":4.01599979},"geometry":{"type":"Point","coordinates":[83.295833333333547,28.095833333333342]}},
{"type":"Feature","properties":{"VALUE":3.99000001},"geometry":{"type":"Point","coordinates":[83.304166666666887,28.095833333333342]}},
{"type":"Feature","properties":{"VALUE":3.91799998},"geometry":{"type":"Point","coordinates":[83.312500000000227,28.095833333333342]}},
{"type":"Feature","properties":{"VALUE":4.05299997},"geometry":{"type":"Point","coordinates":[83.320833333333567,28.095833333333342]}},
{"type":"Feature","properties":{"VALUE":3.8210001},"geometry":{"type":"Point","coordinates":[83.329166666666907,28.095833333333342]}},
{"type":"Feature","properties":{"VALUE":3.93400002},"geometry":{"type":"Point","coordinates":[83.337500000000247,28.095833333333342]}},
{"type":"Feature","properties":{"VALUE":4.10599995},"geometry":{"type":"Point","coordinates":[83.345833333333587,28.095833333333342]}},
{"type":"Feature","properties":{"VALUE":4.18400002},"geometry":{"type":"Point","coordinates":[83.354166666666927,28.095833333333342]}},
{"type":"Feature","properties":{"VALUE":4.3579998},"geometry":{"type":"Point","coordinates":[83.362500000000267,28.095833333333342]}},
{"type":"Feature","properties":{"VALUE":4.40500021},"geometry":{"type":"Point","coordinates":[83.370833333333607,28.095833333333342]}},
{"type":"Feature","properties":{"VALUE":4.43400002},"geometry":{"type":"Point","coordinates":[83.379166666666947,28.095833333333342]}},
{"type":"Feature","properties":{"VALUE":4.3210001},"geometry":{"type":"Point","coordinates":[83.387500000000287,28.095833333333342]}},
{"type":"Feature","properties":{"VALUE":4.2329998},"geometry":{"type":"Point","coordinates":[83.395833333333627,28.095833333333342]}},
{"type":"Feature","properties":{"VALUE":4.20900011},"geometry":{"type":"Point","coordinates":[83.404166666666967,28.095833333333342]}},
{"type":"Feature","properties":{"VALUE":4.05299997},"geometry":{"type":"Point","coordinates":[83.412500000000307,28.095833333333342]}},
{"type":"Feature","properties":{"VALUE":3.86999989},"geometry":{"type":"Point","coordinates":[83.420833333333647,28.095833333333342]}},
{"type":"Feature","properties":{"VALUE":4.07399988},"geometry":{"type":"Point","coordinates":[83.429166666666987,28.095833333333342]}},
{"type":"Feature","properties":{"VALUE":4.03200006},"geometry":{"type":"Point","coordinates":[83.437500000000327,28.095833333333342]}},
{"type":"Feature","properties":{"VALUE":3.9230001},"geometry":{"type":"Point","coordinates":[83.445833333333667,28.095833333333342]}},
{"type":"Feature","properties":{"VALUE":3.6099999},"geometry":{"type":"Point","coordinates":[83.454166666667007,28.095833333333342]}},
{"type":"Feature","properties":{"VALUE":4.01000023},"geometry":{"type":"Point","coordinates":[83.462500000000347,28.095833333333342]}},
{"type":"Feature","properties":{"VALUE":4.08099985},"geometry":{"type":"Point","coordinates":[83.470833333333687,28.095833333333342]}},
{"type":"Feature","properties":{"VALUE":4.11299992},"geometry":{"type":"Point","coordinates":[83.479166666667027,28.095833333333342]}},
{"type":"Feature","properties":{"VALUE":4.16200018},"geometry":{"type":"Point","coordinates":[83.487500000000367,28.095833333333342]}},
{"type":"Feature","properties":{"VALUE":3.92199993},"geometry":{"type":"Point","coordinates":[83.495833333333707,28.095833333333342]}},
{"type":"Feature","properties":{"VALUE":3.99499989},"geometry":{"type":"Point","coordinates":[83.504166666667047,28.095833333333342]}},
{"type":"Feature","properties":{"VALUE":3.97799993},"geometry":{"type":"Point","coordinates":[83.512500000000387,28.095833333333342]}},
{"type":"Feature","properties":{"VALUE":4.09100008},"geometry":{"type":"Point","coordinates":[83.520833333333727,28.095833333333342]}},
{"type":"Feature","properties":{"VALUE":4.15999985},"geometry":{"type":"Point","coordinates":[83.529166666667066,28.095833333333342]}},
{"type":"Feature","properties":{"VALUE":4.18200016},"geometry":{"type":"Point","coordinates":[83.537500000000406,28.095833333333342]}},
{"type":"Feature","properties":{"VALUE":4.10500002},"geometry":{"type":"Point","coordinates":[83.545833333333746,28.095833333333342]}},
{"type":"Feature","properties":{"VALUE":4.0630002},"geometry":{"type":"Point","coordinates":[83.554166666667086,28.095833333333342]}},
{"type":"Feature","properties":{"VALUE":3.76999998},"geometry":{"type":"Point","coordinates":[83.562500000000426,28.095833333333342]}},
{"type":"Feature","properties":{"VALUE":4.24900007},"geometry":{"type":"Point","coordinates":[83.104166666666728,28.0875]}},
{"type":"Feature","properties":{"VALUE":4.24900007},"geometry":{"type":"Point","coordinates":[83.1125,28.0875]}},
{"type":"Feature","properties":{"VALUE":4.12900019},"geometry":{"type":"Point","coordinates":[83.120833333333408,28.0875]}},
{"type":"Feature","properties":{"VALUE":4.30000019},"geometry":{"type":"Point","coordinates":[83.129166666666748,28.0875]}},
{"type":"Feature","properties":{"VALUE":4.26399994},"geometry":{"type":"Point","coordinates":[83.1375,28.0875]}},
{"type":"Feature","properties":{"VALUE":4.3119998},"geometry":{"type":"Point","coordinates":[83.145833333333428,28.0875]}},
{"type":"Feature","properties":{"VALUE":4.31599998},"geometry":{"type":"Point","coordinates":[83.154166666666768,28.0875]}},
{"type":"Feature","properties":{"VALUE":4.17799997},"geometry":{"type":"Point","coordinates":[83.162500000000108,28.0875]}},
{"type":"Feature","properties":{"VALUE":4.27299976},"geometry":{"type":"Point","coordinates":[83.170833333333448,28.0875]}},
{"type":"Feature","properties":{"VALUE":4.18499994},"geometry":{"type":"Point","coordinates":[83.179166666666788,28.0875]}},
{"type":"Feature","properties":{"VALUE":4.1960001},"geometry":{"type":"Point","coordinates":[83.187500000000128,28.0875]}},
{"type":"Feature","properties":{"VALUE":4.26499987},"geometry":{"type":"Point","coordinates":[83.195833333333468,28.0875]}},
{"type":"Feature","properties":{"VALUE":4.04300022},"geometry":{"type":"Point","coordinates":[83.204166666666808,28.0875]}},
{"type":"Feature","properties":{"VALUE":4.32499981},"geometry":{"type":"Point","coordinates":[83.212500000000148,28.0875]}},
{"type":"Feature","properties":{"VALUE":4.21400023},"geometry":{"type":"Point","coordinates":[83.220833333333488,28.0875]}},
{"type":"Feature","properties":{"VALUE":4.19199991},"geometry":{"type":"Point","coordinates":[83.229166666666828,28.0875]}},
{"type":"Feature","properties":{"VALUE":4.06099987},"geometry":{"type":"Point","coordinates":[83.237500000000168,28.0875]}},
{"type":"Feature","properties":{"VALUE":3.94199991},"geometry":{"type":"Point","coordinates":[83.245833333333508,28.0875]}},
{"type":"Feature","properties":{"VALUE":4.25400019},"geometry":{"type":"Point","coordinates":[83.254166666666848,28.0875]}},
{"type":"Feature","properties":{"VALUE":3.96399999},"geometry":{"type":"Point","coordinates":[83.262500000000188,28.0875]}},
{"type":"Feature","properties":{"VALUE":3.92199993},"geometry":{"type":"Point","coordinates":[83.270833333333528,28.0875]}},
{"type":"Feature","properties":{"VALUE":4.1880002},"geometry":{"type":"Point","coordinates":[83.279166666666868,28.0875]}},
{"type":"Feature","properties":{"VALUE":4.16900015},"geometry":{"type":"Point","coordinates":[83.287500000000207,28.0875]}},
{"type":"Feature","properties":{"VALUE":3.90499997},"geometry":{"type":"Point","coordinates":[83.295833333333547,28.0875]}},
{"type":"Feature","properties":{"VALUE":4.1170001},"geometry":{"type":"Point","coordinates":[83.304166666666887,28.0875]}},
{"type":"Feature","properties":{"VALUE":3.95000005},"geometry":{"type":"Point","coordinates":[83.312500000000227,28.0875]}},
{"type":"Feature","properties":{"VALUE":4.03399992},"geometry":{"type":"Point","coordinates":[83.320833333333567,28.0875]}},
{"type":"Feature","properties":{"VALUE":3.9519999},"geometry":{"type":"Point","coordinates":[83.329166666666907,28.0875]}},
{"type":"Feature","properties":{"VALUE":3.89199996},"geometry":{"type":"Point","coordinates":[83.337500000000247,28.0875]}},
{"type":"Feature","properties":{"VALUE":4.0999999000000003},"geometry":{"type":"Point","coordinates":[83.345833333333587,28.0875]}},
{"type":"Feature","properties":{"VALUE":4.22200012},"geometry":{"type":"Point","coordinates":[83.354166666666927,28.0875]}},
{"type":"Feature","properties":{"VALUE":4.296},"geometry":{"type":"Point","coordinates":[83.362500000000267,28.0875]}},
{"type":"Feature","properties":{"VALUE":4.39300013},"geometry":{"type":"Point","coordinates":[83.370833333333607,28.0875]}},
{"type":"Feature","properties":{"VALUE":4.21600008},"geometry":{"type":"Point","coordinates":[83.379166666666947,28.0875]}},
{"type":"Feature","properties":{"VALUE":4.05999994},"geometry":{"type":"Point","coordinates":[83.387500000000287,28.0875]}},
{"type":"Feature","properties":{"VALUE":3.72300005},"geometry":{"type":"Point","coordinates":[83.395833333333627,28.0875]}},
{"type":"Feature","properties":{"VALUE":3.07599998},"geometry":{"type":"Point","coordinates":[83.404166666666967,28.0875]}},
{"type":"Feature","properties":{"VALUE":3.02999997},"geometry":{"type":"Point","coordinates":[83.412500000000307,28.0875]}},
{"type":"Feature","properties":{"VALUE":3.91599989},"geometry":{"type":"Point","coordinates":[83.420833333333647,28.0875]}},
{"type":"Feature","properties":{"VALUE":3.7000000499999999},"geometry":{"type":"Point","coordinates":[83.429166666666987,28.0875]}},
{"type":"Feature","properties":{"VALUE":3.99399996},"geometry":{"type":"Point","coordinates":[83.437500000000327,28.0875]}},
{"type":"Feature","properties":{"VALUE":4.14599991},"geometry":{"type":"Point","coordinates":[83.445833333333667,28.0875]}},
{"type":"Feature","properties":{"VALUE":4.02699995},"geometry":{"type":"Point","coordinates":[83.454166666667007,28.0875]}},
{"type":"Feature","properties":{"VALUE":4.22200012},"geometry":{"type":"Point","coordinates":[83.462500000000347,28.0875]}},
{"type":"Feature","properties":{"VALUE":3.9289999},"geometry":{"type":"Point","coordinates":[83.470833333333687,28.0875]}},
{"type":"Feature","properties":{"VALUE":3.87599993},"geometry":{"type":"Point","coordinates":[83.479166666667027,28.0875]}},
{"type":"Feature","properties":{"VALUE":3.9849999},"geometry":{"type":"Point","coordinates":[83.487500000000367,28.0875]}},
{"type":"Feature","properties":{"VALUE":4.06899977},"geometry":{"type":"Point","coordinates":[83.495833333333707,28.0875]}},
{"type":"Feature","properties":{"VALUE":3.88100004},"geometry":{"type":"Point","coordinates":[83.504166666667047,28.0875]}},
{"type":"Feature","properties":{"VALUE":3.93199992},"geometry":{"type":"Point","coordinates":[83.512500000000387,28.0875]}},
{"type":"Feature","properties":{"VALUE":4.05499983},"geometry":{"type":"Point","coordinates":[83.520833333333727,28.0875]}},
{"type":"Feature","properties":{"VALUE":4.08300018},"geometry":{"type":"Point","coordinates":[83.529166666667066,28.0875]}},
{"type":"Feature","properties":{"VALUE":3.97000003},"geometry":{"type":"Point","coordinates":[83.537500000000406,28.0875]}},
{"type":"Feature","properties":{"VALUE":4.02199984},"geometry":{"type":"Point","coordinates":[83.545833333333746,28.0875]}},
{"type":"Feature","properties":{"VALUE":4.06899977},"geometry":{"type":"Point","coordinates":[83.554166666667086,28.0875]}},
{"type":"Feature","properties":{"VALUE":3.64499998},"geometry":{"type":"Point","coordinates":[83.562500000000426,28.0875]}},
{"type":"Feature","properties":{"VALUE":3.79099989},"geometry":{"type":"Point","coordinates":[83.570833333333766,28.0875]}},
{"type":"Feature","properties":{"VALUE":4.30100012},"geometry":{"type":"Point","coordinates":[83.104166666666728,28.079166666666676]}},
{"type":"Feature","properties":{"VALUE":4.14699984},"geometry":{"type":"Point","coordinates":[83.129166666666748,28.079166666666676]}},
{"type":"Feature","properties":{"VALUE":4.36299992},"geometry":{"type":"Point","coordinates":[83.1375,28.079166666666676]}},
{"type":"Feature","properties":{"VALUE":4.21500015},"geometry":{"type":"Point","coordinates":[83.145833333333428,28.079166666666676]}},
{"type":"Feature","properties":{"VALUE":4.13399982},"geometry":{"type":"Point","coordinates":[83.154166666666768,28.079166666666676]}},
{"type":"Feature","properties":{"VALUE":4.26200008},"geometry":{"type":"Point","coordinates":[83.162500000000108,28.079166666666676]}},
{"type":"Feature","properties":{"VALUE":4.37400007},"geometry":{"type":"Point","coordinates":[83.195833333333468,28.079166666666676]}},
{"type":"Feature","properties":{"VALUE":4.27899981},"geometry":{"type":"Point","coordinates":[83.204166666666808,28.079166666666676]}},
{"type":"Feature","properties":{"VALUE":4.25500011},"geometry":{"type":"Point","coordinates":[83.212500000000148,28.079166666666676]}},
{"type":"Feature","properties":{"VALUE":4.35500002},"geometry":{"type":"Point","coordinates":[83.220833333333488,28.079166666666676]}},
{"type":"Feature","properties":{"VALUE":4.22399998},"geometry":{"type":"Point","coordinates":[83.229166666666828,28.079166666666676]}},
{"type":"Feature","properties":{"VALUE":4.18499994},"geometry":{"type":"Point","coordinates":[83.237500000000168,28.079166666666676]}},
{"type":"Feature","properties":{"VALUE":4.03200006},"geometry":{"type":"Point","coordinates":[83.245833333333508,28.079166666666676]}},
{"type":"Feature","properties":{"VALUE":4.30100012},"geometry":{"type":"Point","coordinates":[83.254166666666848,28.079166666666676]}},
{"type":"Feature","properties":{"VALUE":3.89899993},"geometry":{"type":"Point","coordinates":[83.262500000000188,28.079166666666676]}},
{"type":"Feature","properties":{"VALUE":3.92700005},"geometry":{"type":"Point","coordinates":[83.270833333333528,28.079166666666676]}},
{"type":"Feature","properties":{"VALUE":4.23099995},"geometry":{"type":"Point","coordinates":[83.279166666666868,28.079166666666676]}},
{"type":"Feature","properties":{"VALUE":3.99699998},"geometry":{"type":"Point","coordinates":[83.287500000000207,28.079166666666676]}},
{"type":"Feature","properties":{"VALUE":4.18900013},"geometry":{"type":"Point","coordinates":[83.295833333333547,28.079166666666676]}},
{"type":"Feature","properties":{"VALUE":4.00600004},"geometry":{"type":"Point","coordinates":[83.304166666666887,28.079166666666676]}},
{"type":"Feature","properties":{"VALUE":3.91100001},"geometry":{"type":"Point","coordinates":[83.312500000000227,28.079166666666676]}},
{"type":"Feature","properties":{"VALUE":3.99300003},"geometry":{"type":"Point","coordinates":[83.320833333333567,28.079166666666676]}},
{"type":"Feature","properties":{"VALUE":3.87700009},"geometry":{"type":"Point","coordinates":[83.329166666666907,28.079166666666676]}},
{"type":"Feature","properties":{"VALUE":3.89299989},"geometry":{"type":"Point","coordinates":[83.337500000000247,28.079166666666676]}},
{"type":"Feature","properties":{"VALUE":3.98200011},"geometry":{"type":"Point","coordinates":[83.345833333333587,28.079166666666676]}},
{"type":"Feature","properties":{"VALUE":4.18900013},"geometry":{"type":"Point","coordinates":[83.354166666666927,28.079166666666676]}},
{"type":"Feature","properties":{"VALUE":4.22200012},"geometry":{"type":"Point","coordinates":[83.362500000000267,28.079166666666676]}},
{"type":"Feature","properties":{"VALUE":4.23799992},"geometry":{"type":"Point","coordinates":[83.370833333333607,28.079166666666676]}},
{"type":"Feature","properties":{"VALUE":4.09299994},"geometry":{"type":"Point","coordinates":[83.379166666666947,28.079166666666676]}},
{"type":"Feature","properties":{"VALUE":3.87899995},"geometry":{"type":"Point","coordinates":[83.387500000000287,28.079166666666676]}},
{"type":"Feature","properties":{"VALUE":4.23099995},"geometry":{"type":"Point","coordinates":[83.395833333333627,28.079166666666676]}},
{"type":"Feature","properties":{"VALUE":4.44099998},"geometry":{"type":"Point","coordinates":[83.404166666666967,28.079166666666676]}},
{"type":"Feature","properties":{"VALUE":4.4829998},"geometry":{"type":"Point","coordinates":[83.412500000000307,28.079166666666676]}},
{"type":"Feature","properties":{"VALUE":4.50099993},"geometry":{"type":"Point","coordinates":[83.420833333333647,28.079166666666676]}},
{"type":"Feature","properties":{"VALUE":4.45100021},"geometry":{"type":"Point","coordinates":[83.429166666666987,28.079166666666676]}},
{"type":"Feature","properties":{"VALUE":4.48699999},"geometry":{"type":"Point","coordinates":[83.437500000000327,28.079166666666676]}},
{"type":"Feature","properties":{"VALUE":4.40700006},"geometry":{"type":"Point","coordinates":[83.445833333333667,28.079166666666676]}},
{"type":"Feature","properties":{"VALUE":4.42799997},"geometry":{"type":"Point","coordinates":[83.454166666667007,28.079166666666676]}},
{"type":"Feature","properties":{"VALUE":4.34499979},"geometry":{"type":"Point","coordinates":[83.462500000000347,28.079166666666676]}},
{"type":"Feature","properties":{"VALUE":3.96799994},"geometry":{"type":"Point","coordinates":[83.470833333333687,28.079166666666676]}},
{"type":"Feature","properties":{"VALUE":3.83500004},"geometry":{"type":"Point","coordinates":[83.479166666667027,28.079166666666676]}},
{"type":"Feature","properties":{"VALUE":3.87100005},"geometry":{"type":"Point","coordinates":[83.487500000000367,28.079166666666676]}},
{"type":"Feature","properties":{"VALUE":3.91000009},"geometry":{"type":"Point","coordinates":[83.495833333333707,28.079166666666676]}},
{"type":"Feature","properties":{"VALUE":3.80200005},"geometry":{"type":"Point","coordinates":[83.504166666667047,28.079166666666676]}},
{"type":"Feature","properties":{"VALUE":3.85400009},"geometry":{"type":"Point","coordinates":[83.512500000000387,28.079166666666676]}},
{"type":"Feature","properties":{"VALUE":3.84299994},"geometry":{"type":"Point","coordinates":[83.520833333333727,28.079166666666676]}},
{"type":"Feature","properties":{"VALUE":3.9289999},"geometry":{"type":"Point","coordinates":[83.529166666667066,28.079166666666676]}},
{"type":"Feature","properties":{"VALUE":3.98099995},"geometry":{"type":"Point","coordinates":[83.537500000000406,28.079166666666676]}},
{"type":"Feature","properties":{"VALUE":4.08900023},"geometry":{"type":"Point","coordinates":[83.545833333333746,28.079166666666676]}},
{"type":"Feature","properties":{"VALUE":4.19799995},"geometry":{"type":"Point","coordinates":[83.554166666667086,28.079166666666676]}},
{"type":"Feature","properties":{"VALUE":4.1880002},"geometry":{"type":"Point","coordinates":[83.562500000000426,28.079166666666676]}},
{"type":"Feature","properties":{"VALUE":3.98799992},"geometry":{"type":"Point","coordinates":[83.570833333333766,28.079166666666676]}},
{"type":"Feature","properties":{"VALUE":4.19500017},"geometry":{"type":"Point","coordinates":[83.129166666666748,28.070833333333344]}},
{"type":"Feature","properties":{"VALUE":4.38399982},"geometry":{"type":"Point","coordinates":[83.1375,28.070833333333344]}},
{"type":"Feature","properties":{"VALUE":4.34000015},"geometry":{"type":"Point","coordinates":[83.145833333333428,28.070833333333344]}},
{"type":"Feature","properties":{"VALUE":4.19199991},"geometry":{"type":"Point","coordinates":[83.154166666666768,28.070833333333344]}},
{"type":"Feature","properties":{"VALUE":4.32999992},"geometry":{"type":"Point","coordinates":[83.162500000000108,28.070833333333344]}},
{"type":"Feature","properties":{"VALUE":4.33799982},"geometry":{"type":"Point","coordinates":[83.204166666666808,28.070833333333344]}},
{"type":"Feature","properties":{"VALUE":4.37699986},"geometry":{"type":"Point","coordinates":[83.212500000000148,28.070833333333344]}},
{"type":"Feature","properties":{"VALUE":4.40700006},"geometry":{"type":"Point","coordinates":[83.220833333333488,28.070833333333344]}},
{"type":"Feature","properties":{"VALUE":4.21000004},"geometry":{"type":"Point","coordinates":[83.229166666666828,28.070833333333344]}},
{"type":"Feature","properties":{"VALUE":4.26599979},"geometry":{"type":"Point","coordinates":[83.237500000000168,28.070833333333344]}},
{"type":"Feature","properties":{"VALUE":4.32700014},"geometry":{"type":"Point","coordinates":[83.245833333333508,28.070833333333344]}},
{"type":"Feature","properties":{"VALUE":4.21400023},"geometry":{"type":"Point","coordinates":[83.254166666666848,28.070833333333344]}},
{"type":"Feature","properties":{"VALUE":4.17000008},"geometry":{"type":"Point","coordinates":[83.262500000000188,28.070833333333344]}},
{"type":"Feature","properties":{"VALUE":4.14799976},"geometry":{"type":"Point","coordinates":[83.270833333333528,28.070833333333344]}},
{"type":"Feature","properties":{"VALUE":4.28800011},"geometry":{"type":"Point","coordinates":[83.279166666666868,28.070833333333344]}},
{"type":"Feature","properties":{"VALUE":4.11999989},"geometry":{"type":"Point","coordinates":[83.287500000000207,28.070833333333344]}},
{"type":"Feature","properties":{"VALUE":4.23500013},"geometry":{"type":"Point","coordinates":[83.295833333333547,28.070833333333344]}},
{"type":"Feature","properties":{"VALUE":4.11199999},"geometry":{"type":"Point","coordinates":[83.304166666666887,28.070833333333344]}},
{"type":"Feature","properties":{"VALUE":4.20699978},"geometry":{"type":"Point","coordinates":[83.312500000000227,28.070833333333344]}},
{"type":"Feature","properties":{"VALUE":4.25699997},"geometry":{"type":"Point","coordinates":[83.320833333333567,28.070833333333344]}},
{"type":"Feature","properties":{"VALUE":4.15700006},"geometry":{"type":"Point","coordinates":[83.329166666666907,28.070833333333344]}},
{"type":"Feature","properties":{"VALUE":3.94700003},"geometry":{"type":"Point","coordinates":[83.337500000000247,28.070833333333344]}},
{"type":"Feature","properties":{"VALUE":3.9519999},"geometry":{"type":"Point","coordinates":[83.345833333333587,28.070833333333344]}},
{"type":"Feature","properties":{"VALUE":4.12300014},"geometry":{"type":"Point","coordinates":[83.354166666666927,28.070833333333344]}},
{"type":"Feature","properties":{"VALUE":4.14699984},"geometry":{"type":"Point","coordinates":[83.362500000000267,28.070833333333344]}},
{"type":"Feature","properties":{"VALUE":4.12900019},"geometry":{"type":"Point","coordinates":[83.370833333333607,28.070833333333344]}},
{"type":"Feature","properties":{"VALUE":4.18400002},"geometry":{"type":"Point","coordinates":[83.379166666666947,28.070833333333344]}},
{"type":"Feature","properties":{"VALUE":4.30200005},"geometry":{"type":"Point","coordinates":[83.387500000000287,28.070833333333344]}},
{"type":"Feature","properties":{"VALUE":4.33199978},"geometry":{"type":"Point","coordinates":[83.395833333333627,28.070833333333344]}},
{"type":"Feature","properties":{"VALUE":4.17399979},"geometry":{"type":"Point","coordinates":[83.404166666666967,28.070833333333344]}},
{"type":"Feature","properties":{"VALUE":4.30200005},"geometry":{"type":"Point","coordinates":[83.412500000000307,28.070833333333344]}},
{"type":"Feature","properties":{"VALUE":4.35099983},"geometry":{"type":"Point","coordinates":[83.420833333333647,28.070833333333344]}},
{"type":"Feature","properties":{"VALUE":4.3499999},"geometry":{"type":"Point","coordinates":[83.429166666666987,28.070833333333344]}},
{"type":"Feature","properties":{"VALUE":4.3210001},"geometry":{"type":"Point","coordinates":[83.437500000000327,28.070833333333344]}},
{"type":"Feature","properties":{"VALUE":4.42799997},"geometry":{"type":"Point","coordinates":[83.445833333333667,28.070833333333344]}},
{"type":"Feature","properties":{"VALUE":4.41800022},"geometry":{"type":"Point","coordinates":[83.454166666667007,28.070833333333344]}},
{"type":"Feature","properties":{"VALUE":4.36999989},"geometry":{"type":"Point","coordinates":[83.462500000000347,28.070833333333344]}},
{"type":"Feature","properties":{"VALUE":4.15100002},"geometry":{"type":"Point","coordinates":[83.470833333333687,28.070833333333344]}},
{"type":"Feature","properties":{"VALUE":3.70600009},"geometry":{"type":"Point","coordinates":[83.479166666667027,28.070833333333344]}},
{"type":"Feature","properties":{"VALUE":3.55100012},"geometry":{"type":"Point","coordinates":[83.487500000000367,28.070833333333344]}},
{"type":"Feature","properties":{"VALUE":3.64700007},"geometry":{"type":"Point","coordinates":[83.495833333333707,28.070833333333344]}},
{"type":"Feature","properties":{"VALUE":3.84800005},"geometry":{"type":"Point","coordinates":[83.504166666667047,28.070833333333344]}},
{"type":"Feature","properties":{"VALUE":3.94000006},"geometry":{"type":"Point","coordinates":[83.512500000000387,28.070833333333344]}},
{"type":"Feature","properties":{"VALUE":3.93199992},"geometry":{"type":"Point","coordinates":[83.520833333333727,28.070833333333344]}},
{"type":"Feature","properties":{"VALUE":3.94700003},"geometry":{"type":"Point","coordinates":[83.529166666667066,28.070833333333344]}},
{"type":"Feature","properties":{"VALUE":3.85800004},"geometry":{"type":"Point","coordinates":[83.537500000000406,28.070833333333344]}},
{"type":"Feature","properties":{"VALUE":3.95099998},"geometry":{"type":"Point","coordinates":[83.545833333333746,28.070833333333344]}},
{"type":"Feature","properties":{"VALUE":4.04699993},"geometry":{"type":"Point","coordinates":[83.554166666667086,28.070833333333344]}},
{"type":"Feature","properties":{"VALUE":4.09299994},"geometry":{"type":"Point","coordinates":[83.562500000000426,28.070833333333344]}},
{"type":"Feature","properties":{"VALUE":4.42399979},"geometry":{"type":"Point","coordinates":[83.145833333333428,28.0625]}},
{"type":"Feature","properties":{"VALUE":4.45499992},"geometry":{"type":"Point","coordinates":[83.154166666666768,28.0625]}},
{"type":"Feature","properties":{"VALUE":4.3579998},"geometry":{"type":"Point","coordinates":[83.220833333333488,28.0625]}},
{"type":"Feature","properties":{"VALUE":4.33400011},"geometry":{"type":"Point","coordinates":[83.229166666666828,28.0625]}},
{"type":"Feature","properties":{"VALUE":4.30000019},"geometry":{"type":"Point","coordinates":[83.237500000000168,28.0625]}},
{"type":"Feature","properties":{"VALUE":4.28700018},"geometry":{"type":"Point","coordinates":[83.245833333333508,28.0625]}},
{"type":"Feature","properties":{"VALUE":4.24900007},"geometry":{"type":"Point","coordinates":[83.254166666666848,28.0625]}},
{"type":"Feature","properties":{"VALUE":4.35300016},"geometry":{"type":"Point","coordinates":[83.262500000000188,28.0625]}},
{"type":"Feature","properties":{"VALUE":4.5079999},"geometry":{"type":"Point","coordinates":[83.270833333333528,28.0625]}},
{"type":"Feature","properties":{"VALUE":4.43400002},"geometry":{"type":"Point","coordinates":[83.279166666666868,28.0625]}},
{"type":"Feature","properties":{"VALUE":4.16400003},"geometry":{"type":"Point","coordinates":[83.287500000000207,28.0625]}},
{"type":"Feature","properties":{"VALUE":4.17700005},"geometry":{"type":"Point","coordinates":[83.295833333333547,28.0625]}},
{"type":"Feature","properties":{"VALUE":4.21799994},"geometry":{"type":"Point","coordinates":[83.304166666666887,28.0625]}},
{"type":"Feature","properties":{"VALUE":3.99499989},"geometry":{"type":"Point","coordinates":[83.312500000000227,28.0625]}},
{"type":"Feature","properties":{"VALUE":4.11999989},"geometry":{"type":"Point","coordinates":[83.320833333333567,28.0625]}},
{"type":"Feature","properties":{"VALUE":4.13100004},"geometry":{"type":"Point","coordinates":[83.329166666666907,28.0625]}},
{"type":"Feature","properties":{"VALUE":4.03299999},"geometry":{"type":"Point","coordinates":[83.337500000000247,28.0625]}},
{"type":"Feature","properties":{"VALUE":3.99300003},"geometry":{"type":"Point","coordinates":[83.345833333333587,28.0625]}},
{"type":"Feature","properties":{"VALUE":3.71000004},"geometry":{"type":"Point","coordinates":[83.354166666666927,28.0625]}},
{"type":"Feature","properties":{"VALUE":3.92600012},"geometry":{"type":"Point","coordinates":[83.362500000000267,28.0625]}},
{"type":"Feature","properties":{"VALUE":4.05800009},"geometry":{"type":"Point","coordinates":[83.370833333333607,28.0625]}},
{"type":"Feature","properties":{"VALUE":4.22300005},"geometry":{"type":"Point","coordinates":[83.379166666666947,28.0625]}},
{"type":"Feature","properties":{"VALUE":4.15600014},"geometry":{"type":"Point","coordinates":[83.387500000000287,28.0625]}},
{"type":"Feature","properties":{"VALUE":4.0999999000000003},"geometry":{"type":"Point","coordinates":[83.395833333333627,28.0625]}},
{"type":"Feature","properties":{"VALUE":4.2249999},"geometry":{"type":"Point","coordinates":[83.404166666666967,28.0625]}},
{"type":"Feature","properties":{"VALUE":4.42199993},"geometry":{"type":"Point","coordinates":[83.412500000000307,28.0625]}},
{"type":"Feature","properties":{"VALUE":4.421},"geometry":{"type":"Point","coordinates":[83.420833333333647,28.0625]}},
{"type":"Feature","properties":{"VALUE":4.46999979},"geometry":{"type":"Point","coordinates":[83.429166666666987,28.0625]}},
{"type":"Feature","properties":{"VALUE":4.38999987},"geometry":{"type":"Point","coordinates":[83.437500000000327,28.0625]}},
{"type":"Feature","properties":{"VALUE":4.38399982},"geometry":{"type":"Point","coordinates":[83.445833333333667,28.0625]}},
{"type":"Feature","properties":{"VALUE":4.23500013},"geometry":{"type":"Point","coordinates":[83.454166666667007,28.0625]}},
{"type":"Feature","properties":{"VALUE":3.99499989},"geometry":{"type":"Point","coordinates":[83.462500000000347,28.0625]}},
{"type":"Feature","properties":{"VALUE":4.19299984},"geometry":{"type":"Point","coordinates":[83.470833333333687,28.0625]}},
{"type":"Feature","properties":{"VALUE":3.3440001},"geometry":{"type":"Point","coordinates":[83.479166666667027,28.0625]}},
{"type":"Feature","properties":{"VALUE":3.8599999},"geometry":{"type":"Point","coordinates":[83.487500000000367,28.0625]}},
{"type":"Feature","properties":{"VALUE":3.93300009},"geometry":{"type":"Point","coordinates":[83.495833333333707,28.0625]}},
{"type":"Feature","properties":{"VALUE":3.64899993},"geometry":{"type":"Point","coordinates":[83.504166666667047,28.0625]}},
{"type":"Feature","properties":{"VALUE":3.72799993},"geometry":{"type":"Point","coordinates":[83.512500000000387,28.0625]}},
{"type":"Feature","properties":{"VALUE":3.67000008},"geometry":{"type":"Point","coordinates":[83.520833333333727,28.0625]}},
{"type":"Feature","properties":{"VALUE":3.80800009},"geometry":{"type":"Point","coordinates":[83.529166666667066,28.0625]}},
{"type":"Feature","properties":{"VALUE":3.89199996},"geometry":{"type":"Point","coordinates":[83.537500000000406,28.0625]}},
{"type":"Feature","properties":{"VALUE":3.92499995},"geometry":{"type":"Point","coordinates":[83.545833333333746,28.0625]}},
{"type":"Feature","properties":{"VALUE":3.86899996},"geometry":{"type":"Point","coordinates":[83.554166666667086,28.0625]}},
{"type":"Feature","properties":{"VALUE":4.44399977},"geometry":{"type":"Point","coordinates":[83.229166666666828,28.054166666666678]}},
{"type":"Feature","properties":{"VALUE":4.45100021},"geometry":{"type":"Point","coordinates":[83.237500000000168,28.054166666666678]}},
{"type":"Feature","properties":{"VALUE":4.31699991},"geometry":{"type":"Point","coordinates":[83.245833333333508,28.054166666666678]}},
{"type":"Feature","properties":{"VALUE":4.33900023},"geometry":{"type":"Point","coordinates":[83.254166666666848,28.054166666666678]}},
{"type":"Feature","properties":{"VALUE":4.28900003},"geometry":{"type":"Point","coordinates":[83.262500000000188,28.054166666666678]}},
{"type":"Feature","properties":{"VALUE":4.44099998},"geometry":{"type":"Point","coordinates":[83.270833333333528,28.054166666666678]}},
{"type":"Feature","properties":{"VALUE":4.25},"geometry":{"type":"Point","coordinates":[83.279166666666868,28.054166666666678]}},
{"type":"Feature","properties":{"VALUE":4.29300022},"geometry":{"type":"Point","coordinates":[83.287500000000207,28.054166666666678]}},
{"type":"Feature","properties":{"VALUE":4.12400007},"geometry":{"type":"Point","coordinates":[83.295833333333547,28.054166666666678]}},
{"type":"Feature","properties":{"VALUE":4.09100008},"geometry":{"type":"Point","coordinates":[83.304166666666887,28.054166666666678]}},
{"type":"Feature","properties":{"VALUE":4.25500011},"geometry":{"type":"Point","coordinates":[83.312500000000227,28.054166666666678]}},
{"type":"Feature","properties":{"VALUE":4.05900002},"geometry":{"type":"Point","coordinates":[83.320833333333567,28.054166666666678]}},
{"type":"Feature","properties":{"VALUE":4.10099983},"geometry":{"type":"Point","coordinates":[83.329166666666907,28.054166666666678]}},
{"type":"Feature","properties":{"VALUE":4.12699986},"geometry":{"type":"Point","coordinates":[83.337500000000247,28.054166666666678]}},
{"type":"Feature","properties":{"VALUE":4.20300007},"geometry":{"type":"Point","coordinates":[83.345833333333587,28.054166666666678]}},
{"type":"Feature","properties":{"VALUE":4.16300011},"geometry":{"type":"Point","coordinates":[83.354166666666927,28.054166666666678]}},
{"type":"Feature","properties":{"VALUE":4.05499983},"geometry":{"type":"Point","coordinates":[83.362500000000267,28.054166666666678]}},
{"type":"Feature","properties":{"VALUE":4.0630002},"geometry":{"type":"Point","coordinates":[83.370833333333607,28.054166666666678]}},
{"type":"Feature","properties":{"VALUE":4.20200014},"geometry":{"type":"Point","coordinates":[83.379166666666947,28.054166666666678]}},
{"type":"Feature","properties":{"VALUE":4.12599993},"geometry":{"type":"Point","coordinates":[83.387500000000287,28.054166666666678]}},
{"type":"Feature","properties":{"VALUE":4.15399981},"geometry":{"type":"Point","coordinates":[83.395833333333627,28.054166666666678]}},
{"type":"Feature","properties":{"VALUE":4.22100019},"geometry":{"type":"Point","coordinates":[83.404166666666967,28.054166666666678]}},
{"type":"Feature","properties":{"VALUE":4.28000021},"geometry":{"type":"Point","coordinates":[83.412500000000307,28.054166666666678]}},
{"type":"Feature","properties":{"VALUE":4.33199978},"geometry":{"type":"Point","coordinates":[83.420833333333647,28.054166666666678]}},
{"type":"Feature","properties":{"VALUE":4.43200016},"geometry":{"type":"Point","coordinates":[83.429166666666987,28.054166666666678]}},
{"type":"Feature","properties":{"VALUE":4.41400003},"geometry":{"type":"Point","coordinates":[83.437500000000327,28.054166666666678]}},
{"type":"Feature","properties":{"VALUE":4.41200018},"geometry":{"type":"Point","coordinates":[83.445833333333667,28.054166666666678]}},
{"type":"Feature","properties":{"VALUE":3.96499991},"geometry":{"type":"Point","coordinates":[83.454166666667007,28.054166666666678]}},
{"type":"Feature","properties":{"VALUE":3.99799991},"geometry":{"type":"Point","coordinates":[83.462500000000347,28.054166666666678]}},
{"type":"Feature","properties":{"VALUE":4.15100002},"geometry":{"type":"Point","coordinates":[83.470833333333687,28.054166666666678]}},
{"type":"Feature","properties":{"VALUE":4.34800005},"geometry":{"type":"Point","coordinates":[83.479166666667027,28.054166666666678]}},
{"type":"Feature","properties":{"VALUE":4.27600002},"geometry":{"type":"Point","coordinates":[83.487500000000367,28.054166666666678]}},
{"type":"Feature","properties":{"VALUE":3.53299999},"geometry":{"type":"Point","coordinates":[83.495833333333707,28.054166666666678]}},
{"type":"Feature","properties":{"VALUE":3.84299994},"geometry":{"type":"Point","coordinates":[83.504166666667047,28.054166666666678]}},
{"type":"Feature","properties":{"VALUE":3.94199991},"geometry":{"type":"Point","coordinates":[83.512500000000387,28.054166666666678]}},
{"type":"Feature","properties":{"VALUE":3.45799994},"geometry":{"type":"Point","coordinates":[83.520833333333727,28.054166666666678]}},
{"type":"Feature","properties":{"VALUE":3.6329999},"geometry":{"type":"Point","coordinates":[83.529166666667066,28.054166666666678]}},
{"type":"Feature","properties":{"VALUE":3.6789999},"geometry":{"type":"Point","coordinates":[83.537500000000406,28.054166666666678]}},
{"type":"Feature","properties":{"VALUE":3.7809999},"geometry":{"type":"Point","coordinates":[83.545833333333746,28.054166666666678]}},
{"type":"Feature","properties":{"VALUE":3.91300011},"geometry":{"type":"Point","coordinates":[83.554166666667086,28.054166666666678]}},
{"type":"Feature","properties":{"VALUE":4.36600018},"geometry":{"type":"Point","coordinates":[83.237500000000168,28.045833333333345]}},
{"type":"Feature","properties":{"VALUE":4.45800018},"geometry":{"type":"Point","coordinates":[83.245833333333508,28.045833333333345]}},
{"type":"Feature","properties":{"VALUE":4.17600012},"geometry":{"type":"Point","coordinates":[83.254166666666848,28.045833333333345]}},
{"type":"Feature","properties":{"VALUE":4.29699993},"geometry":{"type":"Point","coordinates":[83.262500000000188,28.045833333333345]}},
{"type":"Feature","properties":{"VALUE":4.34899998},"geometry":{"type":"Point","coordinates":[83.270833333333528,28.045833333333345]}},
{"type":"Feature","properties":{"VALUE":4.25400019},"geometry":{"type":"Point","coordinates":[83.279166666666868,28.045833333333345]}},
{"type":"Feature","properties":{"VALUE":4.41900015},"geometry":{"type":"Point","coordinates":[83.287500000000207,28.045833333333345]}},
{"type":"Feature","properties":{"VALUE":4.21799994},"geometry":{"type":"Point","coordinates":[83.295833333333547,28.045833333333345]}},
{"type":"Feature","properties":{"VALUE":4.10200024},"geometry":{"type":"Point","coordinates":[83.304166666666887,28.045833333333345]}},
{"type":"Feature","properties":{"VALUE":3.98000002},"geometry":{"type":"Point","coordinates":[83.312500000000227,28.045833333333345]}},
{"type":"Feature","properties":{"VALUE":4.20300007},"geometry":{"type":"Point","coordinates":[83.320833333333567,28.045833333333345]}},
{"type":"Feature","properties":{"VALUE":4.19000006},"geometry":{"type":"Point","coordinates":[83.329166666666907,28.045833333333345]}},
{"type":"Feature","properties":{"VALUE":4.19999981},"geometry":{"type":"Point","coordinates":[83.337500000000247,28.045833333333345]}},
{"type":"Feature","properties":{"VALUE":3.99900007},"geometry":{"type":"Point","coordinates":[83.345833333333587,28.045833333333345]}},
{"type":"Feature","properties":{"VALUE":4.07299995},"geometry":{"type":"Point","coordinates":[83.354166666666927,28.045833333333345]}},
{"type":"Feature","properties":{"VALUE":3.98900008},"geometry":{"type":"Point","coordinates":[83.362500000000267,28.045833333333345]}},
{"type":"Feature","properties":{"VALUE":3.94899988},"geometry":{"type":"Point","coordinates":[83.370833333333607,28.045833333333345]}},
{"type":"Feature","properties":{"VALUE":3.7579999},"geometry":{"type":"Point","coordinates":[83.379166666666947,28.045833333333345]}},
{"type":"Feature","properties":{"VALUE":3.85599995},"geometry":{"type":"Point","coordinates":[83.387500000000287,28.045833333333345]}},
{"type":"Feature","properties":{"VALUE":4.08199978},"geometry":{"type":"Point","coordinates":[83.395833333333627,28.045833333333345]}},
{"type":"Feature","properties":{"VALUE":4.19299984},"geometry":{"type":"Point","coordinates":[83.404166666666967,28.045833333333345]}},
{"type":"Feature","properties":{"VALUE":4.16300011},"geometry":{"type":"Point","coordinates":[83.412500000000307,28.045833333333345]}},
{"type":"Feature","properties":{"VALUE":4.26599979},"geometry":{"type":"Point","coordinates":[83.420833333333647,28.045833333333345]}},
{"type":"Feature","properties":{"VALUE":4.23000002},"geometry":{"type":"Point","coordinates":[83.429166666666987,28.045833333333345]}},
{"type":"Feature","properties":{"VALUE":4.31099987},"geometry":{"type":"Point","coordinates":[83.437500000000327,28.045833333333345]}},
{"type":"Feature","properties":{"VALUE":4.28900003},"geometry":{"type":"Point","coordinates":[83.445833333333667,28.045833333333345]}},
{"type":"Feature","properties":{"VALUE":3.9690001},"geometry":{"type":"Point","coordinates":[83.454166666667007,28.045833333333345]}},
{"type":"Feature","properties":{"VALUE":3.91100001},"geometry":{"type":"Point","coordinates":[83.462500000000347,28.045833333333345]}},
{"type":"Feature","properties":{"VALUE":3.88899994},"geometry":{"type":"Point","coordinates":[83.470833333333687,28.045833333333345]}},
{"type":"Feature","properties":{"VALUE":4.39699984},"geometry":{"type":"Point","coordinates":[83.479166666667027,28.045833333333345]}},
{"type":"Feature","properties":{"VALUE":4.17999983},"geometry":{"type":"Point","coordinates":[83.487500000000367,28.045833333333345]}},
{"type":"Feature","properties":{"VALUE":4.20699978},"geometry":{"type":"Point","coordinates":[83.495833333333707,28.045833333333345]}},
{"type":"Feature","properties":{"VALUE":3.96099997},"geometry":{"type":"Point","coordinates":[83.504166666667047,28.045833333333345]}},
{"type":"Feature","properties":{"VALUE":3.18000007},"geometry":{"type":"Point","coordinates":[83.512500000000387,28.045833333333345]}},
{"type":"Feature","properties":{"VALUE":3.81800008},"geometry":{"type":"Point","coordinates":[83.520833333333727,28.045833333333345]}},
{"type":"Feature","properties":{"VALUE":4.01900005},"geometry":{"type":"Point","coordinates":[83.529166666667066,28.045833333333345]}},
{"type":"Feature","properties":{"VALUE":3.80299997},"geometry":{"type":"Point","coordinates":[83.537500000000406,28.045833333333345]}},
{"type":"Feature","properties":{"VALUE":3.74399996},"geometry":{"type":"Point","coordinates":[83.545833333333746,28.045833333333345]}},
{"type":"Feature","properties":{"VALUE":3.82200003},"geometry":{"type":"Point","coordinates":[83.554166666667086,28.045833333333345]}},
{"type":"Feature","properties":{"VALUE":4.20499992},"geometry":{"type":"Point","coordinates":[83.237500000000168,28.0375]}},
{"type":"Feature","properties":{"VALUE":4.30800009},"geometry":{"type":"Point","coordinates":[83.245833333333508,28.0375]}},
{"type":"Feature","properties":{"VALUE":4.171},"geometry":{"type":"Point","coordinates":[83.254166666666848,28.0375]}},
{"type":"Feature","properties":{"VALUE":4.27099991},"geometry":{"type":"Point","coordinates":[83.262500000000188,28.0375]}},
{"type":"Feature","properties":{"VALUE":4.15399981},"geometry":{"type":"Point","coordinates":[83.270833333333528,28.0375]}},
{"type":"Feature","properties":{"VALUE":4.19299984},"geometry":{"type":"Point","coordinates":[83.279166666666868,28.0375]}},
{"type":"Feature","properties":{"VALUE":4.27400017},"geometry":{"type":"Point","coordinates":[83.287500000000207,28.0375]}},
{"type":"Feature","properties":{"VALUE":4.30000019},"geometry":{"type":"Point","coordinates":[83.295833333333547,28.0375]}},
{"type":"Feature","properties":{"VALUE":4.33699989},"geometry":{"type":"Point","coordinates":[83.304166666666887,28.0375]}},
{"type":"Feature","properties":{"VALUE":4.19500017},"geometry":{"type":"Point","coordinates":[83.312500000000227,28.0375]}},
{"type":"Feature","properties":{"VALUE":4.02699995},"geometry":{"type":"Point","coordinates":[83.320833333333567,28.0375]}},
{"type":"Feature","properties":{"VALUE":4.17000008},"geometry":{"type":"Point","coordinates":[83.329166666666907,28.0375]}},
{"type":"Feature","properties":{"VALUE":3.99699998},"geometry":{"type":"Point","coordinates":[83.337500000000247,28.0375]}},
{"type":"Feature","properties":{"VALUE":3.99699998},"geometry":{"type":"Point","coordinates":[83.345833333333587,28.0375]}},
{"type":"Feature","properties":{"VALUE":4.22900009},"geometry":{"type":"Point","coordinates":[83.354166666666927,28.0375]}},
{"type":"Feature","properties":{"VALUE":4.03200006},"geometry":{"type":"Point","coordinates":[83.362500000000267,28.0375]}},
{"type":"Feature","properties":{"VALUE":4.10300016},"geometry":{"type":"Point","coordinates":[83.370833333333607,28.0375]}},
{"type":"Feature","properties":{"VALUE":4.13899994},"geometry":{"type":"Point","coordinates":[83.379166666666947,28.0375]}},
{"type":"Feature","properties":{"VALUE":4.10099983},"geometry":{"type":"Point","coordinates":[83.387500000000287,28.0375]}},
{"type":"Feature","properties":{"VALUE":3.84500003},"geometry":{"type":"Point","coordinates":[83.395833333333627,28.0375]}},
{"type":"Feature","properties":{"VALUE":3.90400004},"geometry":{"type":"Point","coordinates":[83.404166666666967,28.0375]}},
{"type":"Feature","properties":{"VALUE":4.09499979},"geometry":{"type":"Point","coordinates":[83.412500000000307,28.0375]}},
{"type":"Feature","properties":{"VALUE":4.11000013},"geometry":{"type":"Point","coordinates":[83.420833333333647,28.0375]}},
{"type":"Feature","properties":{"VALUE":4.11199999},"geometry":{"type":"Point","coordinates":[83.429166666666987,28.0375]}},
{"type":"Feature","properties":{"VALUE":4.24499989},"geometry":{"type":"Point","coordinates":[83.437500000000327,28.0375]}},
{"type":"Feature","properties":{"VALUE":4.18400002},"geometry":{"type":"Point","coordinates":[83.445833333333667,28.0375]}},
{"type":"Feature","properties":{"VALUE":3.99399996},"geometry":{"type":"Point","coordinates":[83.454166666667007,28.0375]}},
{"type":"Feature","properties":{"VALUE":4.09499979},"geometry":{"type":"Point","coordinates":[83.462500000000347,28.0375]}},
{"type":"Feature","properties":{"VALUE":4.37799978},"geometry":{"type":"Point","coordinates":[83.470833333333687,28.0375]}},
{"type":"Feature","properties":{"VALUE":4.11100006},"geometry":{"type":"Point","coordinates":[83.479166666667027,28.0375]}},
{"type":"Feature","properties":{"VALUE":3.90199995},"geometry":{"type":"Point","coordinates":[83.487500000000367,28.0375]}},
{"type":"Feature","properties":{"VALUE":4.37200022},"geometry":{"type":"Point","coordinates":[83.495833333333707,28.0375]}},
{"type":"Feature","properties":{"VALUE":4.32700014},"geometry":{"type":"Point","coordinates":[83.504166666667047,28.0375]}},
{"type":"Feature","properties":{"VALUE":4.26599979},"geometry":{"type":"Point","coordinates":[83.512500000000387,28.0375]}},
{"type":"Feature","properties":{"VALUE":4.07399988},"geometry":{"type":"Point","coordinates":[83.520833333333727,28.0375]}},
{"type":"Feature","properties":{"VALUE":3.84100008},"geometry":{"type":"Point","coordinates":[83.529166666667066,28.0375]}},
{"type":"Feature","properties":{"VALUE":3.83699989},"geometry":{"type":"Point","coordinates":[83.537500000000406,28.0375]}},
{"type":"Feature","properties":{"VALUE":3.82999992},"geometry":{"type":"Point","coordinates":[83.545833333333746,28.0375]}},
{"type":"Feature","properties":{"VALUE":3.7650001},"geometry":{"type":"Point","coordinates":[83.554166666667086,28.0375]}},
{"type":"Feature","properties":{"VALUE":4.19500017},"geometry":{"type":"Point","coordinates":[83.237500000000168,28.029166666666679]}},
{"type":"Feature","properties":{"VALUE":4.30499983},"geometry":{"type":"Point","coordinates":[83.245833333333508,28.029166666666679]}},
{"type":"Feature","properties":{"VALUE":4.33599997},"geometry":{"type":"Point","coordinates":[83.254166666666848,28.029166666666679]}},
{"type":"Feature","properties":{"VALUE":4.09600019},"geometry":{"type":"Point","coordinates":[83.262500000000188,28.029166666666679]}},
{"type":"Feature","properties":{"VALUE":4.26399994},"geometry":{"type":"Point","coordinates":[83.270833333333528,28.029166666666679]}},
{"type":"Feature","properties":{"VALUE":4.14699984},"geometry":{"type":"Point","coordinates":[83.279166666666868,28.029166666666679]}},
{"type":"Feature","properties":{"VALUE":4.30900002},"geometry":{"type":"Point","coordinates":[83.287500000000207,28.029166666666679]}},
{"type":"Feature","properties":{"VALUE":4.27400017},"geometry":{"type":"Point","coordinates":[83.295833333333547,28.029166666666679]}},
{"type":"Feature","properties":{"VALUE":4.21099997},"geometry":{"type":"Point","coordinates":[83.304166666666887,28.029166666666679]}},
{"type":"Feature","properties":{"VALUE":4.28499985},"geometry":{"type":"Point","coordinates":[83.312500000000227,28.029166666666679]}},
{"type":"Feature","properties":{"VALUE":4.21600008},"geometry":{"type":"Point","coordinates":[83.320833333333567,28.029166666666679]}},
{"type":"Feature","properties":{"VALUE":4.09499979},"geometry":{"type":"Point","coordinates":[83.329166666666907,28.029166666666679]}},
{"type":"Feature","properties":{"VALUE":3.93700004},"geometry":{"type":"Point","coordinates":[83.337500000000247,28.029166666666679]}},
{"type":"Feature","properties":{"VALUE":4.06400013},"geometry":{"type":"Point","coordinates":[83.345833333333587,28.029166666666679]}},
{"type":"Feature","properties":{"VALUE":4.28200006},"geometry":{"type":"Point","coordinates":[83.354166666666927,28.029166666666679]}},
{"type":"Feature","properties":{"VALUE":4.10699987},"geometry":{"type":"Point","coordinates":[83.362500000000267,28.029166666666679]}},
{"type":"Feature","properties":{"VALUE":4.2579999},"geometry":{"type":"Point","coordinates":[83.370833333333607,28.029166666666679]}},
{"type":"Feature","properties":{"VALUE":4.25099993},"geometry":{"type":"Point","coordinates":[83.379166666666947,28.029166666666679]}},
{"type":"Feature","properties":{"VALUE":4.3039999},"geometry":{"type":"Point","coordinates":[83.387500000000287,28.029166666666679]}},
{"type":"Feature","properties":{"VALUE":4.21400023},"geometry":{"type":"Point","coordinates":[83.395833333333627,28.029166666666679]}},
{"type":"Feature","properties":{"VALUE":3.98200011},"geometry":{"type":"Point","coordinates":[83.404166666666967,28.029166666666679]}},
{"type":"Feature","properties":{"VALUE":4.02099991},"geometry":{"type":"Point","coordinates":[83.412500000000307,28.029166666666679]}},
{"type":"Feature","properties":{"VALUE":3.9460001},"geometry":{"type":"Point","coordinates":[83.420833333333647,28.029166666666679]}},
{"type":"Feature","properties":{"VALUE":4.20300007},"geometry":{"type":"Point","coordinates":[83.429166666666987,28.029166666666679]}},
{"type":"Feature","properties":{"VALUE":4.24100018},"geometry":{"type":"Point","coordinates":[83.437500000000327,28.029166666666679]}},
{"type":"Feature","properties":{"VALUE":4.14599991},"geometry":{"type":"Point","coordinates":[83.445833333333667,28.029166666666679]}},
{"type":"Feature","properties":{"VALUE":4.07399988},"geometry":{"type":"Point","coordinates":[83.454166666667007,28.029166666666679]}},
{"type":"Feature","properties":{"VALUE":4.21099997},"geometry":{"type":"Point","coordinates":[83.462500000000347,28.029166666666679]}},
{"type":"Feature","properties":{"VALUE":4.15500021},"geometry":{"type":"Point","coordinates":[83.470833333333687,28.029166666666679]}},
{"type":"Feature","properties":{"VALUE":4.08500004},"geometry":{"type":"Point","coordinates":[83.479166666667027,28.029166666666679]}},
{"type":"Feature","properties":{"VALUE":4.37099981},"geometry":{"type":"Point","coordinates":[83.487500000000367,28.029166666666679]}},
{"type":"Feature","properties":{"VALUE":4.36100006},"geometry":{"type":"Point","coordinates":[83.495833333333707,28.029166666666679]}},
{"type":"Feature","properties":{"VALUE":4.38600016},"geometry":{"type":"Point","coordinates":[83.504166666667047,28.029166666666679]}},
{"type":"Feature","properties":{"VALUE":4.19000006},"geometry":{"type":"Point","coordinates":[83.512500000000387,28.029166666666679]}},
{"type":"Feature","properties":{"VALUE":4.31699991},"geometry":{"type":"Point","coordinates":[83.520833333333727,28.029166666666679]}},
{"type":"Feature","properties":{"VALUE":4.01999998},"geometry":{"type":"Point","coordinates":[83.529166666667066,28.029166666666679]}},
{"type":"Feature","properties":{"VALUE":3.91599989},"geometry":{"type":"Point","coordinates":[83.537500000000406,28.029166666666679]}},
{"type":"Feature","properties":{"VALUE":3.67199993},"geometry":{"type":"Point","coordinates":[83.545833333333746,28.029166666666679]}},
{"type":"Feature","properties":{"VALUE":3.62800002},"geometry":{"type":"Point","coordinates":[83.554166666667086,28.029166666666679]}},
{"type":"Feature","properties":{"VALUE":3.74499989},"geometry":{"type":"Point","coordinates":[83.562500000000426,28.029166666666679]}},
{"type":"Feature","properties":{"VALUE":3.60800004},"geometry":{"type":"Point","coordinates":[83.570833333333766,28.029166666666679]}},
{"type":"Feature","properties":{"VALUE":3.73099995},"geometry":{"type":"Point","coordinates":[83.579166666667106,28.029166666666679]}},
{"type":"Feature","properties":{"VALUE":4.16300011},"geometry":{"type":"Point","coordinates":[83.237500000000168,28.020833333333346]}},
{"type":"Feature","properties":{"VALUE":4.18599987},"geometry":{"type":"Point","coordinates":[83.245833333333508,28.020833333333346]}},
{"type":"Feature","properties":{"VALUE":4.34899998},"geometry":{"type":"Point","coordinates":[83.254166666666848,28.020833333333346]}},
{"type":"Feature","properties":{"VALUE":4.1789999},"geometry":{"type":"Point","coordinates":[83.262500000000188,28.020833333333346]}},
{"type":"Feature","properties":{"VALUE":4.15500021},"geometry":{"type":"Point","coordinates":[83.270833333333528,28.020833333333346]}},
{"type":"Feature","properties":{"VALUE":4.12400007},"geometry":{"type":"Point","coordinates":[83.279166666666868,28.020833333333346]}},
{"type":"Feature","properties":{"VALUE":4.28999996},"geometry":{"type":"Point","coordinates":[83.287500000000207,28.020833333333346]}},
{"type":"Feature","properties":{"VALUE":4.15799999},"geometry":{"type":"Point","coordinates":[83.295833333333547,28.020833333333346]}},
{"type":"Feature","properties":{"VALUE":4.18499994},"geometry":{"type":"Point","coordinates":[83.304166666666887,28.020833333333346]}},
{"type":"Feature","properties":{"VALUE":4.22399998},"geometry":{"type":"Point","coordinates":[83.312500000000227,28.020833333333346]}},
{"type":"Feature","properties":{"VALUE":4.35699987},"geometry":{"type":"Point","coordinates":[83.320833333333567,28.020833333333346]}},
{"type":"Feature","properties":{"VALUE":4.34200001},"geometry":{"type":"Point","coordinates":[83.329166666666907,28.020833333333346]}},
{"type":"Feature","properties":{"VALUE":4.08900023},"geometry":{"type":"Point","coordinates":[83.337500000000247,28.020833333333346]}},
{"type":"Feature","properties":{"VALUE":4.09899998},"geometry":{"type":"Point","coordinates":[83.345833333333587,28.020833333333346]}},
{"type":"Feature","properties":{"VALUE":4.35200024},"geometry":{"type":"Point","coordinates":[83.354166666666927,28.020833333333346]}},
{"type":"Feature","properties":{"VALUE":4.24399996},"geometry":{"type":"Point","coordinates":[83.362500000000267,28.020833333333346]}},
{"type":"Feature","properties":{"VALUE":4.31099987},"geometry":{"type":"Point","coordinates":[83.370833333333607,28.020833333333346]}},
{"type":"Feature","properties":{"VALUE":4.296},"geometry":{"type":"Point","coordinates":[83.379166666666947,28.020833333333346]}},
{"type":"Feature","properties":{"VALUE":4.25899982},"geometry":{"type":"Point","coordinates":[83.387500000000287,28.020833333333346]}},
{"type":"Feature","properties":{"VALUE":4.24399996},"geometry":{"type":"Point","coordinates":[83.395833333333627,28.020833333333346]}},
{"type":"Feature","properties":{"VALUE":4.04099989},"geometry":{"type":"Point","coordinates":[83.404166666666967,28.020833333333346]}},
{"type":"Feature","properties":{"VALUE":4.11399984},"geometry":{"type":"Point","coordinates":[83.412500000000307,28.020833333333346]}},
{"type":"Feature","properties":{"VALUE":3.92400002},"geometry":{"type":"Point","coordinates":[83.420833333333647,28.020833333333346]}},
{"type":"Feature","properties":{"VALUE":3.97399998},"geometry":{"type":"Point","coordinates":[83.429166666666987,28.020833333333346]}},
{"type":"Feature","properties":{"VALUE":4.05800009},"geometry":{"type":"Point","coordinates":[83.437500000000327,28.020833333333346]}},
{"type":"Feature","properties":{"VALUE":4.09899998},"geometry":{"type":"Point","coordinates":[83.445833333333667,28.020833333333346]}},
{"type":"Feature","properties":{"VALUE":4.05600023},"geometry":{"type":"Point","coordinates":[83.454166666667007,28.020833333333346]}},
{"type":"Feature","properties":{"VALUE":4.11800003},"geometry":{"type":"Point","coordinates":[83.462500000000347,28.020833333333346]}},
{"type":"Feature","properties":{"VALUE":4.20699978},"geometry":{"type":"Point","coordinates":[83.470833333333687,28.020833333333346]}},
{"type":"Feature","properties":{"VALUE":4.35699987},"geometry":{"type":"Point","coordinates":[83.479166666667027,28.020833333333346]}},
{"type":"Feature","properties":{"VALUE":4.44899988},"geometry":{"type":"Point","coordinates":[83.487500000000367,28.020833333333346]}},
{"type":"Feature","properties":{"VALUE":4.27199984},"geometry":{"type":"Point","coordinates":[83.495833333333707,28.020833333333346]}},
{"type":"Feature","properties":{"VALUE":4.31699991},"geometry":{"type":"Point","coordinates":[83.504166666667047,28.020833333333346]}},
{"type":"Feature","properties":{"VALUE":4.17600012},"geometry":{"type":"Point","coordinates":[83.512500000000387,28.020833333333346]}},
{"type":"Feature","properties":{"VALUE":4.24300003},"geometry":{"type":"Point","coordinates":[83.520833333333727,28.020833333333346]}},
{"type":"Feature","properties":{"VALUE":4.37099981},"geometry":{"type":"Point","coordinates":[83.529166666667066,28.020833333333346]}},
{"type":"Feature","properties":{"VALUE":3.95900011},"geometry":{"type":"Point","coordinates":[83.537500000000406,28.020833333333346]}},
{"type":"Feature","properties":{"VALUE":3.74300003},"geometry":{"type":"Point","coordinates":[83.545833333333746,28.020833333333346]}},
{"type":"Feature","properties":{"VALUE":3.87400007},"geometry":{"type":"Point","coordinates":[83.554166666667086,28.020833333333346]}},
{"type":"Feature","properties":{"VALUE":3.63700008},"geometry":{"type":"Point","coordinates":[83.562500000000426,28.020833333333346]}},
{"type":"Feature","properties":{"VALUE":3.91700006},"geometry":{"type":"Point","coordinates":[83.570833333333766,28.020833333333346]}},
{"type":"Feature","properties":{"VALUE":3.74499989},"geometry":{"type":"Point","coordinates":[83.579166666667106,28.020833333333346]}},
{"type":"Feature","properties":{"VALUE":3.75600004},"geometry":{"type":"Point","coordinates":[83.587500000000446,28.020833333333346]}},
{"type":"Feature","properties":{"VALUE":3.84899998},"geometry":{"type":"Point","coordinates":[83.595833333333786,28.020833333333346]}},
{"type":"Feature","properties":{"VALUE":4.2249999},"geometry":{"type":"Point","coordinates":[83.245833333333508,28.0125]}},
{"type":"Feature","properties":{"VALUE":4.28599977},"geometry":{"type":"Point","coordinates":[83.254166666666848,28.0125]}},
{"type":"Feature","properties":{"VALUE":4.1170001},"geometry":{"type":"Point","coordinates":[83.262500000000188,28.0125]}},
{"type":"Feature","properties":{"VALUE":4.08500004},"geometry":{"type":"Point","coordinates":[83.270833333333528,28.0125]}},
{"type":"Feature","properties":{"VALUE":4.21799994},"geometry":{"type":"Point","coordinates":[83.279166666666868,28.0125]}},
{"type":"Feature","properties":{"VALUE":4.23699999},"geometry":{"type":"Point","coordinates":[83.287500000000207,28.0125]}},
{"type":"Feature","properties":{"VALUE":4.09299994},"geometry":{"type":"Point","coordinates":[83.295833333333547,28.0125]}},
{"type":"Feature","properties":{"VALUE":4.1880002},"geometry":{"type":"Point","coordinates":[83.304166666666887,28.0125]}},
{"type":"Feature","properties":{"VALUE":4.29400015},"geometry":{"type":"Point","coordinates":[83.312500000000227,28.0125]}},
{"type":"Feature","properties":{"VALUE":4.24499989},"geometry":{"type":"Point","coordinates":[83.320833333333567,28.0125]}},
{"type":"Feature","properties":{"VALUE":4.26000023},"geometry":{"type":"Point","coordinates":[83.329166666666907,28.0125]}},
{"type":"Feature","properties":{"VALUE":4.26300001},"geometry":{"type":"Point","coordinates":[83.337500000000247,28.0125]}},
{"type":"Feature","properties":{"VALUE":4.37799978},"geometry":{"type":"Point","coordinates":[83.345833333333587,28.0125]}},
{"type":"Feature","properties":{"VALUE":4.32000017},"geometry":{"type":"Point","coordinates":[83.354166666666927,28.0125]}},
{"type":"Feature","properties":{"VALUE":4.26900005},"geometry":{"type":"Point","coordinates":[83.362500000000267,28.0125]}},
{"type":"Feature","properties":{"VALUE":4.18100023},"geometry":{"type":"Point","coordinates":[83.370833333333607,28.0125]}},
{"type":"Feature","properties":{"VALUE":4.21500015},"geometry":{"type":"Point","coordinates":[83.379166666666947,28.0125]}},
{"type":"Feature","properties":{"VALUE":4.07499981},"geometry":{"type":"Point","coordinates":[83.387500000000287,28.0125]}},
{"type":"Feature","properties":{"VALUE":4.1500001},"geometry":{"type":"Point","coordinates":[83.395833333333627,28.0125]}},
{"type":"Feature","properties":{"VALUE":4.18400002},"geometry":{"type":"Point","coordinates":[83.404166666666967,28.0125]}},
{"type":"Feature","properties":{"VALUE":4.09899998},"geometry":{"type":"Point","coordinates":[83.412500000000307,28.0125]}},
{"type":"Feature","properties":{"VALUE":4.03100014},"geometry":{"type":"Point","coordinates":[83.420833333333647,28.0125]}},
{"type":"Feature","properties":{"VALUE":3.94000006},"geometry":{"type":"Point","coordinates":[83.429166666666987,28.0125]}},
{"type":"Feature","properties":{"VALUE":3.82500005},"geometry":{"type":"Point","coordinates":[83.437500000000327,28.0125]}},
{"type":"Feature","properties":{"VALUE":3.96799994},"geometry":{"type":"Point","coordinates":[83.445833333333667,28.0125]}},
{"type":"Feature","properties":{"VALUE":4.0619998},"geometry":{"type":"Point","coordinates":[83.454166666667007,28.0125]}},
{"type":"Feature","properties":{"VALUE":4.12799978},"geometry":{"type":"Point","coordinates":[83.462500000000347,28.0125]}},
{"type":"Feature","properties":{"VALUE":4.11999989},"geometry":{"type":"Point","coordinates":[83.470833333333687,28.0125]}},
{"type":"Feature","properties":{"VALUE":4.34899998},"geometry":{"type":"Point","coordinates":[83.479166666667027,28.0125]}},
{"type":"Feature","properties":{"VALUE":4.37400007},"geometry":{"type":"Point","coordinates":[83.487500000000367,28.0125]}},
{"type":"Feature","properties":{"VALUE":4.04899979},"geometry":{"type":"Point","coordinates":[83.495833333333707,28.0125]}},
{"type":"Feature","properties":{"VALUE":4.18499994},"geometry":{"type":"Point","coordinates":[83.504166666667047,28.0125]}},
{"type":"Feature","properties":{"VALUE":4.17999983},"geometry":{"type":"Point","coordinates":[83.512500000000387,28.0125]}},
{"type":"Feature","properties":{"VALUE":4.27899981},"geometry":{"type":"Point","coordinates":[83.520833333333727,28.0125]}},
{"type":"Feature","properties":{"VALUE":4.36999989},"geometry":{"type":"Point","coordinates":[83.529166666667066,28.0125]}},
{"type":"Feature","properties":{"VALUE":4.26300001},"geometry":{"type":"Point","coordinates":[83.537500000000406,28.0125]}},
{"type":"Feature","properties":{"VALUE":4.23099995},"geometry":{"type":"Point","coordinates":[83.545833333333746,28.0125]}},
{"type":"Feature","properties":{"VALUE":3.8900001},"geometry":{"type":"Point","coordinates":[83.554166666667086,28.0125]}},
{"type":"Feature","properties":{"VALUE":3.80999994},"geometry":{"type":"Point","coordinates":[83.562500000000426,28.0125]}},
{"type":"Feature","properties":{"VALUE":4.17999983},"geometry":{"type":"Point","coordinates":[83.570833333333766,28.0125]}},
{"type":"Feature","properties":{"VALUE":4.02199984},"geometry":{"type":"Point","coordinates":[83.579166666667106,28.0125]}},
{"type":"Feature","properties":{"VALUE":3.82999992},"geometry":{"type":"Point","coordinates":[83.587500000000446,28.0125]}},
{"type":"Feature","properties":{"VALUE":3.9059999},"geometry":{"type":"Point","coordinates":[83.595833333333786,28.0125]}},
{"type":"Feature","properties":{"VALUE":4.15899992},"geometry":{"type":"Point","coordinates":[83.245833333333508,28.004166666666681]}},
{"type":"Feature","properties":{"VALUE":4.28399992},"geometry":{"type":"Point","coordinates":[83.254166666666848,28.004166666666681]}},
{"type":"Feature","properties":{"VALUE":4.23999977},"geometry":{"type":"Point","coordinates":[83.262500000000188,28.004166666666681]}},
{"type":"Feature","properties":{"VALUE":4.13899994},"geometry":{"type":"Point","coordinates":[83.270833333333528,28.004166666666681]}},
{"type":"Feature","properties":{"VALUE":4.19799995},"geometry":{"type":"Point","coordinates":[83.279166666666868,28.004166666666681]}},
{"type":"Feature","properties":{"VALUE":4.27400017},"geometry":{"type":"Point","coordinates":[83.287500000000207,28.004166666666681]}},
{"type":"Feature","properties":{"VALUE":4.16599989},"geometry":{"type":"Point","coordinates":[83.295833333333547,28.004166666666681]}},
{"type":"Feature","properties":{"VALUE":4.1079998},"geometry":{"type":"Point","coordinates":[83.304166666666887,28.004166666666681]}},
{"type":"Feature","properties":{"VALUE":4.20599985},"geometry":{"type":"Point","coordinates":[83.312500000000227,28.004166666666681]}},
{"type":"Feature","properties":{"VALUE":4.17999983},"geometry":{"type":"Point","coordinates":[83.320833333333567,28.004166666666681]}},
{"type":"Feature","properties":{"VALUE":4.18300009},"geometry":{"type":"Point","coordinates":[83.329166666666907,28.004166666666681]}},
{"type":"Feature","properties":{"VALUE":4.2249999},"geometry":{"type":"Point","coordinates":[83.337500000000247,28.004166666666681]}},
{"type":"Feature","properties":{"VALUE":4.36199999},"geometry":{"type":"Point","coordinates":[83.345833333333587,28.004166666666681]}},
{"type":"Feature","properties":{"VALUE":4.3039999},"geometry":{"type":"Point","coordinates":[83.354166666666927,28.004166666666681]}},
{"type":"Feature","properties":{"VALUE":4.20599985},"geometry":{"type":"Point","coordinates":[83.362500000000267,28.004166666666681]}},
{"type":"Feature","properties":{"VALUE":4.23500013},"geometry":{"type":"Point","coordinates":[83.370833333333607,28.004166666666681]}},
{"type":"Feature","properties":{"VALUE":4.2420001},"geometry":{"type":"Point","coordinates":[83.379166666666947,28.004166666666681]}},
{"type":"Feature","properties":{"VALUE":4.14599991},"geometry":{"type":"Point","coordinates":[83.387500000000287,28.004166666666681]}},
{"type":"Feature","properties":{"VALUE":4.1420002},"geometry":{"type":"Point","coordinates":[83.395833333333627,28.004166666666681]}},
{"type":"Feature","properties":{"VALUE":4.29400015},"geometry":{"type":"Point","coordinates":[83.404166666666967,28.004166666666681]}},
{"type":"Feature","properties":{"VALUE":4.31500006},"geometry":{"type":"Point","coordinates":[83.412500000000307,28.004166666666681]}},
{"type":"Feature","properties":{"VALUE":4.22399998},"geometry":{"type":"Point","coordinates":[83.420833333333647,28.004166666666681]}},
{"type":"Feature","properties":{"VALUE":3.95300007},"geometry":{"type":"Point","coordinates":[83.429166666666987,28.004166666666681]}},
{"type":"Feature","properties":{"VALUE":3.97099996},"geometry":{"type":"Point","coordinates":[83.437500000000327,28.004166666666681]}},
{"type":"Feature","properties":{"VALUE":4.00899982},"geometry":{"type":"Point","coordinates":[83.445833333333667,28.004166666666681]}},
{"type":"Feature","properties":{"VALUE":3.93899989},"geometry":{"type":"Point","coordinates":[83.454166666667007,28.004166666666681]}},
{"type":"Feature","properties":{"VALUE":4.12400007},"geometry":{"type":"Point","coordinates":[83.462500000000347,28.004166666666681]}},
{"type":"Feature","properties":{"VALUE":4.16400003},"geometry":{"type":"Point","coordinates":[83.470833333333687,28.004166666666681]}},
{"type":"Feature","properties":{"VALUE":4.12900019},"geometry":{"type":"Point","coordinates":[83.479166666667027,28.004166666666681]}},
{"type":"Feature","properties":{"VALUE":4.03999996},"geometry":{"type":"Point","coordinates":[83.487500000000367,28.004166666666681]}},
{"type":"Feature","properties":{"VALUE":3.96099997},"geometry":{"type":"Point","coordinates":[83.495833333333707,28.004166666666681]}},
{"type":"Feature","properties":{"VALUE":4.04699993},"geometry":{"type":"Point","coordinates":[83.504166666667047,28.004166666666681]}},
{"type":"Feature","properties":{"VALUE":4.17999983},"geometry":{"type":"Point","coordinates":[83.512500000000387,28.004166666666681]}},
{"type":"Feature","properties":{"VALUE":4.32499981},"geometry":{"type":"Point","coordinates":[83.520833333333727,28.004166666666681]}},
{"type":"Feature","properties":{"VALUE":4.20800018},"geometry":{"type":"Point","coordinates":[83.529166666667066,28.004166666666681]}},
{"type":"Feature","properties":{"VALUE":4.21099997},"geometry":{"type":"Point","coordinates":[83.537500000000406,28.004166666666681]}},
{"type":"Feature","properties":{"VALUE":4.28299999},"geometry":{"type":"Point","coordinates":[83.545833333333746,28.004166666666681]}},
{"type":"Feature","properties":{"VALUE":4.31799984},"geometry":{"type":"Point","coordinates":[83.554166666667086,28.004166666666681]}},
{"type":"Feature","properties":{"VALUE":4.22300005},"geometry":{"type":"Point","coordinates":[83.562500000000426,28.004166666666681]}},
{"type":"Feature","properties":{"VALUE":3.89199996},"geometry":{"type":"Point","coordinates":[83.570833333333766,28.004166666666681]}},
{"type":"Feature","properties":{"VALUE":3.87199998},"geometry":{"type":"Point","coordinates":[83.579166666667106,28.004166666666681]}},
{"type":"Feature","properties":{"VALUE":3.95799994},"geometry":{"type":"Point","coordinates":[83.587500000000446,28.004166666666681]}},
{"type":"Feature","properties":{"VALUE":3.76999998},"geometry":{"type":"Point","coordinates":[83.595833333333786,28.004166666666681]}},
{"type":"Feature","properties":{"VALUE":4.19099998},"geometry":{"type":"Point","coordinates":[83.254166666666848,27.995833333333348]}},
{"type":"Feature","properties":{"VALUE":4.17299986},"geometry":{"type":"Point","coordinates":[83.262500000000188,27.995833333333348]}},
{"type":"Feature","properties":{"VALUE":4.15799999},"geometry":{"type":"Point","coordinates":[83.270833333333528,27.995833333333348]}},
{"type":"Feature","properties":{"VALUE":4.19099998},"geometry":{"type":"Point","coordinates":[83.279166666666868,27.995833333333348]}},
{"type":"Feature","properties":{"VALUE":4.25600004},"geometry":{"type":"Point","coordinates":[83.287500000000207,27.995833333333348]}},
{"type":"Feature","properties":{"VALUE":4.21299982},"geometry":{"type":"Point","coordinates":[83.295833333333547,27.995833333333348]}},
{"type":"Feature","properties":{"VALUE":4.13100004},"geometry":{"type":"Point","coordinates":[83.304166666666887,27.995833333333348]}},
{"type":"Feature","properties":{"VALUE":4.20300007},"geometry":{"type":"Point","coordinates":[83.312500000000227,27.995833333333348]}},
{"type":"Feature","properties":{"VALUE":4.1789999},"geometry":{"type":"Point","coordinates":[83.320833333333567,27.995833333333348]}},
{"type":"Feature","properties":{"VALUE":4.2249999},"geometry":{"type":"Point","coordinates":[83.329166666666907,27.995833333333348]}},
{"type":"Feature","properties":{"VALUE":4.27199984},"geometry":{"type":"Point","coordinates":[83.337500000000247,27.995833333333348]}},
{"type":"Feature","properties":{"VALUE":4.30600023},"geometry":{"type":"Point","coordinates":[83.345833333333587,27.995833333333348]}},
{"type":"Feature","properties":{"VALUE":4.32700014},"geometry":{"type":"Point","coordinates":[83.354166666666927,27.995833333333348]}},
{"type":"Feature","properties":{"VALUE":4.28900003},"geometry":{"type":"Point","coordinates":[83.362500000000267,27.995833333333348]}},
{"type":"Feature","properties":{"VALUE":4.3119998},"geometry":{"type":"Point","coordinates":[83.370833333333607,27.995833333333348]}},
{"type":"Feature","properties":{"VALUE":4.3499999},"geometry":{"type":"Point","coordinates":[83.379166666666947,27.995833333333348]}},
{"type":"Feature","properties":{"VALUE":4.32200003},"geometry":{"type":"Point","coordinates":[83.387500000000287,27.995833333333348]}},
{"type":"Feature","properties":{"VALUE":4.22100019},"geometry":{"type":"Point","coordinates":[83.395833333333627,27.995833333333348]}},
{"type":"Feature","properties":{"VALUE":4.34499979},"geometry":{"type":"Point","coordinates":[83.404166666666967,27.995833333333348]}},
{"type":"Feature","properties":{"VALUE":4.31899977},"geometry":{"type":"Point","coordinates":[83.412500000000307,27.995833333333348]}},
{"type":"Feature","properties":{"VALUE":4.37200022},"geometry":{"type":"Point","coordinates":[83.420833333333647,27.995833333333348]}},
{"type":"Feature","properties":{"VALUE":4.3039999},"geometry":{"type":"Point","coordinates":[83.429166666666987,27.995833333333348]}},
{"type":"Feature","properties":{"VALUE":4.03399992},"geometry":{"type":"Point","coordinates":[83.437500000000327,27.995833333333348]}},
{"type":"Feature","properties":{"VALUE":4.03399992},"geometry":{"type":"Point","coordinates":[83.445833333333667,27.995833333333348]}},
{"type":"Feature","properties":{"VALUE":3.93600011},"geometry":{"type":"Point","coordinates":[83.454166666667007,27.995833333333348]}},
{"type":"Feature","properties":{"VALUE":3.95700002},"geometry":{"type":"Point","coordinates":[83.462500000000347,27.995833333333348]}},
{"type":"Feature","properties":{"VALUE":4.00400019},"geometry":{"type":"Point","coordinates":[83.470833333333687,27.995833333333348]}},
{"type":"Feature","properties":{"VALUE":4.14900017},"geometry":{"type":"Point","coordinates":[83.479166666667027,27.995833333333348]}},
{"type":"Feature","properties":{"VALUE":4.19500017},"geometry":{"type":"Point","coordinates":[83.487500000000367,27.995833333333348]}},
{"type":"Feature","properties":{"VALUE":4.20300007},"geometry":{"type":"Point","coordinates":[83.495833333333707,27.995833333333348]}},
{"type":"Feature","properties":{"VALUE":4.21700001},"geometry":{"type":"Point","coordinates":[83.504166666667047,27.995833333333348]}},
{"type":"Feature","properties":{"VALUE":4.3210001},"geometry":{"type":"Point","coordinates":[83.512500000000387,27.995833333333348]}},
{"type":"Feature","properties":{"VALUE":4.03599977},"geometry":{"type":"Point","coordinates":[83.520833333333727,27.995833333333348]}},
{"type":"Feature","properties":{"VALUE":3.98000002},"geometry":{"type":"Point","coordinates":[83.529166666667066,27.995833333333348]}},
{"type":"Feature","properties":{"VALUE":4.17700005},"geometry":{"type":"Point","coordinates":[83.537500000000406,27.995833333333348]}},
{"type":"Feature","properties":{"VALUE":4.33400011},"geometry":{"type":"Point","coordinates":[83.545833333333746,27.995833333333348]}},
{"type":"Feature","properties":{"VALUE":4.26399994},"geometry":{"type":"Point","coordinates":[83.554166666667086,27.995833333333348]}},
{"type":"Feature","properties":{"VALUE":4.26800013},"geometry":{"type":"Point","coordinates":[83.562500000000426,27.995833333333348]}},
{"type":"Feature","properties":{"VALUE":4.26599979},"geometry":{"type":"Point","coordinates":[83.570833333333766,27.995833333333348]}},
{"type":"Feature","properties":{"VALUE":4.11999989},"geometry":{"type":"Point","coordinates":[83.579166666667106,27.995833333333348]}},
{"type":"Feature","properties":{"VALUE":4.14599991},"geometry":{"type":"Point","coordinates":[83.587500000000446,27.995833333333348]}},
{"type":"Feature","properties":{"VALUE":4.01399994},"geometry":{"type":"Point","coordinates":[83.595833333333786,27.995833333333348]}},
{"type":"Feature","properties":{"VALUE":4.15299988},"geometry":{"type":"Point","coordinates":[83.254166666666848,27.9875]}},
{"type":"Feature","properties":{"VALUE":4.1960001},"geometry":{"type":"Point","coordinates":[83.270833333333528,27.9875]}},
{"type":"Feature","properties":{"VALUE":4.21999979},"geometry":{"type":"Point","coordinates":[83.279166666666868,27.9875]}},
{"type":"Feature","properties":{"VALUE":4.15500021},"geometry":{"type":"Point","coordinates":[83.287500000000207,27.9875]}},
{"type":"Feature","properties":{"VALUE":4.21899986},"geometry":{"type":"Point","coordinates":[83.295833333333547,27.9875]}},
{"type":"Feature","properties":{"VALUE":4.12099981},"geometry":{"type":"Point","coordinates":[83.304166666666887,27.9875]}},
{"type":"Feature","properties":{"VALUE":4.14300013},"geometry":{"type":"Point","coordinates":[83.312500000000227,27.9875]}},
{"type":"Feature","properties":{"VALUE":4.18499994},"geometry":{"type":"Point","coordinates":[83.320833333333567,27.9875]}},
{"type":"Feature","properties":{"VALUE":4.18499994},"geometry":{"type":"Point","coordinates":[83.329166666666907,27.9875]}},
{"type":"Feature","properties":{"VALUE":4.19500017},"geometry":{"type":"Point","coordinates":[83.337500000000247,27.9875]}},
{"type":"Feature","properties":{"VALUE":4.22700024},"geometry":{"type":"Point","coordinates":[83.345833333333587,27.9875]}},
{"type":"Feature","properties":{"VALUE":4.30900002},"geometry":{"type":"Point","coordinates":[83.354166666666927,27.9875]}},
{"type":"Feature","properties":{"VALUE":4.38800001},"geometry":{"type":"Point","coordinates":[83.362500000000267,27.9875]}},
{"type":"Feature","properties":{"VALUE":4.33799982},"geometry":{"type":"Point","coordinates":[83.370833333333607,27.9875]}},
{"type":"Feature","properties":{"VALUE":4.27199984},"geometry":{"type":"Point","coordinates":[83.379166666666947,27.9875]}},
{"type":"Feature","properties":{"VALUE":4.32399988},"geometry":{"type":"Point","coordinates":[83.387500000000287,27.9875]}},
{"type":"Feature","properties":{"VALUE":4.36999989},"geometry":{"type":"Point","coordinates":[83.395833333333627,27.9875]}},
{"type":"Feature","properties":{"VALUE":4.37799978},"geometry":{"type":"Point","coordinates":[83.404166666666967,27.9875]}},
{"type":"Feature","properties":{"VALUE":4.28299999},"geometry":{"type":"Point","coordinates":[83.412500000000307,27.9875]}},
{"type":"Feature","properties":{"VALUE":4.28000021},"geometry":{"type":"Point","coordinates":[83.420833333333647,27.9875]}},
{"type":"Feature","properties":{"VALUE":4.30000019},"geometry":{"type":"Point","coordinates":[83.429166666666987,27.9875]}},
{"type":"Feature","properties":{"VALUE":4.28900003},"geometry":{"type":"Point","coordinates":[83.437500000000327,27.9875]}},
{"type":"Feature","properties":{"VALUE":3.94799995},"geometry":{"type":"Point","coordinates":[83.445833333333667,27.9875]}},
{"type":"Feature","properties":{"VALUE":3.84699988},"geometry":{"type":"Point","coordinates":[83.454166666667007,27.9875]}},
{"type":"Feature","properties":{"VALUE":3.90199995},"geometry":{"type":"Point","coordinates":[83.462500000000347,27.9875]}},
{"type":"Feature","properties":{"VALUE":4.16400003},"geometry":{"type":"Point","coordinates":[83.470833333333687,27.9875]}},
{"type":"Feature","properties":{"VALUE":4.17299986},"geometry":{"type":"Point","coordinates":[83.479166666667027,27.9875]}},
{"type":"Feature","properties":{"VALUE":4.17500019},"geometry":{"type":"Point","coordinates":[83.487500000000367,27.9875]}},
{"type":"Feature","properties":{"VALUE":4.2249999},"geometry":{"type":"Point","coordinates":[83.495833333333707,27.9875]}},
{"type":"Feature","properties":{"VALUE":4.26399994},"geometry":{"type":"Point","coordinates":[83.504166666667047,27.9875]}},
{"type":"Feature","properties":{"VALUE":4.26599979},"geometry":{"type":"Point","coordinates":[83.512500000000387,27.9875]}},
{"type":"Feature","properties":{"VALUE":4.18400002},"geometry":{"type":"Point","coordinates":[83.520833333333727,27.9875]}},
{"type":"Feature","properties":{"VALUE":3.83400011},"geometry":{"type":"Point","coordinates":[83.529166666667066,27.9875]}},
{"type":"Feature","properties":{"VALUE":4.00500011},"geometry":{"type":"Point","coordinates":[83.537500000000406,27.9875]}},
{"type":"Feature","properties":{"VALUE":4.23799992},"geometry":{"type":"Point","coordinates":[83.545833333333746,27.9875]}},
{"type":"Feature","properties":{"VALUE":4.14400005},"geometry":{"type":"Point","coordinates":[83.554166666667086,27.9875]}},
{"type":"Feature","properties":{"VALUE":4.17199993},"geometry":{"type":"Point","coordinates":[83.562500000000426,27.9875]}},
{"type":"Feature","properties":{"VALUE":4.16699982},"geometry":{"type":"Point","coordinates":[83.570833333333766,27.9875]}},
{"type":"Feature","properties":{"VALUE":4.04199982},"geometry":{"type":"Point","coordinates":[83.579166666667106,27.9875]}},
{"type":"Feature","properties":{"VALUE":4.17700005},"geometry":{"type":"Point","coordinates":[83.279166666666868,27.979166666666682]}},
{"type":"Feature","properties":{"VALUE":4.15199995},"geometry":{"type":"Point","coordinates":[83.287500000000207,27.979166666666682]}},
{"type":"Feature","properties":{"VALUE":4.17399979},"geometry":{"type":"Point","coordinates":[83.295833333333547,27.979166666666682]}},
{"type":"Feature","properties":{"VALUE":4.16499996},"geometry":{"type":"Point","coordinates":[83.304166666666887,27.979166666666682]}},
{"type":"Feature","properties":{"VALUE":4.14400005},"geometry":{"type":"Point","coordinates":[83.312500000000227,27.979166666666682]}},
{"type":"Feature","properties":{"VALUE":4.17600012},"geometry":{"type":"Point","coordinates":[83.320833333333567,27.979166666666682]}},
{"type":"Feature","properties":{"VALUE":4.21999979},"geometry":{"type":"Point","coordinates":[83.329166666666907,27.979166666666682]}},
{"type":"Feature","properties":{"VALUE":4.25},"geometry":{"type":"Point","coordinates":[83.337500000000247,27.979166666666682]}},
{"type":"Feature","properties":{"VALUE":4.26900005},"geometry":{"type":"Point","coordinates":[83.345833333333587,27.979166666666682]}},
{"type":"Feature","properties":{"VALUE":4.24399996},"geometry":{"type":"Point","coordinates":[83.354166666666927,27.979166666666682]}},
{"type":"Feature","properties":{"VALUE":4.21000004},"geometry":{"type":"Point","coordinates":[83.362500000000267,27.979166666666682]}},
{"type":"Feature","properties":{"VALUE":4.29899979},"geometry":{"type":"Point","coordinates":[83.370833333333607,27.979166666666682]}},
{"type":"Feature","properties":{"VALUE":4.26100016},"geometry":{"type":"Point","coordinates":[83.379166666666947,27.979166666666682]}},
{"type":"Feature","properties":{"VALUE":4.24100018},"geometry":{"type":"Point","coordinates":[83.387500000000287,27.979166666666682]}},
{"type":"Feature","properties":{"VALUE":4.33500004},"geometry":{"type":"Point","coordinates":[83.395833333333627,27.979166666666682]}},
{"type":"Feature","properties":{"VALUE":4.26900005},"geometry":{"type":"Point","coordinates":[83.404166666666967,27.979166666666682]}},
{"type":"Feature","properties":{"VALUE":4.25400019},"geometry":{"type":"Point","coordinates":[83.412500000000307,27.979166666666682]}},
{"type":"Feature","properties":{"VALUE":4.13899994},"geometry":{"type":"Point","coordinates":[83.420833333333647,27.979166666666682]}},
{"type":"Feature","properties":{"VALUE":4.17500019},"geometry":{"type":"Point","coordinates":[83.429166666666987,27.979166666666682]}},
{"type":"Feature","properties":{"VALUE":4.24700022},"geometry":{"type":"Point","coordinates":[83.437500000000327,27.979166666666682]}},
{"type":"Feature","properties":{"VALUE":4.30900002},"geometry":{"type":"Point","coordinates":[83.445833333333667,27.979166666666682]}},
{"type":"Feature","properties":{"VALUE":3.78399992},"geometry":{"type":"Point","coordinates":[83.454166666667007,27.979166666666682]}},
{"type":"Feature","properties":{"VALUE":3.83400011},"geometry":{"type":"Point","coordinates":[83.462500000000347,27.979166666666682]}},
{"type":"Feature","properties":{"VALUE":3.98200011},"geometry":{"type":"Point","coordinates":[83.470833333333687,27.979166666666682]}},
{"type":"Feature","properties":{"VALUE":4.08300018},"geometry":{"type":"Point","coordinates":[83.479166666667027,27.979166666666682]}},
{"type":"Feature","properties":{"VALUE":4.12300014},"geometry":{"type":"Point","coordinates":[83.495833333333707,27.979166666666682]}},
{"type":"Feature","properties":{"VALUE":4.13800001},"geometry":{"type":"Point","coordinates":[83.504166666667047,27.979166666666682]}},
{"type":"Feature","properties":{"VALUE":4.11000013},"geometry":{"type":"Point","coordinates":[83.512500000000387,27.979166666666682]}},
{"type":"Feature","properties":{"VALUE":4.23099995},"geometry":{"type":"Point","coordinates":[83.520833333333727,27.979166666666682]}},
{"type":"Feature","properties":{"VALUE":4.27199984},"geometry":{"type":"Point","coordinates":[83.529166666667066,27.979166666666682]}},
{"type":"Feature","properties":{"VALUE":4.00400019},"geometry":{"type":"Point","coordinates":[83.537500000000406,27.979166666666682]}},
{"type":"Feature","properties":{"VALUE":4.07000017},"geometry":{"type":"Point","coordinates":[83.545833333333746,27.979166666666682]}},
{"type":"Feature","properties":{"VALUE":4.04400015},"geometry":{"type":"Point","coordinates":[83.554166666667086,27.979166666666682]}},
{"type":"Feature","properties":{"VALUE":4.07499981},"geometry":{"type":"Point","coordinates":[83.562500000000426,27.979166666666682]}},
{"type":"Feature","properties":{"VALUE":4.079},"geometry":{"type":"Point","coordinates":[83.570833333333766,27.979166666666682]}},
{"type":"Feature","properties":{"VALUE":4.03999996},"geometry":{"type":"Point","coordinates":[83.579166666667106,27.979166666666682]}},
{"type":"Feature","properties":{"VALUE":4.13000011},"geometry":{"type":"Point","coordinates":[83.279166666666868,27.970833333333349]}},
{"type":"Feature","properties":{"VALUE":4.15199995},"geometry":{"type":"Point","coordinates":[83.287500000000207,27.970833333333349]}},
{"type":"Feature","properties":{"VALUE":4.15799999},"geometry":{"type":"Point","coordinates":[83.295833333333547,27.970833333333349]}},
{"type":"Feature","properties":{"VALUE":4.1789999},"geometry":{"type":"Point","coordinates":[83.304166666666887,27.970833333333349]}},
{"type":"Feature","properties":{"VALUE":4.14099979},"geometry":{"type":"Point","coordinates":[83.312500000000227,27.970833333333349]}},
{"type":"Feature","properties":{"VALUE":4.16699982},"geometry":{"type":"Point","coordinates":[83.320833333333567,27.970833333333349]}},
{"type":"Feature","properties":{"VALUE":4.21199989},"geometry":{"type":"Point","coordinates":[83.329166666666907,27.970833333333349]}},
{"type":"Feature","properties":{"VALUE":4.1869998},"geometry":{"type":"Point","coordinates":[83.337500000000247,27.970833333333349]}},
{"type":"Feature","properties":{"VALUE":4.17299986},"geometry":{"type":"Point","coordinates":[83.345833333333587,27.970833333333349]}},
{"type":"Feature","properties":{"VALUE":4.17000008},"geometry":{"type":"Point","coordinates":[83.354166666666927,27.970833333333349]}},
{"type":"Feature","properties":{"VALUE":4.20800018},"geometry":{"type":"Point","coordinates":[83.362500000000267,27.970833333333349]}},
{"type":"Feature","properties":{"VALUE":4.19999981},"geometry":{"type":"Point","coordinates":[83.370833333333607,27.970833333333349]}},
{"type":"Feature","properties":{"VALUE":4.22399998},"geometry":{"type":"Point","coordinates":[83.379166666666947,27.970833333333349]}},
{"type":"Feature","properties":{"VALUE":4.20599985},"geometry":{"type":"Point","coordinates":[83.387500000000287,27.970833333333349]}},
{"type":"Feature","properties":{"VALUE":4.23699999},"geometry":{"type":"Point","coordinates":[83.395833333333627,27.970833333333349]}},
{"type":"Feature","properties":{"VALUE":4.16200018},"geometry":{"type":"Point","coordinates":[83.404166666666967,27.970833333333349]}},
{"type":"Feature","properties":{"VALUE":4.20599985},"geometry":{"type":"Point","coordinates":[83.412500000000307,27.970833333333349]}},
{"type":"Feature","properties":{"VALUE":4.13700008},"geometry":{"type":"Point","coordinates":[83.420833333333647,27.970833333333349]}},
{"type":"Feature","properties":{"VALUE":4.11100006},"geometry":{"type":"Point","coordinates":[83.429166666666987,27.970833333333349]}},
{"type":"Feature","properties":{"VALUE":4.23400021},"geometry":{"type":"Point","coordinates":[83.437500000000327,27.970833333333349]}},
{"type":"Feature","properties":{"VALUE":4.27099991},"geometry":{"type":"Point","coordinates":[83.445833333333667,27.970833333333349]}},
{"type":"Feature","properties":{"VALUE":4.22700024},"geometry":{"type":"Point","coordinates":[83.454166666667007,27.970833333333349]}},
{"type":"Feature","properties":{"VALUE":3.8829999},"geometry":{"type":"Point","coordinates":[83.462500000000347,27.970833333333349]}},
{"type":"Feature","properties":{"VALUE":3.8670001},"geometry":{"type":"Point","coordinates":[83.470833333333687,27.970833333333349]}},
{"type":"Feature","properties":{"VALUE":4.02899981},"geometry":{"type":"Point","coordinates":[83.512500000000387,27.970833333333349]}},
{"type":"Feature","properties":{"VALUE":4.12699986},"geometry":{"type":"Point","coordinates":[83.520833333333727,27.970833333333349]}},
{"type":"Feature","properties":{"VALUE":4.12300014},"geometry":{"type":"Point","coordinates":[83.529166666667066,27.970833333333349]}},
{"type":"Feature","properties":{"VALUE":4.03399992},"geometry":{"type":"Point","coordinates":[83.537500000000406,27.970833333333349]}},
{"type":"Feature","properties":{"VALUE":4.1420002},"geometry":{"type":"Point","coordinates":[83.304166666666887,27.9625]}},
{"type":"Feature","properties":{"VALUE":4.16400003},"geometry":{"type":"Point","coordinates":[83.312500000000227,27.9625]}},
{"type":"Feature","properties":{"VALUE":4.16599989},"geometry":{"type":"Point","coordinates":[83.320833333333567,27.9625]}},
{"type":"Feature","properties":{"VALUE":4.17600012},"geometry":{"type":"Point","coordinates":[83.329166666666907,27.9625]}},
{"type":"Feature","properties":{"VALUE":4.13000011},"geometry":{"type":"Point","coordinates":[83.337500000000247,27.9625]}},
{"type":"Feature","properties":{"VALUE":4.12699986},"geometry":{"type":"Point","coordinates":[83.345833333333587,27.9625]}},
{"type":"Feature","properties":{"VALUE":4.08599997},"geometry":{"type":"Point","coordinates":[83.354166666666927,27.9625]}},
{"type":"Feature","properties":{"VALUE":4.17999983},"geometry":{"type":"Point","coordinates":[83.362500000000267,27.9625]}},
{"type":"Feature","properties":{"VALUE":4.09700012},"geometry":{"type":"Point","coordinates":[83.370833333333607,27.9625]}},
{"type":"Feature","properties":{"VALUE":4.14099979},"geometry":{"type":"Point","coordinates":[83.379166666666947,27.9625]}},
{"type":"Feature","properties":{"VALUE":4.19500017},"geometry":{"type":"Point","coordinates":[83.387500000000287,27.9625]}},
{"type":"Feature","properties":{"VALUE":4.17999983},"geometry":{"type":"Point","coordinates":[83.395833333333627,27.9625]}},
{"type":"Feature","properties":{"VALUE":4.24300003},"geometry":{"type":"Point","coordinates":[83.404166666666967,27.9625]}},
{"type":"Feature","properties":{"VALUE":4.07399988},"geometry":{"type":"Point","coordinates":[83.412500000000307,27.9625]}},
{"type":"Feature","properties":{"VALUE":4.13700008},"geometry":{"type":"Point","coordinates":[83.420833333333647,27.9625]}},
{"type":"Feature","properties":{"VALUE":4.07499981},"geometry":{"type":"Point","coordinates":[83.429166666666987,27.9625]}},
{"type":"Feature","properties":{"VALUE":4.19399977},"geometry":{"type":"Point","coordinates":[83.437500000000327,27.9625]}},
{"type":"Feature","properties":{"VALUE":4.11899996},"geometry":{"type":"Point","coordinates":[83.445833333333667,27.9625]}},
{"type":"Feature","properties":{"VALUE":4.16499996},"geometry":{"type":"Point","coordinates":[83.454166666667007,27.9625]}},
{"type":"Feature","properties":{"VALUE":4.00899982},"geometry":{"type":"Point","coordinates":[83.462500000000347,27.9625]}},
{"type":"Feature","properties":{"VALUE":4.03000021},"geometry":{"type":"Point","coordinates":[83.304166666666887,27.954166666666683]}},
{"type":"Feature","properties":{"VALUE":4.04500008},"geometry":{"type":"Point","coordinates":[83.312500000000227,27.954166666666683]}},
{"type":"Feature","properties":{"VALUE":4.125},"geometry":{"type":"Point","coordinates":[83.320833333333567,27.954166666666683]}},
{"type":"Feature","properties":{"VALUE":4.1079998},"geometry":{"type":"Point","coordinates":[83.329166666666907,27.954166666666683]}},
{"type":"Feature","properties":{"VALUE":4.14099979},"geometry":{"type":"Point","coordinates":[83.337500000000247,27.954166666666683]}},
{"type":"Feature","properties":{"VALUE":4.06099987},"geometry":{"type":"Point","coordinates":[83.345833333333587,27.954166666666683]}},
{"type":"Feature","properties":{"VALUE":4.01100016},"geometry":{"type":"Point","coordinates":[83.354166666666927,27.954166666666683]}},
{"type":"Feature","properties":{"VALUE":4.0619998},"geometry":{"type":"Point","coordinates":[83.362500000000267,27.954166666666683]}},
{"type":"Feature","properties":{"VALUE":4.03299999},"geometry":{"type":"Point","coordinates":[83.387500000000287,27.954166666666683]}},
{"type":"Feature","properties":{"VALUE":4.11499977},"geometry":{"type":"Point","coordinates":[83.395833333333627,27.954166666666683]}},
{"type":"Feature","properties":{"VALUE":4.20800018},"geometry":{"type":"Point","coordinates":[83.404166666666967,27.954166666666683]}},
{"type":"Feature","properties":{"VALUE":4.22399998},"geometry":{"type":"Point","coordinates":[83.412500000000307,27.954166666666683]}},
{"type":"Feature","properties":{"VALUE":4.18499994},"geometry":{"type":"Point","coordinates":[83.420833333333647,27.954166666666683]}},
{"type":"Feature","properties":{"VALUE":4.12099981},"geometry":{"type":"Point","coordinates":[83.429166666666987,27.954166666666683]}},
{"type":"Feature","properties":{"VALUE":4.00600004},"geometry":{"type":"Point","coordinates":[83.437500000000327,27.954166666666683]}},
{"type":"Feature","properties":{"VALUE":4.13000011},"geometry":{"type":"Point","coordinates":[83.445833333333667,27.954166666666683]}},
{"type":"Feature","properties":{"VALUE":4.09499979},"geometry":{"type":"Point","coordinates":[83.454166666667007,27.954166666666683]}},
{"type":"Feature","properties":{"VALUE":3.88700008},"geometry":{"type":"Point","coordinates":[83.295833333333547,27.945833333333351]}},
{"type":"Feature","properties":{"VALUE":4.08300018},"geometry":{"type":"Point","coordinates":[83.304166666666887,27.945833333333351]}},
{"type":"Feature","properties":{"VALUE":4.20300007},"geometry":{"type":"Point","coordinates":[83.312500000000227,27.945833333333351]}},
{"type":"Feature","properties":{"VALUE":4.16900015},"geometry":{"type":"Point","coordinates":[83.320833333333567,27.945833333333351]}},
{"type":"Feature","properties":{"VALUE":3.96199989},"geometry":{"type":"Point","coordinates":[83.329166666666907,27.945833333333351]}},
{"type":"Feature","properties":{"VALUE":4.00299978},"geometry":{"type":"Point","coordinates":[83.337500000000247,27.945833333333351]}},
{"type":"Feature","properties":{"VALUE":3.90300012},"geometry":{"type":"Point","coordinates":[83.395833333333627,27.945833333333351]}},
{"type":"Feature","properties":{"VALUE":4.10400009},"geometry":{"type":"Point","coordinates":[83.404166666666967,27.945833333333351]}},
{"type":"Feature","properties":{"VALUE":4.11199999},"geometry":{"type":"Point","coordinates":[83.412500000000307,27.945833333333351]}},
{"type":"Feature","properties":{"VALUE":4.0619998},"geometry":{"type":"Point","coordinates":[83.420833333333647,27.945833333333351]}},
{"type":"Feature","properties":{"VALUE":4.11800003},"geometry":{"type":"Point","coordinates":[83.429166666666987,27.945833333333351]}},
{"type":"Feature","properties":{"VALUE":4.13700008},"geometry":{"type":"Point","coordinates":[83.437500000000327,27.945833333333351]}},
{"type":"Feature","properties":{"VALUE":4.0170002},"geometry":{"type":"Point","coordinates":[83.287500000000207,27.9375]}},
{"type":"Feature","properties":{"VALUE":4.17799997},"geometry":{"type":"Point","coordinates":[83.295833333333547,27.9375]}},
{"type":"Feature","properties":{"VALUE":4.26000023},"geometry":{"type":"Point","coordinates":[83.304166666666887,27.9375]}},
{"type":"Feature","properties":{"VALUE":4.27299976},"geometry":{"type":"Point","coordinates":[83.312500000000227,27.9375]}},
{"type":"Feature","properties":{"VALUE":4.26100016},"geometry":{"type":"Point","coordinates":[83.320833333333567,27.9375]}},
{"type":"Feature","properties":{"VALUE":4.23000002},"geometry":{"type":"Point","coordinates":[83.329166666666907,27.9375]}},
{"type":"Feature","properties":{"VALUE":3.977},"geometry":{"type":"Point","coordinates":[83.337500000000247,27.9375]}},
{"type":"Feature","properties":{"VALUE":3.99300003},"geometry":{"type":"Point","coordinates":[83.404166666666967,27.9375]}},
{"type":"Feature","properties":{"VALUE":4.11499977},"geometry":{"type":"Point","coordinates":[83.412500000000307,27.9375]}},
{"type":"Feature","properties":{"VALUE":4.0250001},"geometry":{"type":"Point","coordinates":[83.420833333333647,27.9375]}},
{"type":"Feature","properties":{"VALUE":3.97399998},"geometry":{"type":"Point","coordinates":[83.437500000000327,27.9375]}},
{"type":"Feature","properties":{"VALUE":4.16900015},"geometry":{"type":"Point","coordinates":[83.287500000000207,27.929166666666685]}},
{"type":"Feature","properties":{"VALUE":4.15399981},"geometry":{"type":"Point","coordinates":[83.295833333333547,27.929166666666685]}},
{"type":"Feature","properties":{"VALUE":4.11800003},"geometry":{"type":"Point","coordinates":[83.304166666666887,27.929166666666685]}},
{"type":"Feature","properties":{"VALUE":4.13800001},"geometry":{"type":"Point","coordinates":[83.312500000000227,27.929166666666685]}},
{"type":"Feature","properties":{"VALUE":4.15999985},"geometry":{"type":"Point","coordinates":[83.320833333333567,27.929166666666685]}},
{"type":"Feature","properties":{"VALUE":4.2249999},"geometry":{"type":"Point","coordinates":[83.329166666666907,27.929166666666685]}},
{"type":"Feature","properties":{"VALUE":4.15899992},"geometry":{"type":"Point","coordinates":[83.337500000000247,27.929166666666685]}}
]
}
