{
"type": "FeatureCollection",
"name": "rivers_streams",
"crs": { "type": "name", "properties": { "name": "urn:ogc:def:crs:OGC:1.3:CRS84" } },
"features": [
{ "type": "Feature", "properties": { "HYRIV_ID": 40798105, "NEXT_DOWN": 40797554, "MAIN_RIV": 41067217, "LENGTH_KM": 1.39, "DIST_DN_KM": 1373.0, "DIST_UP_KM": 3.3, "CATCH_SKM": 4.9299998, "UPLAND_SKM": 4.9, "ENDORHEIC": 0, "DIS_AV_CMS": 0.197, "ORD_STRA": 1, "ORD_CLAS": 6, "ORD_FLOW": 7, "HYBAS_L12": 4121464510.0, "Shape_Length": 0.013005501431567071 }, "geometry": { "type": "MultiLineString", "coordinates": [ [ [ 83.331249999999642, 27.87563805079207 ], [ 83.331249999999642, 27.877083333332898 ] ] ] } },
{ "type": "Feature", "properties": { "HYRIV_ID": 40797824, "NEXT_DOWN": 40797555, "MAIN_RIV": 41067217, "LENGTH_KM": 0.69, "DIST_DN_KM": 1373.4, "DIST_UP_KM": 2.7, "CATCH_SKM": 4.37, "UPLAND_SKM": 4.4, "ENDORHEIC": 0, "DIS_AV_CMS": 0.177, "ORD_STRA": 1, "ORD_CLAS": 6, "ORD_FLOW": 7, "HYBAS_L12": 4121464510.0, "Shape_Length": 0.0062500000000227374 }, "geometry": { "type": "MultiLineString", "coordinates": [ [ [ 83.335416666666305, 27.876193260673563 ], [ 83.335416666666305, 27.877083333332898 ] ] ] } },
{ "type": "Feature", "properties": { "HYRIV_ID": 40797555, "NEXT_DOWN": 40797554, "MAIN_RIV": 41067217, "LENGTH_KM": 0.41, "DIST_DN_KM": 1372.9, "DIST_UP_KM": 5.1, "CATCH_SKM": 0.95, "UPLAND_SKM": 14.8, "ENDORHEIC": 0, "DIS_AV_CMS": 0.61299998, "ORD_STRA": 2, "ORD_CLAS": 5, "ORD_FLOW": 7, "HYBAS_L12": 4121464510.0, "Shape_Length": 0.0041666666666628771 }, "geometry": { "type": "MultiLineString", "coordinates": [ [ [ 83.335416666666305, 27.877083333332898 ], [ 83.331249999999642, 27.877083333332898 ] ] ] } },
{ "type": "Feature", "properties": { "HYRIV_ID": 40797556, "NEXT_DOWN": 40797555, "MAIN_RIV": 41067217, "LENGTH_KM": 2.6700001, "DIST_DN_KM": 1373.4, "DIST_UP_KM": 4.7, "CATCH_SKM": 9.4899998, "UPLAND_SKM": 9.5, "ENDORHEIC": 0, "DIS_AV_CMS": 0.39700001, "ORD_STRA": 1, "ORD_CLAS": 5, "ORD_FLOW": 7, "HYBAS_L12": 4121464510.0, "Shape_Length": 0.026368446353063318 }, "geometry": { "type": "MultiLineString", "coordinates": [ [ [ 83.358333333332922, 27.88541666666621 ], [ 83.352083333332899, 27.88541666666621 ], [ 83.34791666666635, 27.881249999999561 ], [ 83.343749999999687, 27.881249999999561 ], [ 83.339583333332968, 27.877083333332898 ], [ 83.335416666666305, 27.877083333332898 ] ] ] } },
{ "type": "Feature", "properties": { "HYRIV_ID": 40797554, "NEXT_DOWN": 40796974, "MAIN_RIV": 41067217, "LENGTH_KM": 2.06, "DIST_DN_KM": 1371.1, "DIST_UP_KM": 7.0, "CATCH_SKM": 3.4200001, "UPLAND_SKM": 23.1, "ENDORHEIC": 0, "DIS_AV_CMS": 0.94700003, "ORD_STRA": 2, "ORD_CLAS": 5, "ORD_FLOW": 7, "HYBAS_L12": 4121464510.0, "Shape_Length": 0.020118446353120975 }, "geometry": { "type": "MultiLineString", "coordinates": [ [ [ 83.331249999999642, 27.877083333332898 ], [ 83.322916666666316, 27.877083333332898 ], [ 83.314583333332934, 27.88541666666621 ] ] ] } },
{ "type": "Feature", "properties": { "HYRIV_ID": 40797278, "NEXT_DOWN": 40796974, "MAIN_RIV": 41067217, "LENGTH_KM": 0.93, "DIST_DN_KM": 1371.1, "DIST_UP_KM": 2.9, "CATCH_SKM": 3.23, "UPLAND_SKM": 3.2, "ENDORHEIC": 0, "DIS_AV_CMS": 0.129, "ORD_STRA": 1, "ORD_CLAS": 7, "ORD_FLOW": 7, "HYBAS_L12": 4121464510.0, "Shape_Length": 0.0088388347648338528 }, "geometry": { "type": "MultiLineString", "coordinates": [ [ [ 83.308333333332911, 27.879166666666229 ], [ 83.314583333332934, 27.88541666666621 ] ] ] } },
{ "type": "Feature", "properties": { "HYRIV_ID": 40796975, "NEXT_DOWN": 40796974, "MAIN_RIV": 41067217, "LENGTH_KM": 1.43, "DIST_DN_KM": 1370.9, "DIST_UP_KM": 4.2, "CATCH_SKM": 4.5500002, "UPLAND_SKM": 4.6, "ENDORHEIC": 0, "DIS_AV_CMS": 0.189, "ORD_STRA": 1, "ORD_CLAS": 6, "ORD_FLOW": 7, "HYBAS_L12": 4121464510.0, "Shape_Length": 0.014583333333291648 }, "geometry": { "type": "MultiLineString", "coordinates": [ [ [ 83.329166666666225, 27.88541666666621 ], [ 83.314583333332934, 27.88541666666621 ] ] ] } },
{ "type": "Feature", "properties": { "HYRIV_ID": 40796974, "NEXT_DOWN": 40796711, "MAIN_RIV": 41067217, "LENGTH_KM": 0.62, "DIST_DN_KM": 1370.5, "DIST_UP_KM": 7.6, "CATCH_SKM": 0.38, "UPLAND_SKM": 31.3, "ENDORHEIC": 0, "DIS_AV_CMS": 1.28, "ORD_STRA": 2, "ORD_CLAS": 5, "ORD_FLOW": 6, "HYBAS_L12": 4121464510.0, "Shape_Length": 0.0058925565098825365 }, "geometry": { "type": "MultiLineString", "coordinates": [ [ [ 83.314583333332934, 27.88541666666621 ], [ 83.310416666666271, 27.889583333332872 ] ] ] } },
{ "type": "Feature", "properties": { "HYRIV_ID": 40797557, "NEXT_DOWN": 40796458, "MAIN_RIV": 41067217, "LENGTH_KM": 2.73, "DIST_DN_KM": 1356.0, "DIST_UP_KM": 5.5, "CATCH_SKM": 9.4899998, "UPLAND_SKM": 18.0, "ENDORHEIC": 0, "DIS_AV_CMS": 0.77200001, "ORD_STRA": 2, "ORD_CLAS": 5, "ORD_FLOW": 7, "HYBAS_L12": 4120831730.0, "Shape_Length": 0.02601100286299346 }, "geometry": { "type": "MultiLineString", "coordinates": [ [ [ 83.430164744103209, 27.88650192256263 ], [ 83.422916666666282, 27.893749999999578 ], [ 83.418749999999619, 27.893749999999578 ] ] ] } },
{ "type": "Feature", "properties": { "HYRIV_ID": 40796976, "NEXT_DOWN": 40796458, "MAIN_RIV": 41067217, "LENGTH_KM": 1.16, "DIST_DN_KM": 1356.0, "DIST_UP_KM": 3.1, "CATCH_SKM": 4.1700001, "UPLAND_SKM": 4.2, "ENDORHEIC": 0, "DIS_AV_CMS": 0.177, "ORD_STRA": 1, "ORD_CLAS": 6, "ORD_FLOW": 7, "HYBAS_L12": 4120831730.0, "Shape_Length": 0.010416666666685614 }, "geometry": { "type": "MultiLineString", "coordinates": [ [ [ 83.418749999999619, 27.885235752344485 ], [ 83.418749999999619, 27.893749999999578 ] ] ] } },
{ "type": "Feature", "properties": { "HYRIV_ID": 40796712, "NEXT_DOWN": 40795915, "MAIN_RIV": 41067217, "LENGTH_KM": 2.72, "DIST_DN_KM": 1354.5, "DIST_UP_KM": 4.8, "CATCH_SKM": 10.06, "UPLAND_SKM": 10.1, "ENDORHEIC": 0, "DIS_AV_CMS": 0.427, "ORD_STRA": 1, "ORD_CLAS": 6, "ORD_FLOW": 7, "HYBAS_L12": 4120831730.0, "Shape_Length": 0.026368446353072655 }, "geometry": { "type": "MultiLineString", "coordinates": [ [ [ 83.391666666666282, 27.889583333332872 ], [ 83.397916666666248, 27.889583333332872 ], [ 83.402083333332911, 27.893749999999578 ], [ 83.402083333332911, 27.897916666666227 ], [ 83.406249999999574, 27.902083333332889 ], [ 83.410416666666237, 27.902083333332889 ] ] ] } },
{ "type": "Feature", "properties": { "HYRIV_ID": 40796710, "NEXT_DOWN": 40796711, "MAIN_RIV": 41067217, "LENGTH_KM": 1.43, "DIST_DN_KM": 1370.3, "DIST_UP_KM": 3.3, "CATCH_SKM": 6.0700002, "UPLAND_SKM": 6.1, "ENDORHEIC": 0, "DIS_AV_CMS": 0.24600001, "ORD_STRA": 1, "ORD_CLAS": 6, "ORD_FLOW": 7, "HYBAS_L12": 4121464510.0, "Shape_Length": 0.014583333333234805 }, "geometry": { "type": "MultiLineString", "coordinates": [ [ [ 83.295833333333036, 27.889583333332872 ], [ 83.310416666666271, 27.889583333332872 ] ] ] } },
{ "type": "Feature", "properties": { "HYRIV_ID": 40797277, "NEXT_DOWN": 40794517, "MAIN_RIV": 41067217, "LENGTH_KM": 5.56, "DIST_DN_KM": 1370.0, "DIST_UP_KM": 7.9, "CATCH_SKM": 22.77, "UPLAND_SKM": 22.8, "ENDORHEIC": 0, "DIS_AV_CMS": 0.90600002, "ORD_STRA": 1, "ORD_CLAS": 6, "ORD_FLOW": 7, "HYBAS_L12": 4121464510.0, "Shape_Length": 0.051516504294583473 }, "geometry": { "type": "MultiLineString", "coordinates": [ [ [ 83.267677203811772, 27.882322796187449 ], [ 83.256249999999596, 27.893749999999578 ], [ 83.256249999999596, 27.902083333332889 ], [ 83.252083333332877, 27.906249999999552 ], [ 83.252083333332877, 27.922916666666232 ] ] ] } },
{ "type": "Feature", "properties": { "HYRIV_ID": 40796711, "NEXT_DOWN": 40794518, "MAIN_RIV": 41067217, "LENGTH_KM": 5.04, "DIST_DN_KM": 1365.2, "DIST_UP_KM": 12.8, "CATCH_SKM": 14.23, "UPLAND_SKM": 51.599998, "ENDORHEIC": 0, "DIS_AV_CMS": 2.11, "ORD_STRA": 2, "ORD_CLAS": 5, "ORD_FLOW": 6, "HYBAS_L12": 4121464510.0, "Shape_Length": 0.046844336196334546 }, "geometry": { "type": "MultiLineString", "coordinates": [ [ [ 83.310416666666271, 27.889583333332872 ], [ 83.310416666666271, 27.902083333332889 ], [ 83.306249999999608, 27.906249999999552 ], [ 83.302083333332945, 27.906249999999552 ], [ 83.293749999999619, 27.914583333332864 ], [ 83.293749999999619, 27.927083333332881 ] ] ] } },
{ "type": "Feature", "properties": { "HYRIV_ID": 40795056, "NEXT_DOWN": 40794780, "MAIN_RIV": 41067217, "LENGTH_KM": 0.93, "DIST_DN_KM": 1352.3, "DIST_UP_KM": 2.3, "CATCH_SKM": 3.04, "UPLAND_SKM": 3.0, "ENDORHEIC": 0, "DIS_AV_CMS": 0.132, "ORD_STRA": 1, "ORD_CLAS": 6, "ORD_FLOW": 7, "HYBAS_L12": 4120831730.0, "Shape_Length": 0.0088388347648037068 }, "geometry": { "type": "MultiLineString", "coordinates": [ [ [ 83.391666666666282, 27.912499999999575 ], [ 83.397916666666248, 27.918749999999569 ] ] ] } },
{ "type": "Feature", "properties": { "HYRIV_ID": 40794778, "NEXT_DOWN": 40794517, "MAIN_RIV": 41067217, "LENGTH_KM": 3.07, "DIST_DN_KM": 1369.9, "DIST_UP_KM": 11.7, "CATCH_SKM": 4.7399998, "UPLAND_SKM": 46.700001, "ENDORHEIC": 0, "DIS_AV_CMS": 1.818, "ORD_STRA": 2, "ORD_CLAS": 5, "ORD_FLOW": 6, "HYBAS_L12": 4121464510.0, "Shape_Length": 0.030892556509779411 }, "geometry": { "type": "MultiLineString", "coordinates": [ [ [ 83.228855956263402, 27.922916666666232 ], [ 83.252083333332877, 27.922916666666232 ] ] ] } },
{ "type": "Feature", "properties": { "HYRIV_ID": 40794779, "NEXT_DOWN": 40793987, "MAIN_RIV": 41067217, "LENGTH_KM": 2.34, "DIST_DN_KM": 1359.5, "DIST_UP_KM": 3.8, "CATCH_SKM": 9.29, "UPLAND_SKM": 9.3, "ENDORHEIC": 0, "DIS_AV_CMS": 0.403, "ORD_STRA": 1, "ORD_CLAS": 5, "ORD_FLOW": 7, "HYBAS_L12": 4120831730.0, "Shape_Length": 0.02220177968633183 }, "geometry": { "type": "MultiLineString", "coordinates": [ [ [ 83.360416666666225, 27.916666666666238 ], [ 83.360416666666225, 27.922916666666232 ], [ 83.356249999999562, 27.927083333332881 ], [ 83.352083333332899, 27.927083333332881 ], [ 83.34791666666635, 27.931249999999544 ] ] ] } },
{ "type": "Feature", "properties": { "HYRIV_ID": 40796458, "NEXT_DOWN": 40795915, "MAIN_RIV": 41067217, "LENGTH_KM": 1.49, "DIST_DN_KM": 1354.5, "DIST_UP_KM": 7.0, "CATCH_SKM": 4.5500002, "UPLAND_SKM": 26.8, "ENDORHEIC": 0, "DIS_AV_CMS": 1.148, "ORD_STRA": 2, "ORD_CLAS": 5, "ORD_FLOW": 6, "HYBAS_L12": 4120831730.0, "Shape_Length": 0.014225889843238436 }, "geometry": { "type": "MultiLineString", "coordinates": [ [ [ 83.418749999999619, 27.893749999999578 ], [ 83.414583333332899, 27.897916666666227 ], [ 83.414583333332899, 27.902083333332889 ], [ 83.410416666666237, 27.902083333332889 ] ] ] } },
{ "type": "Feature", "properties": { "HYRIV_ID": 40796459, "NEXT_DOWN": 40795336, "MAIN_RIV": 41067217, "LENGTH_KM": 2.47, "DIST_DN_KM": 1343.0, "DIST_UP_KM": 3.9, "CATCH_SKM": 7.21, "UPLAND_SKM": 7.2, "ENDORHEIC": 0, "DIS_AV_CMS": 0.318, "ORD_STRA": 1, "ORD_CLAS": 5, "ORD_FLOW": 7, "HYBAS_L12": 4121464760.0, "Shape_Length": 0.02306472460810071 }, "geometry": { "type": "MultiLineString", "coordinates": [ [ [ 83.458827724242582, 27.892161057575837 ], [ 83.464583333332968, 27.897916666666227 ], [ 83.464583333332968, 27.902083333332889 ], [ 83.468749999999631, 27.906249999999552 ], [ 83.468749999999631, 27.910416666666244 ] ] ] } },
{ "type": "Feature", "properties": { "HYRIV_ID": 40796179, "NEXT_DOWN": 40795336, "MAIN_RIV": 41067217, "LENGTH_KM": 2.26, "DIST_DN_KM": 1343.2, "DIST_UP_KM": 5.6, "CATCH_SKM": 3.79, "UPLAND_SKM": 18.200001, "ENDORHEIC": 0, "DIS_AV_CMS": 0.80800003, "ORD_STRA": 2, "ORD_CLAS": 4, "ORD_FLOW": 7, "HYBAS_L12": 4121464760.0, "Shape_Length": 0.021844336196290389 }, "geometry": { "type": "MultiLineString", "coordinates": [ [ [ 83.476475427499565, 27.902691239166259 ], [ 83.468749999999631, 27.910416666666244 ] ] ] } },
{ "type": "Feature", "properties": { "HYRIV_ID": 40795915, "NEXT_DOWN": 40794780, "MAIN_RIV": 41067217, "LENGTH_KM": 2.32, "DIST_DN_KM": 1352.3, "DIST_UP_KM": 9.2, "CATCH_SKM": 3.98, "UPLAND_SKM": 40.8, "ENDORHEIC": 0, "DIS_AV_CMS": 1.749, "ORD_STRA": 2, "ORD_CLAS": 5, "ORD_FLOW": 6, "HYBAS_L12": 4120831730.0, "Shape_Length": 0.021844336196330583 }, "geometry": { "type": "MultiLineString", "coordinates": [ [ [ 83.410416666666237, 27.902083333332889 ], [ 83.410416666666237, 27.906249999999552 ], [ 83.397916666666248, 27.918749999999569 ] ] ] } },
{ "type": "Feature", "properties": { "HYRIV_ID": 40796461, "NEXT_DOWN": 40794241, "MAIN_RIV": 41067217, "LENGTH_KM": 4.48, "DIST_DN_KM": 1332.6, "DIST_UP_KM": 8.4, "CATCH_SKM": 11.95, "UPLAND_SKM": 22.4, "ENDORHEIC": 0, "DIS_AV_CMS": 1.017, "ORD_STRA": 2, "ORD_CLAS": 4, "ORD_FLOW": 6, "HYBAS_L12": 4121464760.0, "Shape_Length": 0.040951779686396891 }, "geometry": { "type": "MultiLineString", "coordinates": [ [ [ 83.535416666666237, 27.919836932235874 ], [ 83.535416666666237, 27.922916666666232 ], [ 83.539583333332899, 27.927083333332881 ], [ 83.539583333332899, 27.931249999999544 ] ] ] } },
{ "type": "Feature", "properties": { "HYRIV_ID": 40795336, "NEXT_DOWN": 40794520, "MAIN_RIV": 41067217, "LENGTH_KM": 2.1600001, "DIST_DN_KM": 1340.9, "DIST_UP_KM": 8.0, "CATCH_SKM": 2.85, "UPLAND_SKM": 28.3, "ENDORHEIC": 0, "DIS_AV_CMS": 1.2539999, "ORD_STRA": 2, "ORD_CLAS": 4, "ORD_FLOW": 6, "HYBAS_L12": 4121464760.0, "Shape_Length": 0.020118446353104322 }, "geometry": { "type": "MultiLineString", "coordinates": [ [ [ 83.468749999999631, 27.910416666666244 ], [ 83.468749999999631, 27.914583333332864 ], [ 83.477083333333013, 27.922916666666232 ], [ 83.477083333333013, 27.927083333332881 ] ] ] } },
{ "type": "Feature", "properties": { "HYRIV_ID": 40794782, "NEXT_DOWN": 40793992, "MAIN_RIV": 41067217, "LENGTH_KM": 1.85, "DIST_DN_KM": 1326.2, "DIST_UP_KM": 3.3, "CATCH_SKM": 3.6, "UPLAND_SKM": 3.6, "ENDORHEIC": 0, "DIS_AV_CMS": 0.171, "ORD_STRA": 1, "ORD_CLAS": 4, "ORD_FLOW": 7, "HYBAS_L12": 4121464760.0, "Shape_Length": 0.017172168098195641 }, "geometry": { "type": "MultiLineString", "coordinates": [ [ [ 83.585416666666305, 27.930001221054926 ], [ 83.585416666666305, 27.931249999999544 ] ] ] } },
{ "type": "Feature", "properties": { "HYRIV_ID": 40794519, "NEXT_DOWN": 40794240, "MAIN_RIV": 41067217, "LENGTH_KM": 1.39, "DIST_DN_KM": 1343.9, "DIST_UP_KM": 2.9, "CATCH_SKM": 3.04, "UPLAND_SKM": 3.0, "ENDORHEIC": 0, "DIS_AV_CMS": 0.13600001, "ORD_STRA": 1, "ORD_CLAS": 4, "ORD_FLOW": 7, "HYBAS_L12": 4121464760.0, "Shape_Length": 0.013005501431456536 }, "geometry": { "type": "MultiLineString", "coordinates": [ [ [ 83.458333333332945, 27.920833333332901 ], [ 83.452083333332979, 27.927083333332881 ], [ 83.452083333332979, 27.931249999999544 ] ] ] } },
{ "type": "Feature", "properties": { "HYRIV_ID": 40794780, "NEXT_DOWN": 40793988, "MAIN_RIV": 41067217, "LENGTH_KM": 2.32, "DIST_DN_KM": 1350.0, "DIST_UP_KM": 11.5, "CATCH_SKM": 4.9299998, "UPLAND_SKM": 48.8, "ENDORHEIC": 0, "DIS_AV_CMS": 2.0969999, "ORD_STRA": 2, "ORD_CLAS": 5, "ORD_FLOW": 6, "HYBAS_L12": 4120831730.0, "Shape_Length": 0.02184433619630044 }, "geometry": { "type": "MultiLineString", "coordinates": [ [ [ 83.397916666666248, 27.918749999999569 ], [ 83.397916666666248, 27.922916666666232 ], [ 83.393749999999585, 27.927083333332881 ], [ 83.402083333332911, 27.935416666666207 ] ] ] } },
{ "type": "Feature", "properties": { "HYRIV_ID": 40794241, "NEXT_DOWN": 40793744, "MAIN_RIV": 41067217, "LENGTH_KM": 3.08, "DIST_DN_KM": 1329.5, "DIST_UP_KM": 247.10001, "CATCH_SKM": 5.12, "UPLAND_SKM": 10211.0, "ENDORHEIC": 0, "DIS_AV_CMS": 434.008, "ORD_STRA": 6, "ORD_CLAS": 3, "ORD_FLOW": 4, "HYBAS_L12": 4121464760.0, "Shape_Length": 0.030177669529693082 }, "geometry": { "type": "MultiLineString", "coordinates": [ [ [ 83.539583333332899, 27.931249999999544 ], [ 83.543749999999619, 27.927083333332881 ], [ 83.547916666666225, 27.931249999999544 ], [ 83.556249999999608, 27.931249999999544 ], [ 83.560416666666271, 27.935416666666207 ], [ 83.564583333332934, 27.935416666666207 ] ] ] } },
{ "type": "Feature", "properties": { "HYRIV_ID": 40793992, "NEXT_DOWN": 40794521, "MAIN_RIV": 41067217, "LENGTH_KM": 1.23, "DIST_DN_KM": 1324.9, "DIST_UP_KM": 251.7, "CATCH_SKM": 1.9, "UPLAND_SKM": 10238.5, "ENDORHEIC": 0, "DIS_AV_CMS": 434.647, "ORD_STRA": 6, "ORD_CLAS": 3, "ORD_FLOW": 4, "HYBAS_L12": 4121464760.0, "Shape_Length": 0.012499999999988631 }, "geometry": { "type": "MultiLineString", "coordinates": [ [ [ 83.585416666666305, 27.931249999999544 ], [ 83.591207717085737, 27.931249999999544 ] ] ] } },
{ "type": "Feature", "properties": { "HYRIV_ID": 40794242, "NEXT_DOWN": 40793744, "MAIN_RIV": 41067217, "LENGTH_KM": 0.93, "DIS T_DN_KM": 1329.5, "DIST_UP_KM": 5.1, "CATCH_SKM": 0.38, "UPLAND_SKM": 9.5, "ENDORHEIC": 0, "DIS_AV_CMS": 0.44400001, "ORD_STRA": 2, "ORD_CLAS": 4, "ORD_FLOW": 7, "HYBAS_L12": 4121464760.0, "Shape_Length": 0.0083333333333257542 }, "geometry": { "type": "MultiLineString", "coordinates": [ [ [ 83.564583333332934, 27.929084964984657 ], [ 83.564583333332934, 27.935416666666207 ] ] ] } },
{ "type": "Feature", "properties": { "HYRIV_ID": 40794240, "NEXT_DOWN": 40794520, "MAIN_RIV": 41067217, "LENGTH_KM": 3.08, "DIST_DN_KM": 1340.8, "DIST_UP_KM": 235.8, "CATCH_SKM": 6.4499998, "UPLAND_SKM": 10125.3, "ENDORHEIC": 0, "DIS_AV_CMS": 431.90399, "ORD_STRA": 6, "ORD_CLAS": 3, "ORD_FLOW": 4, "HYBAS_L12": 4121464760.0, "Shape_Length": 0.030177669529693082 }, "geometry": { "type": "MultiLineString", "coordinates": [ [ [ 83.452083333332979, 27.931249999999544 ], [ 83.456249999999642, 27.935416666666207 ], [ 83.460416666666305, 27.935416666666207 ], [ 83.464583333332968, 27.931249999999544 ], [ 83.468749999999631, 27.931249999999544 ], [ 83.472916666666293, 27.927083333332881 ], [ 83.477083333333013, 27.927083333332881 ] ] ] } },
{ "type": "Feature", "properties": { "HYRIV_ID": 40794520, "NEXT_DOWN": 40793990, "MAIN_RIV": 41067217, "LENGTH_KM": 4.5700002, "DIST_DN_KM": 1336.5, "DIST_UP_KM": 240.2, "CATCH_SKM": 10.62, "UPLAND_SKM": 10164.1, "ENDORHEIC": 0, "DIS_AV_CMS": 432.814, "ORD_STRA": 6, "ORD_CLAS": 3, "ORD_FLOW": 4, "HYBAS_L12": 4121464760.0, "Shape_Length": 0.044403559372737739 }, "geometry": { "type": "MultiLineString", "coordinates": [ [ [ 83.477083333333013, 27.927083333332881 ], [ 83.481249999999562, 27.927083333332881 ], [ 83.485416666666225, 27.922916666666232 ], [ 83.489583333333002, 27.927083333332881 ], [ 83.502083333332877, 27.927083333332881 ], [ 83.506249999999596, 27.931249999999544 ], [ 83.506249999999596, 27.935416666666207 ], [ 83.510416666666259, 27.939583333332898 ] ] ] } },
{ "type": "Feature", "properties": { "HYRIV_ID": 40793989, "NEXT_DOWN": 40794240, "MAIN_RIV": 41067217, "LENGTH_KM": 1.03, "DIST_DN_KM": 1343.9, "DIST_UP_KM": 232.7, "CATCH_SKM": 3.04, "UPLAND_SKM": 10115.8, "ENDORHEIC": 0, "DIS_AV_CMS": 432.077, "ORD_STRA": 6, "ORD_CLAS": 3, "ORD_FLOW": 4, "HYBAS_L12": 4121464760.0, "Shape_Length": 0.010059223176585608 }, "geometry": { "type": "MultiLineString", "coordinates": [ [ [ 83.443749999999596, 27.935416666666207 ], [ 83.447916666666316, 27.931249999999544 ], [ 83.452083333332979, 27.931249999999544 ] ] ] } },
{ "type": "Feature", "properties": { "HYRIV_ID": 40793993, "NEXT_DOWN": 40794521, "MAIN_RIV": 41067217, "LENGTH_KM": 0.69, "DIST_DN_KM": 1325.0, "DIST_UP_KM": 2.6, "CATCH_SKM": 3.03, "UPLAND_SKM": 3.0, "ENDORHEIC": 0, "DIS_AV_CMS": 0.151, "ORD_STRA": 1, "ORD_CLAS": 4, "ORD_FLOW": 7, "HYBAS_L12": 4121464760.0, "Shape_Length": 0.0062499999999801048 }, "geometry": { "type": "MultiLineString", "coordinates": [ [ [ 83.597916666666293, 27.937499999999524 ], [ 83.597916666666293, 27.933520956638382 ] ] ] } },
{ "type": "Feature", "properties": { "HYRIV_ID": 40794517, "NEXT_DOWN": 40794239, "MAIN_RIV": 41067217, "LENGTH_KM": 3.49, "DIST_DN_KM": 1366.6, "DIST_UP_KM": 15.0, "CATCH_SKM": 5.31, "UPLAND_SKM": 74.699997, "ENDORHEIC": 0, "DIS_AV_CMS": 2.9400001, "ORD_STRA": 2, "ORD_CLAS": 5, "ORD_FLOW": 6, "HYBAS_L12": 4121464510.0, "Shape_Length": 0.03434433619632582 }, "geometry": { "type": "MultiLineString", "coordinates": [ [ [ 83.252083333332877, 27.922916666666232 ], [ 83.256249999999596, 27.922916666666232 ], [ 83.260416666666259, 27.927083333332881 ], [ 83.268749999999585, 27.927083333332881 ], [ 83.272916666666248, 27.922916666666232 ], [ 83.277083333332911, 27.922916666666232 ], [ 83.281249999999574, 27.927083333332881 ] ] ] } },
{ "type": "Feature", "properties": { "HYRIV_ID": 40794239, "NEXT_DOWN": 40794518, "MAIN_RIV": 41067217, "LENGTH_KM": 1.23, "DIST_DN_KM": 1365.2, "DIST_UP_KM": 37.599998, "CATCH_SKM": 2.28, "UPLAND_SKM": 418.0, "ENDORHEIC": 0, "DIS_AV_CMS": 17.648001, "ORD_STRA": 4, "ORD_CLAS": 4, "ORD_FLOW": 5, "HYBAS_L12": 4121464510.0, "Shape_Length": 0.012500000000045475 }, "geometry": { "type": "MultiLineString", "coordinates": [ [ [ 83.281249999999574, 27.927083333332881 ], [ 83.293749999999619, 27.927083333332881 ] ] ] } },
{ "type": "Feature", "properties": { "HYRIV_ID": 40794518, "NEXT_DOWN": 40793987, "MAIN_RIV": 41067217, "LENGTH_KM": 5.9499998, "DIST_DN_KM": 1359.5, "DIST_UP_KM": 43.3, "CATCH_SKM": 16.690001, "UPLAND_SKM": 486.29999, "ENDORHEIC": 0, "DIS_AV_CMS": 20.409, "ORD_STRA": 4, "ORD_CLAS": 4, "ORD_FLOW": 5, "HYBAS_L12": 4120831730.0, "Shape_Length": 0.059344336196336674 }, "geometry": { "type": "MultiLineString", "coordinates": [ [ [ 83.293749999999619, 27.927083333332881 ], [ 83.314583333332934, 27.927083333332881 ], [ 83.318749999999653, 27.922916666666232 ], [ 83.339583333332968, 27.922916666666232 ], [ 83.34791666666635, 27.931249999999544 ] ] ] } },
{ "type": "Feature", "properties": { "HYRIV_ID": 40794238, "NEXT_DOWN": 40794239, "MAIN_RIV": 41067217, "LENGTH_KM": 1.54, "DIST_DN_KM": 1366.5, "DIST_UP_KM": 36.3, "CATCH_SKM": 1.71, "UPLAND_SKM": 341.0, "ENDORHEIC": 0, "DIS_AV_CMS": 14.626, "ORD_STRA": 4, "ORD_CLAS": 4, "ORD_FLOW": 5, "HYBAS_L12": 4121464510.0, "Shape_Length": 0.014225889843228388 }, "geometry": { "type": "MultiLineString", "coordinates": [ [ [ 83.285416666666237, 27.939583333332898 ], [ 83.281249999999574, 27.935416666666207 ], [ 83.281249999999574, 27.927083333332881 ] ] ] } },
{ "type": "Feature", "properties": { "HYRIV_ID": 40793987, "NEXT_DOWN": 40792958, "MAIN_RIV": 41067217, "LENGTH_KM": 2.01, "DIST_DN_KM": 1357.3, "DIST_UP_KM": 45.5, "CATCH_SKM": 3.98, "UPLAND_SKM": 499.60001, "ENDORHEIC": 0, "DIS_AV_CMS": 20.966999, "ORD_STRA": 4, "ORD_CLAS": 4, "ORD_FLOW": 5, "HYBAS_L12": 4120831730.0, "Shape_Length": 0.018392556509891266 }, "geometry": { "type": "MultiLineString", "coordinates": [ [ [ 83.34791666666635, 27.931249999999544 ], [ 83.34791666666635, 27.935416666666207 ], [ 83.343749999999687, 27.939583333332898 ], [ 83.343749999999687, 27.947916666666224 ] ] ] } },
{ "type": "Feature", "properties": { "HYRIV_ID": 40793741, "NEXT_DOWN": 40793496, "MAIN_RIV": 41067217, "LENGTH_KM": 5.6, "DIST_DN_KM": 1372.0, "DIST_UP_KM": 30.8, "CATCH_SKM": 10.43, "UPLAND_SKM": 209.3, "ENDORHEIC": 0, "DIS_AV_CMS": 8.6440001, "ORD_STRA": 4, "ORD_CLAS": 4, "ORD_FLOW": 6, "HYBAS_L12": 4120831510.0, "Shape_Length": 0.054462782549496734 }, "geometry": { "type": "MultiLineString", "coordinates": [ [ [ 83.228006202474035, 27.938660464191752 ], [ 83.231249999999562, 27.935416666666207 ], [ 83.239583333333059, 27.935416666666207 ], [ 83.243749999999551, 27.939583333332898 ], [ 83.256249999999596, 27.939583333332898 ] ] ] } },
{ "type": "Feature", "properties": { "HYRIV_ID": 40793496, "NEXT_DOWN": 40794238, "MAIN_RIV": 41067217, "LENGTH_KM": 3.96, "DIST_DN_KM": 1368.0, "DIST_UP_KM": 34.700001, "CATCH_SKM": 5.5, "UPLAND_SKM": 221.60001, "ENDORHEIC": 0, "DIS_AV_CMS": 9.1540003, "ORD_STRA": 4, "ORD_CLAS": 4, "ORD_FLOW": 6, "HYBAS_L12": 4120831510.0, "Shape_Length": 0.038511002862961996 }, "geometry": { "type": "MultiLineString", "coordinates": [ [ [ 83.256249999999596, 27.939583333332898 ], [ 83.268749999999585, 27.939583333332898 ], [ 83.272916666666248, 27.943749999999561 ], [ 83.277083333332911, 27.943749999999561 ], [ 83.281249999999574, 27.947916666666224 ], [ 83.285416666666237, 27.943749999999561 ], [ 83.285416666666237, 27.939583333332898 ] ] ] } },
{ "type": "Feature", "properties": { "HYRIV_ID": 40793988, "NEXT_DOWN": 40793989, "MAIN_RIV": 41067217, "LENGTH_KM": 4.9299998, "DIST_DN_KM": 1344.9, "DIST_UP_KM": 57.8, "CATCH_SKM": 13.46, "UPLAND_SKM": 606.40002, "ENDORHEIC": 0, "DIS_AV_CMS": 25.573999, "ORD_STRA": 4, "ORD_CLAS": 4, "ORD_FLOW": 5, "HYBAS_L12": 4120831730.0, "Shape_Length": 0.048570226039604446 }, "geometry": { "type": "MultiLineString", "coordinates": [ [ [ 83.402083333332911, 27.935416666666207 ], [ 83.406249999999574, 27.935416666666207 ], [ 83.410416666666237, 27.931249999999544 ], [ 83.418749999999619, 27.931249999999544 ], [ 83.427083333332945, 27.939583333332898 ], [ 83.431249999999608, 27.939583333332898 ], [ 83.435416666666271, 27.935416666666207 ], [ 83.443749999999596, 27.935416666666207 ] ] ] } },
{ "type": "Feature", "properties": { "HYRIV_ID": 40793990, "NEXT_DOWN": 40794241, "MAIN_RIV": 41067217, "LENGTH_KM": 3.7, "DIST_DN_KM": 1332.8, "DIST_UP_KM": 243.89999, "CATCH_SKM": 13.85, "UPLAND_SKM": 10183.5, "ENDORHEIC": 0, "DIS_AV_CMS": 433.202, "ORD_STRA": 6, "ORD_CLAS": 3, "ORD_FLOW": 4, "HYBAS_L12": 4121464760.0, "Shape_Length": 0.036070226039538876 }, "geometry": { "type": "MultiLineString", "coordinates": [ [ [ 83.510416666666259, 27.939583333332898 ], [ 83.514583333332922, 27.939583333332898 ], [ 83.522916666666248, 27.931249999999544 ], [ 83.527083333332911, 27.931249999999544 ], [ 83.531249999999574, 27.935416666666207 ], [ 83.535416666666237, 27.935416666666207 ], [ 83.539583333332899, 27.931249999999544 ] ] ] } },
{ "type": "Feature", "properties": { "HYRIV_ID": 40793991, "NEXT_DOWN": 40793992, "MAIN_RIV": 41067217, "LENGTH_KM": 2.73, "DIST_DN_KM": 1326.2, "DIST_UP_KM": 250.5, "CATCH_SKM": 8.7200003, "UPLAND_SKM": 10233.0, "ENDORHEIC": 0, "DIS_AV_CMS": 434.612, "ORD_STRA": 6, "ORD_CLAS": 3, "ORD_FLOW": 4, "HYBAS_L12": 4121464760.0, "Shape_Length": 0.026011002863041977 }, "geometry": { "type": "MultiLineString", "coordinates": [ [ [ 83.568749999999596, 27.939583333332898 ], [ 83.572916666666259, 27.943749999999561 ], [ 83.577083333332922, 27.939583333332898 ], [ 83.577083333332922, 27.935416666666207 ], [ 83.581249999999642, 27.931249999999544 ], [ 83.585416666666305, 27.931249999999544 ] ] ] } },
{ "type": "Feature", "properties": { "HYRIV_ID": 40793744, "NEXT_DOWN": 40793991, "MAIN_RIV": 41067217, "LENGTH_KM": 0.62, "DIST_DN_KM": 1329.1, "DIST_UP_KM": 247.60001, "CATCH_SKM": 0.57, "UPLAND_SKM": 10221.0, "ENDORHEIC": 0, "DIS_AV_CMS": 434.40399, "ORD_STRA": 6, "ORD_CLAS": 3, "ORD_FLOW": 4, "HYBAS_L12": 4121464760.0, "Shape_Length": 0.0058925565099026333 }, "geometry": { "type": "MultiLineString", "coordinates": [ [ [ 83.564583333332934, 27.935416666666207 ], [ 83.568749999999596, 27.939583333332898 ] ] ] } },
{ "type": "Feature", "properties": { "HYRIV_ID": 40793743, "NEXT_DOWN": 40793989, "MAIN_RIV": 41067217, "LENGTH_KM": 0.93, "DIST_DN_KM": 1345.0, "DIST_UP_KM": 231.7, "CATCH_SKM": 0.95, "UPLAND_SKM": 9506.4004, "ENDORHEIC": 0, "DIS_AV_CMS": 406.56699, "ORD_STRA": 6, "ORD_CLAS": 3, "ORD_FLOW": 4, "HYBAS_L12": 4120831610.0, "Shape_Length": 0.0083333333333541759 }, "geometry": { "type": "MultiLineString", "coordinates": [ [ [ 83.443749999999596, 27.943749999999561 ], [ 83.443749999999596, 27.935416666666207 ] ] ] } },
{ "type": "Feature", "properties": { "HYRIV_ID": 40793498, "NEXT_DOWN": 40793990, "MAIN_RIV": 41067217, "LENGTH_KM": 1.02, "DIST_DN_KM": 1336.3, "DIST_UP_KM": 2.9, "CATCH_SKM": 5.5, "UPLAND_SKM": 5.5, "ENDORHEIC": 0, "DIS_AV_CMS": 0.262, "ORD_STRA": 1, "ORD_CLAS": 4, "ORD_FLOW": 7, "HYBAS_L12": 4121464760.0, "Shape_Length": 0.010416666666628771 }, "geometry": { "type": "MultiLineString", "coordinates": [ [ [ 83.499999999999631, 27.939583333332898 ], [ 83.510416666666259, 27.939583333332898 ] ] ] } },
{ "type": "Feature", "properties": { "HYRIV_ID": 40793742, "NEXT_DOWN": 40793988, "MAIN_RIV": 41067217, "LENGTH_KM": 1.7, "DIST_DN_KM": 1350.0, "DIST_UP_KM": 52.700001, "CATCH_SKM": 4.3600001, "UPLAND_SKM": 544.09998, "ENDORHEIC": 0, "DIS_AV_CMS": 22.927, "ORD_STRA": 4, "ORD_CLAS": 4, "ORD_FLOW": 5, "HYBAS_L12": 4120831730.0, "Shape_Length": 0.015951779686448047 }, "geometry": { "type": "MultiLineString", "coordinates": [ [ [ 83.393749999999585, 27.947916666666224 ], [ 83.393749999999585, 27.943749999999561 ], [ 83.402083333332911, 27.935416666666207 ] ] ] } },
{ "type": "Feature", "properties": { "HYRIV_ID": 40793499, "NEXT_DOWN": 40793991, "MAIN_RIV": 41067217, "LENGTH_KM": 0.93, "DIST_DN_KM": 1329.1, "DIST_UP_KM": 2.3, "CATCH_SKM": 3.22, "UPLAND_SKM": 3.2, "ENDORHEIC": 0, "DIS_AV_CMS": 0.159, "ORD_STRA": 1, "ORD_CLAS": 4, "ORD_FLOW": 7, "HYBAS_L12": 4121464760.0, "Shape_Length": 0.008838834764843902 }, "geometry": { "type": "MultiLineString", "coordinates": [ [ [ 83.562499999999574, 27.945833333332892 ], [ 83.568749999999596, 27.939583333332898 ] ] ] } },
{ "type": "Feature", "properties": { "HYRIV_ID": 40793236, "NEXT_DOWN": 40793743, "MAIN_RIV": 41067217, "LENGTH_KM": 2.9400001, "DIST_DN_KM": 1345.9, "DIST_UP_KM": 7.5, "CATCH_SKM": 4.5500002, "UPLAND_SKM": 19.700001, "ENDORHEIC": 0, "DIS_AV_CMS": 0.94099998, "ORD_STRA": 2, "ORD_CLAS": 4, "ORD_FLOW": 7, "HYBAS_L12": 4120831610.0, "Shape_Length": 0.027736892706203071 }, "geometry": { "type": "MultiLineString", "coordinates": [ [ [ 83.427083333332945, 27.964583333332889 ], [ 83.443749999999596, 27.947916666666224 ], [ 83.443749999999596, 27.943749999999561 ] ] ] } },
{ "type": "Feature", "properties": { "HYRIV_ID": 40793237, "NEXT_DOWN": 40793743, "MAIN_RIV": 41067217, "LENGTH_KM": 4.37, "DIST_DN_KM": 1346.1, "DIST_UP_KM": 230.60001, "CATCH_SKM": 12.51, "UPLAND_SKM": 9485.7002, "ENDORHEIC": 0, "DIS_AV_CMS": 405.772, "ORD_STRA": 6, "ORD_CLAS": 3, "ORD_FLOW": 4, "HYBAS_L12": 4120831610.0, "Shape_Length": 0.041962782549464041 }, "geometry": { "type": "MultiLineString", "coordinates": [ [ [ 83.472916666666293, 27.968749999999552 ], [ 83.464583333332968, 27.960416666666241 ], [ 83.464583333332968, 27.956249999999535 ], [ 83.460416666666305, 27.952083333332872 ], [ 83.456249999999642, 27.952083333332872 ], [ 83.452083333332979, 27.947916666666224 ], [ 83.447916666666316, 27.947916666666224 ], [ 83.443749999999596, 27.943749999999561 ] ] ] } },
{ "type": "Feature", "properties": { "HYRIV_ID": 40792957, "NEXT_DOWN": 40792958, "MAIN_RIV": 41067217, "LENGTH_KM": 0.61, "DIST_DN_KM": 1357.3, "DIST_UP_KM": 2.6, "CATCH_SKM": 3.98, "UPLAND_SKM": 4.0, "ENDORHEIC": 0, "DIS_AV_CMS": 0.176, "ORD_STRA": 1, "ORD_CLAS": 5, "ORD_FLOW": 7, "HYBAS_L12": 4120831730.0, "Shape_Length": 0.0062500000001364242 }, "geometry": { "type": "MultiLineString", "coordinates": [ [ [ 83.337499999999551, 27.947916666666224 ], [ 83.343749999999687, 27.947916666666224 ] ] ] } },
{ "type": "Feature", "properties": { "HYRIV_ID": 40793495, "NEXT_DOWN": 40793496, "MAIN_RIV": 41067217, "LENGTH_KM": 2.08, "DIST_DN_KM": 1372.0, "DIST_UP_KM": 3.7, "CATCH_SKM": 6.83, "UPLAND_SKM": 6.8, "ENDORHEIC": 0, "DIS_AV_CMS": 0.29300001, "ORD_STRA": 1, "ORD_CLAS": 5, "ORD_FLOW": 7, "HYBAS_L12": 4120831510.0, "Shape_Length": 0.018750000000011369 }, "geometry": { "type": "MultiLineString", "coordinates": [ [ [ 83.256249999999596, 27.958333333332909 ], [ 83.256249999999596, 27.939583333332898 ] ] ] } },
{ "type": "Feature", "properties": { "HYRIV_ID": 40792958, "NEXT_DOWN": 40792694, "MAIN_RIV": 41067217, "LENGTH_KM": 1.03, "DIST_DN_KM": 1356.2, "DIST_UP_KM": 46.5, "CATCH_SKM": 1.52, "UPLAND_SKM": 505.10001, "ENDORHEIC": 0, "DIS_AV_CMS": 21.200001, "ORD_STRA": 4, "ORD_CLAS": 4, "ORD_FLOW": 5, "HYBAS_L12": 4120831730.0, "Shape_Length": 0.010059223176421678 }, "geometry": { "type": "MultiLineString", "coordinates": [ [ [ 83.343749999999687, 27.947916666666224 ], [ 83.34791666666635, 27.952083333332872 ], [ 83.352083333332899, 27.952083333332872 ] ] ] } },
{ "type": "Feature", "properties": { "HYRIV_ID": 40792959, "NEXT_DOWN": 40793742, "MAIN_RIV": 41067217, "LENGTH_KM": 2.46, "DIST_DN_KM": 1351.5, "DIST_UP_KM": 51.200001, "CATCH_SKM": 4.3600001, "UPLAND_SKM": 533.90002, "ENDORHEIC": 0, "DIS_AV_CMS": 22.469999, "ORD_STRA": 4, "ORD_CLAS": 4, "ORD_FLOW": 5, "HYBAS_L12": 4120831730.0, "Shape_Length": 0.024285113019629968 }, "geometry": { "type": "MultiLineString", "coordinates": [ [ [ 83.372916666666384, 27.956249999999535 ], [ 83.381249999999596, 27.956249999999535 ], [ 83.389583333332922, 27.947916666666224 ], [ 83.393749999999585, 27.947916666666224 ] ] ] } },
{ "type": "Feature", "properties": { "HYRIV_ID": 40793497, "NEXT_DOWN": 40794238, "MAIN_RIV": 41067217, "LENGTH_KM": 3.6500001, "DIST_DN_KM": 1368.2, "DIST_UP_KM": 19.4, "CATCH_SKM": 9.4799995, "UPLAND_SKM": 117.7, "ENDORHEIC": 0, "DIS_AV_CMS": 5.4099998, "ORD_STRA": 3, "ORD_CLAS": 5, "ORD_FLOW": 6, "HYBAS_L12": 4120831520.0, "Shape_Length": 0.03434433619635352 }, "geometry": { "type": "MultiLineString", "coordinates": [ [ [ 83.302083333332945, 27.964583333332889 ], [ 83.302083333332945, 27.956249999999535 ], [ 83.297916666666282, 27.952083333332872 ], [ 83.293749999999619, 27.952083333332872 ], [ 83.293749999999619, 27.947916666666224 ], [ 83.285416666666237, 27.939583333332898 ] ] ] } },
{ "type": "Feature", "properties": { "HYRIV_ID": 40792693, "NEXT_DOWN": 40792694, "MAIN_RIV": 41067217, "LENGTH_KM": 0.46, "DIST_DN_KM": 1356.3, "DIST_UP_KM": 4.3, "CATCH_SKM": 0.57, "UPLAND_SKM": 12.1, "ENDORHEIC": 0, "DIS_AV_CMS": 0.55800003, "ORD_STRA": 2, "ORD_CLAS": 5, "ORD_FLOW": 7, "HYBAS_L12": 4120831730.0, "Shape_Length": 0.0041666666666628771 }, "geometry": { "type": "MultiLineString", "coordinates": [ [ [ 83.352083333332899, 27.956249999999535 ], [ 83.352083333332899, 27.952083333332872 ] ] ] } },
{ "type": "Feature", "properties": { "HYRIV_ID": 40792694, "NEXT_DOWN": 40792959, "MAIN_RIV": 41067217, "LENGTH_KM": 2.25, "DIST_DN_KM": 1354.0, "DIST_UP_KM": 48.8, "CATCH_SKM": 6.2600002, "UPLAND_SKM": 523.5, "ENDORHEIC": 0, "DIS_AV_CMS": 22.013, "ORD_STRA": 4, "ORD_CLAS": 4, "ORD_FLOW": 5, "HYBAS_L12": 4120831730.0, "Shape_Length": 0.022559223176737874 }, "geometry": { "type": "MultiLineString", "coordinates": [ [ [ 83.352083333332899, 27.952083333332872 ], [ 83.364583333333002, 27.952083333332872 ], [ 83.368749999999551, 27.956249999999535 ], [ 83.372916666666384, 27.956249999999535 ] ] ] } },
{ "type": "Feature", "properties": { "HYRIV_ID": 40792414, "NEXT_DOWN": 40792693, "MAIN_RIV": 41067217, "LENGTH_KM": 1.64, "DIST_DN_KM": 1356.9, "DIST_UP_KM": 3.4, "CATCH_SKM": 4.9299998, "UPLAND_SKM": 4.9, "ENDORHEIC": 0, "DIS_AV_CMS": 0.22400001, "ORD_STRA": 1, "ORD_CLAS": 6, "ORD_FLOW": 7, "HYBAS_L12": 4120831730.0, "Shape_Length": 0.016309223176631596 }, "geometry": { "type": "MultiLineString", "coordinates": [ [ [ 83.337499999999551, 27.960416666666241 ], [ 83.34791666666635, 27.960416666666241 ], [ 83.352083333332899, 27.956249999999535 ] ] ] } },
{ "type": "Feature", "properties": { "HYRIV_ID": 40792961, "NEXT_DOWN": 40791920, "MAIN_RIV": 41067217, "LENGTH_KM": 6.0500002, "DIST_DN_KM": 1367.3, "DIST_UP_KM": 59.599998, "CATCH_SKM": 15.17, "UPLAND_SKM": 464.79999, "ENDORHEIC": 0, "DIS_AV_CMS": 29.266001, "ORD_STRA": 4, "ORD_CLAS": 4, "ORD_FLOW": 5, "HYBAS_L12": 4120830500.0, "Shape_Length": 0.059344336196211211 }, "geometry": { "type": "MultiLineString", "coordinates": [ [ [ 83.625164956571851, 27.952083333332872 ], [ 83.614583333332888, 27.952083333332872 ], [ 83.610416666666339, 27.956249999999535 ], [ 83.610416666666339, 27.964583333332889 ] ] ] } },
{ "type": "Feature", "properties": { "HYRIV_ID": 40791921, "NEXT_DOWN": 40791920, "MAIN_RIV": 41067217, "LENGTH_KM": 0.93, "DIST_DN_KM": 1367.4, "DIST_UP_KM": 2.1, "CATCH_SKM": 2.46, "UPLAND_SKM": 2.5, "ENDORHEIC": 0, "DIS_AV_CMS": 0.13, "ORD_STRA": 1, "ORD_CLAS": 5, "ORD_FLOW": 7, "HYBAS_L12": 4120830500.0, "Shape_Length": 0.0088388347647635132 }, "geometry": { "type": "MultiLineString", "coordinates": [ [ [ 83.616666666666248, 27.970833333332884 ], [ 83.610416666666339, 27.964583333332889 ] ] ] } },
{ "type": "Feature", "properties": { "HYRIV_ID": 40792954, "NEXT_DOWN": 40792955, "MAIN_RIV": 41067217, "LENGTH_KM": 2.32, "DIST_DN_KM": 1378.0, "DIST_UP_KM": 17.3, "CATCH_SKM": 4.3600001, "UPLAND_SKM": 74.099998, "ENDORHEIC": 0, "DIS_AV_CMS": 3.211, "ORD_STRA": 3, "ORD_CLAS": 5, "ORD_FLOW": 6, "HYBAS_L12": 4120831510.0, "Shape_Length": 0.020833333333328596 }, "geometry": { "type": "MultiLineString", "coordinates": [ [ [ 83.210416666666305, 27.968749999999552 ], [ 83.210416666666305, 27.961565542717146 ] ] ] } },
{ "type": "Feature", "properties": { "HYRIV_ID": 40792960, "NEXT_DOWN": 40793742, "MAIN_RIV": 41067217, "LENGTH_KM": 3.01, "DIST_DN_KM": 1351.7, "DIST_UP_KM": 5.0, "CATCH_SKM": 5.8800001, "UPLAND_SKM": 5.9, "ENDORHEIC": 0, "DIS_AV_CMS": 0.276, "ORD_STRA": 1, "ORD_CLAS": 5, "ORD_FLOW": 7, "HYBAS_L12": 4120831730.0, "Shape_Length": 0.028094336196314851 }, "geometry": { "type": "MultiLineString", "coordinates": [ [ [ 83.389583333332922, 27.970833333332884 ], [ 83.389583333332922, 27.964583333332889 ], [ 83.397916666666248, 27.956249999999535 ], [ 83.397916666666248, 27.952083333332872 ], [ 83.393749999999585, 27.947916666666224 ] ] ] } },
{ "type": "Feature", "properties": { "HYRIV_ID": 40792415, "NEXT_DOWN": 40792693, "MAIN_RIV": 41067217, "LENGTH_KM": 1.62, "DIST_DN_KM": 1356.7, "DIST_UP_KM": 3.9, "CATCH_SKM": 6.6300001, "UPLAND_SKM": 6.6, "ENDORHEIC": 0, "DIS_AV_CMS": 0.308, "ORD_STRA": 1, "ORD_CLAS": 5, "ORD_FLOW": 7, "HYBAS_L12": 4120831730.0, "Shape_Length": 0.014583333333348492 }, "geometry": { "type": "MultiLineString", "coordinates": [ [ [ 83.352083333332899, 27.970833333332884 ], [ 83.352083333332899, 27.956249999999535 ] ] ] } },
{ "type": "Feature", "properties": { "HYRIV_ID": 40791916, "NEXT_DOWN": 40793497, "MAIN_RIV": 41067217, "LENGTH_KM": 1.4400001, "DIST_DN_KM": 1371.8, "DIST_UP_KM": 15.7, "CATCH_SKM": 1.9, "UPLAND_SKM": 73.099998, "ENDORHEIC": 0, "DIS_AV_CMS": 3.3659999, "ORD_STRA": 3, "ORD_CLAS": 5, "ORD_FLOW": 6, "HYBAS_L12": 4120831520.0, "Shape_Length": 0.014225889843265133 }, "geometry": { "type": "MultiLineString", "coordinates": [ [ [ 83.289583333332899, 27.968749999999552 ], [ 83.297916666666282, 27.968749999999552 ], [ 83.302083333332945, 27.964583333332889 ] ] ] } },
{ "type": "Feature", "properties": { "HYRIV_ID": 40792416, "NEXT_DOWN": 40792959, "MAIN_RIV": 41067217, "LENGTH_KM": 2.9400001, "DIST_DN_KM": 1354.0, "DIST_UP_KM": 4.7, "CATCH_SKM": 6.0700002, "UPLAND_SKM": 6.1, "ENDORHEIC": 0, "DIS_AV_CMS": 0.285, "ORD_STRA": 1, "ORD_CLAS": 5, "ORD_FLOW": 7, "HYBAS_L12": 4120831730.0, "Shape_Length": 0.0272313912746832 }, "geometry": { "type": "MultiLineString", "coordinates": [ [ [ 83.383333333332956, 27.979166666666238 ], [ 83.377083333332877, 27.972916666666215 ], [ 83.377083333332877, 27.968749999999552 ], [ 83.372916666666384, 27.964583333332889 ], [ 83.372916666666384, 27.956249999999535 ] ] ] } },
{ "type": "Feature", "properties": { "HYRIV_ID": 40791646, "NEXT_DOWN": 40792954, "MAIN_RIV": 41067217, "LENGTH_KM": 1.02, "DIST_DN_KM": 1380.3, "DIST_UP_KM": 2.7, "CATCH_SKM": 4.1700001, "UPLAND_SKM": 4.2, "ENDORHEIC": 0, "DIS_AV_CMS": 0.17900001, "ORD_STRA": 1, "ORD_CLAS": 6, "ORD_FLOW": 7, "HYBAS_L12": 4120831510.0, "Shape_Length": 0.010416666666628771 }, "geometry": { "type": "MultiLineString", "coordinates": [ [ [ 83.220833333332934, 27.968749999999552 ], [ 83.210416666666305, 27.968749999999552 ] ] ] } },
{ "type": "Feature", "properties": { "HYRIV_ID": 40791648, "NEXT_DOWN": 40791916, "MAIN_RIV": 41067217, "LENGTH_KM": 0.69, "DIST_DN_KM": 1373.1, "DIST_UP_KM": 3.1, "CATCH_SKM": 3.79, "UPLAND_SKM": 3.8, "ENDORHEIC": 0, "DIS_AV_CMS": 0.171, "ORD_STRA": 1, "ORD_CLAS": 6, "ORD_FLOW": 7, "HYBAS_L12": 4120831520.0, "Shape_Length": 0.0062499999999943157 }, "geometry": { "type": "MultiLineString", "coordinates": [ [ [ 83.289583333332899, 27.974999999999547 ], [ 83.289583333332899, 27.968749999999552 ] ] ] } },
{ "type": "Feature", "properties": { "HYRIV_ID": 40791645, "NEXT_DOWN": 40792954, "MAIN_RIV": 41067217, "LENGTH_KM": 1.54, "DIST_DN_KM": 1380.3, "DIST_UP_KM": 15.0, "CATCH_SKM": 2.6500001, "UPLAND_SKM": 65.599998, "ENDORHEIC": 0, "DIS_AV_CMS": 2.8540001, "ORD_STRA": 3, "ORD_CLAS": 5, "ORD_FLOW": 6, "HYBAS_L12": 4120831510.0, "Shape_Length": 0.014225889843236712 }, "geometry": { "type": "MultiLineString", "coordinates": [ [ [ 83.206249999999642, 27.981249999999569 ], [ 83.210416666666305, 27.977083333332907 ], [ 83.210416666666305, 27.968749999999552 ] ] ] } },
{ "type": "Feature", "properties": { "HYRIV_ID": 40791917, "NEXT_DOWN": 40793497, "MAIN_RIV": 41067217, "LENGTH_KM": 3.09, "DIST_DN_KM": 1371.8, "DIST_UP_KM": 9.5, "CATCH_SKM": 7.2, "UPLAND_SKM": 35.099998, "ENDORHEIC": 0, "DIS_AV_CMS": 1.638, "ORD_STRA": 2, "ORD_CLAS": 6, "ORD_FLOW": 6, "HYBAS_L12": 4120831520.0, "Shape_Length": 0.028451779686430791 }, "geometry": { "type": "MultiLineString", "coordinates": [ [ [ 83.310416666666271, 27.989583333332881 ], [ 83.310416666666271, 27.972916666666215 ], [ 83.302083333332945, 27.964583333332889 ] ] ] } },
{ "type": "Feature", "properties": { "HYRIV_ID": 40791647, "NEXT_DOWN": 40791916, "MAIN_RIV": 41067217, "LENGTH_KM": 3.75, "DIST_DN_KM": 1373.1, "DIST_UP_KM": 14.5, "CATCH_SKM": 8.1499996, "UPLAND_SKM": 67.5, "ENDORHEIC": 0, "DIS_AV_CMS": 3.1129999, "ORD_STRA": 3, "ORD_CLAS": 5, "ORD_FLOW": 6, "HYBAS_L12": 4120831520.0, "Shape_Length": 0.036070226039524665 }, "geometry": { "type": "MultiLineString", "coordinates": [ [ [ 83.264583333332922, 27.989583333332881 ], [ 83.264583333332922, 27.985416666666232 ], [ 83.281249999999574, 27.968749999999552 ], [ 83.289583333332899, 27.968749999999552 ] ] ] } },
{ "type": "Feature", "properties": { "HYRIV_ID": 40792156, "NEXT_DOWN": 40793236, "MAIN_RIV": 41067217, "LENGTH_KM": 2.57, "DIST_DN_KM": 1349.0, "DIST_UP_KM": 4.4, "CATCH_SKM": 5.8800001, "UPLAND_SKM": 5.9, "ENDORHEIC": 0, "DIS_AV_CMS": 0.278, "ORD_STRA": 1, "ORD_CLAS": 4, "ORD_FLOW": 7, "HYBAS_L12": 4120831610.0, "Shape_Length": 0.024790614451291951 }, "geometry": { "type": "MultiLineString", "coordinates": [ [ [ 83.408333333332877, 27.970833333332884 ], [ 83.418749999999619, 27.960416666666241 ], [ 83.422916666666282, 27.960416666666241 ], [ 83.427083333332945, 27.964583333332889 ] ] ] } },
{ "type": "Feature", "properties": { "HYRIV_ID": 40791918, "NEXT_DOWN": 40793236, "MAIN_RIV": 41067217, "LENGTH_KM": 0.93, "DIST_DN_KM": 1348.8, "DIST_UP_KM": 3.8, "CATCH_SKM": 2.27, "UPLAND_SKM": 9.3, "ENDORHEIC": 0, "DIS_AV_CMS": 0.449, "ORD_STRA": 2, "ORD_CLAS": 5, "ORD_FLOW": 7, "HYBAS_L12": 4120831610.0, "Shape_Length": 0.0083333333333257542 }, "geometry": { "type": "MultiLineString", "coordinates": [ [ [ 83.427083333332945, 27.972916666666215 ], [ 83.427083333332945, 27.964583333332889 ] ] ] } },
{ "type": "Feature", "properties": { "HYRIV_ID": 40791919, "NEXT_DOWN": 40793237, "MAIN_RIV": 41067217, "LENGTH_KM": 8.8400002, "DIST_DN_KM": 1350.4, "DIST_UP_KM": 226.2, "CATCH_SKM": 27.49, "UPLAND_SKM": 7473.8999, "ENDORHEIC": 0, "DIS_AV_CMS": 291.68399, "ORD_STRA": 5, "ORD_CLAS": 3, "ORD_FLOW": 4, "HYBAS_L12": 4120830790.0, "Shape_Length": 0.086366341922376189 }, "geometry": { "type": "MultiLineString", "coordinates": [ [ [ 83.543749999999619, 27.972916666666215 ], [ 83.539583333332899, 27.972916666666215 ], [ 83.531249999999574, 27.964583333332889 ], [ 83.518749999999585, 27.964583333332889 ], [ 83.514583333332922, 27.968749999999552 ], [ 83.510416666666259, 27.968749999999552 ], [ 83.502083333332877, 27.977083333332907 ], [ 83.493749999999551, 27.977083333332907 ], [ 83.489583333333002, 27.981249999999569 ], [ 83.485416666666225, 27.981249999999569 ], [ 83.472916666666293, 27.968749999999552 ] ] ] } },
{ "type": "Feature", "properties": { "HYRIV_ID": 40791920, "NEXT_DOWN": 40791134, "MAIN_RIV": 41067217, "LENGTH_KM": 3.7, "DIST_DN_KM": 1363.5, "DIST_UP_KM": 63.3, "CATCH_SKM": 8.7200003, "UPLAND_SKM": 476.0, "ENDORHEIC": 0, "DIS_AV_CMS": 29.809999, "ORD_STRA": 4, "ORD_CLAS": 4, "ORD_FLOW": 5, "HYBAS_L12": 4120830500.0, "Shape_Length": 0.036070226039595712 }, "geometry": { "type": "MultiLineString", "coordinates": [ [ [ 83.610416666666339, 27.964583333332889 ], [ 83.606249999999676, 27.968749999999552 ], [ 83.602083333332956, 27.968749999999552 ], [ 83.589583333332968, 27.981249999999569 ], [ 83.581249999999642, 27.981249999999569 ] ] ] } },
{ "type": "Feature", "properties": { "HYRIV_ID": 40791381, "NEXT_DOWN": 40791919, "MAIN_RIV": 41067217, "LENGTH_KM": 1.03, "DIST_DN_KM": 1359.0, "DIST_UP_KM": 217.60001, "CATCH_SKM": 2.27, "UPLAND_SKM": 7435.7002, "ENDORHEIC": 0, "DIS_AV_CMS": 290.75, "ORD_STRA": 5, "ORD_CLAS": 3, "ORD_FLOW": 4, "HYBAS_L12": 4120830790.0, "Shape_Length": 0.010059223176548861 }, "geometry": { "type": "MultiLineString", "coordinates": [ [ [ 83.552083333332945, 27.977083333332907 ], [ 83.547916666666225, 27.972916666666215 ], [ 83.543749999999619, 27.972916666666215 ] ] ] } },
{ "type": "Feature", "properties": { "HYRIV_ID": 40791382, "NEXT_DOWN": 40791381, "MAIN_RIV": 41067217, "LENGTH_KM": 1.65, "DIST_DN_KM": 1360.1, "DIST_UP_KM": 216.60001, "CATCH_SKM": 3.4100001, "UPLAND_SKM": 7430.8999, "ENDORHEIC": 0, "DIS_AV_CMS": 290.60901, "ORD_STRA": 5, "ORD_CLAS": 3, "ORD_FLOW": 4, "HYBAS_L12": 4120830790.0, "Shape_Length": 0.015951779686468145 }, "geometry": { "type": "MultiLineString", "coordinates": [ [ [ 83.564583333332934, 27.977083333332907 ], [ 83.560416666666271, 27.972916666666215 ], [ 83.556249999999608, 27.977083333332907 ], [ 83.552083333332945, 27.977083333332907 ] ] ] } },
{ "type": "Feature", "properties": { "HYRIV_ID": 40791379, "NEXT_DOWN": 40791918, "MAIN_RIV": 41067217, "LENGTH_KM": 0.69, "DIST_DN_KM": 1349.7, "DIST_UP_KM": 2.6, "CATCH_SKM": 3.4100001, "UPLAND_SKM": 3.4, "ENDORHEIC": 0, "DIS_AV_CMS": 0.166, "ORD_STRA": 1, "ORD_CLAS": 6, "ORD_FLOW": 7, "HYBAS_L12": 4120831610.0, "Shape_Length": 0.0062500000000227374 }, "geometry": { "type": "MultiLineString", "coordinates": [ [ [ 83.427083333332945, 27.979166666666238 ], [ 83.427083333332945, 27.972916666666215 ] ] ] } },
{ "type": "Feature", "properties": { "HYRIV_ID": 40791378, "NEXT_DOWN": 40791918, "MAIN_RIV": 41067217, "LENGTH_KM": 0.93, "DIST_DN_KM": 1349.9, "DIST_UP_KM": 2.7, "CATCH_SKM": 3.6, "UPLAND_SKM": 3.6, "ENDORHEIC": 0, "DIS_AV_CMS": 0.174, "ORD_STRA": 1, "ORD_CLAS": 5, "ORD_FLOW": 7, "HYBAS_L12": 4120831610.0, "Shape_Length": 0.00883883476478361 }, "geometry": { "type": "MultiLineString", "coordinates": [ [ [ 83.420833333333036, 27.979166666666238 ], [ 83.427083333332945, 27.972916666666215 ] ] ] } },
{ "type": "Feature", "properties": { "HYRIV_ID": 40791134, "NEXT_DOWN": 40791382, "MAIN_RIV": 41067217, "LENGTH_KM": 1.85, "DIST_DN_KM": 1361.7, "DIST_UP_KM": 214.89999, "CATCH_SKM": 5.31, "UPLAND_SKM": 7425.3999, "ENDORHEIC": 0, "DIS_AV_CMS": 290.48099, "ORD_STRA": 5, "ORD_CLAS": 3, "ORD_FLOW": 4, "HYBAS_L12": 4120830790.0, "Shape_Length": 0.018392556509911361 }, "geometry": { "type": "MultiLineString", "coordinates": [ [ [ 83.581249999999642, 27.981249999999569 ], [ 83.577083333332922, 27.977083333332907 ], [ 83.564583333332934, 27.977083333332907 ] ] ] } },
{ "type": "Feature", "properties": { "HYRIV_ID": 40791132, "NEXT_DOWN": 40791381, "MAIN_RIV": 41067217, "LENGTH_KM": 0.69, "DIST_DN_KM": 1360.1, "DIST_UP_KM": 2.5, "CATCH_SKM": 2.46, "UPLAND_SKM": 2.5, "ENDORHEIC": 0, "DIS_AV_CMS": 0.129, "ORD_STRA": 1, "ORD_CLAS": 4, "ORD_FLOW": 7, "HYBAS_L12": 4120830790.0, "Shape_Length": 0.0062499999999943157 }, "geometry": { "type": "MultiLineString", "coordinates": [ [ [ 83.552083333332945, 27.983333333332901 ], [ 83.552083333332945, 27.977083333332907 ] ] ] } },
{ "type": "Feature", "properties": { "HYRIV_ID": 40791133, "NEXT_DOWN": 40791382, "MAIN_RIV": 41067217, "LENGTH_KM": 0.69, "DIST_DN_KM": 1361.7, "DIST_UP_KM": 2.5, "CATCH_SKM": 2.08, "UPLAND_SKM": 2.1, "ENDORHEIC": 0, "DIS_AV_CMS": 0.109, "ORD_STRA": 1, "ORD_CLAS": 4, "ORD_FLOW": 7, "HYBAS_L12": 4120830790.0, "Shape_Length": 0.0062499999999943157 }, "geometry": { "type": "MultiLineString", "coordinates": [ [ [ 83.564583333332934, 27.983333333332901 ], [ 83.564583333332934, 27.977083333332907 ] ] ] } },
{ "type": "Feature", "properties": { "HYRIV_ID": 40791649, "NEXT_DOWN": 40793237, "MAIN_RIV": 41067217, "LENGTH_KM": 3.71, "DIST_DN_KM": 1350.4, "DIST_UP_KM": 92.0, "CATCH_SKM": 6.8200002, "UPLAND_SKM": 1999.3, "ENDORHEIC": 0, "DIS_AV_CMS": 114.245, "ORD_STRA": 5, "ORD_CLAS": 4, "ORD_FLOW": 4, "HYBAS_L12": 4120830780.0, "Shape_Length": 0.034344336196360126 }, "geometry": { "type": "MultiLineString", "coordinates": [ [ [ 83.460416666666305, 27.997916666666249 ], [ 83.460416666666305, 27.989583333332881 ], [ 83.464583333332968, 27.985416666666232 ], [ 83.464583333332968, 27.981249999999569 ], [ 83.468749999999631, 27.977083333332907 ], [ 83.468749999999631, 27.972916666666215 ], [ 83.472916666666293, 27.968749999999552 ] ] ] } },
{ "type": "Feature", "properties": { "HYRIV_ID": 40791380, "NEXT_DOWN": 40791919, "MAIN_RIV": 41067217, "LENGTH_KM": 4.0900002, "DIST_DN_KM": 1359.1, "DIST_UP_KM": 5.6, "CATCH_SKM": 10.8, "UPLAND_SKM": 10.8, "ENDORHEIC": 0, "DIS_AV_CMS": 0.56199998, "ORD_STRA": 1, "ORD_CLAS": 4, "ORD_FLOW": 7, "HYBAS_L12": 4120830790.0, "Shape_Length": 0.038153559372937212 }, "geometry": { "type": "MultiLineString", "coordinates": [ [ [ 83.527083333332911, 28.004166666666229 ], [ 83.527083333332911, 27.993749999999544 ], [ 83.543749999999619, 27.977083333332907 ], [ 83.543749999999619, 27.972916666666215 ] ] ] } },
{ "type": "Feature", "properties": { "HYRIV_ID": 40790866, "NEXT_DOWN": 40791134, "MAIN_RIV": 41067217, "LENGTH_KM": 4.4299998, "DIST_DN_KM": 1363.7, "DIST_UP_KM": 212.89999, "CATCH_SKM": 10.61, "UPLAND_SKM": 6944.1001, "ENDORHEIC": 0, "DIS_AV_CMS": 260.60599, "ORD_STRA": 5, "ORD_CLAS": 3, "ORD_FLOW": 4, "HYBAS_L12": 4120830350.0, "Shape_Length": 0.041962782549451558 }, "geometry": { "type": "MultiLineString", "coordinates": [ [ [ 83.606249999999676, 28.010416666666224 ], [ 83.606249999999676, 28.002083333332898 ], [ 83.593749999999631, 27.989583333332881 ], [ 83.589583333332968, 27.989583333332881 ], [ 83.581249999999642, 27.981249999999569 ] ] ] } },
{ "type": "Feature", "properties": { "HYRIV_ID": 40789750, "NEXT_DOWN": 40791649, "MAIN_RIV": 41067217, "LENGTH_KM": 3.6900001, "DIST_DN_KM": 1353.9, "DIST_UP_KM": 7.6, "CATCH_SKM": 6.4400001, "UPLAND_SKM": 19.9, "ENDORHEIC": 0, "DIS_AV_CMS": 1.05, "ORD_STRA": 2, "ORD_CLAS": 5, "ORD_FLOW": 6, "HYBAS_L12": 4120830780.0, "Shape_Length": 0.036785113019675443 }, "geometry": { "type": "MultiLineString", "coordinates": [ [ [ 83.493749999999551, 28.006249999999561 ], [ 83.485416666666225, 28.006249999999561 ], [ 83.481249999999562, 28.002083333332898 ], [ 83.472916666666293, 28.002083333332898 ], [ 83.468749999999631, 27.997916666666249 ], [ 83.460416666666305, 27.997916666666249 ] ] ] } },
{ "type": "Feature", "properties": { "HYRIV_ID": 40789749, "NEXT_DOWN": 40791649, "MAIN_RIV": 41067217, "LENGTH_KM": 1.54, "DIST_DN_KM": 1354.1, "DIST_UP_KM": 4.1, "CATCH_SKM": 2.6500001, "UPLAND_SKM": 2.7, "ENDORHEIC": 0, "DIS_AV_CMS": 0.138, "ORD_STRA": 1, "ORD_CLAS": 6, "ORD_FLOW": 7, "HYBAS_L12": 4120830780.0, "Shape_Length": 0.014731391274636001 }, "geometry": { "type": "MultiLineString", "coordinates": [ [ [ 83.462499999999551, 28.008333333332892 ], [ 83.456249999999642, 28.002083333332898 ], [ 83.460416666666305, 27.997916666666249 ] ] ] } },
{ "type": "Feature", "properties": { "HYRIV_ID": 40789748, "NEXT_DOWN": 40791649, "MAIN_RIV": 41067217, "LENGTH_KM": 4.4299998, "DIST_DN_KM": 1353.9, "DIST_UP_KM": 88.5, "CATCH_SKM": 11.18, "UPLAND_SKM": 1969.9, "ENDORHEIC": 0, "DIS_AV_CMS": 112.888, "ORD_STRA": 5, "ORD_CLAS": 4, "ORD_FLOW": 4, "HYBAS_L12": 4120830780.0, "Shape_Length": 0.041962782549421415 }, "geometry": { "type": "MultiLineString", "coordinates": [ [ [ 83.435416666666271, 28.018749999999535 ], [ 83.443749999999596, 28.010416666666224 ], [ 83.447916666666316, 28.014583333332887 ], [ 83.452083333332979, 28.010416666666224 ], [ 83.452083333332979, 28.002083333332898 ], [ 83.456249999999642, 27.997916666666249 ], [ 83.460416666666305, 27.997916666666249 ] ] ] } },
{ "type": "Feature", "properties": { "HYRIV_ID": 40789205, "NEXT_DOWN": 40789750, "MAIN_RIV": 41067217, "LENGTH_KM": 1.16, "DIST_DN_KM": 1357.6, "DIST_UP_KM": 3.4, "CATCH_SKM": 3.98, "UPLAND_SKM": 4.0, "ENDORHEIC": 0, "DIS_AV_CMS": 0.211, "ORD_STRA": 1, "ORD_CLAS": 6, "ORD_FLOW": 7, "HYBAS_L12": 4120830780.0, "Shape_Length": 0.010416666666642982 }, "geometry": { "type": "MultiLineString", "coordinates": [ [ [ 83.493749999999551, 28.016666666666204 ], [ 83.493749999999551, 28.006249999999561 ] ] ] } },
{ "type": "Feature", "properties": { "HYRIV_ID": 40789206, "NEXT_DOWN": 40789750, "MAIN_RIV": 41067217, "LENGTH_KM": 2.34, "DIST_DN_KM": 1357.6, "DIST_UP_KM": 4.0, "CATCH_SKM": 9.4700003, "UPLAND_SKM": 9.5, "ENDORHEIC": 0, "DIS_AV_CMS": 0.501, "ORD_STRA": 1, "ORD_CLAS": 5, "ORD_FLOW": 7, "HYBAS_L12": 4120830780.0, "Shape_Length": 0.02220177968648155 }, "geometry": { "type": "MultiLineString", "coordinates": [ [ [ 83.506249999999596, 28.020833333332867 ], [ 83.506249999999596, 28.014583333332887 ], [ 83.497916666666328, 28.006249999999561 ], [ 83.493749999999551, 28.006249999999561 ] ] ] } },
{ "type": "Feature", "properties": { "HYRIV_ID": 40788964, "NEXT_DOWN": 40788965, "MAIN_RIV": 41067217, "LENGTH_KM": 2.01, "DIST_DN_KM": 1369.8, "DIST_UP_KM": 3.7, "CATCH_SKM": 3.98, "UPLAND_SKM": 4.0, "ENDORHEIC": 0, "DIS_AV_CMS": 0.214, "ORD_STRA": 1, "ORD_CLAS": 4, "ORD_FLOW": 7, "HYBAS_L12": 4120829520.0, "Shape_Length": 0.018898057941341511 }, "geometry": { "type": "MultiLineString", "coordinates": [ [ [ 83.583333333333059, 28.008333333332892 ], [ 83.593749999999631, 28.018749999999535 ], [ 83.593749999999631, 28.022916666666241 ] ] ] } },
{ "type": "Feature", "properties": { "HYRIV_ID": 40790865, "NEXT_DOWN": 40791645, "MAIN_RIV": 41067217, "LENGTH_KM": 0.46, "DIST_DN_KM": 1381.9, "DIST_UP_KM": 4.5, "CATCH_SKM": 0.38, "UPLAND_SKM": 11.8, "ENDORHEIC": 0, "DIS_AV_CMS": 0.515, "ORD_STRA": 2, "ORD_CLAS": 6, "ORD_FLOW": 7, "HYBAS_L12": 4120831510.0, "Shape_Length": 0.0041666666666628771 }, "geometry": { "type": "MultiLineString", "coordinates": [ [ [ 83.206249999999642, 27.985416666666232 ], [ 83.206249999999642, 27.981249999999569 ] ] ] } },
{ "type": "Feature", "properties": { "HYRIV_ID": 40790619, "NEXT_DOWN": 40790620, "MAIN_RIV": 41067217, "LENGTH_KM": 0.69, "DIST_DN_KM": 1378.5, "DIST_UP_KM": 2.3, "CATCH_SKM": 3.79, "UPLAND_SKM": 3.8, "ENDORHEIC": 0, "DIS_AV_CMS": 0.166, "ORD_STRA": 1, "ORD_CLAS": 6, "ORD_FLOW": 7, "HYBAS_L12": 4120831520.0, "Shape_Length": 0.0062499999999801048 }, "geometry": { "type": "MultiLineString", "coordinates": [ [ [ 83.252083333332877, 27.983333333332901 ], [ 83.252083333332877, 27.989583333332881 ] ] ] } },
{ "type": "Feature", "properties": { "HYRIV_ID": 40790864, "NEXT_DOWN": 40791645, "MAIN_RIV": 41067217, "LENGTH_KM": 3.08, "DIST_DN_KM": 1381.8, "DIST_UP_KM": 13.5, "CATCH_SKM": 7.77, "UPLAND_SKM": 51.200001, "ENDORHEIC": 0, "DIS_AV_CMS": 2.2279999, "ORD_STRA": 2, "ORD_CLAS": 5, "ORD_FLOW": 6, "HYBAS_L12": 4120831510.0, "Shape_Length": 0.030177669529683038 }, "geometry": { "type": "MultiLineString", "coordinates": [ [ [ 83.198186524937299, 27.981249999999569 ], [ 83.206249999999642, 27.981249999999569 ] ] ] } },
{ "type": "Feature", "properties": { "HYRIV_ID": 40790620, "NEXT_DOWN": 40791647, "MAIN_RIV": 41067217, "LENGTH_KM": 1.65, "DIST_DN_KM": 1376.8, "DIST_UP_KM": 10.8, "CATCH_SKM": 1.33, "UPLAND_SKM": 31.8, "ENDORHEIC": 0, "DIS_AV_CMS": 1.454, "ORD_STRA": 2, "ORD_CLAS": 5, "ORD_FLOW": 6, "HYBAS_L12": 4120831520.0, "Shape_Length": 0.015951779686448047 }, "geometry": { "type": "MultiLineString", "coordinates": [ [ [ 83.252083333332877, 27.989583333332881 ], [ 83.256249999999596, 27.985416666666232 ], [ 83.260416666666259, 27.989583333332881 ], [ 83.264583333332922, 27.989583333332881 ] ] ] } },
{ "type": "Feature", "properties": { "HYRIV_ID": 40790292, "NEXT_DOWN": 40790291, "MAIN_RIV": 41067217, "LENGTH_KM": 2.46, "DIST_DN_KM": 1375.4, "DIST_UP_KM": 4.5, "CATCH_SKM": 6.6300001, "UPLAND_SKM": 6.6, "ENDORHEIC": 0, "DIS_AV_CMS": 0.31, "ORD_STRA": 1, "ORD_CLAS": 7, "ORD_FLOW": 7, "HYBAS_L12": 4120831520.0, "Shape_Length": 0.024642556509837061 }, "geometry": { "type": "MultiLineString", "coordinates": [ [ [ 83.337499999999551, 27.989583333332881 ], [ 83.331249999999642, 27.989583333332881 ], [ 83.327083333332979, 27.993749999999544 ], [ 83.314583333332934, 27.993749999999544 ] ] ] } },
{ "type": "Feature", "properties": { "HYRIV_ID": 40790291, "NEXT_DOWN": 40791917, "MAIN_RIV": 41067217, "LENGTH_KM": 0.62, "DIST_DN_KM": 1374.9, "DIST_UP_KM": 4.9, "CATCH_SKM": 1.33, "UPLAND_SKM": 14.2, "ENDORHEIC": 0, "DIS_AV_CMS": 0.66900003, "ORD_STRA": 2, "ORD_CLAS": 7, "ORD_FLOW": 7, "HYBAS_L12": 4120831520.0, "Shape_Length": 0.0058925565098825365 }, "geometry": { "type": "MultiLineString", "coordinates": [ [ [ 83.314583333332934, 27.993749999999544 ], [ 83.310416666666271, 27.989583333332881 ] ] ] } },
{ "type": "Feature", "properties": { "HYRIV_ID": 40790618, "NEXT_DOWN": 40790865, "MAIN_RIV": 41067217, "LENGTH_KM": 1.93, "DIST_DN_KM": 1382.5, "DIST_UP_KM": 3.9, "CATCH_SKM": 5.5, "UPLAND_SKM": 5.5, "ENDORHEIC": 0, "DIS_AV_CMS": 0.241, "ORD_STRA": 1, "ORD_CLAS": 6, "ORD_FLOW": 7, "HYBAS_L12": 4120831510.0, "Shape_Length": 0.018035113019832169 }, "geometry": { "type": "MultiLineString", "coordinates": [ [ [ 83.214583333333024, 27.999999999999581 ], [ 83.214583333333024, 27.993749999999544 ], [ 83.206249999999642, 27.985416666666232 ] ] ] } },
{ "type": "Feature", "properties": { "HYRIV_ID": 40790617, "NEXT_DOWN": 40790865, "MAIN_RIV": 41067217, "LENGTH_KM": 2.55, "DIST_DN_KM": 1382.3, "DIST_UP_KM": 3.9, "CATCH_SKM": 5.8800001, "UPLAND_SKM": 5.9, "ENDORHEIC": 0, "DIS_AV_CMS": 0.258, "ORD_STRA": 1, "ORD_CLAS": 7, "ORD_FLOW": 7, "HYBAS_L12": 4120831510.0, "Shape_Length": 0.022916666666660035 }, "geometry": { "type": "MultiLineString", "coordinates": [ [ [ 83.206249999999642, 28.008333333332892 ], [ 83.206249999999642, 27.985416666666232 ] ] ] } },
{ "type": "Feature", "properties": { "HYRIV_ID": 40790035, "NEXT_DOWN": 40790291, "MAIN_RIV": 41067217, "LENGTH_KM": 1.54, "DIST_DN_KM": 1375.6, "DIST_UP_KM": 3.1, "CATCH_SKM": 6.25, "UPLAND_SKM": 6.3, "ENDORHEIC": 0, "DIS_AV_CMS": 0.29800001, "ORD_STRA": 1, "ORD_CLAS": 8, "ORD_FLOW": 7, "HYBAS_L12": 4120831520.0, "Shape_Length": 0.014731391274706343 }, "geometry": { "type": "MultiLineString", "coordinates": [ [ [ 83.324999999999562, 28.004166666666229 ], [ 83.314583333332934, 27.993749999999544 ] ] ] } },
{ "type": "Feature", "properties": { "HYRIV_ID": 40790289, "NEXT_DOWN": 40791647, "MAIN_RIV": 41067217, "LENGTH_KM": 3.55, "DIST_DN_KM": 1376.9, "DIST_UP_KM": 9.3, "CATCH_SKM": 8.9099998, "UPLAND_SKM": 27.5, "ENDORHEIC": 0, "DIS_AV_CMS": 1.304, "ORD_STRA": 2, "ORD_CLAS": 6, "ORD_FLOW": 6, "HYBAS_L12": 4120831520.0, "Shape_Length": 0.032618446353085348 }, "geometry": { "type": "MultiLineString", "coordinates": [ [ [ 83.272916666666248, 28.018749999999535 ], [ 83.268749999999585, 28.014583333332887 ], [ 83.268749999999585, 27.997916666666249 ], [ 83.264583333332922, 27.993749999999544 ], [ 83.264583333332922, 27.989583333332881 ] ] ] } },
{ "type": "Feature", "properties": { "HYRIV_ID": 40790036, "NEXT_DOWN": 40788966, "MAIN_RIV": 41067217, "LENGTH_KM": 5.9499998, "DIST_DN_KM": 1368.8, "DIST_UP_KM": 8.1, "CATCH_SKM": 18.389999, "UPLAND_SKM": 24.1, "ENDORHEIC": 0, "DIS_AV_CMS": 1.323, "ORD_STRA": 2, "ORD_CLAS": 5, "ORD_FLOW": 6, "HYBAS_L12": 4120829530.0, "Shape_Length": 0.058629449216032727 }, "geometry": { "type": "MultiLineString", "coordinates": [ [ [ 83.655055215151862, 27.997916666666249 ], [ 83.643749999999585, 27.997916666666249 ], [ 83.639583333332922, 28.002083333332898 ], [ 83.63124999999971, 28.002083333332898 ], [ 83.622916666666328, 28.010416666666224 ], [ 83.614583333332888, 28.010416666666224 ], [ 83.610416666666339, 28.014583333332887 ] ] ] } },
{ "type": "Feature", "properties": { "HYRIV_ID": 40788966, "NEXT_DOWN": 40790866, "MAIN_RIV": 41067217, "LENGTH_KM": 0.62, "DIST_DN_KM": 1368.2, "DIST_UP_KM": 19.200001, "CATCH_SKM": 0.38, "UPLAND_SKM": 137.5, "ENDORHEIC": 0, "DIS_AV_CMS": 8.1800003, "ORD_STRA": 3, "ORD_CLAS": 4, "ORD_FLOW": 6, "HYBAS_L12": 4120829530.0, "Shape_Length": 0.0058925565098825365 }, "geometry": { "type": "MultiLineString", "coordinates": [ [ [ 83.610416666666339, 28.014583333332887 ], [ 83.606249999999676, 28.010416666666224 ] ] ] } },
{ "type": "Feature", "properties": { "HYRIV_ID": 40788701, "NEXT_DOWN": 40788966, "MAIN_RIV": 41067217, "LENGTH_KM": 4.37, "DIST_DN_KM": 1368.6, "DIST_UP_KM": 18.8, "CATCH_SKM": 9.4700003, "UPLAND_SKM": 113.1, "ENDORHEIC": 0, "DIS_AV_CMS": 6.8330002, "ORD_STRA": 3, "ORD_CLAS": 4, "ORD_FLOW": 6, "HYBAS_L12": 4120829530.0, "Shape_Length": 0.041962782549480687 }, "geometry": { "type": "MultiLineString", "coordinates": [ [ [ 83.63124999999971, 28.031249999999552 ], [ 83.627083333332877, 28.031249999999552 ], [ 83.622916666666328, 28.035416666666215 ], [ 83.614583333332888, 28.027083333332904 ], [ 83.618749999999551, 28.022916666666241 ], [ 83.618749999999551, 28.018749999999535 ], [ 83.614583333332888, 28.014583333332887 ], [ 83.610416666666339, 28.014583333332887 ] ] ] } },
{ "type": "Feature", "properties": { "HYRIV_ID": 40787629, "NEXT_DOWN": 40788701, "MAIN_RIV": 41067217, "LENGTH_KM": 2.87, "DIST_DN_KM": 1373.0, "DIST_UP_KM": 14.4, "CATCH_SKM": 9.6599998, "UPLAND_SKM": 91.699997, "ENDORHEIC": 0, "DIS_AV_CMS": 5.5749998, "ORD_STRA": 3, "ORD_CLAS": 4, "ORD_FLOW": 6, "HYBAS_L12": 4120829530.0, "Shape_Length": 0.028451779686302893 }, "geometry": { "type": "MultiLineString", "coordinates": [ [ [ 83.648243797227906, 28.035743797227866 ], [ 83.647916666666248, 28.035416666666215 ], [ 83.643749999999585, 28.035416666666215 ], [ 83.639583333332922, 28.031249999999552 ], [ 83.63124999999971, 28.031249999999552 ] ] ] } },
{ "type": "Feature", "properties": { "HYRIV_ID": 40790034, "NEXT_DOWN": 40790864, "MAIN_RIV": 41067217, "LENGTH_KM": 2.9400001, "DIST_DN_KM": 1384.9, "DIST_UP_KM": 4.5, "CATCH_SKM": 6.4400001, "UPLAND_SKM": 6.4, "ENDORHEIC": 0, "DIS_AV_CMS": 0.28400001, "ORD_STRA": 1, "ORD_CLAS": 6, "ORD_FLOW": 7, "HYBAS_L12": 4120831510.0, "Shape_Length": 0.027231391274817995 }, "geometry": { "type": "MultiLineString", "coordinates": [ [ [ 83.191666666666407, 28.016666666666204 ], [ 83.185416666666271, 28.010416666666224 ], [ 83.185416666666271, 28.006743804632041 ] ] ] } },
{ "type": "Feature", "properties": { "HYRIV_ID": 40790288, "NEXT_DOWN": 40790620, "MAIN_RIV": 41067217, "LENGTH_KM": 4.48, "DIST_DN_KM": 1378.5, "DIST_UP_KM": 9.1, "CATCH_SKM": 10.99, "UPLAND_SKM": 26.700001, "ENDORHEIC": 0, "DIS_AV_CMS": 1.2309999, "ORD_STRA": 2, "ORD_CLAS": 5, "ORD_FLOW": 6, "HYBAS_L12": 4120831520.0, "Shape_Length": 0.04196278254944151 }, "geometry": { "type": "MultiLineString", "coordinates": [ [ [ 83.231249999999562, 28.022916666666241 ], [ 83.239583333333059, 28.014583333332887 ], [ 83.239583333333059, 28.010416666666224 ], [ 83.243749999999551, 28.006249999999561 ], [ 83.243749999999551, 28.002083333332898 ], [ 83.252083333332877, 27.993749999999544 ], [ 83.252083333332877, 27.989583333332881 ] ] ] } },
{ "type": "Feature", "properties": { "HYRIV_ID": 40790290, "NEXT_DOWN": 40791917, "MAIN_RIV": 41067217, "LENGTH_KM": 5.04, "DIST_DN_KM": 1374.7, "DIST_UP_KM": 6.6, "CATCH_SKM": 13.64, "UPLAND_SKM": 13.6, "ENDORHEIC": 0, "DIS_AV_CMS": 0.644, "ORD_STRA": 1, "ORD_CLAS": 6, "ORD_FLOW": 7, "HYBAS_L12": 4120831520.0, "Shape_Length": 0.047349837627774026 }, "geometry": { "type": "MultiLineString", "coordinates": [ [ [ 83.295833333333036, 28.024999999999572 ], [ 83.302083333332945, 28.018749999999535 ], [ 83.297916666666282, 28.014583333332887 ], [ 83.297916666666282, 28.010416666666224 ], [ 83.302083333332945, 28.006249999999561 ], [ 83.302083333332945, 27.993749999999544 ], [ 83.306249999999608, 27.989583333332881 ], [ 83.310416666666271, 27.989583333332881 ] ] ] } },
{ "type": "Feature", "properties": { "HYRIV_ID": 40789204, "NEXT_DOWN": 40788453, "MAIN_RIV": 41067217, "LENGTH_KM": 4.73, "DIST_DN_KM": 1364.6, "DIST_UP_KM": 6.0, "CATCH_SKM": 12.7, "UPLAND_SKM": 12.7, "ENDORHEIC": 0, "DIS_AV_CMS": 0.626, "ORD_STRA": 1, "ORD_CLAS": 5, "ORD_FLOW": 7, "HYBAS_L12": 4120830780.0, "Shape_Length": 0.045623947784568575 }, "geometry": { "type": "MultiLineString", "coordinates": [ [ [ 83.362499999999585, 28.004166666666229 ], [ 83.368749999999551, 28.010416666666224 ], [ 83.368749999999551, 28.018749999999535 ], [ 83.381249999999596, 28.018749999999535 ], [ 83.385416666666259, 28.014583333332887 ], [ 83.389583333332922, 28.018749999999535 ], [ 83.393749999999585, 28.018749999999535 ] ] ] } },
{ "type": "Feature", "properties": { "HYRIV_ID": 40788963, "NEXT_DOWN": 40788453, "MAIN_RIV": 41067217, "LENGTH_KM": 1.16, "DIST_DN_KM": 1364.7, "DIST_UP_KM": 2.6, "CATCH_SKM": 4.1700001, "UPLAND_SKM": 4.2, "ENDORHEIC": 0, "DIS_AV_CMS": 0.205, "ORD_STRA": 1, "ORD_CLAS": 6, "ORD_FLOW": 7, "HYBAS_L12": 4120830780.0, "Shape_Length": 0.010416666666642982 }, "geometry": { "type": "MultiLineString", "coordinates": [ [ [ 83.393749999999585, 28.008333333332892 ], [ 83.393749999999585, 28.018749999999535 ] ] ] } },
{ "type": "Feature", "properties": { "HYRIV_ID": 40788199, "NEXT_DOWN": 40790288, "MAIN_RIV": 41067217, "LENGTH_KM": 2.1600001, "DIST_DN_KM": 1383.2, "DIST_UP_KM": 3.5, "CATCH_SKM": 7.39, "UPLAND_SKM": 7.4, "ENDORHEIC": 0, "DIS_AV_CMS": 0.33700001, "ORD_STRA": 1, "ORD_CLAS": 6, "ORD_FLOW": 7, "HYBAS_L12": 4120831520.0, "Shape_Length": 0.020623947784558734 }, "geometry": { "type": "MultiLineString", "coordinates": [ [ [ 83.216666666666271, 28.037499999999547 ], [ 83.231249999999562, 28.022916666666241 ] ] ] } },
{ "type": "Feature", "properties": { "HYRIV_ID": 40788451, "NEXT_DOWN": 40790289, "MAIN_RIV": 41067217, "LENGTH_KM": 3.6300001, "DIST_DN_KM": 1380.6, "DIST_UP_KM": 5.6, "CATCH_SKM": 9.6599998, "UPLAND_SKM": 9.7, "ENDORHEIC": 0, "DIS_AV_CMS": 0.46, "ORD_STRA": 1, "ORD_CLAS": 6, "ORD_FLOW": 7, "HYBAS_L12": 4120831520.0, "Shape_Length": 0.033986892706235859 }, "geometry": { "type": "MultiLineString", "coordinates": [ [ [ 83.256249999999596, 28.045833333332901 ], [ 83.256249999999596, 28.035416666666215 ], [ 83.272916666666248, 28.018749999999535 ] ] ] } },
{ "type": "Feature", "properties": { "HYRIV_ID": 40788452, "NEXT_DOWN": 40790289, "MAIN_RIV": 41067217, "LENGTH_KM": 3.48, "DIST_DN_KM": 1380.6, "DIST_UP_KM": 5.1, "CATCH_SKM": 8.9, "UPLAND_SKM": 8.9, "ENDORHEIC": 0, "DIS_AV_CMS": 0.428, "ORD_STRA": 1, "ORD_CLAS": 7, "ORD_FLOW": 7, "HYBAS_L12": 4120831520.0, "Shape_Length": 0.032261002863016197 }, "geometry": { "type": "MultiLineString", "coordinates": [ [ [ 83.277083333332911, 28.045833333332901 ], [ 83.277083333332911, 28.039583333332878 ], [ 83.281249999999574, 28.035416666666215 ], [ 83.281249999999574, 28.031249999999552 ], [ 83.277083333332911, 28.027083333332904 ], [ 83.277083333332911, 28.022916666666241 ], [ 83.272916666666248, 28.018749999999535 ] ] ] } },
{ "type": "Feature", "properties": { "HYRIV_ID": 40787621, "NEXT_DOWN": 40787065, "MAIN_RIV": 41067217, "LENGTH_KM": 1.16, "DIST_DN_KM": 1371.2, "DIST_UP_KM": 2.6, "CATCH_SKM": 3.6, "UPLAND_SKM": 3.6, "ENDORHEIC": 0, "DIS_AV_CMS": 0.175, "ORD_STRA": 1, "ORD_CLAS": 6, "ORD_FLOW": 7, "HYBAS_L12": 4120830780.0, "Shape_Length": 0.010416666666657193 }, "geometry": { "type": "MultiLineString", "coordinates": [ [ [ 83.339583333332968, 28.029166666666221 ], [ 83.339583333332968, 28.039583333332878 ] ] ] } },
{ "type": "Feature", "properties": { "HYRIV_ID": 40788200, "NEXT_DOWN": 40790288, "MAIN_RIV": 41067217, "LENGTH_KM": 3.1900001, "DIST_DN_KM": 1383.0, "DIST_UP_KM": 4.6, "CATCH_SKM": 8.3400002, "UPLAND_SKM": 8.3, "ENDORHEIC": 0, "DIS_AV_CMS": 0.389, "ORD_STRA": 1, "ORD_CLAS": 5, "ORD_FLOW": 7, "HYBAS_L12": 4120831520.0, "Shape_Length": 0.02967216809812398 }, "geometry": { "type": "MultiLineString", "coordinates": [ [ [ 83.229166666666259, 28.045833333332901 ], [ 83.235416666666225, 28.039583333332878 ], [ 83.235416666666225, 28.022916666666241 ], [ 83.231249999999562, 28.022916666666241 ] ] ] } },
{ "type": "Feature", "properties": { "HYRIV_ID": 40788965, "NEXT_DOWN": 40790866, "MAIN_RIV": 41067217, "LENGTH_KM": 1.85, "DIST_DN_KM": 1368.2, "DIST_UP_KM": 208.5, "CATCH_SKM": 3.22, "UPLAND_SKM": 6796.0, "ENDORHEIC": 0, "DIS_AV_CMS": 251.77299, "ORD_STRA": 5, "ORD_CLAS": 3, "ORD_FLOW": 4, "HYBAS_L12": 4120829520.0, "Shape_Length": 0.017677669529707903 }, "geometry": { "type": "MultiLineString", "coordinates": [ [ [ 83.593749999999631, 28.022916666666241 ], [ 83.606249999999676, 28.010416666666224 ] ] ] } },
{ "type": "Feature", "properties": { "HYRIV_ID": 40788456, "NEXT_DOWN": 40789748, "MAIN_RIV": 41067217, "LENGTH_KM": 1.03, "DIST_DN_KM": 1358.4, "DIST_UP_KM": 7.2, "CATCH_SKM": 0.57, "UPLAND_SKM": 24.6, "ENDORHEIC": 0, "DIS_AV_CMS": 1.327, "ORD_STRA": 3, "ORD_CLAS": 5, "ORD_FLOW": 6, "HYBAS_L12": 4120830780.0, "Shape_Length": 0.010059223176575559 }, "geometry": { "type": "MultiLineString", "coordinates": [ [ [ 83.443749999999596, 28.022916666666241 ], [ 83.439583333332934, 28.018749999999535 ], [ 83.435416666666271, 28.018749999999535 ] ] ] } },
{ "type": "Feature", "properties": { "HYRIV_ID": 40788454, "NEXT_DOWN": 40788455, "MAIN_RIV": 41067217, "LENGTH_KM": 1.39, "DIST_DN_KM": 1360.0, "DIST_UP_KM": 4.0, "CATCH_SKM": 3.6, "UPLAND_SKM": 3.6, "ENDORHEIC": 0, "DIS_AV_CMS": 0.18, "ORD_STRA": 1, "ORD_CLAS": 5, "ORD_FLOW": 7, "HYBAS_L12": 4120830780.0, "Shape_Length": 0.01300550143149673 }, "geometry": { "type": "MultiLineString", "coordinates": [ [ [ 83.416666666666316, 28.016666666666204 ], [ 83.422916666666282, 28.022916666666241 ], [ 83.422916666666282, 28.027083333332904 ] ] ] } },
{ "type": "Feature", "properties": { "HYRIV_ID": 40788455, "NEXT_DOWN": 40789748, "MAIN_RIV": 41067217, "LENGTH_KM": 1.65, "DIST_DN_KM": 1358.6, "DIST_UP_KM": 83.800003, "CATCH_SKM": 3.6, "UPLAND_SKM": 1934.1, "ENDORHEIC": 0, "DIS_AV_CMS": 109.794, "ORD_STRA": 5, "ORD_CLAS": 4, "ORD_FLOW": 4, "HYBAS_L12": 4120830780.0, "Shape_Length": 0.015951779686458094 }, "geometry": { "type": "MultiLineString", "coordinates": [ [ [ 83.422916666666282, 28.027083333332904 ], [ 83.427083333332945, 28.022916666666241 ], [ 83.431249999999608, 28.022916666666241 ], [ 83.435416666666271, 28.018749999999535 ] ] ] } },
{ "type": "Feature", "properties": { "HYRIV_ID": 40788202, "NEXT_DOWN": 40788456, "MAIN_RIV": 41067217, "LENGTH_KM": 2.6600001, "DIST_DN_KM": 1359.4, "DIST_UP_KM": 5.9, "CATCH_SKM": 3.6, "UPLAND_SKM": 9.3, "ENDORHEIC": 0, "DIS_AV_CMS": 0.49700001, "ORD_STRA": 2, "ORD_CLAS": 6, "ORD_FLOW": 7, "HYBAS_L12": 4120830780.0, "Shape_Length": 0.026725889843253765 }, "geometry": { "type": "MultiLineString", "coordinates": [ [ [ 83.468749999999631, 28.027083333332904 ], [ 83.464583333332968, 28.022916666666241 ], [ 83.443749999999596, 28.022916666666241 ] ] ] } },
{ "type": "Feature", "properties": { "HYRIV_ID": 40788453, "NEXT_DOWN": 40787622, "MAIN_RIV": 41067217, "LENGTH_KM": 2.98, "DIST_DN_KM": 1361.7, "DIST_UP_KM": 9.0, "CATCH_SKM": 4.1700001, "UPLAND_SKM": 21.0, "ENDORHEIC": 0, "DIS_AV_CMS": 1.049, "ORD_STRA": 2, "ORD_CLAS": 5, "ORD_FLOW": 6, "HYBAS_L12": 4120830780.0, "Shape_Length": 0.028451779686436678 }, "geometry": { "type": "MultiLineString", "coordinates": [ [ [ 83.393749999999585, 28.018749999999535 ], [ 83.402083333332911, 28.018749999999535 ], [ 83.406249999999574, 28.022916666666241 ], [ 83.406249999999574, 28.027083333332904 ], [ 83.410416666666237, 28.031249999999552 ], [ 83.410416666666237, 28.035416666666215 ] ] ] } },
{ "type": "Feature", "properties": { "HYRIV_ID": 40788203, "NEXT_DOWN": 40788965, "MAIN_RIV": 41067217, "LENGTH_KM": 1.65, "DIST_DN_KM": 1370.0, "DIST_UP_KM": 206.60001, "CATCH_SKM": 5.87, "UPLAND_SKM": 6788.7998, "ENDORHEIC": 0, "DIS_AV_CMS": 251.073, "ORD_STRA": 5, "ORD_CLAS": 3, "ORD_FLOW": 4, "HYBAS_L12": 4120829520.0, "Shape_Length": 0.015951779686417901 }, "geometry": { "type": "MultiLineString", "coordinates": [ [ [ 83.581249999999642, 28.031249999999552 ], [ 83.585416666666305, 28.027083333332904 ], [ 83.589583333332968, 28.027083333332904 ], [ 83.593749999999631, 28.022916666666241 ] ] ] } },
{ "type": "Feature", "properties": { "HYRIV_ID": 40787907, "NEXT_DOWN": 40787626, "MAIN_RIV": 41067217, "LENGTH_KM": 0.93, "DIST_DN_KM": 1372.9, "DIST_UP_KM": 2.9, "CATCH_SKM": 2.84, "UPLAND_SKM": 2.8, "ENDORHEIC": 0, "DIS_AV_CMS": 0.154, "ORD_STRA": 1, "ORD_CLAS": 4, "ORD_FLOW": 7, "HYBAS_L12": 4120829520.0, "Shape_Length": 0.0088388347648338528 }, "geometry": { "type": "MultiLineString", "coordinates": [ [ [ 83.566666666666237, 28.024999999999572 ], [ 83.572916666666259, 28.031249999999552 ] ] ] } },
{ "type": "Feature", "properties": { "HYRIV_ID": 40787904, "NEXT_DOWN": 40788455, "MAIN_RIV": 41067217, "LENGTH_KM": 0.62, "DIST_DN_KM": 1360.2, "DIST_UP_KM": 82.199997, "CATCH_SKM": 1.52, "UPLAND_SKM": 1926.9, "ENDORHEIC": 0, "DIS_AV_CMS": 108.912, "ORD_STRA": 5, "ORD_CLAS": 4, "ORD_FLOW": 4, "HYBAS_L12": 4120830780.0, "Shape_Length": 0.0058925565098724882 }, "geometry": { "type": "MultiLineString", "coordinates": [ [ [ 83.418749999999619, 28.031249999999552 ], [ 83.422916666666282, 28.027083333332904 ] ] ] } },
{ "type": "Feature", "properties": { "HYRIV_ID": 40787905, "NEXT_DOWN": 40788202, "MAIN_RIV": 41067217, "LENGTH_KM": 0.93, "DIST_DN_KM": 1362.2, "DIST_UP_KM": 2.8, "CATCH_SKM": 2.6500001, "UPLAND_SKM": 2.7, "ENDORHEIC": 0, "DIS_AV_CMS": 0.14300001, "ORD_STRA": 1, "ORD_CLAS": 7, "ORD_FLOW": 7, "HYBAS_L12": 4120830780.0, "Shape_Length": 0.0088388347647936592 }, "geometry": { "type": "MultiLineString", "coordinates": [ [ [ 83.474999999999596, 28.033333333332884 ], [ 83.468749999999631, 28.027083333332904 ] ] ] } },
{ "type": "Feature", "properties": { "HYRIV_ID": 40787906, "NEXT_DOWN": 40788202, "MAIN_RIV": 41067217, "LENGTH_KM": 1.34, "DIST_DN_KM": 1362.0, "DIST_UP_KM": 3.3, "CATCH_SKM": 3.03, "UPLAND_SKM": 3.0, "ENDORHEIC": 0, "DIS_AV_CMS": 0.162, "ORD_STRA": 1, "ORD_CLAS": 6, "ORD_FLOW": 7, "HYBAS_L12": 4120830780.0, "Shape_Length": 0.013005501431456536 }, "geometry": { "type": "MultiLineString", "coordinates": [ [ [ 83.479166666666259, 28.033333333332884 ], [ 83.472916666666293, 28.027083333332904 ], [ 83.468749999999631, 28.027083333332904 ] ] ] } },
{ "type": "Feature", "properties": { "HYRIV_ID": 40787626, "NEXT_DOWN": 40788203, "MAIN_RIV": 41067217, "LENGTH_KM": 1.24, "DIST_DN_KM": 1371.7, "DIST_UP_KM": 205.0, "CATCH_SKM": 2.6500001, "UPLAND_SKM": 6779.2998, "ENDORHEIC": 0, "DIS_AV_CMS": 250.23399, "ORD_STRA": 5, "ORD_CLAS": 3, "ORD_FLOW": 4, "HYBAS_L12": 4120829520.0, "Shape_Length": 0.011785113019805268 }, "geometry": { "type": "MultiLineString", "coordinates": [ [ [ 83.572916666666259, 28.031249999999552 ], [ 83.577083333332922, 28.035416666666215 ], [ 83.581249999999642, 28.031249999999552 ] ] ] } },
{ "type": "Feature", "properties": { "HYRIV_ID": 40787625, "NEXT_DOWN": 40787626, "MAIN_RIV": 41067217, "LENGTH_KM": 0.62, "DIST_DN_KM": 1372.9, "DIST_UP_KM": 203.8, "CATCH_SKM": 2.08, "UPLAND_SKM": 6773.7998, "ENDORHEIC": 0, "DIS_AV_CMS": 249.728, "ORD_STRA": 5, "ORD_CLAS": 3, "ORD_FLOW": 4, "HYBAS_L12": 4120829520.0, "Shape_Length": 0.0058925565098825365 }, "geometry": { "type": "MultiLineString", "coordinates": [ [ [ 83.568749999999596, 28.035416666666215 ], [ 83.572916666666259, 28.031249999999552 ] ] ] } },
{ "type": "Feature", "properties": { "HYRIV_ID": 40787622, "NEXT_DOWN": 40787904, "MAIN_RIV": 41067217, "LENGTH_KM": 1.03, "DIST_DN_KM": 1360.8, "DIST_UP_KM": 81.599998, "CATCH_SKM": 2.27, "UPLAND_SKM": 1920.1, "ENDORHEIC": 0, "DIS_AV_CMS": 108.381, "ORD_STRA": 5, "ORD_CLAS": 4, "ORD_FLOW": 4, "HYBAS_L12": 4120830780.0, "Shape_Length": 0.010059223176585608 }, "geometry": { "type": "MultiLineString", "coordinates": [ [ [ 83.410416666666237, 28.035416666666215 ], [ 83.414583333332899, 28.035416666666215 ], [ 83.418749999999619, 28.031249999999552 ] ] ] } },
{ "type": "Feature", "properties": { "HYRIV_ID": 40787624, "NEXT_DOWN": 40787625, "MAIN_RIV": 41067217, "LENGTH_KM": 2.46, "DIST_DN_KM": 1373.3, "DIST_UP_KM": 4.1, "CATCH_SKM": 6.25, "UPLAND_SKM": 6.3, "ENDORHEIC": 0, "DIS_AV_CMS": 0.34, "ORD_STRA": 1, "ORD_CLAS": 4, "ORD_FLOW": 7, "HYBAS_L12": 4120829520.0, "Shape_Length": 0.024642556509837061 }, "geometry": { "type": "MultiLineString", "coordinates": [ [ [ 83.545833333332979, 28.031249999999552 ], [ 83.552083333332945, 28.031249999999552 ], [ 83.556249999999608, 28.035416666666215 ], [ 83.568749999999596, 28.035416666666215 ] ] ] } },
{ "type": "Feature", "properties": { "HYRIV_ID": 40788201, "NEXT_DOWN": 40788456, "MAIN_RIV": 41067217, "LENGTH_KM": 2.6300001, "DIST_DN_KM": 1359.6, "DIST_UP_KM": 6.0, "CATCH_SKM": 6.06, "UPLAND_SKM": 14.8, "ENDORHEIC": 0, "DIS_AV_CMS": 0.796, "ORD_STRA": 2, "ORD_CLAS": 5, "ORD_FLOW": 7, "HYBAS_L12": 4120830780.0, "Shape_Length": 0.024285113019812274 }, "geometry": { "type": "MultiLineString", "coordinates": [ [ [ 83.452083333332979, 28.043749999999569 ], [ 83.452083333332979, 28.031249999999552 ], [ 83.443749999999596, 28.022916666666241 ] ] ] } },
{ "type": "Feature", "properties": { "HYRIV_ID": 40787627, "NEXT_DOWN": 40788203, "MAIN_RIV": 41067217, "LENGTH_KM": 1.34, "DIST_DN_KM": 1371.5, "DIST_UP_KM": 3.6, "CATCH_SKM": 3.6, "UPLAND_SKM": 3.6, "ENDORHEIC": 0, "DIS_AV_CMS": 0.206, "ORD_STRA": 1, "ORD_CLAS": 4, "ORD_FLOW": 7, "HYBAS_L12": 4120829520.0, "Shape_Length": 0.013005501431466584 }, "geometry": { "type": "MultiLineString", "coordinates": [ [ [ 83.591666666666271, 28.037499999999547 ], [ 83.585416666666305, 28.031249999999552 ], [ 83.581249999999642, 28.031249999999552 ] ] ] } },
{ "type": "Feature", "properties": { "HYRIV_ID": 40787623, "NEXT_DOWN": 40787904, "MAIN_RIV": 41067217, "LENGTH_KM": 1.39, "DIST_DN_KM": 1360.7, "DIST_UP_KM": 4.2, "CATCH_SKM": 5.3, "UPLAND_SKM": 5.3, "ENDORHEIC": 0, "DIS_AV_CMS": 0.281, "ORD_STRA": 1, "ORD_CLAS": 5, "ORD_FLOW": 7, "HYBAS_L12": 4120830780.0, "Shape_Length": 0.013005501431536925 }, "geometry": { "type": "MultiLineString", "coordinates": [ [ [ 83.424999999999699, 28.041666666666195 ], [ 83.418749999999619, 28.035416666666215 ], [ 83.418749999999619, 28.031249999999552 ] ] ] } },
{ "type": "Feature", "properties": { "HYRIV_ID": 40787363, "NEXT_DOWN": 40787622, "MAIN_RIV": 41067217, "LENGTH_KM": 0.62, "DIST_DN_KM": 1361.8, "DIST_UP_KM": 80.599998, "CATCH_SKM": 0.19, "UPLAND_SKM": 1896.8, "ENDORHEIC": 0, "DIS_AV_CMS": 106.872, "ORD_STRA": 5, "ORD_CLAS": 4, "ORD_FLOW": 4, "HYBAS_L12": 4120830780.0, "Shape_Length": 0.0058925565098825365 }, "geometry": { "type": "MultiLineString", "coordinates": [ [ [ 83.406249999999574, 28.039583333332878 ], [ 83.410416666666237, 28.035416666666215 ] ] ] } },
{ "type": "Feature", "properties": { "HYRIV_ID": 40787067, "NEXT_DOWN": 40787363, "MAIN_RIV": 41067217, "LENGTH_KM": 0.69, "DIST_DN_KM": 1362.3, "DIST_UP_KM": 3.3, "CATCH_SKM": 4.1700001, "UPLAND_SKM": 4.2, "ENDORHEIC": 0, "DIS_AV_CMS": 0.22, "ORD_STRA": 1, "ORD_CLAS": 5, "ORD_FLOW": 7, "HYBAS_L12": 4120830780.0, "Shape_Length": 0.0062500000000227374 }, "geometry": { "type": "MultiLineString", "coordinates": [ [ [ 83.406249999999574, 28.045833333332901 ], [ 83.406249999999574, 28.039583333332878 ] ] ] } },
{ "type": "Feature", "properties": { "HYRIV_ID": 40787628, "NEXT_DOWN": 40788701, "MAIN_RIV": 41067217, "LENGTH_KM": 1.39, "DIST_DN_KM": 1373.0, "DIST_UP_KM": 5.0, "CATCH_SKM": 1.9, "UPLAND_SKM": 11.9, "ENDORHEIC": 0, "DIS_AV_CMS": 0.70200002, "ORD_STRA": 2, "ORD_CLAS": 5, "ORD_FLOW": 7, "HYBAS_L12": 4120829530.0, "Shape_Length": 0.012500000000017053 }, "geometry": { "type": "MultiLineString", "coordinates": [ [ [ 83.63124999999971, 28.043749999999569 ], [ 83.63124999999971, 28.031249999999552 ] ] ] } },
{ "type": "Feature", "properties": { "HYRIV_ID": 40786803, "NEXT_DOWN": 40787628, "MAIN_RIV": 41067217, "LENGTH_KM": 0.93, "DIST_DN_KM": 1374.5, "DIST_UP_KM": 2.6, "CATCH_SKM": 3.03, "UPLAND_SKM": 3.0, "ENDORHEIC": 0, "DIS_AV_CMS": 0.177, "ORD_STRA": 1, "ORD_CLAS": 6, "ORD_FLOW": 7, "HYBAS_L12": 4120829530.0, "Shape_Length": 0.0088388347649242908 }, "geometry": { "type": "MultiLineString", "coordinates": [ [ [ 83.624999999999574, 28.049999999999564 ], [ 83.63124999999971, 28.043749999999569 ] ] ] } },
{ "type": "Feature", "properties": { "HYRIV_ID": 40787066, "NEXT_DOWN": 40787363, "MAIN_RIV": 41067217, "LENGTH_KM": 2.46, "DIST_DN_KM": 1362.3, "DIST_UP_KM": 80.099998, "CATCH_SKM": 5.4899998, "UPLAND_SKM": 1892.4, "ENDORHEIC": 0, "DIS_AV_CMS": 106.473, "ORD_STRA": 5, "ORD_CLAS": 4, "ORD_FLOW": 4, "HYBAS_L12": 4120830780.0, "Shape_Length": 0.024285113019773801 }, "geometry": { "type": "MultiLineString", "coordinates": [ [ [ 83.385416666666259, 28.047916666666232 ], [ 83.389583333332922, 28.047916666666232 ], [ 83.393749999999585, 28.043749999999569 ], [ 83.397916666666248, 28.043749999999569 ], [ 83.402083333332911, 28.039583333332878 ], [ 83.406249999999574, 28.039583333332878 ] ] ] } },
{ "type": "Feature", "properties": { "HYRIV_ID": 40786800, "NEXT_DOWN": 40786538, "MAIN_RIV": 41067217, "LENGTH_KM": 0.93, "DIST_DN_KM": 1366.1, "DIST_UP_KM": 2.3, "CATCH_SKM": 3.4100001, "UPLAND_SKM": 3.4, "ENDORHEIC": 0, "DIS_AV_CMS": 0.17, "ORD_STRA": 1, "ORD_CLAS": 5, "ORD_FLOW": 7, "HYBAS_L12": 4120830780.0, "Shape_Length": 0.0088388347649544369 }, "geometry": { "type": "MultiLineString", "coordinates": [ [ [ 83.366666666666248, 28.041666666666195 ], [ 83.372916666666384, 28.047916666666232 ] ] ] } },
{ "type": "Feature", "properties": { "HYRIV_ID": 40787065, "NEXT_DOWN": 40786537, "MAIN_RIV": 41067217, "LENGTH_KM": 3.96, "DIST_DN_KM": 1367.2, "DIST_UP_KM": 10.1, "CATCH_SKM": 7.96, "UPLAND_SKM": 23.5, "ENDORHEIC": 0, "DIS_AV_CMS": 1.173, "ORD_STRA": 2, "ORD_CLAS": 5, "ORD_FLOW": 6, "HYBAS_L12": 4120830780.0, "Shape_Length": 0.037796115882784517 }, "geometry": { "type": "MultiLineString", "coordinates": [ [ [ 83.339583333332968, 28.039583333332878 ], [ 83.352083333332899, 28.052083333332895 ], [ 83.356249999999562, 28.052083333332895 ], [ 83.360416666666225, 28.047916666666232 ], [ 83.364583333333002, 28.052083333332895 ], [ 83.364583333333002, 28.056249999999544 ] ] ] } },
{ "type": "Feature", "properties": { "HYRIV_ID": 40786538, "NEXT_DOWN": 40787066, "MAIN_RIV": 41067217, "LENGTH_KM": 1.23, "DIST_DN_KM": 1364.7, "DIST_UP_KM": 77.699997, "CATCH_SKM": 3.22, "UPLAND_SKM": 1871.9, "ENDORHEIC": 0, "DIS_AV_CMS": 104.544, "ORD_STRA": 5, "ORD_CLAS": 4, "ORD_FLOW": 4, "HYBAS_L12": 4120830780.0, "Shape_Length": 0.012499999999874944 }, "geometry": { "type": "MultiLineString", "coordinates": [ [ [ 83.372916666666384, 28.047916666666232 ], [ 83.385416666666259, 28.047916666666232 ] ] ] } },
{ "type": "Feature", "properties": { "HYRIV_ID": 40787064, "NEXT_DOWN": 40787065, "MAIN_RIV": 41067217, "LENGTH_KM": 4.83, "DIST_DN_KM": 1371.3, "DIST_UP_KM": 6.0, "CATCH_SKM": 11.94, "UPLAND_SKM": 11.9, "ENDORHEIC": 0, "DIS_AV_CMS": 0.589, "ORD_STRA": 1, "ORD_CLAS": 5, "ORD_FLOW": 7, "HYBAS_L12": 4120830780.0, "Shape_Length": 0.047349837627872794 }, "geometry": { "type": "MultiLineString", "coordinates": [ [ [ 83.299999999999585, 28.058333333332875 ], [ 83.314583333332934, 28.043749999999569 ], [ 83.335416666666305, 28.043749999999569 ], [ 83.339583333332968, 28.039583333332878 ] ] ] } },
{ "type": "Feature", "properties": { "HYRIV_ID": 40786537, "NEXT_DOWN": 40786538, "MAIN_RIV": 41067217, "LENGTH_KM": 1.24, "DIST_DN_KM": 1366.1, "DIST_UP_KM": 76.300003, "CATCH_SKM": 1.89, "UPLAND_SKM": 1865.3, "ENDORHEIC": 0, "DIS_AV_CMS": 103.71, "ORD_STRA": 5, "ORD_CLAS": 4, "ORD_FLOW": 4, "HYBAS_L12": 4120830780.0, "Shape_Length": 0.011785113019795219 }, "geometry": { "type": "MultiLineString", "coordinates": [ [ [ 83.364583333333002, 28.056249999999544 ], [ 83.372916666666384, 28.047916666666232 ] ] ] } },
{ "type": "Feature", "properties": { "HYRIV_ID": 40785988, "NEXT_DOWN": 40785198, "MAIN_RIV": 41067217, "LENGTH_KM": 2.01, "DIST_DN_KM": 1398.4, "DIST_UP_KM": 3.5, "CATCH_SKM": 5.87, "UPLAND_SKM": 5.9, "ENDORHEIC": 0, "DIS_AV_CMS": 0.267, "ORD_STRA": 1, "ORD_CLAS": 6, "ORD_FLOW": 7, "HYBAS_L12": 4120826750.0, "Shape_Length": 0.018898057941457932 }, "geometry": { "type": "MultiLineString", "coordinates": [ [ [ 83.179166666666248, 28.054166666666212 ], [ 83.18958333333299, 28.06458333333287 ], [ 83.18958333333299, 28.068749999999561 ] ] ] } },
{ "type": "Feature", "properties": { "HYRIV_ID": 40785989, "NEXT_DOWN": 40786537, "MAIN_RIV": 41067217, "LENGTH_KM": 2.52, "DIST_DN_KM": 1367.2, "DIST_UP_KM": 75.199997, "CATCH_SKM": 5.3, "UPLAND_SKM": 1839.9, "ENDORHEIC": 0, "DIS_AV_CMS": 102.108, "ORD_STRA": 5, "ORD_CLAS": 4, "ORD_FLOW": 4, "HYBAS_L12": 4120830780.0, "Shape_Length": 0.024285113019773801 }, "geometry": { "type": "MultiLineString", "coordinates": [ [ [ 83.34791666666635, 28.068749999999561 ], [ 83.352083333332899, 28.06458333333287 ], [ 83.360416666666225, 28.06458333333287 ], [ 83.364583333333002, 28.060416666666207 ], [ 83.364583333333002, 28.056249999999544 ] ] ] } },
{ "type": "Feature", "properties": { "HYRIV_ID": 40785714, "NEXT_DOWN": 40785989, "MAIN_RIV": 41067217, "LENGTH_KM": 4.21, "DIST_DN_KM": 1369.7, "DIST_UP_KM": 5.9, "CATCH_SKM": 9.2799997, "UPLAND_SKM": 9.3, "ENDORHEIC": 0, "DIS_AV_CMS": 0.468, "ORD_STRA": 1, "ORD_CLAS": 6, "ORD_FLOW": 7, "HYBAS_L12": 4120830780.0, "Shape_Length": 0.041457281118043941 }, "geometry": { "type": "MultiLineString", "coordinates": [ [ [ 83.312499999999574, 28.066666666666229 ], [ 83.318749999999653, 28.060416666666207 ], [ 83.335416666666305, 28.060416666666207 ], [ 83.343749999999687, 28.068749999999561 ], [ 83.34791666666635, 28.068749999999561 ] ] ] } },
{ "type": "Feature", "properties": { "HYRIV_ID": 40785445, "NEXT_DOWN": 40785198, "MAIN_RIV": 41067217, "LENGTH_KM": 0.93, "DIST_DN_KM": 1398.6, "DIST_UP_KM": 2.5, "CATCH_SKM": 5.3, "UPLAND_SKM": 5.3, "ENDORHEIC": 0, "DIS_AV_CMS": 0.24600001, "ORD_STRA": 1, "ORD_CLAS": 7, "ORD_FLOW": 7, "HYBAS_L12": 4120826750.0, "Shape_Length": 0.00883883476478361 }, "geometry": { "type": "MultiLineString", "coordinates": [ [ [ 83.195833333332899, 28.062499999999538 ], [ 83.18958333333299, 28.068749999999561 ] ] ] } },
{ "type": "Feature", "properties": { "HYRIV_ID": 40787364, "NEXT_DOWN": 40787625, "MAIN_RIV": 41067217, "LENGTH_KM": 2.1600001, "DIST_DN_KM": 1373.5, "DIST_UP_KM": 203.10001, "CATCH_SKM": 5.6799998, "UPLAND_SKM": 6765.5, "ENDORHEIC": 0, "DIS_AV_CMS": 249.173, "ORD_STRA": 5, "ORD_CLAS": 3, "ORD_FLOW": 4, "HYBAS_L12": 4120829520.0, "Shape_Length": 0.020118446353110924 }, "geometry": { "type": "MultiLineString", "coordinates": [ [ [ 83.560416666666271, 28.052083333332895 ], [ 83.560416666666271, 28.043749999999569 ], [ 83.568749999999596, 28.035416666666215 ] ] ] } },
{ "type": "Feature", "properties": { "HYRIV_ID": 40787068, "NEXT_DOWN": 40786267, "MAIN_RIV": 41067217, "LENGTH_KM": 2.1600001, "DIST_DN_KM": 1376.5, "DIST_UP_KM": 3.5, "CATCH_SKM": 5.12, "UPLAND_SKM": 5.1, "ENDORHEIC": 0, "DIS_AV_CMS": 0.28, "ORD_STRA": 1, "ORD_CLAS": 4, "ORD_FLOW": 7, "HYBAS_L12": 4120829520.0, "Shape_Length": 0.02062394778458888 }, "geometry": { "type": "MultiLineString", "coordinates": [ [ [ 83.537499999999653, 28.037499999999547 ], [ 83.552083333332945, 28.052083333332895 ] ] ] } },
{ "type": "Feature", "properties": { "HYRIV_ID": 40786802, "NEXT_DOWN": 40788201, "MAIN_RIV": 41067217, "LENGTH_KM": 1.23, "DIST_DN_KM": 1362.2, "DIST_UP_KM": 2.3, "CATCH_SKM": 2.84, "UPLAND_SKM": 2.8, "ENDORHEIC": 0, "DIS_AV_CMS": 0.153, "ORD_STRA": 1, "ORD_CLAS": 6, "ORD_FLOW": 7, "HYBAS_L12": 4120830780.0, "Shape_Length": 0.012142556509791586 }, "geometry": { "type": "MultiLineString", "coordinates": [ [ [ 83.462499999999551, 28.047916666666232 ], [ 83.456249999999642, 28.047916666666232 ], [ 83.452083333332979, 28.043749999999569 ] ] ] } },
{ "type": "Feature", "properties": { "HYRIV_ID": 40786801, "NEXT_DOWN": 40788201, "MAIN_RIV": 41067217, "LENGTH_KM": 1.78, "DIST_DN_KM": 1362.0, "DIST_UP_KM": 3.6, "CATCH_SKM": 5.87, "UPLAND_SKM": 5.9, "ENDORHEIC": 0, "DIS_AV_CMS": 0.31900001, "ORD_STRA": 1, "ORD_CLAS": 5, "ORD_FLOW": 7, "HYBAS_L12": 4120830780.0, "Shape_Length": 0.016309223176525518 }, "geometry": { "type": "MultiLineString", "coordinates": [ [ [ 83.456249999999642, 28.058333333332875 ], [ 83.456249999999642, 28.052083333332895 ], [ 83.452083333332979, 28.047916666666232 ], [ 83.452083333332979, 28.043749999999569 ] ] ] } },
{ "type": "Feature", "properties": { "HYRIV_ID": 40786267, "NEXT_DOWN": 40787364, "MAIN_RIV": 41067217, "LENGTH_KM": 0.82, "DIST_DN_KM": 1375.5, "DIST_UP_KM": 4.5, "CATCH_SKM": 0.95, "UPLAND_SKM": 9.1, "ENDORHEIC": 0, "DIS_AV_CMS": 0.50300002, "ORD_STRA": 2, "ORD_CLAS": 4, "ORD_FLOW": 7, "HYBAS_L12": 4120829520.0, "Shape_Length": 0.0083333333333257542 }, "geometry": { "type": "MultiLineString", "coordinates": [ [ [ 83.552083333332945, 28.052083333332895 ], [ 83.560416666666271, 28.052083333332895 ] ] ] } },
{ "type": "Feature", "properties": { "HYRIV_ID": 40786266, "NEXT_DOWN": 40786267, "MAIN_RIV": 41067217, "LENGTH_KM": 0.93, "DIST_DN_KM": 1376.5, "DIST_UP_KM": 2.9, "CATCH_SKM": 3.03, "UPLAND_SKM": 3.0, "ENDORHEIC": 0, "DIS_AV_CMS": 0.17, "ORD_STRA": 1, "ORD_CLAS": 5, "ORD_FLOW": 7, "HYBAS_L12": 4120829520.0, "Shape_Length": 0.0088388347647936592 }, "geometry": { "type": "MultiLineString", "coordinates": [ [ [ 83.545833333332979, 28.058333333332875 ], [ 83.552083333332945, 28.052083333332895 ] ] ] } },
{ "type": "Feature", "properties": { "HYRIV_ID": 40786268, "NEXT_DOWN": 40787364, "MAIN_RIV": 41067217, "LENGTH_KM": 1.08, "DIST_DN_KM": 1375.7, "DIST_UP_KM": 201.0, "CATCH_SKM": 1.33, "UPLAND_SKM": 6750.7002, "ENDORHEIC": 0, "DIS_AV_CMS": 247.944, "ORD_STRA": 5, "ORD_CLAS": 3, "ORD_FLOW": 4, "HYBAS_L12": 4120829520.0, "Shape_Length": 0.010059223176535365 }, "geometry": { "type": "MultiLineString", "coordinates": [ [ [ 83.564583333332934, 28.060416666666207 ], [ 83.564583333332934, 28.056249999999544 ], [ 83.560416666666271, 28.052083333332895 ] ] ] } },
{ "type": "Feature", "properties": { "HYRIV_ID": 40786265, "NEXT_DOWN": 40785447, "MAIN_RIV": 41067217, "LENGTH_KM": 2.01, "DIST_DN_KM": 1381.0, "DIST_UP_KM": 3.3, "CATCH_SKM": 5.12, "UPLAND_SKM": 5.1, "ENDORHEIC": 0, "DIS_AV_CMS": 0.281, "ORD_STRA": 1, "ORD_CLAS": 6, "ORD_FLOW": 7, "HYBAS_L12": 4120829520.0, "Shape_Length": 0.018898057941339072 }, "geometry": { "type": "MultiLineString", "coordinates": [ [ [ 83.516666666666282, 28.049999999999564 ], [ 83.522916666666248, 28.056249999999544 ], [ 83.522916666666248, 28.060416666666207 ], [ 83.527083333332911, 28.06458333333287 ] ] ] } },
{ "type": "Feature", "properties": { "HYRIV_ID": 40786539, "NEXT_DOWN": 40787066, "MAIN_RIV": 41067217, "LENGTH_KM": 7.29, "DIST_DN_KM": 1364.7, "DIST_UP_KM": 9.3, "CATCH_SKM": 14.96, "UPLAND_SKM": 15.0, "ENDORHEIC": 0, "DIS_AV_CMS": 0.806, "ORD_STRA": 1, "ORD_CLAS": 5, "ORD_FLOW": 7, "HYBAS_L12": 4120830780.0, "Shape_Length": 0.070772005725963982 }, "geometry": { "type": "MultiLineString", "coordinates": [ [ [ 83.437499999999574, 28.072916666666224 ], [ 83.431249999999608, 28.072916666666224 ], [ 83.427083333332945, 28.077083333332887 ], [ 83.422916666666282, 28.072916666666224 ], [ 83.410416666666237, 28.072916666666224 ], [ 83.406249999999574, 28.068749999999561 ], [ 83.402083333332911, 28.068749999999561 ], [ 83.397916666666248, 28.06458333333287 ], [ 83.393749999999585, 28.06458333333287 ], [ 83.385416666666259, 28.056249999999544 ], [ 83.385416666666259, 28.047916666666232 ] ] ] } },
{ "type": "Feature", "properties": { "HYRIV_ID": 40785715, "NEXT_DOWN": 40786268, "MAIN_RIV": 41067217, "LENGTH_KM": 2.46, "DIST_DN_KM": 1376.8, "DIST_UP_KM": 11.6, "CATCH_SKM": 5.1100001, "UPLAND_SKM": 60.0, "ENDORHEIC": 0, "DIS_AV_CMS": 3.4189999, "ORD_STRA": 3, "ORD_CLAS": 4, "ORD_FLOW": 6, "HYBAS_L12": 4120829520.0, "Shape_Length": 0.024285113019773801 }, "geometry": { "type": "MultiLineString", "coordinates": [ [ [ 83.543749999999619, 28.068749999999561 ], [ 83.552083333332945, 28.068749999999561 ], [ 83.556249999999608, 28.06458333333287 ], [ 83.560416666666271, 28.06458333333287 ], [ 83.564583333332934, 28.060416666666207 ] ] ] } },
{ "type": "Feature", "properties": { "HYRIV_ID": 40787063, "NEXT_DOWN": 40787361, "MAIN_RIV": 41067217, "LENGTH_KM": 0.69, "DIST_DN_KM": 1399.7, "DIST_UP_KM": 2.6, "CATCH_SKM": 3.98, "UPLAND_SKM": 4.0, "ENDORHEIC": 0, "DIS_AV_CMS": 0.168, "ORD_STRA": 1, "ORD_CLAS": 5, "ORD_FLOW": 7, "HYBAS_L12": 4120831510.0, "Shape_Length": 0.0062500000000227374 }, "geometry": { "type": "MultiLineString", "coordinates": [ [ [ 83.093749999999574, 28.045833333332901 ], [ 83.093749999999574, 28.039583333332878 ] ] ] } },
{ "type": "Feature", "properties": { "HYRIV_ID": 40786799, "NEXT_DOWN": 40788450, "MAIN_RIV": 41067217, "LENGTH_KM": 5.0300002, "DIST_DN_KM": 1650.9, "DIST_UP_KM": 6.6, "CATCH_SKM": 19.889999, "UPLAND_SKM": 19.9, "ENDORHEIC": 0, "DIS_AV_CMS": 0.806, "ORD_STRA": 1, "ORD_CLAS": 6, "ORD_FLOW": 7, "HYBAS_L12": 4120830080.0, "Shape_Length": 0.04892766952962091 }, "geometry": { "type": "MultiLineString", "coordinates": [ [ [ 83.058333333332911, 28.06458333333287 ], [ 83.039583333332956, 28.06458333333287 ], [ 83.035555613893237, 28.060555613893143 ] ] ] } },
{ "type": "Feature", "properties": { "HYRIV_ID": 40784915, "NEXT_DOWN": 40783366, "MAIN_RIV": 41067217, "LENGTH_KM": 3.32, "DIST_DN_KM": 1401.8, "DIST_UP_KM": 5.0, "CATCH_SKM": 10.42, "UPLAND_SKM": 10.4, "ENDORHEIC": 0, "DIS_AV_CMS": 0.457, "ORD_STRA": 1, "ORD_CLAS": 7, "ORD_FLOW": 7, "HYBAS_L12": 4120826750.0, "Shape_Length": 0.030535113019762229 }, "geometry": { "type": "MultiLineString", "coordinates": [ [ [ 83.127083333332934, 28.070833333332892 ], [ 83.127083333332934, 28.081249999999535 ], [ 83.122916666666271, 28.085416666666198 ], [ 83.122916666666271, 28.093749999999552 ], [ 83.127083333332934, 28.097916666666215 ] ] ] } },
{ "type": "Feature", "properties": { "HYRIV_ID": 40784382, "NEXT_DOWN": 40783646, "MAIN_RIV": 41067217, "LENGTH_KM": 2.01, "DIST_DN_KM": 1396.7, "DIST_UP_KM": 3.8, "CATCH_SKM": 6.6300001, "UPLAND_SKM": 6.6, "ENDORHEIC": 0, "DIS_AV_CMS": 0.299, "ORD_STRA": 1, "ORD_CLAS": 6, "ORD_FLOW": 7, "HYBAS_L12": 4120826750.0, "Shape_Length": 0.018898057941355011 }, "geometry": { "type": "MultiLineString", "coordinates": [ [ [ 83.154166666666328, 28.079166666666218 ], [ 83.164583333332956, 28.089583333332904 ], [ 83.164583333332956, 28.093749999999552 ] ] ] } },
{ "type": "Feature", "properties": { "HYRIV_ID": 40784150, "NEXT_DOWN": 40783644, "MAIN_RIV": 41067217, "LENGTH_KM": 1.16, "DIST_DN_KM": 1404.7, "DIST_UP_KM": 3.2, "CATCH_SKM": 3.6, "UPLAND_SKM": 3.6, "ENDORHEIC": 0, "DIS_AV_CMS": 0.154, "ORD_STRA": 1, "ORD_CLAS": 6, "ORD_FLOW": 7, "HYBAS_L12": 4120826750.0, "Shape_Length": 0.010416666666685614 }, "geometry": { "type": "MultiLineString", "coordinates": [ [ [ 83.09791666666635, 28.083333333332867 ], [ 83.09791666666635, 28.093749999999552 ] ] ] } },
{ "type": "Feature", "properties": { "HYRIV_ID": 40783910, "NEXT_DOWN": 40783644, "MAIN_RIV": 41067217, "LENGTH_KM": 0.93, "DIST_DN_KM": 1404.9, "DIST_UP_KM": 2.9, "CATCH_SKM": 4.54, "UPLAND_SKM": 4.5, "ENDORHEIC": 0, "DIS_AV_CMS": 0.193, "ORD_STRA": 1, "ORD_CLAS": 7, "ORD_FLOW": 7, "HYBAS_L12": 4120826750.0, "Shape_Length": 0.0088388347649041941 }, "geometry": { "type": "MultiLineString", "coordinates": [ [ [ 83.091666666666271, 28.08749999999953 ], [ 83.09791666666635, 28.093749999999552 ] ] ] } },
{ "type": "Feature", "properties": { "HYRIV_ID": 40783646, "NEXT_DOWN": 40783647, "MAIN_RIV": 41067217, "LENGTH_KM": 1.64, "DIST_DN_KM": 1395.0, "DIST_UP_KM": 24.3, "CATCH_SKM": 3.6, "UPLAND_SKM": 107.3, "ENDORHEIC": 0, "DIS_AV_CMS": 4.9349999, "ORD_STRA": 3, "ORD_CLAS": 5, "ORD_FLOW": 6, "HYBAS_L12": 4120826750.0, "Shape_Length": 0.016666666666651508 }, "geometry": { "type": "MultiLineString", "coordinates": [ [ [ 83.164583333332956, 28.093749999999552 ], [ 83.181249999999608, 28.093749999999552 ] ] ] } },
{ "type": "Feature", "properties": { "HYRIV_ID": 40783644, "NEXT_DOWN": 40783366, "MAIN_RIV": 41067217, "LENGTH_KM": 3.07, "DIST_DN_KM": 1401.6, "DIST_UP_KM": 6.3, "CATCH_SKM": 5.6799998, "UPLAND_SKM": 13.8, "ENDORHEIC": 0, "DIS_AV_CMS": 0.60100001, "ORD_STRA": 2, "ORD_CLAS": 6, "ORD_FLOW": 7, "HYBAS_L12": 4120826750.0, "Shape_Length": 0.030892556509786305 }, "geometry": { "type": "MultiLineString", "coordinates": [ [ [ 83.09791666666635, 28.093749999999552 ], [ 83.118749999999551, 28.093749999999552 ], [ 83.122916666666271, 28.097916666666215 ], [ 83.127083333332934, 28.097916666666215 ] ] ] } },
{ "type": "Feature", "properties": { "HYRIV_ID": 40781812, "NEXT_DOWN": 40781811, "MAIN_RIV": 41067217, "LENGTH_KM": 1.03, "DIST_DN_KM": 1689.5, "DIST_UP_KM": 10.8, "CATCH_SKM": 3.6, "UPLAND_SKM": 34.8, "ENDORHEIC": 0, "DIS_AV_CMS": 1.506, "ORD_STRA": 2, "ORD_CLAS": 6, "ORD_FLOW": 6, "HYBAS_L12": 4120825660.0, "Shape_Length": 0.010059223176615754 }, "geometry": { "type": "MultiLineString", "coordinates": [ [ [ 83.035416666666293, 28.127083333332912 ], [ 83.031249999999631, 28.127083333332912 ], [ 83.027083333332911, 28.122916666666207 ] ] ] } },
{ "type": "Feature", "properties": { "HYRIV_ID": 40781531, "NEXT_DOWN": 40781812, "MAIN_RIV": 41067217, "LENGTH_KM": 1.43, "DIST_DN_KM": 1690.4, "DIST_UP_KM": 3.3, "CATCH_SKM": 5.3, "UPLAND_SKM": 5.3, "ENDORHEIC": 0, "DIS_AV_CMS": 0.225, "ORD_STRA": 1, "ORD_CLAS": 7, "ORD_FLOW": 7, "HYBAS_L12": 4120825660.0, "Shape_Length": 0.014583333333291648 }, "geometry": { "type": "MultiLineString", "coordinates": [ [ [ 83.049999999999585, 28.127083333332912 ], [ 83.035416666666293, 28.127083333332912 ] ] ] } },
{ "type": "Feature", "properties": { "HYRIV_ID": 40781243, "NEXT_DOWN": 40782314, "MAIN_RIV": 41067217, "LENGTH_KM": 2.05, "DIST_DN_KM": 1403.9, "DIST_UP_KM": 4.1, "CATCH_SKM": 6.4400001, "UPLAND_SKM": 6.4, "ENDORHEIC": 0, "DIS_AV_CMS": 0.28600001, "ORD_STRA": 1, "ORD_CLAS": 6, "ORD_FLOW": 7, "HYBAS_L12": 4120826750.0, "Shape_Length": 0.02047588984322098 }, "geometry": { "type": "MultiLineString", "coordinates": [ [ [ 83.095833333332934, 28.135416666666224 ], [ 83.106249999999562, 28.135416666666224 ], [ 83.110416666666225, 28.131249999999575 ], [ 83.114583333332945, 28.131249999999575 ] ] ] } },
{ "type": "Feature", "properties": { "HYRIV_ID": 40781532, "NEXT_DOWN": 40782064, "MAIN_RIV": 41067217, "LENGTH_KM": 4.0100002, "DIST_DN_KM": 1394.2, "DIST_UP_KM": 15.8, "CATCH_SKM": 11.55, "UPLAND_SKM": 72.300003, "ENDORHEIC": 0, "DIS_AV_CMS": 3.4860001, "ORD_STRA": 2, "ORD_CLAS": 6, "ORD_FLOW": 6, "HYBAS_L12": 4120826510.0, "Shape_Length": 0.038511002862977928 }, "geometry": { "type": "MultiLineString", "coordinates": [ [ [ 83.152083333332911, 28.147916666666198 ], [ 83.156249999999574, 28.14374999999955 ], [ 83.156249999999574, 28.139583333332887 ], [ 83.160416666666237, 28.135416666666224 ], [ 83.160416666666237, 28.131249999999575 ], [ 83.164583333332956, 28.127083333332912 ], [ 83.177083333332945, 28.127083333332912 ] ] ] } },
{ "type": "Feature", "properties": { "HYRIV_ID": 40781530, "NEXT_DOWN": 40781812, "MAIN_RIV": 41067217, "LENGTH_KM": 4.6799998, "DIST_DN_KM": 1690.6, "DIST_UP_KM": 9.8, "CATCH_SKM": 10.98, "UPLAND_SKM": 25.9, "ENDORHEIC": 0, "DIS_AV_CMS": 1.128, "ORD_STRA": 2, "ORD_CLAS": 6, "ORD_FLOW": 6, "HYBAS_L12": 4120825660.0, "Shape_Length": 0.04440355937294746 }, "geometry": { "type": "MultiLineString", "coordinates": [ [ [ 83.052083333332945, 28.156249999999567 ], [ 83.056249999999665, 28.152083333332861 ], [ 83.056249999999665, 28.14374999999955 ], [ 83.052083333332945, 28.14374999999955 ], [ 83.047916666666282, 28.139583333332887 ], [ 83.047916666666282, 28.135416666666224 ], [ 83.043749999999619, 28.131249999999575 ], [ 83.039583333332956, 28.131249999999575 ], [ 83.035416666666293, 28.127083333332912 ] ] ] } },
{ "type": "Feature", "properties": { "HYRIV_ID": 40780701, "NEXT_DOWN": 40781532, "MAIN_RIV": 41067217, "LENGTH_KM": 1.6900001, "DIST_DN_KM": 1398.3, "DIST_UP_KM": 3.4, "CATCH_SKM": 4.73, "UPLAND_SKM": 4.7, "ENDORHEIC": 0, "DIS_AV_CMS": 0.22, "ORD_STRA": 1, "ORD_CLAS": 7, "ORD_FLOW": 7, "HYBAS_L12": 4120826510.0, "Shape_Length": 0.016309223176553939 }, "geometry": { "type": "MultiLineString", "coordinates": [ [ [ 83.141666666666225, 28.139583333332887 ], [ 83.147916666666248, 28.139583333332887 ], [ 83.152083333332911, 28.14374999999955 ], [ 83.152083333332911, 28.147916666666198 ] ] ] } },
{ "type": "Feature", "properties": { "HYRIV_ID": 40786804, "NEXT_DOWN": 40787628, "MAIN_RIV": 41067217, "LENGTH_KM": 1.62, "DIST_DN_KM": 1374.4, "DIST_UP_KM": 3.6, "CATCH_SKM": 7.0100002, "UPLAND_SKM": 7.0, "ENDORHEIC": 0, "DIS_AV_CMS": 0.415, "ORD_STRA": 1, "ORD_CLAS": 5, "ORD_FLOW": 7, "HYBAS_L12": 4120829530.0, "Shape_Length": 0.014583333333305859 }, "geometry": { "type": "MultiLineString", "coordinates": [ [ [ 83.63124999999971, 28.054119348271403 ], [ 83.63124999999971, 28.043749999999569 ] ] ] } },
{ "type": "Feature", "properties": { "HYRIV_ID": 40785446, "NEXT_DOWN": 40785447, "MAIN_RIV": 41067217, "LENGTH_KM": 2.95, "DIST_DN_KM": 1381.0, "DIST_UP_KM": 4.4, "CATCH_SKM": 4.3600001, "UPLAND_SKM": 4.4, "ENDORHEIC": 0, "DIS_AV_CMS": 0.241, "ORD_STRA": 1, "ORD_CLAS": 5, "ORD_FLOW": 7, "HYBAS_L12": 4120829520.0, "Shape_Length": 0.02880922317657688 }, "geometry": { "type": "MultiLineString", "coordinates": [ [ [ 83.506249999999596, 28.062499999999538 ], [ 83.506249999999596, 28.068749999999561 ], [ 83.522916666666248, 28.068749999999561 ], [ 83.527083333332911, 28.06458333333287 ] ] ] } },
{ "type": "Feature", "properties": { "HYRIV_ID": 40785447, "NEXT_DOWN": 40785715, "MAIN_RIV": 41067217, "LENGTH_KM": 1.84, "DIST_DN_KM": 1379.0, "DIST_UP_KM": 6.4, "CATCH_SKM": 2.6500001, "UPLAND_SKM": 12.1, "ENDORHEIC": 0, "DIS_AV_CMS": 0.672, "ORD_STRA": 2, "ORD_CLAS": 5, "ORD_FLOW": 7, "HYBAS_L12": 4120829520.0, "Shape_Length": 0.018392556509948109 }, "geometry": { "type": "MultiLineString", "coordinates": [ [ [ 83.527083333332911, 28.06458333333287 ], [ 83.535416666666237, 28.06458333333287 ], [ 83.539583333332899, 28.068749999999561 ], [ 83.543749999999619, 28.068749999999561 ] ] ] } },
{ "type": "Feature", "properties": { "HYRIV_ID": 40785716, "NEXT_DOWN": 40786268, "MAIN_RIV": 41067217, "LENGTH_KM": 2.32, "DIST_DN_KM": 1376.6, "DIST_UP_KM": 200.10001, "CATCH_SKM": 5.6799998, "UPLAND_SKM": 6689.3999, "ENDORHEIC": 0, "DIS_AV_CMS": 244.246, "ORD_STRA": 5, "ORD_CLAS": 3, "ORD_FLOW": 4, "HYBAS_L12": 4120829520.0, "Shape_Length": 0.021844336196330583 }, "geometry": { "type": "MultiLineString", "coordinates": [ [ [ 83.577083333332922, 28.077083333332887 ], [ 83.564583333332934, 28.06458333333287 ], [ 83.564583333332934, 28.060416666666207 ] ] ] } },
{ "type": "Feature", "properties": { "HYRIV_ID": 40785202, "NEXT_DOWN": 40785716, "MAIN_RIV": 41067217, "LENGTH_KM": 2.51, "DIST_DN_KM": 1378.9, "DIST_UP_KM": 4.8, "CATCH_SKM": 4.7399998, "UPLAND_SKM": 4.7, "ENDORHEIC": 0, "DIS_AV_CMS": 0.278, "ORD_STRA": 1, "ORD_CLAS": 4, "ORD_FLOW": 7, "HYBAS_L12": 4120829520.0, "Shape_Length": 0.024642556509837061 }, "geometry": { "type": "MultiLineString", "coordinates": [ [ [ 83.595833333332877, 28.068749999999561 ], [ 83.585416666666305, 28.068749999999561 ], [ 83.581249999999642, 28.072916666666224 ], [ 83.581249999999642, 28.077083333332887 ], [ 83.577083333332922, 28.077083333332887 ] ] ] } },
{ "type": "Feature", "properties": { "HYRIV_ID": 40785201, "NEXT_DOWN": 40785715, "MAIN_RIV": 41067217, "LENGTH_KM": 1.24, "DIST_DN_KM": 1379.2, "DIST_UP_KM": 9.1, "CATCH_SKM": 1.14, "UPLAND_SKM": 42.8, "ENDORHEIC": 0, "DIS_AV_CMS": 2.447, "ORD_STRA": 2, "ORD_CLAS": 4, "ORD_FLOW": 6, "HYBAS_L12": 4120829520.0, "Shape_Length": 0.011785113019805267 }, "geometry": { "type": "MultiLineString", "coordinates": [ [ [ 83.535416666666237, 28.077083333332887 ], [ 83.543749999999619, 28.068749999999561 ] ] ] } },
{ "type": "Feature", "properties": { "HYRIV_ID": 40784648, "NEXT_DOWN": 40784386, "MAIN_RIV": 41067217, "LENGTH_KM": 0.69, "DIST_DN_KM": 1385.4, "DIST_UP_KM": 2.8, "CATCH_SKM": 3.79, "UPLAND_SKM": 3.8, "ENDORHEIC": 0, "DIS_AV_CMS": 0.20900001, "ORD_STRA": 1, "ORD_CLAS": 5, "ORD_FLOW": 7, "HYBAS_L12": 4120829520.0, "Shape_Length": 0.0062499999999801048 }, "geometry": { "type": "MultiLineString", "coordinates": [ [ [ 83.489583333333002, 28.074999999999555 ], [ 83.489583333333002, 28.081249999999535 ] ] ] } },
{ "type": "Feature", "properties": { "HYRIV_ID": 40784652, "NEXT_DOWN": 40785716, "MAIN_RIV": 41067217, "LENGTH_KM": 0.62, "DIST_DN_KM": 1379.1, "DIST_UP_KM": 197.60001, "CATCH_SKM": 0.38, "UPLAND_SKM": 6678.8999, "ENDORHEIC": 0, "DIS_AV_CMS": 243.239, "ORD_STRA": 5, "ORD_CLAS": 3, "ORD_FLOW": 4, "HYBAS_L12": 4121462310.0, "Shape_Length": 0.0058925565099126826 }, "geometry": { "type": "MultiLineString", "coordinates": [ [ [ 83.581249999999642, 28.081249999999535 ], [ 83.577083333332922, 28.077083333332887 ] ] ] } },
{ "type": "Feature", "properties": { "HYRIV_ID": 40784649, "NEXT_DOWN": 40785201, "MAIN_RIV": 41067217, "LENGTH_KM": 2.87, "DIST_DN_KM": 1380.3, "DIST_UP_KM": 8.1, "CATCH_SKM": 7.0100002, "UPLAND_SKM": 36.5, "ENDORHEIC": 0, "DIS_AV_CMS": 2.0829999, "ORD_STRA": 2, "ORD_CLAS": 4, "ORD_FLOW": 6, "HYBAS_L12": 4120829520.0, "Shape_Length": 0.028451779686406532 }, "geometry": { "type": "MultiLineString", "coordinates": [ [ [ 83.510416666666259, 28.085416666666198 ], [ 83.514583333332922, 28.081249999999535 ], [ 83.522916666666248, 28.081249999999535 ], [ 83.527083333332911, 28.077083333332887 ], [ 83.535416666666237, 28.077083333332887 ] ] ] } },
{ "type": "Feature", "properties": { "HYRIV_ID": 40784651, "NEXT_DOWN": 40785201, "MAIN_RIV": 41067217, "LENGTH_KM": 1.31, "DIST_DN_KM": 1380.4, "DIST_UP_KM": 2.3, "CATCH_SKM": 2.6500001, "UPLAND_SKM": 2.7, "ENDORHEIC": 0, "DIS_AV_CMS": 0.154, "ORD_STRA": 1, "ORD_CLAS": 6, "ORD_FLOW": 7, "HYBAS_L12": 4120829520.0, "Shape_Length": 0.012142556509866804 }, "geometry": { "type": "MultiLineString", "coordinates": [ [ [ 83.539583333332899, 28.08749999999953 ], [ 83.539583333332899, 28.081249999999535 ], [ 83.535416666666237, 28.077083333332887 ] ] ] } },
{ "type": "Feature", "properties": { "HYRIV_ID": 40784650, "NEXT_DOWN": 40785201, "MAIN_RIV": 41067217, "LENGTH_KM": 1.16, "DIST_DN_KM": 1380.3, "DIST_UP_KM": 3.6, "CATCH_SKM": 2.46, "UPLAND_SKM": 2.5, "ENDORHEIC": 0, "DIS_AV_CMS": 0.14300001, "ORD_STRA": 1, "ORD_CLAS": 5, "ORD_FLOW": 7, "HYBAS_L12": 4120829520.0, "Shape_Length": 0.010416666666642982 }, "geometry": { "type": "MultiLineString", "coordinates": [ [ [ 83.535416666666237, 28.08749999999953 ], [ 83.535416666666237, 28.077083333332887 ] ] ] } },
{ "type": "Feature", "properties": { "HYRIV_ID": 40784916, "NEXT_DOWN": 40784151, "MAIN_RIV": 41067217, "LENGTH_KM": 1.62, "DIST_DN_KM": 1387.8, "DIST_UP_KM": 3.8, "CATCH_SKM": 4.1700001, "UPLAND_SKM": 4.2, "ENDORHEIC": 0, "DIS_AV_CMS": 0.2, "ORD_STRA": 1, "ORD_CLAS": 6, "ORD_FLOW": 7, "HYBAS_L12": 4120826520.0, "Shape_Length": 0.014583333333305859 }, "geometry": { "type": "MultiLineString", "coordinates": [ [ [ 83.235416666666225, 28.070833333332892 ], [ 83.235416666666225, 28.085416666666198 ] ] ] } },
{ "type": "Feature", "properties": { "HYRIV_ID": 40785199, "NEXT_DOWN": 40785989, "MAIN_RIV": 41067217, "LENGTH_KM": 2.6300001, "DIST_DN_KM": 1369.7, "DIST_UP_KM": 72.699997, "CATCH_SKM": 6.8200002, "UPLAND_SKM": 1693.2, "ENDORHEIC": 0, "DIS_AV_CMS": 92.724998, "ORD_STRA": 5, "ORD_CLAS": 4, "ORD_FLOW": 5, "HYBAS_L12": 4120827730.0, "Shape_Length": 0.024285113019813995 }, "geometry": { "type": "MultiLineString", "coordinates": [ [ [ 83.339583333332968, 28.089583333332904 ], [ 83.343749999999687, 28.085416666666198 ], [ 83.343749999999687, 28.081249999999535 ], [ 83.34791666666635, 28.077083333332887 ], [ 83.34791666666635, 28.068749999999561 ] ] ] } },
{ "type": "Feature", "properties": { "HYRIV_ID": 40785200, "NEXT_DOWN": 40785989, "MAIN_RIV": 41067217, "LENGTH_KM": 7.39, "DIST_DN_KM": 1369.7, "DIST_UP_KM": 24.6, "CATCH_SKM": 17.23, "UPLAND_SKM": 132.10001, "ENDORHEIC": 0, "DIS_AV_CMS": 7.8239999, "ORD_STRA": 3, "ORD_CLAS": 5, "ORD_FLOW": 6, "HYBAS_L12": 4120827890.0, "Shape_Length": 0.072855339059164373 }, "geometry": { "type": "MultiLineString", "coordinates": [ [ [ 83.410416666666237, 28.093749999999552 ], [ 83.397916666666248, 28.093749999999552 ], [ 83.385416666666259, 28.081249999999535 ], [ 83.381249999999596, 28.081249999999535 ], [ 83.377083333332877, 28.077083333332887 ], [ 83.364583333333002, 28.077083333332887 ], [ 83.360416666666225, 28.072916666666224 ], [ 83.356249999999562, 28.072916666666224 ], [ 83.352083333332899, 28.068749999999561 ], [ 83.34791666666635, 28.068749999999561 ] ] ] } },
{ "type": "Feature", "properties": { "HYRIV_ID": 40785198, "NEXT_DOWN": 40783647, "MAIN_RIV": 41067217, "LENGTH_KM": 3.4, "DIST_DN_KM": 1395.0, "DIST_UP_KM": 6.9, "CATCH_SKM": 7.96, "UPLAND_SKM": 19.1, "ENDORHEIC": 0, "DIS_AV_CMS": 0.884, "ORD_STRA": 2, "ORD_CLAS": 6, "ORD_FLOW": 7, "HYBAS_L12": 4120826750.0, "Shape_Length": 0.031903559372901985 }, "geometry": { "type": "MultiLineString", "coordinates": [ [ [ 83.18958333333299, 28.068749999999561 ], [ 83.18958333333299, 28.072916666666224 ], [ 83.177083333332945, 28.085416666666198 ], [ 83.181249999999608, 28.089583333332904 ], [ 83.181249999999608, 28.093749999999552 ] ] ] } },
{ "type": "Feature", "properties": { "HYRIV_ID": 40784383, "NEXT_DOWN": 40784151, "MAIN_RIV": 41067217, "LENGTH_KM": 0.93, "DIST_DN_KM": 1388.0, "DIST_UP_KM": 2.8, "CATCH_SKM": 3.6, "UPLAND_SKM": 3.6, "ENDORHEIC": 0, "DIS_AV_CMS": 0.171, "ORD_STRA": 1, "ORD_CLAS": 7, "ORD_FLOW": 7, "HYBAS_L12": 4120826520.0, "Shape_Length": 0.0088388347647936592 }, "geometry": { "type": "MultiLineString", "coordinates": [ [ [ 83.229166666666259, 28.079166666666218 ], [ 83.235416666666225, 28.085416666666198 ] ] ] } },
{ "type": "Feature", "properties": { "HYRIV_ID": 40784384, "NEXT_DOWN": 40785199, "MAIN_RIV": 41067217, "LENGTH_KM": 1.39, "DIST_DN_KM": 1372.4, "DIST_UP_KM": 2.7, "CATCH_SKM": 2.6500001, "UPLAND_SKM": 2.7, "ENDORHEIC": 0, "DIS_AV_CMS": 0.13500001, "ORD_STRA": 1, "ORD_CLAS": 5, "ORD_FLOW": 7, "HYBAS_L12": 4120827730.0, "Shape_Length": 0.013005501431539362 }, "geometry": { "type": "MultiLineString", "coordinates": [ [ [ 83.333333333332945, 28.079166666666218 ], [ 83.339583333332968, 28.085416666666198 ], [ 83.339583333332968, 28.089583333332904 ] ] ] } },
{ "type": "Feature", "properties": { "HYRIV_ID": 40783912, "NEXT_DOWN": 40783367, "MAIN_RIV": 41067217, "LENGTH_KM": 1.31, "DIST_DN_KM": 1386.1, "DIST_UP_KM": 2.9, "CATCH_SKM": 3.6, "UPLAND_SKM": 3.6, "ENDORHEIC": 0, "DIS_AV_CMS": 0.178, "ORD_STRA": 1, "ORD_CLAS": 6, "ORD_FLOW": 7, "HYBAS_L12": 4120826520.0, "Shape_Length": 0.012142556509905273 }, "geometry": { "type": "MultiLineString", "coordinates": [ [ [ 83.268749999999585, 28.08749999999953 ], [ 83.268749999999585, 28.093749999999552 ], [ 83.264583333332922, 28.097916666666215 ] ] ] } },
{ "type": "Feature", "properties": { "HYRIV_ID": 40783911, "NEXT_DOWN": 40783648, "MAIN_RIV": 41067217, "LENGTH_KM": 1.39, "DIST_DN_KM": 1392.8, "DIST_UP_KM": 2.8, "CATCH_SKM": 3.98, "UPLAND_SKM": 4.0, "ENDORHEIC": 0, "DIS_AV_CMS": 0.188, "ORD_STRA": 1, "ORD_CLAS": 6, "ORD_FLOW": 7, "HYBAS_L12": 4120826750.0, "Shape_Length": 0.013005501431486682 }, "geometry": { "type": "MultiLineString", "coordinates": [ [ [ 83.208333333332945, 28.08749999999953 ], [ 83.202083333332979, 28.093749999999552 ], [ 83.202083333332979, 28.097916666666215 ] ] ] } },
{ "type": "Feature", "properties": { "HYRIV_ID": 40784152, "NEXT_DOWN": 40783079, "MAIN_RIV": 41067217, "LENGTH_KM": 3.6, "DIST_DN_KM": 1377.7, "DIST_UP_KM": 5.6, "CATCH_SKM": 8.5200005, "UPLAND_SKM": 8.5, "ENDORHEIC": 0, "DIS_AV_CMS": 0.43, "ORD_STRA": 1, "ORD_CLAS": 5, "ORD_FLOW": 7, "HYBAS_L12": 4120827730.0, "Shape_Length": 0.034849837627827313 }, "geometry": { "type": "MultiLineString", "coordinates": [ [ [ 83.287499999999653, 28.083333333332867 ], [ 83.302083333332945, 28.097916666666215 ], [ 83.306249999999608, 28.097916666666215 ], [ 83.310416666666271, 28.102083333332921 ], [ 83.314583333332934, 28.102083333332921 ] ] ] } },
{ "type": "Feature", "properties": { "HYRIV_ID": 40783914, "NEXT_DOWN": 40785199, "MAIN_RIV": 41067217, "LENGTH_KM": 1.08, "DIST_DN_KM": 1372.5, "DIST_UP_KM": 69.900002, "CATCH_SKM": 0.95, "UPLAND_SKM": 1683.7, "ENDORHEIC": 0, "DIS_AV_CMS": 91.492996, "ORD_STRA": 5, "ORD_CLAS": 4, "ORD_FLOW": 5, "HYBAS_L12": 4120827730.0, "Shape_Length": 0.010059223176535365 }, "geometry": { "type": "MultiLineString", "coordinates": [ [ [ 83.335416666666305, 28.097916666666215 ], [ 83.335416666666305, 28.093749999999552 ], [ 83.339583333332968, 28.089583333332904 ] ] ] } },
{ "type": "Feature", "properties": { "HYRIV_ID": 40784385, "NEXT_DOWN": 40784386, "MAIN_RIV": 41067217, "LENGTH_KM": 1.23, "DIST_DN_KM": 1385.6, "DIST_UP_KM": 2.8, "CATCH_SKM": 7.0100002, "UPLAND_SKM": 7.0, "ENDORHEIC": 0, "DIS_AV_CMS": 0.394, "ORD_STRA": 1, "ORD_CLAS": 4, "ORD_FLOW": 7, "HYBAS_L12": 4120829520.0, "Shape_Length": 0.01214255650992882 }, "geometry": { "type": "MultiLineString", "coordinates": [ [ [ 83.479166666666259, 28.085416666666198 ], [ 83.485416666666225, 28.085416666666198 ], [ 83.489583333333002, 28.081249999999535 ] ] ] } },
{ "type": "Feature", "properties": { "HYRIV_ID": 40784386, "NEXT_DOWN": 40784649, "MAIN_RIV": 41067217, "LENGTH_KM": 2.25, "DIST_DN_KM": 1383.3, "DIST_UP_KM": 5.0, "CATCH_SKM": 5.87, "UPLAND_SKM": 16.700001, "ENDORHEIC": 0, "DIS_AV_CMS": 0.935, "ORD_STRA": 2, "ORD_CLAS": 4, "ORD_FLOW": 7, "HYBAS_L12": 4120829520.0, "Shape_Length": 0.022559223176477201 }, "geometry": { "type": "MultiLineString", "coordinates": [ [ [ 83.489583333333002, 28.081249999999535 ], [ 83.506249999999596, 28.081249999999535 ], [ 83.510416666666259, 28.085416666666198 ] ] ] } },
{ "type": "Feature", "properties": { "HYRIV_ID": 40784388, "NEXT_DOWN": 40784652, "MAIN_RIV": 41067217, "LENGTH_KM": 3.6, "DIST_DN_KM": 1379.5, "DIST_UP_KM": 197.10001, "CATCH_SKM": 10.23, "UPLAND_SKM": 6642.3999, "ENDORHEIC": 0, "DIS_AV_CMS": 240.94501, "ORD_STRA": 5, "ORD_CLAS": 3, "ORD_FLOW": 4, "HYBAS_L12": 4121462310.0, "Shape_Length": 0.034344336196361847 }, "geometry": { "type": "MultiLineString", "coordinates": [ [ [ 83.602083333332956, 28.102083333332921 ], [ 83.602083333332956, 28.097916666666215 ], [ 83.589583333332968, 28.085416666666198 ], [ 83.589583333332968, 28.081249999999535 ], [ 83.581249999999642, 28.081249999999535 ] ] ] } },
{ "type": "Feature", "properties": { "HYRIV_ID": 40784153, "NEXT_DOWN": 40784649, "MAIN_RIV": 41067217, "LENGTH_KM": 2.1600001, "DIST_DN_KM": 1383.3, "DIST_UP_KM": 3.4, "CATCH_SKM": 5.4899998, "UPLAND_SKM": 5.5, "ENDORHEIC": 0, "DIS_AV_CMS": 0.315, "ORD_STRA": 1, "ORD_CLAS": 6, "ORD_FLOW": 7, "HYBAS_L12": 4120829520.0, "Shape_Length": 0.020623947784629074 }, "geometry": { "type": "MultiLineString", "coordinates": [ [ [ 83.495833333332911, 28.099999999999547 ], [ 83.510416666666259, 28.085416666666198 ] ] ] } },
{ "type": "Feature", "properties": { "HYRIV_ID": 40783915, "NEXT_DOWN": 40783651, "MAIN_RIV": 41067217, "LENGTH_KM": 1.85, "DIST_DN_KM": 1378.3, "DIST_UP_KM": 3.9, "CATCH_SKM": 3.6, "UPLAND_SKM": 3.6, "ENDORHEIC": 0, "DIS_AV_CMS": 0.198, "ORD_STRA": 1, "ORD_CLAS": 7, "ORD_FLOW": 7, "HYBAS_L12": 4120827890.0, "Shape_Length": 0.018035113019720918 }, "geometry": { "type": "MultiLineString", "coordinates": [ [ [ 83.433333333332911, 28.089583333332904 ], [ 83.427083333332945, 28.089583333332904 ], [ 83.418749999999619, 28.097916666666215 ] ] ] } },
{ "type": "Feature", "properties": { "HYRIV_ID": 40783651, "NEXT_DOWN": 40785200, "MAIN_RIV": 41067217, "LENGTH_KM": 1.03, "DIST_DN_KM": 1377.0, "DIST_UP_KM": 8.4, "CATCH_SKM": 2.27, "UPLAND_SKM": 21.0, "ENDORHEIC": 0, "DIS_AV_CMS": 1.182, "ORD_STRA": 2, "ORD_CLAS": 6, "ORD_FLOW": 6, "HYBAS_L12": 4120827890.0, "Shape_Length": 0.010059223176585608 }, "geometry": { "type": "MultiLineString", "coordinates": [ [ [ 83.418749999999619, 28.097916666666215 ], [ 83.414583333332899, 28.093749999999552 ], [ 83.410416666666237, 28.093749999999552 ] ] ] } },
{ "type": "Feature", "properties": { "HYRIV_ID": 40784154, "NEXT_DOWN": 40784649, "MAIN_RIV": 41067217, "LENGTH_KM": 3.32, "DIST_DN_KM": 1383.1, "DIST_UP_KM": 4.8, "CATCH_SKM": 7.3800001, "UPLAND_SKM": 7.4, "ENDORHEIC": 0, "DIS_AV_CMS": 0.429, "ORD_STRA": 1, "ORD_CLAS": 5, "ORD_FLOW": 7, "HYBAS_L12": 4120829520.0, "Shape_Length": 0.030535113019792379 }, "geometry": { "type": "MultiLineString", "coordinates": [ [ [ 83.518749999999585, 28.112499999999564 ], [ 83.518749999999585, 28.102083333332921 ], [ 83.510416666666259, 28.093749999999552 ], [ 83.510416666666259, 28.085416666666198 ] ] ] } },
{ "type": "Feature", "properties": { "HYRIV_ID": 40783370, "NEXT_DOWN": 40783651, "MAIN_RIV": 41067217, "LENGTH_KM": 4.1500001, "DIST_DN_KM": 1378.1, "DIST_UP_KM": 7.4, "CATCH_SKM": 8.33, "UPLAND_SKM": 15.1, "ENDORHEIC": 0, "DIS_AV_CMS": 0.85799998, "ORD_STRA": 2, "ORD_CLAS": 6, "ORD_FLOW": 7, "HYBAS_L12": 4120827890.0, "Shape_Length": 0.040951779686467946 }, "geometry": { "type": "MultiLineString", "coordinates": [ [ [ 83.452083333332979, 28.102083333332921 ], [ 83.447916666666316, 28.102083333332921 ], [ 83.443749999999596, 28.106249999999569 ], [ 83.422916666666282, 28.106249999999569 ], [ 83.418749999999619, 28.102083333332921 ], [ 83.418749999999619, 28.097916666666215 ] ] ] } },
{ "type": "Feature", "properties": { "HYRIV_ID": 40783081, "NEXT_DOWN": 40783370, "MAIN_RIV": 41067217, "LENGTH_KM": 0.61, "DIST_DN_KM": 1382.2, "DIST_UP_KM": 2.4, "CATCH_SKM": 3.22, "UPLAND_SKM": 3.2, "ENDORHEIC": 0, "DIS_AV_CMS": 0.181, "ORD_STRA": 1, "ORD_CLAS": 7, "ORD_FLOW": 7, "HYBAS_L12": 4120827890.0, "Shape_Length": 0.0062499999999658939 }, "geometry": { "type": "MultiLineString", "coordinates": [ [ [ 83.458333333332945, 28.102083333332921 ], [ 83.452083333332979, 28.102083333332921 ] ] ] } },
{ "type": "Feature", "properties": { "HYRIV_ID": 40783082, "NEXT_DOWN": 40784388, "MAIN_RIV": 41067217, "LENGTH_KM": 0.61, "DIST_DN_KM": 1383.1, "DIST_UP_KM": 2.4, "CATCH_SKM": 2.46, "UPLAND_SKM": 2.5, "ENDORHEIC": 0, "DIS_AV_CMS": 0.148, "ORD_STRA": 1, "ORD_CLAS": 4, "ORD_FLOW": 7, "HYBAS_L12": 4121462310.0, "Shape_Length": 0.0062500000000795808 }, "geometry": { "type": "MultiLineString", "coordinates": [ [ [ 83.595833333332877, 28.102083333332921 ], [ 83.602083333332956, 28.102083333332921 ] ] ] } },
{ "type": "Feature", "properties": { "HYRIV_ID": 40784151, "NEXT_DOWN": 40783078, "MAIN_RIV": 41067217, "LENGTH_KM": 2.57, "DIST_DN_KM": 1385.2, "DIST_UP_KM": 6.4, "CATCH_SKM": 5.4899998, "UPLAND_SKM": 13.3, "ENDORHEIC": 0, "DIS_AV_CMS": 0.64200002, "ORD_STRA": 2, "ORD_CLAS": 6, "ORD_FLOW": 7, "HYBAS_L12": 4120826520.0, "Shape_Length": 0.024285113019873281 }, "geometry": { "type": "MultiLineString", "coordinates": [ [ [ 83.235416666666225, 28.085416666666198 ], [ 83.235416666666225, 28.089583333332904 ], [ 83.239583333333059, 28.093749999999552 ], [ 83.239583333333059, 28.097916666666215 ], [ 83.243749999999551, 28.102083333332921 ], [ 83.247916666666271, 28.102083333332921 ] ] ] } },
{ "type": "Feature", "properties": { "HYRIV_ID": 40783649, "NEXT_DOWN": 40783367, "MAIN_RIV": 41067217, "LENGTH_KM": 0.69, "DIST_DN_KM": 1386.0, "DIST_UP_KM": 2.8, "CATCH_SKM": 2.84, "UPLAND_SKM": 2.8, "ENDORHEIC": 0, "DIS_AV_CMS": 0.139, "ORD_STRA": 1, "ORD_CLAS": 7, "ORD_FLOW": 7, "HYBAS_L12": 4120826520.0, "Shape_Length": 0.0062499999999801048 }, "geometry": { "type": "MultiLineString", "coordinates": [ [ [ 83.264583333332922, 28.091666666666235 ], [ 83.264583333332922, 28.097916666666215 ] ] ] } },
{ "type": "Feature", "properties": { "HYRIV_ID": 40783913, "NEXT_DOWN": 40783079, "MAIN_RIV": 41067217, "LENGTH_KM": 1.93, "DIST_DN_KM": 1377.9, "DIST_UP_KM": 3.6, "CATCH_SKM": 3.98, "UPLAND_SKM": 4.0, "ENDORHEIC": 0, "DIS_AV_CMS": 0.20200001, "ORD_STRA": 1, "ORD_CLAS": 6, "ORD_FLOW": 7, "HYBAS_L12": 4120827730.0, "Shape_Length": 0.018035113019817955 }, "geometry": { "type": "MultiLineString", "coordinates": [ [ [ 83.314583333332934, 28.08749999999953 ], [ 83.314583333332934, 28.093749999999552 ], [ 83.310416666666271, 28.097916666666215 ], [ 83.314583333332934, 28.102083333332921 ] ] ] } },
{ "type": "Feature", "properties": { "HYRIV_ID": 40783647, "NEXT_DOWN": 40783648, "MAIN_RIV": 41067217, "LENGTH_KM": 2.25, "DIST_DN_KM": 1392.8, "DIST_UP_KM": 26.5, "CATCH_SKM": 3.79, "UPLAND_SKM": 130.3, "ENDORHEIC": 0, "DIS_AV_CMS": 6.0489998, "ORD_STRA": 3, "ORD_CLAS": 5, "ORD_FLOW": 6, "HYBAS_L12": 4120826750.0, "Shape_Length": 0.022559223176590888 }, "geometry": { "type": "MultiLineString", "coordinates": [ [ [ 83.181249999999608, 28.093749999999552 ], [ 83.185416666666271, 28.097916666666215 ], [ 83.202083333332979, 28.097916666666215 ] ] ] } },
{ "type": "Feature", "properties": { "HYRIV_ID": 40783367, "NEXT_DOWN": 40782552, "MAIN_RIV": 41067217, "LENGTH_KM": 1.95, "DIST_DN_KM": 1384.0, "DIST_UP_KM": 5.0, "CATCH_SKM": 4.3600001, "UPLAND_SKM": 10.8, "ENDORHEIC": 0, "DIS_AV_CMS": 0.537, "ORD_STRA": 2, "ORD_CLAS": 6, "ORD_FLOW": 7, "HYBAS_L12": 4120826520.0, "Shape_Length": 0.018392556509903752 }, "geometry": { "type": "MultiLineString", "coordinates": [ [ [ 83.264583333332922, 28.097916666666215 ], [ 83.264583333332922, 28.102083333332921 ], [ 83.260416666666259, 28.106249999999569 ], [ 83.256249999999596, 28.106249999999569 ], [ 83.256249999999596, 28.110416666666232 ] ] ] } },
{ "type": "Feature", "properties": { "HYRIV_ID": 40783648, "NEXT_DOWN": 40783077, "MAIN_RIV": 41067217, "LENGTH_KM": 5.71, "DIST_DN_KM": 1387.3, "DIST_UP_KM": 32.0, "CATCH_SKM": 11.55, "UPLAND_SKM": 145.8, "ENDORHEIC": 0, "DIS_AV_CMS": 6.9159999, "ORD_STRA": 3, "ORD_CLAS": 5, "ORD_FLOW": 6, "HYBAS_L12": 4120826750.0, "Shape_Length": 0.054462782549455115 }, "geometry": { "type": "MultiLineString", "coordinates": [ [ [ 83.202083333332979, 28.097916666666215 ], [ 83.206249999999642, 28.102083333332921 ], [ 83.214583333333024, 28.102083333332921 ], [ 83.218749999999687, 28.097916666666215 ], [ 83.22291666666635, 28.097916666666215 ], [ 83.227083333332899, 28.093749999999552 ], [ 83.231249999999562, 28.097916666666215 ], [ 83.231249999999562, 28.110416666666232 ], [ 83.235416666666225, 28.114583333332895 ] ] ] } },
{ "type": "Feature", "properties": { "HYRIV_ID": 40783368, "NEXT_DOWN": 40783914, "MAIN_RIV": 41067217, "LENGTH_KM": 2.1600001, "DIST_DN_KM": 1373.6, "DIST_UP_KM": 68.800003, "CATCH_SKM": 5.3, "UPLAND_SKM": 1662.5, "ENDORHEIC": 0, "DIS_AV_CMS": 90.045998, "ORD_STRA": 5, "ORD_CLAS": 4, "ORD_FLOW": 5, "HYBAS_L12": 4120827730.0, "Shape_Length": 0.020118446353106761 }, "geometry": { "type": "MultiLineString", "coordinates": [ [ [ 83.327083333332979, 28.114583333332895 ], [ 83.331249999999642, 28.110416666666232 ], [ 83.331249999999642, 28.102083333332921 ], [ 83.335416666666305, 28.097916666666215 ] ] ] } },
{ "type": "Feature", "properties": { "HYRIV_ID": 40783078, "NEXT_DOWN": 40782552, "MAIN_RIV": 41067217, "LENGTH_KM": 1.24, "DIST_DN_KM": 1384.2, "DIST_UP_KM": 35.099998, "CATCH_SKM": 1.89, "UPLAND_SKM": 290.0, "ENDORHEIC": 0, "DIS_AV_CMS": 14.184, "ORD_STRA": 4, "ORD_CLAS": 5, "ORD_FLOW": 5, "HYBAS_L12": 4120826520.0, "Shape_Length": 0.011785113019755026 }, "geometry": { "type": "MultiLineString", "coordinates": [ [ [ 83.247916666666271, 28.102083333332921 ], [ 83.256249999999596, 28.110416666666232 ] ] ] } },
{ "type": "Feature", "properties": { "HYRIV_ID": 40783369, "NEXT_DOWN": 40783914, "MAIN_RIV": 41067217, "LENGTH_KM": 3.34, "DIST_DN_KM": 1373.6, "DIST_UP_KM": 7.4, "CATCH_SKM": 7.9499998, "UPLAND_SKM": 20.3, "ENDORHEIC": 0, "DIS_AV_CMS": 1.102, "ORD_STRA": 2, "ORD_CLAS": 5, "ORD_FLOW": 6, "HYBAS_L12": 4120827730.0, "Shape_Length": 0.031903559372802509 }, "geometry": { "type": "MultiLineString", "coordinates": [ [ [ 83.356249999999562, 28.118749999999558 ], [ 83.352083333332899, 28.114583333332895 ], [ 83.352083333332899, 28.110416666666232 ], [ 83.34791666666635, 28.110416666666232 ], [ 83.335416666666305, 28.097916666666215 ] ] ] } },
{ "type": "Feature", "properties": { "HYRIV_ID": 40783079, "NEXT_DOWN": 40783368, "MAIN_RIV": 41067217, "LENGTH_KM": 2.11, "DIST_DN_KM": 1375.8, "DIST_UP_KM": 7.6, "CATCH_SKM": 2.46, "UPLAND_SKM": 15.0, "ENDORHEIC": 0, "DIS_AV_CMS": 0.76300001, "ORD_STRA": 2, "ORD_CLAS": 5, "ORD_FLOW": 7, "HYBAS_L12": 4120827730.0, "Shape_Length": 0.020118446353137621 }, "geometry": { "type": "MultiLineString", "coordinates": [ [ [ 83.314583333332934, 28.102083333332921 ], [ 83.318749999999653, 28.102083333332921 ], [ 83.322916666666316, 28.106249999999569 ], [ 83.322916666666316, 28.110416666666232 ], [ 83.327083333332979, 28.114583333332895 ] ] ] } },
{ "type": "Feature", "properties": { "HYRIV_ID": 40783650, "NEXT_DOWN": 40785200, "MAIN_RIV": 41067217, "LENGTH_KM": 2.47, "DIST_DN_KM": 1377.2, "DIST_UP_KM": 17.0, "CATCH_SKM": 3.22, "UPLAND_SKM": 93.900002, "ENDORHEIC": 0, "DIS_AV_CMS": 5.5380001, "ORD_STRA": 3, "ORD_CLAS": 5, "ORD_FLOW": 6, "HYBAS_L12": 4120827890.0, "Shape_Length": 0.022559223176562466 }, "geometry": { "type": "MultiLineString", "coordinates": [ [ [ 83.414583333332899, 28.114583333332895 ], [ 83.414583333332899, 28.097916666666215 ], [ 83.410416666666237, 28.093749999999552 ] ] ] } },
{ "type": "Feature", "properties": { "HYRIV_ID": 40783080, "NEXT_DOWN": 40783370, "MAIN_RIV": 41067217, "LENGTH_KM": 0.93, "DIST_DN_KM": 1382.4, "DIST_UP_KM": 3.1, "CATCH_SKM": 3.6, "UPLAND_SKM": 3.6, "ENDORHEIC": 0, "DIS_AV_CMS": 0.205, "ORD_STRA": 1, "ORD_CLAS": 6, "ORD_FLOW": 7, "HYBAS_L12": 4120827890.0, "Shape_Length": 0.0088388347647936592 }, "geometry": { "type": "MultiLineString", "coordinates": [ [ [ 83.458333333332945, 28.108333333332901 ], [ 83.452083333332979, 28.102083333332921 ] ] ] } },
{ "type": "Feature", "properties": { "HYRIV_ID": 40783083, "NEXT_DOWN": 40784388, "MAIN_RIV": 41067217, "LENGTH_KM": 1.08, "DIST_DN_KM": 1383.3, "DIST_UP_KM": 193.3, "CATCH_SKM": 1.3200001, "UPLAND_SKM": 6629.7002, "ENDORHEIC": 0, "DIS_AV_CMS": 239.496, "ORD_STRA": 5, "ORD_CLAS": 3, "ORD_FLOW": 4, "HYBAS_L12": 4121462310.0, "Shape_Length": 0.010059223176575559 }, "geometry": { "type": "MultiLineString", "coordinates": [ [ [ 83.606249999999676, 28.110416666666232 ], [ 83.606249999999676, 28.106249999999569 ], [ 83.602083333332956, 28.102083333332921 ] ] ] } },
{ "type": "Feature", "properties": { "HYRIV_ID": 40784387, "NEXT_DOWN": 40784652, "MAIN_RIV": 41067217, "LENGTH_KM": 8.4799995, "DIST_DN_KM": 1379.7, "DIST_UP_KM": 12.7, "CATCH_SKM": 22.91, "UPLAND_SKM": 36.200001, "ENDORHEIC": 0, "DIS_AV_CMS": 2.1719999, "ORD_STRA": 2, "ORD_CLAS": 4, "ORD_FLOW": 6, "HYBAS_L12": 4121462310.0, "Shape_Length": 0.080473785412502261 }, "geometry": { "type": "MultiLineString", "coordinates": [ [ [ 83.535416666666237, 28.135416666666224 ], [ 83.539583333332899, 28.131249999999575 ], [ 83.547916666666225, 28.131249999999575 ], [ 83.556249999999608, 28.122916666666207 ], [ 83.556249999999608, 28.110416666666232 ], [ 83.564583333332934, 28.102083333332921 ], [ 83.564583333332934, 28.093749999999552 ], [ 83.568749999999596, 28.089583333332904 ], [ 83.572916666666259, 28.089583333332904 ], [ 83.581249999999642, 28.081249999999535 ] ] ] } },
{ "type": "Feature", "properties": { "HYRIV_ID": 40782553, "NEXT_DOWN": 40783083, "MAIN_RIV": 41067217, "LENGTH_KM": 1.08, "DIST_DN_KM": 1384.2, "DIST_UP_KM": 5.0, "CATCH_SKM": 0.57, "UPLAND_SKM": 14.8, "ENDORHEIC": 0, "DIS_AV_CMS": 0.91100001, "ORD_STRA": 2, "ORD_CLAS": 5, "ORD_FLOW": 7, "HYBAS_L12": 4121462310.0, "Shape_Length": 0.010059223176585608 }, "geometry": { "type": "MultiLineString", "coordinates": [ [ [ 83.602083333332956, 28.118749999999558 ], [ 83.606249999999676, 28.114583333332895 ], [ 83.606249999999676, 28.110416666666232 ] ] ] } },
{ "type": "Feature", "properties": { "HYRIV_ID": 40782320, "NEXT_DOWN": 40783650, "MAIN_RIV": 41067217, "LENGTH_KM": 1.24, "DIST_DN_KM": 1379.7, "DIST_UP_KM": 14.6, "CATCH_SKM": 1.7, "UPLAND_SKM": 72.900002, "ENDORHEIC": 0, "DIS_AV_CMS": 4.323, "ORD_STRA": 3, "ORD_CLAS": 5, "ORD_FLOW": 6, "HYBAS_L12": 4120827890.0, "Shape_Length": 0.011785113019795219 }, "geometry": { "type": "MultiLineString", "coordinates": [ [ [ 83.422916666666282, 28.122916666666207 ], [ 83.414583333332899, 28.114583333332895 ] ] ] } },
{ "type": "Feature", "properties": { "HYRIV_ID": 40782319, "NEXT_DOWN": 40783650, "MAIN_RIV": 41067217, "LENGTH_KM": 1.49, "DIST_DN_KM": 1379.5, "DIST_UP_KM": 6.5, "CATCH_SKM": 3.03, "UPLAND_SKM": 17.8, "ENDORHEIC": 0, "DIS_AV_CMS": 0.991, "ORD_STRA": 2, "ORD_CLAS": 6, "ORD_FLOW": 7, "HYBAS_L12": 4120827890.0, "Shape_Length": 0.014225889843198242 }, "geometry": { "type": "MultiLineString", "coordinates": [ [ [ 83.406249999999574, 28.122916666666207 ], [ 83.410416666666237, 28.118749999999558 ], [ 83.414583333332899, 28.118749999999558 ], [ 83.414583333332899, 28.114583333332895 ] ] ] } },
{ "type": "Feature", "properties": { "HYRIV_ID": 40782070, "NEXT_DOWN": 40782319, "MAIN_RIV": 41067217, "LENGTH_KM": 1.33, "DIST_DN_KM": 1381.0, "DIST_UP_KM": 2.9, "CATCH_SKM": 4.35, "UPLAND_SKM": 4.4, "ENDORHEIC": 0, "DIS_AV_CMS": 0.23800001, "ORD_STRA": 1, "ORD_CLAS": 7, "ORD_FLOW": 7, "HYBAS_L12": 4120827890.0, "Shape_Length": 0.013005501431416343 }, "geometry": { "type": "MultiLineString", "coordinates": [ [ [ 83.395833333333002, 28.116666666666227 ], [ 83.402083333332911, 28.122916666666207 ], [ 83.406249999999574, 28.122916666666207 ] ] ] } },
{ "type": "Feature", "properties": { "HYRIV_ID": 40782071, "NEXT_DOWN": 40782553, "MAIN_RIV": 41067217, "LENGTH_KM": 2.6700001, "DIST_DN_KM": 1385.3, "DIST_UP_KM": 3.9, "CATCH_SKM": 8.33, "UPLAND_SKM": 8.3, "ENDORHEIC": 0, "DIS_AV_CMS": 0.509, "ORD_STRA": 1, "ORD_CLAS": 5, "ORD_FLOW": 7, "HYBAS_L12": 4121462310.0, "Shape_Length": 0.026368446353190505 }, "geometry": { "type": "MultiLineString", "coordinates": [ [ [ 83.579166666666225, 28.127083333332912 ], [ 83.589583333332968, 28.127083333332912 ], [ 83.597916666666293, 28.118749999999558 ], [ 83.602083333332956, 28.118749999999558 ] ] ] } },
{ "type": "Feature", "properties": { "HYRIV_ID": 40782072, "NEXT_DOWN": 40782553, "MAIN_RIV": 41067217, "LENGTH_KM": 1.08, "DIST_DN_KM": 1385.5, "DIST_UP_KM": 3.3, "CATCH_SKM": 0.95, "UPLAND_SKM": 5.9, "ENDORHEIC": 0, "DIS_AV_CMS": 0.366, "ORD_STRA": 2, "ORD_CLAS": 6, "ORD_FLOW": 7, "HYBAS_L12": 4121462310.0, "Shape_Length": 0.010059223176618191 }, "geometry": { "type": "MultiLineString", "coordinates": [ [ [ 83.606249999999676, 28.127083333332912 ], [ 83.606249999999676, 28.122916666666207 ], [ 83.602083333332956, 28.118749999999558 ] ] ] } },
{ "type": "Feature", "properties": { "HYRIV_ID": 40783645, "NEXT_DOWN": 40783646, "MAIN_RIV": 41067217, "LENGTH_KM": 3.9, "DIST_DN_KM": 1396.6, "DIST_UP_KM": 22.6, "CATCH_SKM": 8.9, "UPLAND_SKM": 97.099998, "ENDORHEIC": 0, "DIS_AV_CMS": 4.4359999, "ORD_STRA": 3, "ORD_CLAS": 5, "ORD_FLOW": 6, "HYBAS_L12": 4120826750.0, "Shape_Length": 0.038511002863038934 }, "geometry": { "type": "MultiLineString", "coordinates": [ [ [ 83.131249999999596, 28.106249999999569 ], [ 83.135416666666259, 28.106249999999569 ], [ 83.143749999999585, 28.097916666666215 ], [ 83.156249999999574, 28.097916666666215 ], [ 83.160416666666237, 28.093749999999552 ], [ 83.164583333332956, 28.093749999999552 ] ] ] } },
{ "type": "Feature", "properties": { "HYRIV_ID": 40783366, "NEXT_DOWN": 40783645, "MAIN_RIV": 41067217, "LENGTH_KM": 1.08, "DIST_DN_KM": 1400.6, "DIST_UP_KM": 7.4, "CATCH_SKM": 0.76, "UPLAND_SKM": 25.0, "ENDORHEIC": 0, "DIS_AV_CMS": 1.096, "ORD_STRA": 2, "ORD_CLAS": 6, "ORD_FLOW": 6, "HYBAS_L12": 4120826750.0, "Shape_Length": 0.010059223176561348 }, "geometry": { "type": "MultiLineString", "coordinates": [ [ [ 83.127083333332934, 28.097916666666215 ], [ 83.131249999999596, 28.102083333332921 ], [ 83.131249999999596, 28.106249999999569 ] ] ] } },
{ "type": "Feature", "properties": { "HYRIV_ID": 40783365, "NEXT_DOWN": 40782313, "MAIN_RIV": 41067217, "LENGTH_KM": 3.03, "DIST_DN_KM": 1690.8, "DIST_UP_KM": 5.1, "CATCH_SKM": 13.26, "UPLAND_SKM": 13.3, "ENDORHEIC": 0, "DIS_AV_CMS": 0.552, "ORD_STRA": 1, "ORD_CLAS": 7, "ORD_FLOW": 7, "HYBAS_L12": 4120825660.0, "Shape_Length": 0.028957281117914631 }, "geometry": { "type": "MultiLineString", "coordinates": [ [ [ 83.054166666666248, 28.095833333332884 ], [ 83.047916666666282, 28.102083333332921 ], [ 83.043749999999619, 28.102083333332921 ], [ 83.039583333332956, 28.106249999999569 ], [ 83.039583333332956, 28.110416666666232 ], [ 83.035416666666293, 28.114583333332895 ] ] ] } },
{ "type": "Feature", "properties": { "HYRIV_ID": 40782807, "NEXT_DOWN": 40782313, "MAIN_RIV": 41067217, "LENGTH_KM": 1.39, "DIST_DN_KM": 1690.6, "DIST_UP_KM": 3.0, "CATCH_SKM": 3.79, "UPLAND_SKM": 3.8, "ENDORHEIC": 0, "DIS_AV_CMS": 0.153, "ORD_STRA": 1, "ORD_CLAS": 8, "ORD_FLOW": 7, "HYBAS_L12": 4120825660.0, "Shape_Length": 0.013005501431456536 }, "geometry": { "type": "MultiLineString", "coordinates": [ [ [ 83.029166666666328, 28.104166666666252 ], [ 83.035416666666293, 28.110416666666232 ], [ 83.035416666666293, 28.114583333332895 ] ] ] } },
{ "type": "Feature", "properties": { "HYRIV_ID": 40782808, "NEXT_DOWN": 40783645, "MAIN_RIV": 41067217, "LENGTH_KM": 1.24, "DIST_DN_KM": 1400.7, "DIST_UP_KM": 18.6, "CATCH_SKM": 2.6500001, "UPLAND_SKM": 63.200001, "ENDORHEIC": 0, "DIS_AV_CMS": 2.878, "ORD_STRA": 2, "ORD_CLAS": 5, "ORD_FLOW": 6, "HYBAS_L12": 4120826750.0, "Shape_Length": 0.011785113019765073 }, "geometry": { "type": "MultiLineString", "coordinates": [ [ [ 83.122916666666271, 28.114583333332895 ], [ 83.131249999999596, 28.106249999999569 ] ] ] } },
{ "type": "Feature", "properties": { "HYRIV_ID": 40782551, "NEXT_DOWN": 40782808, "MAIN_RIV": 41067217, "LENGTH_KM": 4.5100002, "DIST_DN_KM": 1401.8, "DIST_UP_KM": 6.8, "CATCH_SKM": 14.39, "UPLAND_SKM": 14.4, "ENDORHEIC": 0, "DIS_AV_CMS": 0.63200003, "ORD_STRA": 1, "ORD_CLAS": 6, "ORD_FLOW": 7, "HYBAS_L12": 4120826750.0, "Shape_Length": 0.04476100286300138 }, "geometry": { "type": "MultiLineString", "coordinates": [ [ [ 83.083333333332945, 28.110416666666232 ], [ 83.09791666666635, 28.110416666666232 ], [ 83.102083333332899, 28.114583333332895 ], [ 83.106249999999562, 28.114583333332895 ], [ 83.110416666666225, 28.110416666666232 ], [ 83.114583333332945, 28.114583333332895 ], [ 83.122916666666271, 28.114583333332895 ] ] ] } },
{ "type": "Feature", "properties": { "HYRIV_ID": 40782313, "NEXT_DOWN": 40781811, "MAIN_RIV": 41067217, "LENGTH_KM": 1.24, "DIST_DN_KM": 1689.5, "DIST_UP_KM": 6.3, "CATCH_SKM": 2.46, "UPLAND_SKM": 19.5, "ENDORHEIC": 0, "DIS_AV_CMS": 0.80699998, "ORD_STRA": 2, "ORD_CLAS": 7, "ORD_FLOW": 7, "HYBAS_L12": 4120825660.0, "Shape_Length": 0.011785113019795219 }, "geometry": { "type": "MultiLineString", "coordinates": [ [ [ 83.035416666666293, 28.114583333332895 ], [ 83.027083333332911, 28.122916666666207 ] ] ] } },
{ "type": "Feature", "properties": { "HYRIV_ID": 40781811, "NEXT_DOWN": 40781810, "MAIN_RIV": 41067217, "LENGTH_KM": 3.27, "DIST_DN_KM": 1686.1, "DIST_UP_KM": 14.3, "CATCH_SKM": 11.74, "UPLAND_SKM": 66.099998, "ENDORHEIC": 0, "DIS_AV_CMS": 2.813, "ORD_STRA": 3, "ORD_CLAS": 6, "ORD_FLOW": 6, "HYBAS_L12": 4120825660.0, "Shape_Length": 0.03333333333335986 }, "geometry": { "type": "MultiLineString", "coordinates": [ [ [ 83.027083333332911, 28.122916666666207 ], [ 83.002093662790472, 28.122916666666207 ] ] ] } },
{ "type": "Feature", "properties": { "HYRIV_ID": 40782314, "NEXT_DOWN": 40782808, "MAIN_RIV": 41067217, "LENGTH_KM": 2.1600001, "DIST_DN_KM": 1401.8, "DIST_UP_KM": 17.5, "CATCH_SKM": 3.79, "UPLAND_SKM": 46.200001, "ENDORHEIC": 0, "DIS_AV_CMS": 2.1159999, "ORD_STRA": 2, "ORD_CLAS": 5, "ORD_FLOW": 6, "HYBAS_L12": 4120826750.0, "Shape_Length": 0.020118446353106764 }, "geometry": { "type": "MultiLineString", "coordinates": [ [ [ 83.114583333332945, 28.131249999999575 ], [ 83.122916666666271, 28.122916666666207 ], [ 83.122916666666271, 28.114583333332895 ] ] ] } },
{ "type": "Feature", "properties": { "HYRIV_ID": 40783084, "NEXT_DOWN": 40783083, "MAIN_RIV": 41067217, "LENGTH_KM": 3.8900001, "DIST_DN_KM": 1384.2, "DIST_UP_KM": 5.1, "CATCH_SKM": 13.07, "UPLAND_SKM": 13.1, "ENDORHEIC": 0, "DIS_AV_CMS": 0.79799998, "ORD_STRA": 1, "ORD_CLAS": 4, "ORD_FLOW": 7, "HYBAS_L12": 4121462310.0, "Shape_Length": 0.038868446353002004 }, "geometry": { "type": "MultiLineString", "coordinates": [ [ [ 83.623501859209981, 28.102083333332921 ], [ 83.622916666666328, 28.102083333332921 ], [ 83.614583333332888, 28.110416666666232 ], [ 83.606249999999676, 28.110416666666232 ] ] ] } },
{ "type": "Feature", "properties": { "HYRIV_ID": 40782554, "NEXT_DOWN": 40783083, "MAIN_RIV": 41067217, "LENGTH_KM": 4.37, "DIST_DN_KM": 1384.4, "DIST_UP_KM": 192.2, "CATCH_SKM": 13.44, "UPLAND_SKM": 6600.6001, "ENDORHEIC": 0, "DIS_AV_CMS": 237.50999, "ORD_STRA": 5, "ORD_CLAS": 3, "ORD_FLOW": 4, "HYBAS_L12": 4121462310.0, "Shape_Length": 0.041962782549293517 }, "geometry": { "type": "MultiLineString", "coordinates": [ [ [ 83.613276122613527, 28.117442789280179 ], [ 83.606249999999676, 28.110416666666232 ] ] ] } },
{ "type": "Feature", "properties": { "HYRIV_ID": 40783077, "NEXT_DOWN": 40783078, "MAIN_RIV": 41067217, "LENGTH_KM": 1.85, "DIST_DN_KM": 1385.4, "DIST_UP_KM": 33.900002, "CATCH_SKM": 4.1700001, "UPLAND_SKM": 274.89999, "ENDORHEIC": 0, "DIS_AV_CMS": 13.401, "ORD_STRA": 4, "ORD_CLAS": 5, "ORD_FLOW": 5, "HYBAS_L12": 4120826520.0, "Shape_Length": 0.017677669529677757 }, "geometry": { "type": "MultiLineString", "coordinates": [ [ [ 83.235416666666225, 28.114583333332895 ], [ 83.247916666666271, 28.102083333332921 ] ] ] } },
{ "type": "Feature", "properties": { "HYRIV_ID": 40782552, "NEXT_DOWN": 40782066, "MAIN_RIV": 41067217, "LENGTH_KM": 1.24, "DIST_DN_KM": 1382.9, "DIST_UP_KM": 36.3, "CATCH_SKM": 2.08, "UPLAND_SKM": 302.89999, "ENDORHEIC": 0, "DIS_AV_CMS": 14.877, "ORD_STRA": 4, "ORD_CLAS": 5, "ORD_FLOW": 5, "HYBAS_L12": 4120826520.0, "Shape_Length": 0.011785113019765073 }, "geometry": { "type": "MultiLineString", "coordinates": [ [ [ 83.256249999999596, 28.110416666666232 ], [ 83.264583333332922, 28.118749999999558 ] ] ] } },
{ "type": "Feature", "properties": { "HYRIV_ID": 40782318, "NEXT_DOWN": 40783369, "MAIN_RIV": 41067217, "LENGTH_KM": 1.23, "DIST_DN_KM": 1377.0, "DIST_UP_KM": 2.8, "CATCH_SKM": 3.03, "UPLAND_SKM": 3.0, "ENDORHEIC": 0, "DIS_AV_CMS": 0.163, "ORD_STRA": 1, "ORD_CLAS": 6, "ORD_FLOW": 7, "HYBAS_L12": 4120827730.0, "Shape_Length": 0.012142556509905273 }, "geometry": { "type": "MultiLineString", "coordinates": [ [ [ 83.366666666666248, 28.114583333332895 ], [ 83.360416666666225, 28.114583333332895 ], [ 83.356249999999562, 28.118749999999558 ] ] ] } },
{ "type": "Feature", "properties": { "HYRIV_ID": 40782317, "NEXT_DOWN": 40783368, "MAIN_RIV": 41067217, "LENGTH_KM": 0.62, "DIST_DN_KM": 1375.8, "DIST_UP_KM": 66.599998, "CATCH_SKM": 0.95, "UPLAND_SKM": 1642.3, "ENDORHEIC": 0, "DIS_AV_CMS": 88.421997, "ORD_STRA": 5, "ORD_CLAS": 4, "ORD_FLOW": 5, "HYBAS_L12": 4120827730.0, "Shape_Length": 0.0058925565098825365 }, "geometry": { "type": "MultiLineString", "coordinates": [ [ [ 83.322916666666316, 28.118749999999558 ], [ 83.327083333332979, 28.114583333332895 ] ] ] } },
{ "type": "Feature", "properties": { "HYRIV_ID": 40782315, "NEXT_DOWN": 40781814, "MAIN_RIV": 41067217, "LENGTH_KM": 1.16, "DIST_DN_KM": 1392.0, "DIST_UP_KM": 4.6, "CATCH_SKM": 2.84, "UPLAND_SKM": 2.8, "ENDORHEIC": 0, "DIS_AV_CMS": 0.13500001, "ORD_STRA": 1, "ORD_CLAS": 8, "ORD_FLOW": 7, "HYBAS_L12": 4120826510.0, "Shape_Length": 0.010416666666642982 }, "geometry": { "type": "MultiLineString", "coordinates": [ [ [ 83.193749999999653, 28.112499999999564 ], [ 83.193749999999653, 28.122916666666207 ] ] ] } },
{ "type": "Feature", "properties": { "HYRIV_ID": 40782067, "NEXT_DOWN": 40782317, "MAIN_RIV": 41067217, "LENGTH_KM": 0.62, "DIST_DN_KM": 1376.4, "DIST_UP_KM": 66.0, "CATCH_SKM": 0.38, "UPLAND_SKM": 1637.7, "ENDORHEIC": 0, "DIS_AV_CMS": 88.036003, "ORD_STRA": 5, "ORD_CLAS": 4, "ORD_FLOW": 5, "HYBAS_L12": 4120827730.0, "Shape_Length": 0.0058925565098724882 }, "geometry": { "type": "MultiLineString", "coordinates": [ [ [ 83.318749999999653, 28.122916666666207 ], [ 83.322916666666316, 28.118749999999558 ] ] ] } },
{ "type": "Feature", "properties": { "HYRIV_ID": 40782066, "NEXT_DOWN": 40782067, "MAIN_RIV": 41067217, "LENGTH_KM": 5.9400001, "DIST_DN_KM": 1377.0, "DIST_UP_KM": 42.3, "CATCH_SKM": 14.77, "UPLAND_SKM": 403.89999, "ENDORHEIC": 0, "DIS_AV_CMS": 20.563, "ORD_STRA": 4, "ORD_CLAS": 5, "ORD_FLOW": 5, "HYBAS_L12": 4120826520.0, "Shape_Length": 0.059344336196343273 }, "geometry": { "type": "MultiLineString", "coordinates": [ [ [ 83.264583333332922, 28.118749999999558 ], [ 83.268749999999585, 28.118749999999558 ], [ 83.272916666666248, 28.122916666666207 ], [ 83.277083333332911, 28.118749999999558 ], [ 83.314583333332934, 28.118749999999558 ], [ 83.318749999999653, 28.122916666666207 ] ] ] } },
{ "type": "Feature", "properties": { "HYRIV_ID": 40782316, "NEXT_DOWN": 40783077, "MAIN_RIV": 41067217, "LENGTH_KM": 2.26, "DIST_DN_KM": 1387.3, "DIST_UP_KM": 22.8, "CATCH_SKM": 3.22, "UPLAND_SKM": 124.9, "ENDORHEIC": 0, "DIS_AV_CMS": 6.211, "ORD_STRA": 3, "ORD_CLAS": 6, "ORD_FLOW": 6, "HYBAS_L12": 4120826510.0, "Shape_Length": 0.021844336196250196 }, "geometry": { "type": "MultiLineString", "coordinates": [ [ [ 83.218749999999687, 28.127083333332912 ], [ 83.22291666666635, 28.127083333332912 ], [ 83.235416666666225, 28.114583333332895 ] ] ] } },
{ "type": "Feature", "properties": { "HYRIV_ID": 40782064, "NEXT_DOWN": 40781814, "MAIN_RIV": 41067217, "LENGTH_KM": 2.26, "DIST_DN_KM": 1392.2, "DIST_UP_KM": 17.9, "CATCH_SKM": 3.98, "UPLAND_SKM": 91.0, "ENDORHEIC": 0, "DIS_AV_CMS": 4.434, "ORD_STRA": 2, "ORD_CLAS": 6, "ORD_FLOW": 6, "HYBAS_L12": 4120826510.0, "Shape_Length": 0.021844336196377379 }, "geometry": { "type": "MultiLineString", "coordinates": [ [ [ 83.177083333332945, 28.127083333332912 ], [ 83.185416666666271, 28.118749999999558 ], [ 83.18958333333299, 28.118749999999558 ], [ 83.193749999999653, 28.122916666666207 ] ] ] } },
{ "type": "Feature", "properties": { "HYRIV_ID": 40782068, "NEXT_DOWN": 40782317, "MAIN_RIV": 41067217, "LENGTH_KM": 1.8, "DIST_DN_KM": 1376.2, "DIST_UP_KM": 3.7, "CATCH_SKM": 3.6, "UPLAND_SKM": 3.6, "ENDORHEIC": 0, "DIS_AV_CMS": 0.192, "ORD_STRA": 1, "ORD_CLAS": 5, "ORD_FLOW": 7, "HYBAS_L12": 4120827730.0, "Shape_Length": 0.01717216809811525 }, "geometry": { "type": "MultiLineString", "coordinates": [ [ [ 83.333333333332945, 28.129166666666201 ], [ 83.327083333332979, 28.122916666666207 ], [ 83.322916666666316, 28.122916666666207 ], [ 83.322916666666316, 28.118749999999558 ] ] ] } },
{ "type": "Feature", "properties": { "HYRIV_ID": 40781818, "NEXT_DOWN": 40782320, "MAIN_RIV": 41067217, "LENGTH_KM": 4.1100001, "DIST_DN_KM": 1381.0, "DIST_UP_KM": 13.3, "CATCH_SKM": 11.17, "UPLAND_SKM": 51.900002, "ENDORHEIC": 0, "DIS_AV_CMS": 3.102, "ORD_STRA": 3, "ORD_CLAS": 5, "ORD_FLOW": 6, "HYBAS_L12": 4120827890.0, "Shape_Length": 0.040236892706268644 }, "geometry": { "type": "MultiLineString", "coordinates": [ [ [ 83.456249999999642, 28.131249999999575 ], [ 83.452083333332979, 28.127083333332912 ], [ 83.443749999999596, 28.127083333332912 ], [ 83.439583333332934, 28.131249999999575 ], [ 83.431249999999608, 28.131249999999575 ], [ 83.422916666666282, 28.122916666666207 ] ] ] } },
{ "type": "Feature", "properties": { "HYRIV_ID": 40781816, "NEXT_DOWN": 40782319, "MAIN_RIV": 41067217, "LENGTH_KM": 1.85, "DIST_DN_KM": 1381.2, "DIST_UP_KM": 4.9, "CATCH_SKM": 2.84, "UPLAND_SKM": 10.4, "ENDORHEIC": 0, "DIS_AV_CMS": 0.58200002, "ORD_STRA": 2, "ORD_CLAS": 6, "ORD_FLOW": 7, "HYBAS_L12": 4120827890.0, "Shape_Length": 0.017677669529667706 }, "geometry": { "type": "MultiLineString", "coordinates": [ [ [ 83.393749999999585, 28.135416666666224 ], [ 83.406249999999574, 28.122916666666207 ] ] ] } },
{ "type": "Feature", "properties": { "HYRIV_ID": 40781536, "NEXT_DOWN": 40782072, "MAIN_RIV": 41067217, "LENGTH_KM": 0.69, "DIST_DN_KM": 1386.4, "DIST_UP_KM": 2.0, "CATCH_SKM": 2.46, "UPLAND_SKM": 2.5, "ENDORHEIC": 0, "DIS_AV_CMS": 0.154, "ORD_STRA": 1, "ORD_CLAS": 7, "ORD_FLOW": 7, "HYBAS_L12": 4121462310.0, "Shape_Length": 0.0062499999999801048 }, "geometry": { "type": "MultiLineString", "coordinates": [ [ [ 83.606249999999676, 28.127432859159629 ], [ 83.606249999999676, 28.127083333332912 ] ] ] } },
{ "type": "Feature", "properties": { "HYRIV_ID": 40781535, "NEXT_DOWN": 40782072, "MAIN_RIV": 41067217, "LENGTH_KM": 0.93, "DIST_DN_KM": 1386.6, "DIST_UP_KM": 2.3, "CATCH_SKM": 2.46, "UPLAND_SKM": 2.5, "ENDORHEIC": 0, "DIS_AV_CMS": 0.153, "ORD_STRA": 1, "ORD_CLAS": 6, "ORD_FLOW": 7, "HYBAS_L12": 4121462310.0, "Shape_Length": 0.0088388347648740481 }, "geometry": { "type": "MultiLineString", "coordinates": [ [ [ 83.599999999999596, 28.133333333332892 ], [ 83.606249999999676, 28.127083333332912 ] ] ] } },
{ "type": "Feature", "properties": { "HYRIV_ID": 40781249, "NEXT_DOWN": 40784387, "MAIN_RIV": 41067217, "LENGTH_KM": 1.33, "DIST_DN_KM": 1388.0, "DIST_UP_KM": 2.4, "CATCH_SKM": 3.79, "UPLAND_SKM": 3.8, "ENDORHEIC": 0, "DIS_AV_CMS": 0.22400001, "ORD_STRA": 1, "ORD_CLAS": 5, "ORD_FLOW": 7, "HYBAS_L12": 4121462310.0, "Shape_Length": 0.013005501431486682 }, "geometry": { "type": "MultiLineString", "coordinates": [ [ [ 83.524999999999608, 28.129166666666201 ], [ 83.531249999999574, 28.135416666666224 ], [ 83.535416666666237, 28.135416666666224 ] ] ] } },
{ "type": "Feature", "properties": { "HYRIV_ID": 40781817, "NEXT_DOWN": 40782320, "MAIN_RIV": 41067217, "LENGTH_KM": 2.78, "DIST_DN_KM": 1380.8, "DIST_UP_KM": 7.8, "CATCH_SKM": 4.9200001, "UPLAND_SKM": 19.3, "ENDORHEIC": 0, "DIS_AV_CMS": 1.1109999, "ORD_STRA": 2, "ORD_CLAS": 6, "ORD_FLOW": 6, "HYBAS_L12": 4120827890.0, "Shape_Length": 0.02601100286304198 }, "geometry": { "type": "MultiLineString", "coordinates": [ [ [ 83.410416666666237, 28.14374999999955 ], [ 83.418749999999619, 28.135416666666224 ], [ 83.418749999999619, 28.131249999999575 ], [ 83.422916666666282, 28.127083333332912 ], [ 83.422916666666282, 28.122916666666207 ] ] ] } },
{ "type": "Feature", "properties": { "HYRIV_ID": 40781247, "NEXT_DOWN": 40781818, "MAIN_RIV": 41067217, "LENGTH_KM": 1.7, "DIST_DN_KM": 1385.0, "DIST_UP_KM": 5.0, "CATCH_SKM": 3.98, "UPLAND_SKM": 13.8, "ENDORHEIC": 0, "DIS_AV_CMS": 0.81199998, "ORD_STRA": 2, "ORD_CLAS": 6, "ORD_FLOW": 7, "HYBAS_L12": 4120827890.0, "Shape_Length": 0.015951779686417901 }, "geometry": { "type": "MultiLineString", "coordinates": [ [ [ 83.464583333332968, 28.14374999999955 ], [ 83.460416666666305, 28.139583333332887 ], [ 83.460416666666305, 28.135416666666224 ], [ 83.456249999999642, 28.131249999999575 ] ] ] } },
{ "type": "Feature", "properties": { "HYRIV_ID": 40781248, "NEXT_DOWN": 40781818, "MAIN_RIV": 41067217, "LENGTH_KM": 6.77, "DIST_DN_KM": 1384.8, "DIST_UP_KM": 9.4, "CATCH_SKM": 19.690001, "UPLAND_SKM": 26.9, "ENDORHEIC": 0, "DIS_AV_CMS": 1.617, "ORD_STRA": 2, "ORD_CLAS": 5, "ORD_FLOW": 6, "HYBAS_L12": 4120827890.0, "Shape_Length": 0.065951779686492296 }, "geometry": { "type": "MultiLineString", "coordinates": [ [ [ 83.493749999999551, 28.156249999999567 ], [ 83.497916666666328, 28.152083333332861 ], [ 83.497916666666328, 28.135416666666224 ], [ 83.493749999999551, 28.131249999999575 ], [ 83.456249999999642, 28.131249999999575 ] ] ] } },
{ "type": "Feature", "properties": { "HYRIV_ID": 40780444, "NEXT_DOWN": 40781247, "MAIN_RIV": 41067217, "LENGTH_KM": 0.62, "DIST_DN_KM": 1386.8, "DIST_UP_KM": 3.3, "CATCH_SKM": 0.57, "UPLAND_SKM": 6.6, "ENDORHEIC": 0, "DIS_AV_CMS": 0.387, "ORD_STRA": 2, "ORD_CLAS": 6, "ORD_FLOW": 7, "HYBAS_L12": 4120827890.0, "Shape_Length": 0.0058925565098724882 }, "geometry": { "type": "MultiLineString", "coordinates": [ [ [ 83.460416666666305, 28.147916666666198 ], [ 83.464583333332968, 28.14374999999955 ] ] ] } },
{ "type": "Feature", "properties": { "HYRIV_ID": 40780970, "NEXT_DOWN": 40784387, "MAIN_RIV": 41067217, "LENGTH_KM": 2.86, "DIST_DN_KM": 1388.0, "DIST_UP_KM": 4.4, "CATCH_SKM": 9.46, "UPLAND_SKM": 9.5, "ENDORHEIC": 0, "DIS_AV_CMS": 0.57300001, "ORD_STRA": 1, "ORD_CLAS": 4, "ORD_FLOW": 7, "HYBAS_L12": 4121462310.0, "Shape_Length": 0.026368446353103515 }, "geometry": { "type": "MultiLineString", "coordinates": [ [ [ 83.527083333332911, 28.158333333332884 ], [ 83.527083333332911, 28.147916666666198 ], [ 83.535416666666237, 28.139583333332887 ], [ 83.535416666666237, 28.135416666666224 ] ] ] } },
{ "type": "Feature", "properties": { "HYRIV_ID": 40791377, "NEXT_DOWN": 40792409, "MAIN_RIV": 41067217, "LENGTH_KM": 9.2600002, "DIST_DN_KM": 1390.0, "DIST_UP_KM": 12.8, "CATCH_SKM": 26.719999, "UPLAND_SKM": 41.3, "ENDORHEIC": 0, "DIS_AV_CMS": 1.7359999, "ORD_STRA": 2, "ORD_CLAS": 4, "ORD_FLOW": 6, "HYBAS_L12": 4120831510.0, "Shape_Length": 0.087081228902490204 }, "geometry": { "type": "MultiLineString", "coordinates": [ [ [ 83.09791666666635, 28.035416666666215 ], [ 83.102083333332899, 28.031249999999552 ], [ 83.114583333332945, 28.031249999999552 ], [ 83.118749999999551, 28.027083333332904 ], [ 83.118749999999551, 28.022916666666241 ], [ 83.12205154510734, 28.019615121558456 ] ] ] } },
{ "type": "Feature", "properties": { "HYRIV_ID": 40789203, "NEXT_DOWN": 40790033, "MAIN_RIV": 41067217, "LENGTH_KM": 2.78, "DIST_DN_KM": 1386.6, "DIST_UP_KM": 8.7, "CATCH_SKM": 6.6300001, "UPLAND_SKM": 24.8, "ENDORHEIC": 0, "DIS_AV_CMS": 1.103, "ORD_STRA": 2, "ORD_CLAS": 5, "ORD_FLOW": 6, "HYBAS_L12": 4120831510.0, "Shape_Length": 0.024999999999991473 }, "geometry": { "type": "MultiLineString", "coordinates": [ [ [ 83.172916666666282, 28.031249999999552 ], [ 83.172916666666282, 28.018740329677772 ] ] ] } },
{ "type": "Feature", "properties": { "HYRIV_ID": 40787620, "NEXT_DOWN": 40789203, "MAIN_RIV": 41067217, "LENGTH_KM": 0.61, "DIST_DN_KM": 1389.4, "DIST_UP_KM": 2.7, "CATCH_SKM": 3.4100001, "UPLAND_SKM": 3.4, "ENDORHEIC": 0, "DIS_AV_CMS": 0.153, "ORD_STRA": 1, "ORD_CLAS": 6, "ORD_FLOW": 7, "HYBAS_L12": 4120831510.0, "Shape_Length": 0.0062499999999658939 }, "geometry": { "type": "MultiLineString", "coordinates": [ [ [ 83.179166666666248, 28.031249999999552 ], [ 83.172916666666282, 28.031249999999552 ] ] ] } },
{ "type": "Feature", "properties": { "HYRIV_ID": 40787361, "NEXT_DOWN": 40791377, "MAIN_RIV": 41067217, "LENGTH_KM": 0.62, "DIST_DN_KM": 1399.3, "DIST_UP_KM": 3.5, "CATCH_SKM": 0.38, "UPLAND_SKM": 11.7, "ENDORHEIC": 0, "DIS_AV_CMS": 0.489, "ORD_STRA": 2, "ORD_CLAS": 4, "ORD_FLOW": 7, "HYBAS_L12": 4120831510.0, "Shape_Length": 0.0058925565099629254 }, "geometry": { "type": "MultiLineString", "coordinates": [ [ [ 83.093749999999574, 28.039583333332878 ], [ 83.09791666666635, 28.035416666666215 ] ] ] } },
{ "type": "Feature", "properties": { "HYRIV_ID": 40787619, "NEXT_DOWN": 40789203, "MAIN_RIV": 41067217, "LENGTH_KM": 3.6900001, "DIST_DN_KM": 1389.6, "DIST_UP_KM": 5.8, "CATCH_SKM": 14.78, "UPLAND_SKM": 14.8, "ENDORHEIC": 0, "DIS_AV_CMS": 0.65100002, "ORD_STRA": 1, "ORD_CLAS": 5, "ORD_FLOW": 7, "HYBAS_L12": 4120831510.0, "Shape_Length": 0.036427669529719271 }, "geometry": { "type": "MultiLineString", "coordinates": [ [ [ 83.141666666666225, 28.043749999999569 ], [ 83.160416666666237, 28.043749999999569 ], [ 83.172916666666282, 28.031249999999552 ] ] ] } },
{ "type": "Feature", "properties": { "HYRIV_ID": 40787362, "NEXT_DOWN": 40791377, "MAIN_RIV": 41067217, "LENGTH_KM": 0.69, "DIST_DN_KM": 1399.1, "DIST_UP_KM": 2.7, "CATCH_SKM": 2.84, "UPLAND_SKM": 2.8, "ENDORHEIC": 0, "DIS_AV_CMS": 0.121, "ORD_STRA": 1, "ORD_CLAS": 5, "ORD_FLOW": 7, "HYBAS_L12": 4120831510.0, "Shape_Length": 0.0062499999999801048 }, "geometry": { "type": "MultiLineString", "coordinates": [ [ [ 83.09791666666635, 28.041666666666195 ], [ 83.09791666666635, 28.035416666666215 ] ] ] } },
{ "type": "Feature", "properties": { "HYRIV_ID": 40787062, "NEXT_DOWN": 40787361, "MAIN_RIV": 41067217, "LENGTH_KM": 0.61, "DIST_DN_KM": 1399.7, "DIST_UP_KM": 3.1, "CATCH_SKM": 7.39, "UPLAND_SKM": 7.4, "ENDORHEIC": 0, "DIS_AV_CMS": 0.30500001, "ORD_STRA": 1, "ORD_CLAS": 4, "ORD_FLOW": 7, "HYBAS_L12": 4120831510.0, "Shape_Length": 0.0062499999999658939 }, "geometry": { "type": "MultiLineString", "coordinates": [ [ [ 83.087499999999608, 28.039583333332878 ], [ 83.093749999999574, 28.039583333332878 ] ] ] } },
{ "type": "Feature", "properties": { "HYRIV_ID": 40781814, "NEXT_DOWN": 40782316, "MAIN_RIV": 41067217, "LENGTH_KM": 2.6600001, "DIST_DN_KM": 1389.3, "DIST_UP_KM": 20.700001, "CATCH_SKM": 6.6300001, "UPLAND_SKM": 115.8, "ENDORHEIC": 0, "DIS_AV_CMS": 5.717, "ORD_STRA": 3, "ORD_CLAS": 6, "ORD_FLOW": 6, "HYBAS_L12": 4120826510.0, "Shape_Length": 0.026725889843283911 }, "geometry": { "type": "MultiLineString", "coordinates": [ [ [ 83.193749999999653, 28.122916666666207 ], [ 83.202083333332979, 28.122916666666207 ], [ 83.206249999999642, 28.127083333332912 ], [ 83.218749999999687, 28.127083333332912 ] ] ] } },
{ "type": "Feature", "properties": { "HYRIV_ID": 40781815, "NEXT_DOWN": 40782067, "MAIN_RIV": 41067217, "LENGTH_KM": 1.08, "DIST_DN_KM": 1376.8, "DIST_UP_KM": 65.599998, "CATCH_SKM": 1.89, "UPLAND_SKM": 1233.4, "ENDORHEIC": 0, "DIS_AV_CMS": 67.308998, "ORD_STRA": 5, "ORD_CLAS": 4, "ORD_FLOW": 5, "HYBAS_L12": 4120826330.0, "Shape_Length": 0.010059223176628241 }, "geometry": { "type": "MultiLineString", "coordinates": [ [ [ 83.314583333332934, 28.131249999999575 ], [ 83.318749999999653, 28.127083333332912 ], [ 83.318749999999653, 28.122916666666207 ] ] ] } },
{ "type": "Feature", "properties": { "HYRIV_ID": 40782069, "NEXT_DOWN": 40783369, "MAIN_RIV": 41067217, "LENGTH_KM": 2.24, "DIST_DN_KM": 1377.0, "DIST_UP_KM": 4.0, "CATCH_SKM": 9.2799997, "UPLAND_SKM": 9.3, "ENDORHEIC": 0, "DIS_AV_CMS": 0.50800002, "ORD_STRA": 1, "ORD_CLAS": 5, "ORD_FLOW": 7, "HYBAS_L12": 4120827730.0, "Shape_Length": 0.02047588984322098 }, "geometry": { "type": "MultiLineString", "coordinates": [ [ [ 83.360416666666225, 28.137499999999555 ], [ 83.360416666666225, 28.122916666666207 ], [ 83.356249999999562, 28.118749999999558 ] ] ] } },
{ "type": "Feature", "properties": { "HYRIV_ID": 40781534, "NEXT_DOWN": 40782316, "MAIN_RIV": 41067217, "LENGTH_KM": 2.01, "DIST_DN_KM": 1389.4, "DIST_UP_KM": 3.9, "CATCH_SKM": 5.87, "UPLAND_SKM": 5.9, "ENDORHEIC": 0, "DIS_AV_CMS": 0.294, "ORD_STRA": 1, "ORD_CLAS": 7, "ORD_FLOW": 7, "HYBAS_L12": 4120826510.0, "Shape_Length": 0.018898057941298878 }, "geometry": { "type": "MultiLineString", "coordinates": [ [ [ 83.229166666666259, 28.141666666666218 ], [ 83.218749999999687, 28.131249999999575 ], [ 83.218749999999687, 28.127083333332912 ] ] ] } },
{ "type": "Feature", "properties": { "HYRIV_ID": 40781245, "NEXT_DOWN": 40781815, "MAIN_RIV": 41067217, "LENGTH_KM": 1.85, "DIST_DN_KM": 1378.1, "DIST_UP_KM": 64.300003, "CATCH_SKM": 4.73, "UPLAND_SKM": 1227.0, "ENDORHEIC": 0, "DIS_AV_CMS": 66.746002, "ORD_STRA": 5, "ORD_CLAS": 4, "ORD_FLOW": 5, "HYBAS_L12": 4120826330.0, "Shape_Length": 0.017677669529637563 }, "geometry": { "type": "MultiLineString", "coordinates": [ [ [ 83.302083333332945, 28.14374999999955 ], [ 83.314583333332934, 28.131249999999575 ] ] ] } },
{ "type": "Feature", "properties": { "HYRIV_ID": 40780968, "NEXT_DOWN": 40781816, "MAIN_RIV": 41067217, "LENGTH_KM": 1.1, "DIST_DN_KM": 1382.9, "DIST_UP_KM": 3.2, "CATCH_SKM": 5.3, "UPLAND_SKM": 5.3, "ENDORHEIC": 0, "DIS_AV_CMS": 0.295, "ORD_STRA": 1, "ORD_CLAS": 6, "ORD_FLOW": 7, "HYBAS_L12": 4120827890.0, "Shape_Length": 0.010416666666657193 }, "geometry": { "type": "MultiLineString", "coordinates": [ [ [ 83.389583333332922, 28.141666666666218 ], [ 83.389583333332922, 28.135416666666224 ], [ 83.393749999999585, 28.135416666666224 ] ] ] } },
{ "type": "Feature", "properties": { "HYRIV_ID": 40780969, "NEXT_DOWN": 40781816, "MAIN_RIV": 41067217, "LENGTH_KM": 0.69, "DIST_DN_KM": 1382.9, "DIST_UP_KM": 2.3, "CATCH_SKM": 2.27, "UPLAND_SKM": 2.3, "ENDORHEIC": 0, "DIS_AV_CMS": 0.127, "ORD_STRA": 1, "ORD_CLAS": 7, "ORD_FLOW": 7, "HYBAS_L12": 4120827890.0, "Shape_Length": 0.0062499999999943157 }, "geometry": { "type": "MultiLineString", "coordinates": [ [ [ 83.393749999999585, 28.141666666666218 ], [ 83.393749999999585, 28.135416666666224 ] ] ] } },
{ "type": "Feature", "properties": { "HYRIV_ID": 40781246, "NEXT_DOWN": 40781815, "MAIN_RIV": 41067217, "LENGTH_KM": 2.57, "DIST_DN_KM": 1378.1, "DIST_UP_KM": 3.9, "CATCH_SKM": 4.54, "UPLAND_SKM": 4.5, "ENDORHEIC": 0, "DIS_AV_CMS": 0.245, "ORD_STRA": 1, "ORD_CLAS": 5, "ORD_FLOW": 7, "HYBAS_L12": 4120826330.0, "Shape_Length": 0.024790614451251754 }, "geometry": { "type": "MultiLineString", "coordinates": [ [ [ 83.333333333332945, 28.145833333332867 ], [ 83.327083333332979, 28.139583333332887 ], [ 83.322916666666316, 28.139583333332887 ], [ 83.314583333332934, 28.131249999999575 ] ] ] } },
{ "type": "Feature", "properties": { "HYRIV_ID": 40781813, "NEXT_DOWN": 40781814, "MAIN_RIV": 41067217, "LENGTH_KM": 3.86, "DIST_DN_KM": 1392.0, "DIST_UP_KM": 7.5, "CATCH_SKM": 7.3800001, "UPLAND_SKM": 15.3, "ENDORHEIC": 0, "DIS_AV_CMS": 0.76800001, "ORD_STRA": 2, "ORD_CLAS": 7, "ORD_FLOW": 7, "HYBAS_L12": 4120826510.0, "Shape_Length": 0.035059223176567032 }, "geometry": { "type": "MultiLineString", "coordinates": [ [ [ 83.197916666666316, 28.156249999999567 ], [ 83.193749999999653, 28.152083333332861 ], [ 83.193749999999653, 28.122916666666207 ] ] ] } },
{ "type": "Feature", "properties": { "HYRIV_ID": 40782065, "NEXT_DOWN": 40782066, "MAIN_RIV": 41067217, "LENGTH_KM": 6.4299998, "DIST_DN_KM": 1382.7, "DIST_UP_KM": 30.8, "CATCH_SKM": 17.41, "UPLAND_SKM": 86.300003, "ENDORHEIC": 0, "DIS_AV_CMS": 4.4889998, "ORD_STRA": 2, "ORD_CLAS": 6, "ORD_FLOW": 6, "HYBAS_L12": 4120826520.0, "Shape_Length": 0.059344336196308967 }, "geometry": { "type": "MultiLineString", "coordinates": [ [ [ 83.247916666666271, 28.168749999999541 ], [ 83.247916666666271, 28.152083333332861 ], [ 83.252083333332877, 28.147916666666198 ], [ 83.252083333332877, 28.14374999999955 ], [ 83.256249999999596, 28.139583333332887 ], [ 83.256249999999596, 28.135416666666224 ], [ 83.260416666666259, 28.131249999999575 ], [ 83.260416666666259, 28.118749999999558 ], [ 83.264583333332922, 28.118749999999558 ] ] ] } },
{ "type": "Feature", "properties": { "HYRIV_ID": 40780441, "NEXT_DOWN": 40781245, "MAIN_RIV": 41067217, "LENGTH_KM": 2.57, "DIST_DN_KM": 1379.8, "DIST_UP_KM": 4.5, "CATCH_SKM": 7.1900001, "UPLAND_SKM": 7.2, "ENDORHEIC": 0, "DIS_AV_CMS": 0.38800001, "ORD_STRA": 1, "ORD_CLAS": 5, "ORD_FLOW": 7, "HYBAS_L12": 4120826330.0, "Shape_Length": 0.02479061445124171 }, "geometry": { "type": "MultiLineString", "coordinates": [ [ [ 83.320833333332899, 28.158333333332884 ], [ 83.306249999999608, 28.14374999999955 ], [ 83.302083333332945, 28.14374999999955 ] ] ] } },
{ "type": "Feature", "properties": { "HYRIV_ID": 40780440, "NEXT_DOWN": 40781245, "MAIN_RIV": 41067217, "LENGTH_KM": 2.78, "DIST_DN_KM": 1379.9, "DIST_UP_KM": 62.5, "CATCH_SKM": 8.8900003, "UPLAND_SKM": 1215.1, "ENDORHEIC": 0, "DIS_AV_CMS": 65.785004, "ORD_STRA": 5, "ORD_CLAS": 4, "ORD_FLOW": 5, "HYBAS_L12": 4120826330.0, "Shape_Length": 0.026011002863036096 }, "geometry": { "type": "MultiLineString", "coordinates": [ [ [ 83.289583333332899, 28.164583333332878 ], [ 83.297916666666282, 28.156249999999567 ], [ 83.297916666666282, 28.147916666666198 ], [ 83.302083333332945, 28.14374999999955 ] ] ] } },
{ "type": "Feature", "properties": { "HYRIV_ID": 40781533, "NEXT_DOWN": 40782064, "MAIN_RIV": 41067217, "LENGTH_KM": 7.33, "DIST_DN_KM": 1394.4, "DIST_UP_KM": 8.8, "CATCH_SKM": 14.76, "UPLAND_SKM": 14.8, "ENDORHEIC": 0, "DIS_AV_CMS": 0.72899997, "ORD_STRA": 1, "ORD_CLAS": 7, "ORD_FLOW": 7, "HYBAS_L12": 4120826510.0, "Shape_Length": 0.06833122890254674 }, "geometry": { "type": "MultiLineString", "coordinates": [ [ [ 83.18958333333299, 28.183333333332889 ], [ 83.18958333333299, 28.177083333332895 ], [ 83.185416666666271, 28.172916666666232 ], [ 83.185416666666271, 28.168749999999541 ], [ 83.177083333332945, 28.160416666666215 ], [ 83.177083333332945, 28.156249999999567 ], [ 83.185416666666271, 28.147916666666198 ], [ 83.181249999999608, 28.14374999999955 ], [ 83.181249999999608, 28.131249999999575 ], [ 83.177083333332945, 28.127083333332912 ] ] ] } },
{ "type": "Feature", "properties": { "HYRIV_ID": 40779589, "NEXT_DOWN": 40781813, "MAIN_RIV": 41067217, "LENGTH_KM": 0.93, "DIST_DN_KM": 1396.0, "DIST_UP_KM": 2.5, "CATCH_SKM": 2.27, "UPLAND_SKM": 2.3, "ENDORHEIC": 0, "DIS_AV_CMS": 0.114, "ORD_STRA": 1, "ORD_CLAS": 8, "ORD_FLOW": 7, "HYBAS_L12": 4120826510.0, "Shape_Length": 0.0088388347647534657 }, "geometry": { "type": "MultiLineString", "coordinates": [ [ [ 83.204166666666225, 28.162499999999547 ], [ 83.197916666666316, 28.156249999999567 ] ] ] } },
{ "type": "Feature", "properties": { "HYRIV_ID": 40779588, "NEXT_DOWN": 40781813, "MAIN_RIV": 41067217, "LENGTH_KM": 1.78, "DIST_DN_KM": 1395.9, "DIST_UP_KM": 3.6, "CATCH_SKM": 5.6799998, "UPLAND_SKM": 5.7, "ENDORHEIC": 0, "DIS_AV_CMS": 0.28400001, "ORD_STRA": 1, "ORD_CLAS": 7, "ORD_FLOW": 7, "HYBAS_L12": 4120826510.0, "Shape_Length": 0.016309223176553939 }, "geometry": { "type": "MultiLineString", "coordinates": [ [ [ 83.202083333332979, 28.170833333332901 ], [ 83.202083333332979, 28.164583333332878 ], [ 83.197916666666316, 28.160416666666215 ], [ 83.197916666666316, 28.156249999999567 ] ] ] } },
{ "type": "Feature", "properties": { "HYRIV_ID": 40779020, "NEXT_DOWN": 40780440, "MAIN_RIV": 41067217, "LENGTH_KM": 0.61, "DIST_DN_KM": 1382.5, "DIST_UP_KM": 2.1, "CATCH_SKM": 2.46, "UPLAND_SKM": 2.5, "ENDORHEIC": 0, "DIS_AV_CMS": 0.12800001, "ORD_STRA": 1, "ORD_CLAS": 5, "ORD_FLOW": 7, "HYBAS_L12": 4120826330.0, "Shape_Length": 0.0062500000000227374 }, "geometry": { "type": "MultiLineString", "coordinates": [ [ [ 83.283333333332877, 28.164583333332878 ], [ 83.289583333332899, 28.164583333332878 ] ] ] } },
{ "type": "Feature", "properties": { "HYRIV_ID": 40778768, "NEXT_DOWN": 40782065, "MAIN_RIV": 41067217, "LENGTH_KM": 0.61, "DIST_DN_KM": 1389.2, "DIST_UP_KM": 2.3, "CATCH_SKM": 2.46, "UPLAND_SKM": 2.5, "ENDORHEIC": 0, "DIS_AV_CMS": 0.125, "ORD_STRA": 1, "ORD_CLAS": 7, "ORD_FLOW": 7, "HYBAS_L12": 4120826520.0, "Shape_Length": 0.0062499999999658939 }, "geometry": { "type": "MultiLineString", "coordinates": [ [ [ 83.241666666666305, 28.168749999999541 ], [ 83.247916666666271, 28.168749999999541 ] ] ] } },
{ "type": "Feature", "properties": { "HYRIV_ID": 40779021, "NEXT_DOWN": 40780440, "MAIN_RIV": 41067217, "LENGTH_KM": 1.08, "DIST_DN_KM": 1382.7, "DIST_UP_KM": 59.700001, "CATCH_SKM": 1.7, "UPLAND_SKM": 1203.7, "ENDORHEIC": 0, "DIS_AV_CMS": 64.652, "ORD_STRA": 5, "ORD_CLAS": 4, "ORD_FLOW": 5, "HYBAS_L12": 4120826330.0, "Shape_Length": 0.010059223176573834 }, "geometry": { "type": "MultiLineString", "coordinates": [ [ [ 83.285416666666237, 28.172916666666232 ], [ 83.285416666666237, 28.168749999999541 ], [ 83.289583333332899, 28.164583333332878 ] ] ] } },
{ "type": "Feature", "properties": { "HYRIV_ID": 40778489, "NEXT_DOWN": 40779021, "MAIN_RIV": 41067217, "LENGTH_KM": 2.05, "DIST_DN_KM": 1383.6, "DIST_UP_KM": 4.1, "CATCH_SKM": 4.54, "UPLAND_SKM": 4.5, "ENDORHEIC": 0, "DIS_AV_CMS": 0.244, "ORD_STRA": 1, "ORD_CLAS": 5, "ORD_FLOW": 7, "HYBAS_L12": 4120826330.0, "Shape_Length": 0.020475889843214377 }, "geometry": { "type": "MultiLineString", "coordinates": [ [ [ 83.304166666666248, 28.177083333332895 ], [ 83.293749999999619, 28.177083333332895 ], [ 83.289583333332899, 28.172916666666232 ], [ 83.285416666666237, 28.172916666666232 ] ] ] } },
{ "type": "Feature", "properties": { "HYRIV_ID": 40778488, "NEXT_DOWN": 40779021, "MAIN_RIV": 41067217, "LENGTH_KM": 1.7, "DIST_DN_KM": 1383.8, "DIST_UP_KM": 58.599998, "CATCH_SKM": 3.03, "UPLAND_SKM": 1197.5, "ENDORHEIC": 0, "DIS_AV_CMS": 64.106003, "ORD_STRA": 5, "ORD_CLAS": 4, "ORD_FLOW": 5, "HYBAS_L12": 4120826330.0, "Shape_Length": 0.015951779686417901 }, "geometry": { "type": "MultiLineString", "coordinates": [ [ [ 83.277083333332911, 28.185416666666207 ], [ 83.281249999999574, 28.181249999999558 ], [ 83.281249999999574, 28.177083333332895 ], [ 83.285416666666237, 28.172916666666232 ] ] ] } },
{ "type": "Feature", "properties": { "HYRIV_ID": 40780442, "NEXT_DOWN": 40781817, "MAIN_RIV": 41067217, "LENGTH_KM": 1.39, "DIST_DN_KM": 1383.6, "DIST_UP_KM": 3.1, "CATCH_SKM": 2.6500001, "UPLAND_SKM": 2.6, "ENDORHEIC": 0, "DIS_AV_CMS": 0.15, "ORD_STRA": 1, "ORD_CLAS": 7, "ORD_FLOW": 7, "HYBAS_L12": 4120827890.0, "Shape_Length": 0.013005501431442325 }, "geometry": { "type": "MultiLineString", "coordinates": [ [ [ 83.404166666666328, 28.154166666666235 ], [ 83.410416666666237, 28.147916666666198 ], [ 83.410416666666237, 28.14374999999955 ] ] ] } },
{ "type": "Feature", "properties": { "HYRIV_ID": 40780445, "NEXT_DOWN": 40781247, "MAIN_RIV": 41067217, "LENGTH_KM": 1.85, "DIST_DN_KM": 1386.6, "DIST_UP_KM": 3.1, "CATCH_SKM": 3.22, "UPLAND_SKM": 3.2, "ENDORHEIC": 0, "DIS_AV_CMS": 0.19, "ORD_STRA": 1, "ORD_CLAS": 7, "ORD_FLOW": 7, "HYBAS_L12": 4120827890.0, "Shape_Length": 0.017172168098095152 }, "geometry": { "type": "MultiLineString", "coordinates": [ [ [ 83.470833333332877, 28.158333333332884 ], [ 83.464583333332968, 28.152083333332861 ], [ 83.464583333332968, 28.14374999999955 ] ] ] } },
{ "type": "Feature", "properties": { "HYRIV_ID": 40780137, "NEXT_DOWN": 40780444, "MAIN_RIV": 41067217, "LENGTH_KM": 0.93, "DIST_DN_KM": 1387.4, "DIST_UP_KM": 2.3, "CATCH_SKM": 3.22, "UPLAND_SKM": 3.2, "ENDORHEIC": 0, "DIS_AV_CMS": 0.18700001, "ORD_STRA": 1, "ORD_CLAS": 7, "ORD_FLOW": 7, "HYBAS_L12": 4120827890.0, "Shape_Length": 0.0088388347649142433 }, "geometry": { "type": "MultiLineString", "coordinates": [ [ [ 83.454166666666225, 28.154166666666235 ], [ 83.460416666666305, 28.147916666666198 ] ] ] } },
{ "type": "Feature", "properties": { "HYRIV_ID": 40780138, "NEXT_DOWN": 40780444, "MAIN_RIV": 41067217, "LENGTH_KM": 1.16, "DIST_DN_KM": 1387.2, "DIST_UP_KM": 2.8, "CATCH_SKM": 2.84, "UPLAND_SKM": 2.8, "ENDORHEIC": 0, "DIS_AV_CMS": 0.167, "ORD_STRA": 1, "ORD_CLAS": 6, "ORD_FLOW": 7, "HYBAS_L12": 4120827890.0, "Shape_Length": 0.010416666666685614 }, "geometry": { "type": "MultiLineString", "coordinates": [ [ [ 83.460416666666305, 28.158333333332884 ], [ 83.460416666666305, 28.147916666666198 ] ] ] } },
{ "type": "Feature", "properties": { "HYRIV_ID": 40780443, "NEXT_DOWN": 40781817, "MAIN_RIV": 41067217, "LENGTH_KM": 3.71, "DIST_DN_KM": 1383.7, "DIST_UP_KM": 4.8, "CATCH_SKM": 11.73, "UPLAND_SKM": 11.7, "ENDORHEIC": 0, "DIS_AV_CMS": 0.676, "ORD_STRA": 1, "ORD_CLAS": 6, "ORD_FLOW": 7, "HYBAS_L12": 4120827890.0, "Shape_Length": 0.034849837627859898 }, "geometry": { "type": "MultiLineString", "coordinates": [ [ [ 83.429166666666248, 28.170833333332901 ], [ 83.414583333332899, 28.156249999999567 ], [ 83.414583333332899, 28.147916666666198 ], [ 83.410416666666237, 28.14374999999955 ] ] ] } },
{ "type": "Feature", "properties": { "HYRIV_ID": 40779590, "NEXT_DOWN": 40781248, "MAIN_RIV": 41067217, "LENGTH_KM": 0.93, "DIST_DN_KM": 1391.8, "DIST_UP_KM": 2.5, "CATCH_SKM": 3.97, "UPLAND_SKM": 4.0, "ENDORHEIC": 0, "DIS_AV_CMS": 0.237, "ORD_STRA": 1, "ORD_CLAS": 5, "ORD_FLOW": 7, "HYBAS_L12": 4120827890.0, "Shape_Length": 0.0088388347647936592 }, "geometry": { "type": "MultiLineString", "coordinates": [ [ [ 83.487499999999585, 28.162499999999547 ], [ 83.493749999999551, 28.156249999999567 ] ] ] } },
{ "type": "Feature", "properties": { "HYRIV_ID": 40779591, "NEXT_DOWN": 40781248, "MAIN_RIV": 41067217, "LENGTH_KM": 0.93, "DIST_DN_KM": 1391.8, "DIST_UP_KM": 2.3, "CATCH_SKM": 3.22, "UPLAND_SKM": 3.2, "ENDORHEIC": 0, "DIS_AV_CMS": 0.19400001, "ORD_STRA": 1, "ORD_CLAS": 6, "ORD_FLOW": 7, "HYBAS_L12": 4120827890.0, "Shape_Length": 0.0088388347648740481 }, "geometry": { "type": "MultiLineString", "coordinates": [ [ [ 83.499999999999631, 28.162499999999547 ], [ 83.493749999999551, 28.156249999999567 ] ] ] } },
{ "type": "Feature", "properties": { "HYRIV_ID": 40779276, "NEXT_DOWN": 40779278, "MAIN_RIV": 41067217, "LENGTH_KM": 1.02, "DIST_DN_KM": 1402.2, "DIST_UP_KM": 2.5, "CATCH_SKM": 4.1599998, "UPLAND_SKM": 4.2, "ENDORHEIC": 0, "DIS_AV_CMS": 0.25600001, "ORD_STRA": 1, "ORD_CLAS": 6, "ORD_FLOW": 7, "HYBAS_L12": 4121461430.0, "Shape_Length": 0.010416666666685614 }, "geometry": { "type": "MultiLineString", "coordinates": [ [ [ 83.558333333332911, 28.160416666666215 ], [ 83.568749999999596, 28.160416666666215 ] ] ] } },
{ "type": "Feature", "properties": { "HYRIV_ID": 40779278, "NEXT_DOWN": 40778773, "MAIN_RIV": 41067217, "LENGTH_KM": 2.46, "DIST_DN_KM": 1399.9, "DIST_UP_KM": 6.3, "CATCH_SKM": 8.33, "UPLAND_SKM": 21.6, "ENDORHEIC": 0, "DIS_AV_CMS": 1.3380001, "ORD_STRA": 2, "ORD_CLAS": 5, "ORD_FLOW": 6, "HYBAS_L12": 4121461430.0, "Shape_Length": 0.024285113019810546 }, "geometry": { "type": "MultiLineString", "coordinates": [ [ [ 83.568749999999596, 28.160416666666215 ], [ 83.570593218409925, 28.160416666666215 ] ] ] } },
{ "type": "Feature", "properties": { "HYRIV_ID": 40779277, "NEXT_DOWN": 40779278, "MAIN_RIV": 41067217, "LENGTH_KM": 1.64, "DIST_DN_KM": 1402.3, "DIST_UP_KM": 3.9, "CATCH_SKM": 4.1599998, "UPLAND_SKM": 9.1, "ENDORHEIC": 0, "DIS_AV_CMS": 0.56199998, "ORD_STRA": 2, "ORD_CLAS": 5, "ORD_FLOW": 7, "HYBAS_L12": 4121461430.0, "Shape_Length": 0.015951779686427948 }, "geometry": { "type": "MultiLineString", "coordinates": [ [ [ 83.567574141601582, 28.161592525064226 ], [ 83.568749999999596, 28.160416666666215 ] ] ] } },
{ "type": "Feature", "properties": { "HYRIV_ID": 40778490, "NEXT_DOWN": 40777484, "MAIN_RIV": 41067217, "LENGTH_KM": 3.5, "DIST_DN_KM": 1393.5, "DIST_UP_KM": 4.9, "CATCH_SKM": 6.62, "UPLAND_SKM": 6.6, "ENDORHEIC": 0, "DIS_AV_CMS": 0.368, "ORD_STRA": 1, "ORD_CLAS": 6, "ORD_FLOW": 7, "HYBAS_L12": 4120824270.0, "Shape_Length": 0.033123947784499855 }, "geometry": { "type": "MultiLineString", "coordinates": [ [ [ 83.366666666666248, 28.170833333332901 ], [ 83.356249999999562, 28.181249999999558 ], [ 83.356249999999562, 28.18958333333287 ], [ 83.352083333332899, 28.193749999999575 ], [ 83.34791666666635, 28.193749999999575 ] ] ] } },
{ "type": "Feature", "properties": { "HYRIV_ID": 40778769, "NEXT_DOWN": 40782065, "MAIN_RIV": 41067217, "LENGTH_KM": 3.71, "DIST_DN_KM": 1389.2, "DIST_UP_KM": 24.3, "CATCH_SKM": 8.3199997, "UPLAND_SKM": 66.400002, "ENDORHEIC": 0, "DIS_AV_CMS": 3.388, "ORD_STRA": 2, "ORD_CLAS": 6, "ORD_FLOW": 6, "HYBAS_L12": 4120826520.0, "Shape_Length": 0.034344336196369459 }, "geometry": { "type": "MultiLineString", "coordinates": [ [ [ 83.235416666666225, 28.197916666666224 ], [ 83.235416666666225, 28.193749999999575 ], [ 83.243749999999551, 28.185416666666207 ], [ 83.243749999999551, 28.181249999999558 ], [ 83.247916666666271, 28.177083333332895 ], [ 83.247916666666271, 28.168749999999541 ] ] ] } },
{ "type": "Feature", "properties": { "HYRIV_ID": 40778219, "NEXT_DOWN": 40776893, "MAIN_RIV": 41067217, "LENGTH_KM": 2.86, "DIST_DN_KM": 1395.4, "DIST_UP_KM": 4.8, "CATCH_SKM": 7.3800001, "UPLAND_SKM": 7.4, "ENDORHEIC": 0, "DIS_AV_CMS": 0.41600001, "ORD_STRA": 1, "ORD_CLAS": 6, "ORD_FLOW": 7, "HYBAS_L12": 4120824270.0, "Shape_Length": 0.026368446353143712 }, "geometry": { "type": "MultiLineString", "coordinates": [ [ [ 83.372916666666384, 28.174999999999564 ], [ 83.372916666666384, 28.181249999999558 ], [ 83.364583333333002, 28.18958333333287 ], [ 83.364583333333002, 28.197916666666224 ] ] ] } },
{ "type": "Feature", "properties": { "HYRIV_ID": 40777978, "NEXT_DOWN": 40777484, "MAIN_RIV": 41067217, "LENGTH_KM": 1.62, "DIST_DN_KM": 1393.5, "DIST_UP_KM": 3.2, "CATCH_SKM": 3.03, "UPLAND_SKM": 3.0, "ENDORHEIC": 0, "DIS_AV_CMS": 0.166, "ORD_STRA": 1, "ORD_CLAS": 7, "ORD_FLOW": 7, "HYBAS_L12": 4120824270.0, "Shape_Length": 0.014583333333348492 }, "geometry": { "type": "MultiLineString", "coordinates": [ [ [ 83.34791666666635, 28.179166666666227 ], [ 83.34791666666635, 28.193749999999575 ] ] ] } },
{ "type": "Feature", "properties": { "HYRIV_ID": 40777728, "NEXT_DOWN": 40778488, "MAIN_RIV": 41067217, "LENGTH_KM": 1.64, "DIST_DN_KM": 1385.5, "DIST_UP_KM": 41.3, "CATCH_SKM": 2.08, "UPLAND_SKM": 335.79999, "ENDORHEIC": 0, "DIS_AV_CMS": 20.421, "ORD_STRA": 4, "ORD_CLAS": 5, "ORD_FLOW": 5, "HYBAS_L12": 4120824270.0, "Shape_Length": 0.015951779686458098 }, "geometry": { "type": "MultiLineString", "coordinates": [ [ [ 83.289583333332899, 28.193749999999575 ], [ 83.285416666666237, 28.193749999999575 ], [ 83.277083333332911, 28.185416666666207 ] ] ] } },
{ "type": "Feature", "properties": { "HYRIV_ID": 40777484, "NEXT_DOWN": 40777728, "MAIN_RIV": 41067217, "LENGTH_KM": 6.5500002, "DIST_DN_KM": 1387.0, "DIST_UP_KM": 39.900002, "CATCH_SKM": 15.51, "UPLAND_SKM": 269.60001, "ENDORHEIC": 0, "DIS_AV_CMS": 16.568001, "ORD_STRA": 4, "ORD_CLAS": 5, "ORD_FLOW": 5, "HYBAS_L12": 4120824270.0, "Shape_Length": 0.065236892706336341 }, "geometry": { "type": "MultiLineString", "coordinates": [ [ [ 83.34791666666635, 28.193749999999575 ], [ 83.343749999999687, 28.193749999999575 ], [ 83.339583333332968, 28.18958333333287 ], [ 83.318749999999653, 28.18958333333287 ], [ 83.310416666666271, 28.197916666666224 ], [ 83.302083333332945, 28.197916666666224 ], [ 83.297916666666282, 28.193749999999575 ], [ 83.289583333332899, 28.193749999999575 ] ] ] } },
{ "type": "Feature", "properties": { "HYRIV_ID": 40777176, "NEXT_DOWN": 40778769, "MAIN_RIV": 41067217, "LENGTH_KM": 1.64, "DIST_DN_KM": 1392.9, "DIST_UP_KM": 3.0, "CATCH_SKM": 5.3, "UPLAND_SKM": 5.3, "ENDORHEIC": 0, "DIS_AV_CMS": 0.26800001, "ORD_STRA": 1, "ORD_CLAS": 7, "ORD_FLOW": 7, "HYBAS_L12": 4120826520.0, "Shape_Length": 0.016309223176501259 }, "geometry": { "type": "MultiLineString", "coordinates": [ [ [ 83.220833333332934, 28.193749999999575 ], [ 83.227083333332899, 28.193749999999575 ], [ 83.231249999999562, 28.197916666666224 ], [ 83.235416666666225, 28.197916666666224 ] ] ] } },
{ "type": "Feature", "properties": { "HYRIV_ID": 40777178, "NEXT_DOWN": 40777484, "MAIN_RIV": 41067217, "LENGTH_KM": 1.03, "DIST_DN_KM": 1393.7, "DIST_UP_KM": 33.099998, "CATCH_SKM": 1.7, "UPLAND_SKM": 244.5, "ENDORHEIC": 0, "DIS_AV_CMS": 14.813, "ORD_STRA": 4, "ORD_CLAS": 5, "ORD_FLOW": 5, "HYBAS_L12": 4120824270.0, "Shape_Length": 0.010059223176454976 }, "geometry": { "type": "MultiLineString", "coordinates": [ [ [ 83.356249999999562, 28.197916666666224 ], [ 83.352083333332899, 28.197916666666224 ], [ 83.34791666666635, 28.193749999999575 ] ] ] } },
{ "type": "Feature", "properties": { "HYRIV_ID": 40776893, "NEXT_DOWN": 40777178, "MAIN_RIV": 41067217, "LENGTH_KM": 0.82, "DIST_DN_KM": 1394.5, "DIST_UP_KM": 32.3, "CATCH_SKM": 1.89, "UPLAND_SKM": 240.7, "ENDORHEIC": 0, "DIS_AV_CMS": 14.552, "ORD_STRA": 4, "ORD_CLAS": 5, "ORD_FLOW": 5, "HYBAS_L12": 4120824270.0, "Shape_Length": 0.008333333333439441 }, "geometry": { "type": "MultiLineString", "coordinates": [ [ [ 83.364583333333002, 28.197916666666224 ], [ 83.356249999999562, 28.197916666666224 ] ] ] } },
{ "type": "Feature", "properties": { "HYRIV_ID": 40776892, "NEXT_DOWN": 40777178, "MAIN_RIV": 41067217, "LENGTH_KM": 0.69, "DIST_DN_KM": 1394.6, "DIST_UP_KM": 2.0, "CATCH_SKM": 2.08, "UPLAND_SKM": 2.1, "ENDORHEIC": 0, "DIS_AV_CMS": 0.116, "ORD_STRA": 1, "ORD_CLAS": 6, "ORD_FLOW": 7, "HYBAS_L12": 4120824270.0, "Shape_Length": 0.0062499999999943157 }, "geometry": { "type": "MultiLineString", "coordinates": [ [ [ 83.356249999999562, 28.204166666666218 ], [ 83.356249999999562, 28.197916666666224 ] ] ] } },
{ "type": "Feature", "properties": { "HYRIV_ID": 40776895, "NEXT_DOWN": 40776356, "MAIN_RIV": 41067217, "LENGTH_KM": 1.39, "DIST_DN_KM": 1397.8, "DIST_UP_KM": 3.6, "CATCH_SKM": 3.97, "UPLAND_SKM": 4.0, "ENDORHEIC": 0, "DIS_AV_CMS": 0.225, "ORD_STRA": 1, "ORD_CLAS": 6, "ORD_FLOW": 7, "HYBAS_L12": 4120824270.0, "Shape_Length": 0.01300550143149673 }, "geometry": { "type": "MultiLineString", "coordinates": [ [ [ 83.391666666666282, 28.195833333332907 ], [ 83.385416666666259, 28.202083333332887 ], [ 83.385416666666259, 28.20624999999955 ] ] ] } },
{ "type": "Feature", "properties": { "HYRIV_ID": 40777177, "NEXT_DOWN": 40777728, "MAIN_RIV": 41067217, "LENGTH_KM": 2.01, "DIST_DN_KM": 1387.0, "DIST_UP_KM": 16.6, "CATCH_SKM": 2.6500001, "UPLAND_SKM": 64.099998, "ENDORHEIC": 0, "DIS_AV_CMS": 3.6400001, "ORD_STRA": 2, "ORD_CLAS": 6, "ORD_FLOW": 6, "HYBAS_L12": 4120824270.0, "Shape_Length": 0.018392556509887102 }, "geometry": { "type": "MultiLineString", "coordinates": [ [ [ 83.293749999999619, 28.210416666666198 ], [ 83.289583333332899, 28.20624999999955 ], [ 83.289583333332899, 28.193749999999575 ] ] ] } },
{ "type": "Feature", "properties": { "HYRIV_ID": 40776894, "NEXT_DOWN": 40776893, "MAIN_RIV": 41067217, "LENGTH_KM": 2.05, "DIST_DN_KM": 1395.3, "DIST_UP_KM": 31.5, "CATCH_SKM": 4.35, "UPLAND_SKM": 231.39999, "ENDORHEIC": 0, "DIS_AV_CMS": 13.982, "ORD_STRA": 4, "ORD_CLAS": 5, "ORD_FLOW": 5, "HYBAS_L12": 4120824270.0, "Shape_Length": 0.020118446353067282 }, "geometry": { "type": "MultiLineString", "coordinates": [ [ [ 83.381249999999596, 28.20624999999955 ], [ 83.372916666666384, 28.197916666666224 ], [ 83.364583333333002, 28.197916666666224 ] ] ] } },
{ "type": "Feature", "properties": { "HYRIV_ID": 40777727, "NEXT_DOWN": 40778488, "MAIN_RIV": 41067217, "LENGTH_KM": 5.04, "DIST_DN_KM": 1385.5, "DIST_UP_KM": 56.900002, "CATCH_SKM": 14.19, "UPLAND_SKM": 858.59998, "ENDORHEIC": 0, "DIS_AV_CMS": 43.209, "ORD_STRA": 4, "ORD_CLAS": 4, "ORD_FLOW": 5, "HYBAS_L12": 4120824260.0, "Shape_Length": 0.047855339059332376 }, "geometry": { "type": "MultiLineString", "coordinates": [ [ [ 83.247916666666271, 28.218749999999567 ], [ 83.256249999999596, 28.210416666666198 ], [ 83.256249999999596, 28.20624999999955 ], [ 83.264583333332922, 28.197916666666224 ], [ 83.268749999999585, 28.197916666666224 ], [ 83.272916666666248, 28.193749999999575 ], [ 83.272916666666248, 28.18958333333287 ], [ 83.277083333332911, 28.185416666666207 ] ] ] } },
{ "type": "Feature", "properties": { "HYRIV_ID": 40776356, "NEXT_DOWN": 40776894, "MAIN_RIV": 41067217, "LENGTH_KM": 0.41, "DIST_DN_KM": 1397.4, "DIST_UP_KM": 29.4, "CATCH_SKM": 2.27, "UPLAND_SKM": 221.39999, "ENDORHEIC": 0, "DIS_AV_CMS": 13.321, "ORD_STRA": 4, "ORD_CLAS": 5, "ORD_FLOW": 5, "HYBAS_L12": 4120824270.0, "Shape_Length": 0.0041666666666628771 }, "geometry": { "type": "MultiLineString", "coordinates": [ [ [ 83.385416666666259, 28.20624999999955 ], [ 83.381249999999596, 28.20624999999955 ] ] ] } },
{ "type": "Feature", "properties": { "HYRIV_ID": 40776357, "NEXT_DOWN": 40776356, "MAIN_RIV": 41067217, "LENGTH_KM": 2.25, "DIST_DN_KM": 1398.0, "DIST_UP_KM": 28.8, "CATCH_SKM": 4.54, "UPLAND_SKM": 215.10001, "ENDORHEIC": 0, "DIS_AV_CMS": 12.943, "ORD_STRA": 4, "ORD_CLAS": 5, "ORD_FLOW": 5, "HYBAS_L12": 4120824270.0, "Shape_Length": 0.022559223176523997 }, "geometry": { "type": "MultiLineString", "coordinates": [ [ [ 83.406249999999574, 28.210416666666198 ], [ 83.389583333332922, 28.210416666666198 ], [ 83.385416666666259, 28.20624999999955 ] ] ] } },
{ "type": "Feature", "properties": { "HYRIV_ID": 40776093, "NEXT_DOWN": 40777177, "MAIN_RIV": 41067217, "LENGTH_KM": 1.43, "DIST_DN_KM": 1389.0, "DIST_UP_KM": 14.6, "CATCH_SKM": 2.6500001, "UPLAND_SKM": 58.200001, "ENDORHEIC": 0, "DIS_AV_CMS": 3.303, "ORD_STRA": 2, "ORD_CLAS": 6, "ORD_FLOW": 6, "HYBAS_L12": 4120824270.0, "Shape_Length": 0.01422588984320829 }, "geometry": { "type": "MultiLineString", "coordinates": [ [ [ 83.306249999999608, 28.214583333332861 ], [ 83.302083333332945, 28.214583333332861 ], [ 83.297916666666282, 28.210416666666198 ], [ 83.293749999999619, 28.210416666666198 ] ] ] } },
{ "type": "Feature", "properties": { "HYRIV_ID": 40776092, "NEXT_DOWN": 40777177, "MAIN_RIV": 41067217, "LENGTH_KM": 0.93, "DIST_DN_KM": 1389.2, "DIST_UP_KM": 2.6, "CATCH_SKM": 3.21, "UPLAND_SKM": 3.2, "ENDORHEIC": 0, "DIS_AV_CMS": 0.17200001, "ORD_STRA": 1, "ORD_CLAS": 7, "ORD_FLOW": 7, "HYBAS_L12": 4120824270.0, "Shape_Length": 0.0088388347648037068 }, "geometry": { "type": "MultiLineString", "coordinates": [ [ [ 83.287499999999653, 28.216666666666192 ], [ 83.293749999999619, 28.210416666666198 ] ] ] } },
{ "type": "Feature", "properties": { "HYRIV_ID": 40776355, "NEXT_DOWN": 40776894, "MAIN_RIV": 41067217, "LENGTH_KM": 1.62, "DIST_DN_KM": 1397.4, "DIST_UP_KM": 3.2, "CATCH_SKM": 5.6700001, "UPLAND_SKM": 5.7, "ENDORHEIC": 0, "DIS_AV_CMS": 0.322, "ORD_STRA": 1, "ORD_CLAS": 6, "ORD_FLOW": 7, "HYBAS_L12": 4120824270.0, "Shape_Length": 0.014583333333348492 }, "geometry": { "type": "MultiLineString", "coordinates": [ [ [ 83.381249999999596, 28.220833333332898 ], [ 83.381249999999596, 28.20624999999955 ] ] ] } },
{ "type": "Feature", "properties": { "HYRIV_ID": 40776094, "NEXT_DOWN": 40776093, "MAIN_RIV": 41067217, "LENGTH_KM": 3.95, "DIST_DN_KM": 1390.6, "DIST_UP_KM": 13.0, "CATCH_SKM": 8.1300001, "UPLAND_SKM": 50.5, "ENDORHEIC": 0, "DIS_AV_CMS": 2.8670001, "ORD_STRA": 2, "ORD_CLAS": 6, "ORD_FLOW": 6, "HYBAS_L12": 4120824270.0, "Shape_Length": 0.038511002863048989 }, "geometry": { "type": "MultiLineString", "coordinates": [ [ [ 83.335416666666305, 28.222916666666229 ], [ 83.335416666666305, 28.218749999999567 ], [ 83.331249999999642, 28.214583333332861 ], [ 83.314583333332934, 28.214583333332861 ], [ 83.310416666666271, 28.210416666666198 ], [ 83.306249999999608, 28.214583333332861 ] ] ] } },
{ "type": "Feature", "properties": { "HYRIV_ID": 40780136, "NEXT_DOWN": 40781532, "MAIN_RIV": 41067217, "LENGTH_KM": 1.54, "DIST_DN_KM": 1398.4, "DIST_UP_KM": 11.6, "CATCH_SKM": 3.79, "UPLAND_SKM": 56.0, "ENDORHEIC": 0, "DIS_AV_CMS": 2.678, "ORD_STRA": 2, "ORD_CLAS": 6, "ORD_FLOW": 6, "HYBAS_L12": 4120826510.0, "Shape_Length": 0.014225889843236712 }, "geometry": { "type": "MultiLineString", "coordinates": [ [ [ 83.147916666666248, 28.160416666666215 ], [ 83.147916666666248, 28.152083333332861 ], [ 83.152083333332911, 28.147916666666198 ] ] ] } },
{ "type": "Feature", "properties": { "HYRIV_ID": 40779585, "NEXT_DOWN": 40780439, "MAIN_RIV": 41067217, "LENGTH_KM": 4.3, "DIST_DN_KM": 1683.9, "DIST_UP_KM": 6.3, "CATCH_SKM": 17.790001, "UPLAND_SKM": 17.8, "ENDORHEIC": 0, "DIS_AV_CMS": 0.71600002, "ORD_STRA": 1, "ORD_CLAS": 6, "ORD_FLOW": 7, "HYBAS_L12": 4120825660.0, "Shape_Length": 0.043035113019711677 }, "geometry": { "type": "MultiLineString", "coordinates": [ [ [ 83.012499999999676, 28.156249999999567 ], [ 82.997916666666271, 28.156249999999567 ], [ 82.993749999999551, 28.160416666666215 ], [ 82.989583333332945, 28.160416666666215 ], [ 82.985416666666225, 28.156249999999567 ], [ 82.982803363396357, 28.156249999999567 ] ] ] } },
{ "type": "Feature", "properties": { "HYRIV_ID": 40779274, "NEXT_DOWN": 40780136, "MAIN_RIV": 41067217, "LENGTH_KM": 1.03, "DIST_DN_KM": 1399.8, "DIST_UP_KM": 10.3, "CATCH_SKM": 1.51, "UPLAND_SKM": 37.5, "ENDORHEIC": 0, "DIS_AV_CMS": 1.766, "ORD_STRA": 2, "ORD_CLAS": 6, "ORD_FLOW": 6, "HYBAS_L12": 4120826510.0, "Shape_Length": 0.010059223176545413 }, "geometry": { "type": "MultiLineString", "coordinates": [ [ [ 83.139583333332922, 28.164583333332878 ], [ 83.143749999999585, 28.160416666666215 ], [ 83.147916666666248, 28.160416666666215 ] ] ] } },
{ "type": "Feature", "properties": { "HYRIV_ID": 40781244, "NEXT_DOWN": 40782314, "MAIN_RIV": 41067217, "LENGTH_KM": 10.49, "DIST_DN_KM": 1404.0, "DIST_UP_KM": 15.3, "CATCH_SKM": 25.74, "UPLAND_SKM": 36.0, "ENDORHEIC": 0, "DIS_AV_CMS": 1.645, "ORD_STRA": 2, "ORD_CLAS": 5, "ORD_FLOW": 6, "HYBAS_L12": 4120826750.0, "Shape_Length": 0.098866341922346737 }, "geometry": { "type": "MultiLineString", "coordinates": [ [ [ 83.081249999999642, 28.193749999999575 ], [ 83.081249999999642, 28.18958333333287 ], [ 83.085416666666362, 28.185416666666207 ], [ 83.085416666666362, 28.181249999999558 ], [ 83.081249999999642, 28.177083333332895 ], [ 83.081249999999642, 28.164583333332878 ], [ 83.085416666666362, 28.160416666666215 ], [ 83.089583333332911, 28.160416666666215 ], [ 83.093749999999574, 28.164583333332878 ], [ 83.102083333332899, 28.164583333332878 ], [ 83.110416666666225, 28.156249999999567 ], [ 83.110416666666225, 28.152083333332861 ], [ 83.106249999999562, 28.147916666666198 ], [ 83.114583333332945, 28.139583333332887 ], [ 83.114583333332945, 28.131249999999575 ] ] ] } },
{ "type": "Feature", "properties": { "HYRIV_ID": 40779586, "NEXT_DOWN": 40781530, "MAIN_RIV": 41067217, "LENGTH_KM": 2.1600001, "DIST_DN_KM": 1695.2, "DIST_UP_KM": 3.3, "CATCH_SKM": 4.9200001, "UPLAND_SKM": 4.9, "ENDORHEIC": 0, "DIS_AV_CMS": 0.208, "ORD_STRA": 1, "ORD_CLAS": 7, "ORD_FLOW": 7, "HYBAS_L12": 4120825660.0, "Shape_Length": 0.020623947784619026 }, "geometry": { "type": "MultiLineString", "coordinates": [ [ [ 83.037499999999596, 28.170833333332901 ], [ 83.052083333332945, 28.156249999999567 ] ] ] } },
{ "type": "Feature", "properties": { "HYRIV_ID": 40779587, "NEXT_DOWN": 40781530, "MAIN_RIV": 41067217, "LENGTH_KM": 3.55, "DIST_DN_KM": 1695.2, "DIST_UP_KM": 5.1, "CATCH_SKM": 10.03, "UPLAND_SKM": 10.0, "ENDORHEIC": 0, "DIS_AV_CMS": 0.436, "ORD_STRA": 1, "ORD_CLAS": 6, "ORD_FLOW": 7, "HYBAS_L12": 4120825660.0, "Shape_Length": 0.033123947784656174 }, "geometry": { "type": "MultiLineString", "coordinates": [ [ [ 83.058333333332911, 28.183333333332889 ], [ 83.052083333332945, 28.177083333332895 ], [ 83.052083333332945, 28.164583333332878 ], [ 83.056249999999665, 28.160416666666215 ], [ 83.052083333332945, 28.156249999999567 ] ] ] } },
{ "type": "Feature", "properties": { "HYRIV_ID": 40779018, "NEXT_DOWN": 40779274, "MAIN_RIV": 41067217, "LENGTH_KM": 2.73, "DIST_DN_KM": 1400.8, "DIST_UP_KM": 9.2, "CATCH_SKM": 7.7600002, "UPLAND_SKM": 27.4, "ENDORHEIC": 0, "DIS_AV_CMS": 1.281, "ORD_STRA": 2, "ORD_CLAS": 6, "ORD_FLOW": 6, "HYBAS_L12": 4120826510.0, "Shape_Length": 0.026011002863001783 }, "geometry": { "type": "MultiLineString", "coordinates": [ [ [ 83.122916666666271, 28.181249999999558 ], [ 83.131249999999596, 28.172916666666232 ], [ 83.131249999999596, 28.168749999999541 ], [ 83.135416666666259, 28.164583333332878 ], [ 83.139583333332922, 28.164583333332878 ] ] ] } },
{ "type": "Feature", "properties": { "HYRIV_ID": 40778767, "NEXT_DOWN": 40779584, "MAIN_RIV": 41067217, "LENGTH_KM": 2.1600001, "DIST_DN_KM": 1685.5, "DIST_UP_KM": 23.5, "CATCH_SKM": 6.2399998, "UPLAND_SKM": 163.8, "ENDORHEIC": 0, "DIS_AV_CMS": 6.928, "ORD_STRA": 3, "ORD_CLAS": 5, "ORD_FLOW": 6, "HYBAS_L12": 4120825660.0, "Shape_Length": 0.020118446353136907 }, "geometry": { "type": "MultiLineString", "coordinates": [ [ [ 82.981249999999733, 28.185416666666207 ], [ 82.981249999999733, 28.181249999999558 ], [ 82.97887968659046, 28.178879686590381 ] ] ] } },
{ "type": "Feature", "properties": { "HYRIV_ID": 40779275, "NEXT_DOWN": 40780136, "MAIN_RIV": 41067217, "LENGTH_KM": 4.96, "DIST_DN_KM": 1400.0, "DIST_UP_KM": 6.7, "CATCH_SKM": 14.76, "UPLAND_SKM": 14.8, "ENDORHEIC": 0, "DIS_AV_CMS": 0.72100002, "ORD_STRA": 1, "ORD_CLAS": 7, "ORD_FLOW": 7, "HYBAS_L12": 4120826510.0, "Shape_Length": 0.046486892706273014 }, "geometry": { "type": "MultiLineString", "coordinates": [ [ [ 83.168749999999619, 28.195833333332907 ], [ 83.168749999999619, 28.181249999999558 ], [ 83.160416666666237, 28.172916666666232 ], [ 83.160416666666237, 28.168749999999541 ], [ 83.156249999999574, 28.164583333332878 ], [ 83.152083333332911, 28.164583333332878 ], [ 83.147916666666248, 28.160416666666215 ] ] ] } },
{ "type": "Feature", "properties": { "HYRIV_ID": 40779019, "NEXT_DOWN": 40779274, "MAIN_RIV": 41067217, "LENGTH_KM": 3.6300001, "DIST_DN_KM": 1400.8, "DIST_UP_KM": 5.3, "CATCH_SKM": 8.5100002, "UPLAND_SKM": 8.5, "ENDORHEIC": 0, "DIS_AV_CMS": 0.408, "ORD_STRA": 1, "ORD_CLAS": 7, "ORD_FLOW": 7, "HYBAS_L12": 4120826510.0, "Shape_Length": 0.032975889843248077 }, "geometry": { "type": "MultiLineString", "coordinates": [ [ [ 83.143749999999585, 28.195833333332907 ], [ 83.143749999999585, 28.18958333333287 ], [ 83.139583333332922, 28.185416666666207 ], [ 83.139583333332922, 28.164583333332878 ] ] ] } },
{ "type": "Feature", "properties": { "HYRIV_ID": 40777725, "NEXT_DOWN": 40778767, "MAIN_RIV": 41067217, "LENGTH_KM": 1.43, "DIST_DN_KM": 1687.4, "DIST_UP_KM": 4.1, "CATCH_SKM": 5.3, "UPLAND_SKM": 5.3, "ENDORHEIC": 0, "DIS_AV_CMS": 0.20100001, "ORD_STRA": 1, "ORD_CLAS": 6, "ORD_FLOW": 7, "HYBAS_L12": 4120825660.0, "Shape_Length": 0.014583333333462178 }, "geometry": { "type": "MultiLineString", "coordinates": [ [ [ 82.980087331683777, 28.185416666666207 ], [ 82.981249999999733, 28.185416666666207 ] ] ] } },
{ "type": "Feature", "properties": { "HYRIV_ID": 40777977, "NEXT_DOWN": 40779018, "MAIN_RIV": 41067217, "LENGTH_KM": 1.31, "DIST_DN_KM": 1403.7, "DIST_UP_KM": 3.6, "CATCH_SKM": 4.35, "UPLAND_SKM": 4.4, "ENDORHEIC": 0, "DIS_AV_CMS": 0.205, "ORD_STRA": 1, "ORD_CLAS": 7, "ORD_FLOW": 7, "HYBAS_L12": 4120826510.0, "Shape_Length": 0.012142556509866804 }, "geometry": { "type": "MultiLineString", "coordinates": [ [ [ 83.127083333332934, 28.191666666666201 ], [ 83.127083333332934, 28.185416666666207 ], [ 83.122916666666271, 28.181249999999558 ] ] ] } },
{ "type": "Feature", "properties": { "HYRIV_ID": 40777726, "NEXT_DOWN": 40778767, "MAIN_RIV": 41067217, "LENGTH_KM": 1.54, "DIST_DN_KM": 1687.5, "DIST_UP_KM": 21.5, "CATCH_SKM": 2.6500001, "UPLAND_SKM": 152.2, "ENDORHEIC": 0, "DIS_AV_CMS": 6.5, "ORD_STRA": 3, "ORD_CLAS": 5, "ORD_FLOW": 6, "HYBAS_L12": 4120825660.0, "Shape_Length": 0.014225889843120291 }, "geometry": { "type": "MultiLineString", "coordinates": [ [ [ 82.985416666666225, 28.197916666666224 ], [ 82.983119709540688, 28.195619709540598 ] ], [ [ 82.981249999999733, 28.189060883121307 ], [ 82.981249999999733, 28.185416666666207 ] ] ] } },
{ "type": "Feature", "properties": { "HYRIV_ID": 40777976, "NEXT_DOWN": 40779018, "MAIN_RIV": 41067217, "LENGTH_KM": 4.9299998, "DIST_DN_KM": 1403.7, "DIST_UP_KM": 6.3, "CATCH_SKM": 15.32, "UPLAND_SKM": 15.3, "ENDORHEIC": 0, "DIS_AV_CMS": 0.708, "ORD_STRA": 1, "ORD_CLAS": 6, "ORD_FLOW": 7, "HYBAS_L12": 4120826510.0, "Shape_Length": 0.047349837627691196 }, "geometry": { "type": "MultiLineString", "coordinates": [ [ [ 83.104166666666259, 28.208333333332881 ], [ 83.09791666666635, 28.202083333332887 ], [ 83.09791666666635, 28.197916666666224 ], [ 83.102083333332899, 28.193749999999575 ], [ 83.102083333332899, 28.18958333333287 ], [ 83.110416666666225, 28.18958333333287 ], [ 83.114583333332945, 28.185416666666207 ], [ 83.118749999999551, 28.185416666666207 ], [ 83.122916666666271, 28.181249999999558 ] ] ] } },
{ "type": "Feature", "properties": { "HYRIV_ID": 40777483, "NEXT_DOWN": 40776890, "MAIN_RIV": 41067217, "LENGTH_KM": 2.87, "DIST_DN_KM": 1689.6, "DIST_UP_KM": 5.3, "CATCH_SKM": 9.46, "UPLAND_SKM": 9.5, "ENDORHEIC": 0, "DIS_AV_CMS": 0.391, "ORD_STRA": 1, "ORD_CLAS": 6, "ORD_FLOW": 7, "HYBAS_L12": 4121460780.0, "Shape_Length": 0.028094336196393517 }, "geometry": { "type": "MultiLineString", "coordinates": [ [ [ 83.012499999999676, 28.18958333333287 ], [ 83.006249999999596, 28.18958333333287 ], [ 82.993749999999551, 28.202083333332887 ], [ 82.989583333332945, 28.202083333332887 ] ] ] } },
{ "type": "Feature", "properties": { "HYRIV_ID": 40777174, "NEXT_DOWN": 40781244, "MAIN_RIV": 41067217, "LENGTH_KM": 0.93, "DIST_DN_KM": 1414.6, "DIST_UP_KM": 2.3, "CATCH_SKM": 3.03, "UPLAND_SKM": 3.0, "ENDORHEIC": 0, "DIS_AV_CMS": 0.134, "ORD_STRA": 1, "ORD_CLAS": 6, "ORD_FLOW": 7, "HYBAS_L12": 4120826750.0, "Shape_Length": 0.0088388347648740481 }, "geometry": { "type": "MultiLineString", "coordinates": [ [ [ 83.074999999999562, 28.199999999999555 ], [ 83.081249999999642, 28.193749999999575 ] ] ] } },
{ "type": "Feature", "properties": { "HYRIV_ID": 40776890, "NEXT_DOWN": 40777726, "MAIN_RIV": 41067217, "LENGTH_KM": 0.62, "DIST_DN_KM": 1689.2, "DIST_UP_KM": 19.8, "CATCH_SKM": 0.76, "UPLAND_SKM": 142.89999, "ENDORHEIC": 0, "DIS_AV_CMS": 6.1529999, "ORD_STRA": 3, "ORD_CLAS": 5, "ORD_FLOW": 6, "HYBAS_L12": 4121460780.0, "Shape_Length": 0.005892556509922731 }, "geometry": { "type": "MultiLineString", "coordinates": [ [ [ 82.989583333332945, 28.202083333332887 ], [ 82.985416666666225, 28.197916666666224 ] ] ] } },
{ "type": "Feature", "properties": { "HYRIV_ID": 40776889, "NEXT_DOWN": 40777726, "MAIN_RIV": 41067217, "LENGTH_KM": 2.1, "DIST_DN_KM": 1689.0, "DIST_UP_KM": 3.7, "CATCH_SKM": 6.62, "UPLAND_SKM": 6.6, "ENDORHEIC": 0, "DIS_AV_CMS": 0.255, "ORD_STRA": 1, "ORD_CLAS": 6, "ORD_FLOW": 7, "HYBAS_L12": 4121460780.0, "Shape_Length": 0.020475889843224133 }, "geometry": { "type": "MultiLineString", "coordinates": [ [ [ 82.978737761090471, 28.20624999999955 ], [ 82.981249999999733, 28.20624999999955 ], [ 82.985416666666225, 28.202083333332887 ], [ 82.985416666666225, 28.197916666666224 ] ] ] } },
{ "type": "Feature", "properties": { "HYRIV_ID": 40777175, "NEXT_DOWN": 40781244, "MAIN_RIV": 41067217, "LENGTH_KM": 2.9300001, "DIST_DN_KM": 1414.5, "DIST_UP_KM": 4.8, "CATCH_SKM": 7.1900001, "UPLAND_SKM": 7.2, "ENDORHEIC": 0, "DIS_AV_CMS": 0.324, "ORD_STRA": 1, "ORD_CLAS": 5, "ORD_FLOW": 7, "HYBAS_L12": 4120826750.0, "Shape_Length": 0.027231391274807233 }, "geometry": { "type": "MultiLineString", "coordinates": [ [ [ 83.079166666666225, 28.216666666666192 ], [ 83.085416666666362, 28.210416666666198 ], [ 83.085416666666362, 28.202083333332887 ], [ 83.081249999999642, 28.197916666666224 ], [ 83.081249999999642, 28.193749999999575 ] ] ] } },
{ "type": "Feature", "properties": { "HYRIV_ID": 40776358, "NEXT_DOWN": 40776357, "MAIN_RIV": 41067217, "LENGTH_KM": 1.33, "DIST_DN_KM": 1400.0, "DIST_UP_KM": 3.5, "CATCH_SKM": 5.3, "UPLAND_SKM": 5.3, "ENDORHEIC": 0, "DIS_AV_CMS": 0.30500001, "ORD_STRA": 1, "ORD_CLAS": 7, "ORD_FLOW": 7, "HYBAS_L12": 4120824270.0, "Shape_Length": 0.013005501431536925 }, "geometry": { "type": "MultiLineString", "coordinates": [ [ [ 83.416666666666316, 28.204166666666218 ], [ 83.413468039661026, 28.207365293671451 ] ], [ [ 83.410016684856629, 28.210416666666198 ], [ 83.406249999999574, 28.210416666666198 ] ] ] } },
{ "type": "Feature", "properties": { "HYRIV_ID": 40776096, "NEXT_DOWN": 40776357, "MAIN_RIV": 41067217, "LENGTH_KM": 1.64, "DIST_DN_KM": 1400.2, "DIST_UP_KM": 26.6, "CATCH_SKM": 2.84, "UPLAND_SKM": 200.8, "ENDORHEIC": 0, "DIS_AV_CMS": 12.007, "ORD_STRA": 4, "ORD_CLAS": 5, "ORD_FLOW": 5, "HYBAS_L12": 4120824270.0, "Shape_Length": 0.015951779686514941 }, "geometry": { "type": "MultiLineString", "coordinates": [ [ [ 83.408223187524698, 28.212389854191333 ], [ 83.406249999999574, 28.210416666666198 ] ] ] } },
{ "type": "Feature", "properties": { "HYRIV_ID": 40776095, "NEXT_DOWN": 40776357, "MAIN_RIV": 41067217, "LENGTH_KM": 1.85, "DIST_DN_KM": 1400.1, "DIST_UP_KM": 4.0, "CATCH_SKM": 4.54, "UPLAND_SKM": 4.5, "ENDORHEIC": 0, "DIS_AV_CMS": 0.26100001, "ORD_STRA": 1, "ORD_CLAS": 6, "ORD_FLOW": 7, "HYBAS_L12": 4120824270.0, "Shape_Length": 0.017172168098121852 }, "geometry": { "type": "MultiLineString", "coordinates": [ [ [ 83.406249999999574, 28.21478770752152 ], [ 83.406249999999574, 28.210416666666198 ] ] ] } },
{ "type": "Feature", "properties": { "HYRIV_ID": 40776621, "NEXT_DOWN": 40776890, "MAIN_RIV": 41067217, "LENGTH_KM": 1.24, "DIST_DN_KM": 1689.8, "DIST_UP_KM": 19.200001, "CATCH_SKM": 2.6500001, "UPLAND_SKM": 132.7, "ENDORHEIC": 0, "DIS_AV_CMS": 5.737, "ORD_STRA": 3, "ORD_CLAS": 5, "ORD_FLOW": 6, "HYBAS_L12": 4121460780.0, "Shape_Length": 0.011785113019755026 }, "geometry": { "type": "MultiLineString", "coordinates": [ [ [ 82.997916666666271, 28.210416666666198 ], [ 82.989583333332945, 28.202083333332887 ] ] ] } },
{ "type": "Feature", "properties": { "HYRIV_ID": 40776091, "NEXT_DOWN": 40776621, "MAIN_RIV": 41067217, "LENGTH_KM": 0.62, "DIST_DN_KM": 1691.0, "DIST_UP_KM": 17.9, "CATCH_SKM": 0.38, "UPLAND_SKM": 124.0, "ENDORHEIC": 0, "DIS_AV_CMS": 5.3990002, "ORD_STRA": 3, "ORD_CLAS": 5, "ORD_FLOW": 6, "HYBAS_L12": 4121460780.0, "Shape_Length": 0.0058925565098825365 }, "geometry": { "type": "MultiLineString", "coordinates": [ [ [ 83.002083333332934, 28.214583333332861 ], [ 82.997916666666271, 28.210416666666198 ] ] ] } },
{ "type": "Feature", "properties": { "HYRIV_ID": 40775824, "NEXT_DOWN": 40776091, "MAIN_RIV": 41067217, "LENGTH_KM": 1.03, "DIST_DN_KM": 1691.5, "DIST_UP_KM": 17.5, "CATCH_SKM": 2.08, "UPLAND_SKM": 109.8, "ENDORHEIC": 0, "DIS_AV_CMS": 4.8189998, "ORD_STRA": 3, "ORD_CLAS": 5, "ORD_FLOW": 6, "HYBAS_L12": 4121460780.0, "Shape_Length": 0.010059223176575559 }, "geometry": { "type": "MultiLineString", "coordinates": [ [ [ 83.010416666666259, 28.218749999999567 ], [ 83.006249999999596, 28.214583333332861 ], [ 83.002083333332934, 28.214583333332861 ] ] ] } },
{ "type": "Feature", "properties": { "HYRIV_ID": 40776090, "NEXT_DOWN": 40776621, "MAIN_RIV": 41067217, "LENGTH_KM": 2.82, "DIST_DN_KM": 1690.9, "DIST_UP_KM": 4.1, "CATCH_SKM": 6.0500002, "UPLAND_SKM": 6.1, "ENDORHEIC": 0, "DIS_AV_CMS": 0.23800001, "ORD_STRA": 1, "ORD_CLAS": 6, "ORD_FLOW": 7, "HYBAS_L12": 4121460780.0, "Shape_Length": 0.027231391274694976 }, "geometry": { "type": "MultiLineString", "coordinates": [ [ [ 82.979166666666316, 28.224999999999547 ], [ 82.989583333332945, 28.214583333332861 ], [ 82.997916666666271, 28.214583333332861 ], [ 82.997916666666271, 28.210416666666198 ] ] ] } },
{ "type": "Feature", "properties": { "HYRIV_ID": 40775555, "NEXT_DOWN": 40775824, "MAIN_RIV": 41067217, "LENGTH_KM": 0.61, "DIST_DN_KM": 1692.5, "DIST_UP_KM": 3.2, "CATCH_SKM": 3.4, "UPLAND_SKM": 3.4, "ENDORHEIC": 0, "DIS_AV_CMS": 0.14300001, "ORD_STRA": 1, "ORD_CLAS": 6, "ORD_FLOW": 7, "HYBAS_L12": 4121460780.0, "Shape_Length": 0.0062499999999658939 }, "geometry": { "type": "MultiLineString", "coordinates": [ [ [ 83.016666666666225, 28.218749999999567 ], [ 83.010416666666259, 28.218749999999567 ] ] ] } },
{ "type": "Feature", "properties": { "HYRIV_ID": 40775825, "NEXT_DOWN": 40774988, "MAIN_RIV": 41067217, "LENGTH_KM": 1.62, "DIST_DN_KM": 1696.9, "DIST_UP_KM": 2.9, "CATCH_SKM": 3.97, "UPLAND_SKM": 4.0, "ENDORHEIC": 0, "DIS_AV_CMS": 0.17, "ORD_STRA": 1, "ORD_CLAS": 7, "ORD_FLOW": 7, "HYBAS_L12": 4121460780.0, "Shape_Length": 0.014583333333348492 }, "geometry": { "type": "MultiLineString", "coordinates": [ [ [ 83.039583333332956, 28.21249999999953 ], [ 83.039583333332956, 28.227083333332878 ] ] ] } },
{ "type": "Feature", "properties": { "HYRIV_ID": 40776891, "NEXT_DOWN": 40778769, "MAIN_RIV": 41067217, "LENGTH_KM": 18.940001, "DIST_DN_KM": 1392.9, "DIST_UP_KM": 20.6, "CATCH_SKM": 52.77, "UPLAND_SKM": 52.8, "ENDORHEIC": 0, "DIS_AV_CMS": 2.655, "ORD_STRA": 1, "ORD_CLAS": 6, "ORD_FLOW": 6, "HYBAS_L12": 4120826520.0, "Shape_Length": 0.1840122954329122 }, "geometry": { "type": "MultiLineString", "coordinates": [ [ [ 83.104166666666259, 28.245833333332889 ], [ 83.110416666666225, 28.239583333332895 ], [ 83.118749999999551, 28.239583333332895 ], [ 83.131249999999596, 28.227083333332878 ], [ 83.147916666666248, 28.227083333332878 ], [ 83.152083333332911, 28.231249999999541 ], [ 83.160416666666237, 28.231249999999541 ], [ 83.164583333332956, 28.235416666666246 ], [ 83.168749999999619, 28.235416666666246 ], [ 83.172916666666282, 28.239583333332895 ], [ 83.177083333332945, 28.239583333332895 ], [ 83.18958333333299, 28.227083333332878 ], [ 83.193749999999653, 28.231249999999541 ], [ 83.197916666666316, 28.231249999999541 ], [ 83.202083333332979, 28.227083333332878 ], [ 83.202083333332979, 28.222916666666229 ], [ 83.197916666666316, 28.218749999999567 ], [ 83.202083333332979, 28.214583333332861 ], [ 83.206249999999642, 28.214583333332861 ], [ 83.210416666666305, 28.218749999999567 ], [ 83.214583333333024, 28.214583333332861 ], [ 83.227083333332899, 28.214583333332861 ], [ 83.235416666666225, 28.20624999999955 ], [ 83.235416666666225, 28.197916666666224 ] ] ] } },
{ "type": "Feature", "properties": { "HYRIV_ID": 40775554, "NEXT_DOWN": 40775824, "MAIN_RIV": 41067217, "LENGTH_KM": 2.32, "DIST_DN_KM": 1692.7, "DIST_UP_KM": 16.3, "CATCH_SKM": 4.35, "UPLAND_SKM": 104.4, "ENDORHEIC": 0, "DIS_AV_CMS": 4.5739999, "ORD_STRA": 3, "ORD_CLAS": 5, "ORD_FLOW": 6, "HYBAS_L12": 4121460780.0, "Shape_Length": 0.021844336196326423 }, "geometry": { "type": "MultiLineString", "coordinates": [ [ [ 83.022916666666248, 28.235416666666246 ], [ 83.014583333332922, 28.227083333332878 ], [ 83.014583333332922, 28.222916666666229 ], [ 83.010416666666259, 28.218749999999567 ] ] ] } },
{ "type": "Feature", "properties": { "HYRIV_ID": 40775823, "NEXT_DOWN": 40776091, "MAIN_RIV": 41067217, "LENGTH_KM": 4.4699998, "DIST_DN_KM": 1691.7, "DIST_UP_KM": 6.6, "CATCH_SKM": 13.8, "UPLAND_SKM": 13.8, "ENDORHEIC": 0, "DIS_AV_CMS": 0.55500001, "ORD_STRA": 1, "ORD_CLAS": 6, "ORD_FLOW": 7, "HYBAS_L12": 4121460780.0, "Shape_Length": 0.042320226039516538 }, "geometry": { "type": "MultiLineString", "coordinates": [ [ [ 82.987499999999642, 28.243749999999558 ], [ 82.993749999999551, 28.243749999999558 ], [ 82.997916666666271, 28.239583333332895 ], [ 82.997916666666271, 28.231249999999541 ], [ 83.006249999999596, 28.222916666666229 ], [ 83.006249999999596, 28.218749999999567 ], [ 83.002083333332934, 28.214583333332861 ] ] ] } },
{ "type": "Feature", "properties": { "HYRIV_ID": 40774989, "NEXT_DOWN": 40774988, "MAIN_RIV": 41067217, "LENGTH_KM": 1.64, "DIST_DN_KM": 1696.8, "DIST_UP_KM": 3.3, "CATCH_SKM": 9.8400002, "UPLAND_SKM": 9.8, "ENDORHEIC": 0, "DIS_AV_CMS": 0.431, "ORD_STRA": 1, "ORD_CLAS": 6, "ORD_FLOW": 7, "HYBAS_L12": 4121460780.0, "Shape_Length": 0.016309223176511307 }, "geometry": { "type": "MultiLineString", "coordinates": [ [ [ 83.054166666666248, 28.231249999999541 ], [ 83.047916666666282, 28.231249999999541 ], [ 83.043749999999619, 28.227083333332878 ], [ 83.039583333332956, 28.227083333332878 ] ] ] } },
{ "type": "Feature", "properties": { "HYRIV_ID": 40775826, "NEXT_DOWN": 40776093, "MAIN_RIV": 41067217, "LENGTH_KM": 1.16, "DIST_DN_KM": 1390.4, "DIST_UP_KM": 2.8, "CATCH_SKM": 5.1100001, "UPLAND_SKM": 5.1, "ENDORHEIC": 0, "DIS_AV_CMS": 0.27700001, "ORD_STRA": 1, "ORD_CLAS": 7, "ORD_FLOW": 7, "HYBAS_L12": 4120824270.0, "Shape_Length": 0.010416666666685614 }, "geometry": { "type": "MultiLineString", "coordinates": [ [ [ 83.306249999999608, 28.224999999999547 ], [ 83.306249999999608, 28.214583333332861 ] ] ] } },
{ "type": "Feature", "properties": { "HYRIV_ID": 40775556, "NEXT_DOWN": 40777727, "MAIN_RIV": 41067217, "LENGTH_KM": 3.1300001, "DIST_DN_KM": 1390.4, "DIST_UP_KM": 52.0, "CATCH_SKM": 7.1900001, "UPLAND_SKM": 816.09998, "ENDORHEIC": 0, "DIS_AV_CMS": 40.3, "ORD_STRA": 4, "ORD_CLAS": 4, "ORD_FLOW": 5, "HYBAS_L12": 4120824260.0, "Shape_Length": 0.030177669529763126 }, "geometry": { "type": "MultiLineString", "coordinates": [ [ [ 83.227083333332899, 28.235416666666246 ], [ 83.231249999999562, 28.231249999999541 ], [ 83.231249999999562, 28.227083333332878 ], [ 83.235416666666225, 28.222916666666229 ], [ 83.239583333333059, 28.222916666666229 ], [ 83.243749999999551, 28.218749999999567 ], [ 83.247916666666271, 28.218749999999567 ] ] ] } },
{ "type": "Feature", "properties": { "HYRIV_ID": 40775295, "NEXT_DOWN": 40776094, "MAIN_RIV": 41067217, "LENGTH_KM": 1.54, "DIST_DN_KM": 1394.6, "DIST_UP_KM": 3.2, "CATCH_SKM": 4.9200001, "UPLAND_SKM": 4.9, "ENDORHEIC": 0, "DIS_AV_CMS": 0.27, "ORD_STRA": 1, "ORD_CLAS": 7, "ORD_FLOW": 7, "HYBAS_L12": 4120824270.0, "Shape_Length": 0.01473139127478673 }, "geometry": { "type": "MultiLineString", "coordinates": [ [ [ 83.324999999999562, 28.233333333332915 ], [ 83.335416666666305, 28.222916666666229 ] ] ] } },
{ "type": "Feature", "properties": { "HYRIV_ID": 40775296, "NEXT_DOWN": 40776094, "MAIN_RIV": 41067217, "LENGTH_KM": 1.7, "DIST_DN_KM": 1394.6, "DIST_UP_KM": 9.0, "CATCH_SKM": 2.27, "UPLAND_SKM": 37.400002, "ENDORHEIC": 0, "DIS_AV_CMS": 2.1159999, "ORD_STRA": 2, "ORD_CLAS": 6, "ORD_FLOW": 6, "HYBAS_L12": 4120824270.0, "Shape_Length": 0.015951779686488241 }, "geometry": { "type": "MultiLineString", "coordinates": [ [ [ 83.343749999999687, 28.235416666666246 ], [ 83.339583333332968, 28.231249999999541 ], [ 83.339583333332968, 28.227083333332878 ], [ 83.335416666666305, 28.222916666666229 ] ] ] } },
{ "type": "Feature", "properties": { "HYRIV_ID": 40775557, "NEXT_DOWN": 40777727, "MAIN_RIV": 41067217, "LENGTH_KM": 3.96, "DIST_DN_KM": 1390.6, "DIST_UP_KM": 9.1, "CATCH_SKM": 9.83, "UPLAND_SKM": 28.4, "ENDORHEIC": 0, "DIS_AV_CMS": 1.535, "ORD_STRA": 2, "ORD_CLAS": 5, "ORD_FLOW": 6, "HYBAS_L12": 4120824260.0, "Shape_Length": 0.037796115882748484 }, "geometry": { "type": "MultiLineString", "coordinates": [ [ [ 83.272916666666248, 28.243749999999558 ], [ 83.272916666666248, 28.239583333332895 ], [ 83.260416666666259, 28.227083333332878 ], [ 83.256249999999596, 28.227083333332878 ], [ 83.247916666666271, 28.218749999999567 ] ] ] } },
{ "type": "Feature", "properties": { "HYRIV_ID": 40774442, "NEXT_DOWN": 40775296, "MAIN_RIV": 41067217, "LENGTH_KM": 2.56, "DIST_DN_KM": 1396.1, "DIST_UP_KM": 4.5, "CATCH_SKM": 6.2399998, "UPLAND_SKM": 6.2, "ENDORHEIC": 0, "DIS_AV_CMS": 0.353, "ORD_STRA": 1, "ORD_CLAS": 7, "ORD_FLOW": 7, "HYBAS_L12": 4120824270.0, "Shape_Length": 0.025505501431371674 }, "geometry": { "type": "MultiLineString", "coordinates": [ [ [ 83.366503052786101, 28.241503052786079 ], [ 83.360416666666225, 28.235416666666246 ], [ 83.343749999999687, 28.235416666666246 ] ] ] } },
{ "type": "Feature", "properties": { "HYRIV_ID": 40774441, "NEXT_DOWN": 40775296, "MAIN_RIV": 41067217, "LENGTH_KM": 0.93, "DIST_DN_KM": 1396.1, "DIST_UP_KM": 7.5, "CATCH_SKM": 1.89, "UPLAND_SKM": 28.9, "ENDORHEIC": 0, "DIS_AV_CMS": 1.626, "ORD_STRA": 2, "ORD_CLAS": 6, "ORD_FLOW": 6, "HYBAS_L12": 4120824270.0, "Shape_Length": 0.0083333333333115434 }, "geometry": { "type": "MultiLineString", "coordinates": [ [ [ 83.343749999999687, 28.242448633005271 ], [ 83.343749999999687, 28.235416666666246 ] ] ] } },
{ "type": "Feature", "properties": { "HYRIV_ID": 40774439, "NEXT_DOWN": 40775556, "MAIN_RIV": 41067217, "LENGTH_KM": 1.24, "DIST_DN_KM": 1393.7, "DIST_UP_KM": 48.700001, "CATCH_SKM": 3.03, "UPLAND_SKM": 805.09998, "ENDORHEIC": 0, "DIS_AV_CMS": 39.333, "ORD_STRA": 4, "ORD_CLAS": 4, "ORD_FLOW": 5, "HYBAS_L12": 4120824260.0, "Shape_Length": 0.011785113019674637 }, "geometry": { "type": "MultiLineString", "coordinates": [ [ [ 83.218749999999687, 28.243749999999558 ], [ 83.227083333332899, 28.235416666666246 ] ] ] } },
{ "type": "Feature", "properties": { "HYRIV_ID": 40774440, "NEXT_DOWN": 40775556, "MAIN_RIV": 41067217, "LENGTH_KM": 1.54, "DIST_DN_KM": 1393.7, "DIST_UP_KM": 2.9, "CATCH_SKM": 3.78, "UPLAND_SKM": 3.8, "ENDORHEIC": 0, "DIS_AV_CMS": 0.197, "ORD_STRA": 1, "ORD_CLAS": 5, "ORD_FLOW": 7, "HYBAS_L12": 4120824260.0, "Shape_Length": 0.01473139127471639 }, "geometry": { "type": "MultiLineString", "coordinates": [ [ [ 83.237499999999585, 28.245833333332889 ], [ 83.227083333332899, 28.235416666666246 ] ] ] } },
{ "type": "Feature", "properties": { "HYRIV_ID": 40773911, "NEXT_DOWN": 40774439, "MAIN_RIV": 41067217, "LENGTH_KM": 0.62, "DIST_DN_KM": 1394.9, "DIST_UP_KM": 47.5, "CATCH_SKM": 1.89, "UPLAND_SKM": 799.40002, "ENDORHEIC": 0, "DIS_AV_CMS": 38.908001, "ORD_STRA": 4, "ORD_CLAS": 4, "ORD_FLOW": 5, "HYBAS_L12": 4120824260.0, "Shape_Length": 0.0058925565098825365 }, "geometry": { "type": "MultiLineString", "coordinates": [ [ [ 83.214583333333024, 28.247916666666221 ], [ 83.218749999999687, 28.243749999999558 ] ] ] } },
{ "type": "Feature", "properties": { "HYRIV_ID": 40774988, "NEXT_DOWN": 40775554, "MAIN_RIV": 41067217, "LENGTH_KM": 2.05, "DIST_DN_KM": 1694.8, "DIST_UP_KM": 5.3, "CATCH_SKM": 3.4, "UPLAND_SKM": 17.200001, "ENDORHEIC": 0, "DIS_AV_CMS": 0.751, "ORD_STRA": 2, "ORD_CLAS": 6, "ORD_FLOW": 7, "HYBAS_L12": 4121460780.0, "Shape_Length": 0.020118446353177818 }, "geometry": { "type": "MultiLineString", "coordinates": [ [ [ 83.039583333332956, 28.227083333332878 ], [ 83.031249999999631, 28.235416666666246 ], [ 83.022916666666248, 28.235416666666246 ] ] ] } },
{ "type": "Feature", "properties": { "HYRIV_ID": 40774438, "NEXT_DOWN": 40775554, "MAIN_RIV": 41067217, "LENGTH_KM": 1.54, "DIST_DN_KM": 1694.8, "DIST_UP_KM": 14.1, "CATCH_SKM": 5.1100001, "UPLAND_SKM": 82.800003, "ENDORHEIC": 0, "DIS_AV_CMS": 3.61, "ORD_STRA": 3, "ORD_CLAS": 5, "ORD_FLOW": 6, "HYBAS_L12": 4121460780.0, "Shape_Length": 0.014225889843194079 }, "geometry": { "type": "MultiLineString", "coordinates": [ [ [ 83.027083333332911, 28.247916666666221 ], [ 83.027083333332911, 28.243749999999558 ], [ 83.022916666666248, 28.239583333332895 ], [ 83.022916666666248, 28.235416666666246 ] ] ] } },
{ "type": "Feature", "properties": { "HYRIV_ID": 40773631, "NEXT_DOWN": 40774438, "MAIN_RIV": 41067217, "LENGTH_KM": 0.61, "DIST_DN_KM": 1696.3, "DIST_UP_KM": 3.7, "CATCH_SKM": 3.78, "UPLAND_SKM": 3.8, "ENDORHEIC": 0, "DIS_AV_CMS": 0.15700001, "ORD_STRA": 1, "ORD_CLAS": 6, "ORD_FLOW": 7, "HYBAS_L12": 4121460780.0, "Shape_Length": 0.0062499999999090505 }, "geometry": { "type": "MultiLineString", "coordinates": [ [ [ 83.020833333333002, 28.247916666666221 ], [ 83.027083333332911, 28.247916666666221 ] ] ] } },
{ "type": "Feature", "properties": { "HYRIV_ID": 40773632, "NEXT_DOWN": 40774438, "MAIN_RIV": 41067217, "LENGTH_KM": 2.47, "DIST_DN_KM": 1696.6, "DIST_UP_KM": 12.4, "CATCH_SKM": 6.2399998, "UPLAND_SKM": 73.900002, "ENDORHEIC": 0, "DIS_AV_CMS": 3.22, "ORD_STRA": 3, "ORD_CLAS": 5, "ORD_FLOW": 6, "HYBAS_L12": 4121460780.0, "Shape_Length": 0.023570226039580391 }, "geometry": { "type": "MultiLineString", "coordinates": [ [ [ 83.043749999999619, 28.264583333332887 ], [ 83.027083333332911, 28.247916666666221 ] ] ] } },
{ "type": "Feature", "properties": { "HYRIV_ID": 40773126, "NEXT_DOWN": 40772574, "MAIN_RIV": 41067217, "LENGTH_KM": 1.39, "DIST_DN_KM": 1701.7, "DIST_UP_KM": 2.8, "CATCH_SKM": 4.54, "UPLAND_SKM": 4.5, "ENDORHEIC": 0, "DIS_AV_CMS": 0.204, "ORD_STRA": 1, "ORD_CLAS": 9, "ORD_FLOW": 7, "HYBAS_L12": 4121460780.0, "Shape_Length": 0.013005501431442325 }, "geometry": { "type": "MultiLineString", "coordinates": [ [ [ 83.074999999999562, 28.254166666666201 ], [ 83.068749999999653, 28.260416666666238 ], [ 83.068749999999653, 28.264583333332887 ] ] ] } },
{ "type": "Feature", "properties": { "HYRIV_ID": 40773391, "NEXT_DOWN": 40773633, "MAIN_RIV": 41067217, "LENGTH_KM": 3.95, "DIST_DN_KM": 1399.9, "DIST_UP_KM": 5.5, "CATCH_SKM": 10.78, "UPLAND_SKM": 10.8, "ENDORHEIC": 0, "DIS_AV_CMS": 0.53, "ORD_STRA": 1, "ORD_CLAS": 5, "ORD_FLOW": 7, "HYBAS_L12": 4120824260.0, "Shape_Length": 0.038153559372884525 }, "geometry": { "type": "MultiLineString", "coordinates": [ [ [ 83.154166666666328, 28.25208333333287 ], [ 83.164583333332956, 28.25208333333287 ], [ 83.181249999999608, 28.26874999999955 ], [ 83.181249999999608, 28.272916666666255 ] ] ] } },
{ "type": "Feature", "properties": { "HYRIV_ID": 40772574, "NEXT_DOWN": 40772573, "MAIN_RIV": 41067217, "LENGTH_KM": 1.84, "DIST_DN_KM": 1699.9, "DIST_UP_KM": 4.9, "CATCH_SKM": 3.97, "UPLAND_SKM": 17.0, "ENDORHEIC": 0, "DIS_AV_CMS": 0.769, "ORD_STRA": 2, "ORD_CLAS": 7, "ORD_FLOW": 7, "HYBAS_L12": 4121460780.0, "Shape_Length": 0.01839255650992801 }, "geometry": { "type": "MultiLineString", "coordinates": [ [ [ 83.068749999999653, 28.264583333332887 ], [ 83.06458333333299, 28.264583333332887 ], [ 83.060416666666328, 28.26874999999955 ], [ 83.052083333332945, 28.26874999999955 ] ] ] } },
{ "type": "Feature", "properties": { "HYRIV_ID": 40772573, "NEXT_DOWN": 40773632, "MAIN_RIV": 41067217, "LENGTH_KM": 1.02, "DIST_DN_KM": 1699.0, "DIST_UP_KM": 7.0, "CATCH_SKM": 0.76, "UPLAND_SKM": 36.099998, "ENDORHEIC": 0, "DIS_AV_CMS": 1.608, "ORD_STRA": 3, "ORD_CLAS": 6, "ORD_FLOW": 6, "HYBAS_L12": 4121460780.0, "Shape_Length": 0.010059223176545413 }, "geometry": { "type": "MultiLineString", "coordinates": [ [ [ 83.052083333332945, 28.26874999999955 ], [ 83.047916666666282, 28.26874999999955 ], [ 83.043749999999619, 28.264583333332887 ] ] ] } },
{ "type": "Feature", "properties": { "HYRIV_ID": 40772575, "NEXT_DOWN": 40772574, "MAIN_RIV": 41067217, "LENGTH_KM": 0.69, "DIST_DN_KM": 1701.7, "DIST_UP_KM": 3.0, "CATCH_SKM": 2.6500001, "UPLAND_SKM": 2.6, "ENDORHEIC": 0, "DIS_AV_CMS": 0.119, "ORD_STRA": 1, "ORD_CLAS": 8, "ORD_FLOW": 7, "HYBAS_L12": 4121460780.0, "Shape_Length": 0.0062499999999943157 }, "geometry": { "type": "MultiLineString", "coordinates": [ [ [ 83.068749999999653, 28.270833333332881 ], [ 83.068749999999653, 28.264583333332887 ] ] ] } },
{ "type": "Feature", "properties": { "HYRIV_ID": 40772576, "NEXT_DOWN": 40772574, "MAIN_RIV": 41067217, "LENGTH_KM": 1.33, "DIST_DN_KM": 1701.7, "DIST_UP_KM": 3.0, "CATCH_SKM": 5.8600001, "UPLAND_SKM": 5.9, "ENDORHEIC": 0, "DIS_AV_CMS": 0.266, "ORD_STRA": 1, "ORD_CLAS": 7, "ORD_FLOW": 7, "HYBAS_L12": 4121460780.0, "Shape_Length": 0.01300550143142639 }, "geometry": { "type": "MultiLineString", "coordinates": [ [ [ 83.079166666666225, 28.270833333332881 ], [ 83.072916666666316, 28.264583333332887 ], [ 83.068749999999653, 28.264583333332887 ] ] ] } },
{ "type": "Feature", "properties": { "HYRIV_ID": 40773914, "NEXT_DOWN": 40775557, "MAIN_RIV": 41067217, "LENGTH_KM": 0.62, "DIST_DN_KM": 1394.5, "DIST_UP_KM": 5.1, "CATCH_SKM": 1.13, "UPLAND_SKM": 15.7, "ENDORHEIC": 0, "DIS_AV_CMS": 0.84899998, "ORD_STRA": 2, "ORD_CLAS": 5, "ORD_FLOW": 7, "HYBAS_L12": 4120824260.0, "Shape_Length": 0.0058925565098825365 }, "geometry": { "type": "MultiLineString", "coordinates": [ [ [ 83.277083333332911, 28.247916666666221 ], [ 83.272916666666248, 28.243749999999558 ] ] ] } },
{ "type": "Feature", "properties": { "HYRIV_ID": 40773913, "NEXT_DOWN": 40775557, "MAIN_RIV": 41067217, "LENGTH_KM": 0.93, "DIST_DN_KM": 1394.5, "DIST_UP_KM": 2.7, "CATCH_SKM": 2.84, "UPLAND_SKM": 2.8, "ENDORHEIC": 0, "DIS_AV_CMS": 0.15, "ORD_STRA": 1, "ORD_CLAS": 6, "ORD_FLOW": 7, "HYBAS_L12": 4120824260.0, "Shape_Length": 0.0088388347647534657 }, "geometry": { "type": "MultiLineString", "coordinates": [ [ [ 83.266666666666339, 28.249999999999538 ], [ 83.272916666666248, 28.243749999999558 ] ] ] } },
{ "type": "Feature", "properties": { "HYRIV_ID": 40773635, "NEXT_DOWN": 40773914, "MAIN_RIV": 41067217, "LENGTH_KM": 0.69, "DIST_DN_KM": 1395.0, "DIST_UP_KM": 2.5, "CATCH_SKM": 2.27, "UPLAND_SKM": 2.3, "ENDORHEIC": 0, "DIS_AV_CMS": 0.121, "ORD_STRA": 1, "ORD_CLAS": 6, "ORD_FLOW": 7, "HYBAS_L12": 4120824260.0, "Shape_Length": 0.0062499999999801048 }, "geometry": { "type": "MultiLineString", "coordinates": [ [ [ 83.277083333332911, 28.253444356410235 ], [ 83.277083333332911, 28.247916666666221 ] ] ] } },
{ "type": "Feature", "properties": { "HYRIV_ID": 40773912, "NEXT_DOWN": 40774439, "MAIN_RIV": 41067217, "LENGTH_KM": 2.1600001, "DIST_DN_KM": 1394.9, "DIST_UP_KM": 3.5, "CATCH_SKM": 2.6500001, "UPLAND_SKM": 2.6, "ENDORHEIC": 0, "DIS_AV_CMS": 0.138, "ORD_STRA": 1, "ORD_CLAS": 5, "ORD_FLOW": 7, "HYBAS_L12": 4120824260.0, "Shape_Length": 0.020623947784548683 }, "geometry": { "type": "MultiLineString", "coordinates": [ [ [ 83.233333333332922, 28.258333333332907 ], [ 83.218749999999687, 28.243749999999558 ] ] ] } },
{ "type": "Feature", "properties": { "HYRIV_ID": 40773634, "NEXT_DOWN": 40773911, "MAIN_RIV": 41067217, "LENGTH_KM": 1.72, "DIST_DN_KM": 1395.4, "DIST_UP_KM": 3.4, "CATCH_SKM": 4.1599998, "UPLAND_SKM": 4.2, "ENDORHEIC": 0, "DIS_AV_CMS": 0.214, "ORD_STRA": 1, "ORD_CLAS": 5, "ORD_FLOW": 7, "HYBAS_L12": 4120824260.0, "Shape_Length": 0.016309223176572313 }, "geometry": { "type": "MultiLineString", "coordinates": [ [ [ 83.22291666666635, 28.258333333332907 ], [ 83.22291666666635, 28.25208333333287 ], [ 83.218749999999687, 28.247916666666221 ], [ 83.214583333333024, 28.247916666666221 ] ] ] } },
{ "type": "Feature", "properties": { "HYRIV_ID": 40773636, "NEXT_DOWN": 40773914, "MAIN_RIV": 41067217, "LENGTH_KM": 3.3800001, "DIST_DN_KM": 1395.1, "DIST_UP_KM": 4.5, "CATCH_SKM": 12.29, "UPLAND_SKM": 12.3, "ENDORHEIC": 0, "DIS_AV_CMS": 0.667, "ORD_STRA": 1, "ORD_CLAS": 5, "ORD_FLOW": 7, "HYBAS_L12": 4120824260.0, "Shape_Length": 0.033123947784624311 }, "geometry": { "type": "MultiLineString", "coordinates": [ [ [ 83.280564834248111, 28.251398167581417 ], [ 83.277083333332911, 28.247916666666221 ] ] ] } },
{ "type": "Feature", "properties": { "HYRIV_ID": 40773633, "NEXT_DOWN": 40773911, "MAIN_RIV": 41067217, "LENGTH_KM": 4.52, "DIST_DN_KM": 1395.5, "DIST_UP_KM": 46.900002, "CATCH_SKM": 12.29, "UPLAND_SKM": 793.40002, "ENDORHEIC": 0, "DIS_AV_CMS": 38.533001, "ORD_STRA": 4, "ORD_CLAS": 4, "ORD_FLOW": 5, "HYBAS_L12": 4120824260.0, "Shape_Length": 0.043688672392741552 }, "geometry": { "type": "MultiLineString", "coordinates": [ [ [ 83.181249999999608, 28.272916666666255 ], [ 83.18958333333299, 28.264583333332887 ], [ 83.193749999999653, 28.264583333332887 ], [ 83.206249999999642, 28.25208333333287 ], [ 83.210416666666305, 28.25208333333287 ], [ 83.214583333333024, 28.247916666666221 ] ] ] } },
{ "type": "Feature", "properties": { "HYRIV_ID": 40771746, "NEXT_DOWN": 40772014, "MAIN_RIV": 41067217, "LENGTH_KM": 3.48, "DIST_DN_KM": 1400.5, "DIST_UP_KM": 19.6, "CATCH_SKM": 5.29, "UPLAND_SKM": 94.699997, "ENDORHEIC": 0, "DIS_AV_CMS": 5.1669998, "ORD_STRA": 3, "ORD_CLAS": 5, "ORD_FLOW": 6, "HYBAS_L12": 4120824260.0, "Shape_Length": 0.034344336196359411 }, "geometry": { "type": "MultiLineString", "coordinates": [ [ [ 83.206249999999642, 28.289583333332878 ], [ 83.193749999999653, 28.289583333332878 ], [ 83.181249999999608, 28.277083333332861 ], [ 83.177083333332945, 28.277083333332861 ] ] ] } },
{ "type": "Feature", "properties": { "HYRIV_ID": 40770942, "NEXT_DOWN": 40771746, "MAIN_RIV": 41067217, "LENGTH_KM": 3.26, "DIST_DN_KM": 1404.0, "DIST_UP_KM": 16.1, "CATCH_SKM": 9.0699997, "UPLAND_SKM": 82.800003, "ENDORHEIC": 0, "DIS_AV_CMS": 4.5089998, "ORD_STRA": 3, "ORD_CLAS": 5, "ORD_FLOW": 6, "HYBAS_L12": 4120824260.0, "Shape_Length": 0.033333333333416704 }, "geometry": { "type": "MultiLineString", "coordinates": [ [ [ 83.237915099767548, 28.289583333332878 ], [ 83.206249999999642, 28.289583333332878 ] ] ] } },
{ "type": "Feature", "properties": { "HYRIV_ID": 40772286, "NEXT_DOWN": 40772573, "MAIN_RIV": 41067217, "LENGTH_KM": 0.46, "DIST_DN_KM": 1699.9, "DIST_UP_KM": 6.2, "CATCH_SKM": 0.19, "UPLAND_SKM": 18.3, "ENDORHEIC": 0, "DIS_AV_CMS": 0.8, "ORD_STRA": 2, "ORD_CLAS": 6, "ORD_FLOW": 7, "HYBAS_L12": 4121460780.0, "Shape_Length": 0.0041666666667055097 }, "geometry": { "type": "MultiLineString", "coordinates": [ [ [ 83.052083333332945, 28.272916666666255 ], [ 83.052083333332945, 28.26874999999955 ] ] ] } },
{ "type": "Feature", "properties": { "HYRIV_ID": 40772014, "NEXT_DOWN": 40773633, "MAIN_RIV": 41067217, "LENGTH_KM": 0.62, "DIST_DN_KM": 1400.1, "DIST_UP_KM": 42.3, "CATCH_SKM": 2.46, "UPLAND_SKM": 770.29999, "ENDORHEIC": 0, "DIS_AV_CMS": 36.870998, "ORD_STRA": 4, "ORD_CLAS": 4, "ORD_FLOW": 5, "HYBAS_L12": 4120824260.0, "Shape_Length": 0.0058925565098423421 }, "geometry": { "type": "MultiLineString", "coordinates": [ [ [ 83.177083333332945, 28.277083333332861 ], [ 83.181249999999608, 28.272916666666255 ] ] ] } },
{ "type": "Feature", "properties": { "HYRIV_ID": 40772572, "NEXT_DOWN": 40773632, "MAIN_RIV": 41067217, "LENGTH_KM": 4.9699998, "DIST_DN_KM": 1698.9, "DIST_UP_KM": 10.1, "CATCH_SKM": 16.07, "UPLAND_SKM": 31.6, "ENDORHEIC": 0, "DIS_AV_CMS": 1.321, "ORD_STRA": 2, "ORD_CLAS": 5, "ORD_FLOW": 6, "HYBAS_L12": 4121460780.0, "Shape_Length": 0.048570226039567697 }, "geometry": { "type": "MultiLineString", "coordinates": [ [ [ 83.009299159063701, 28.282367507602096 ], [ 83.010416666666259, 28.281249999999524 ], [ 83.014583333332922, 28.281249999999524 ], [ 83.018749999999585, 28.277083333332861 ], [ 83.027083333332911, 28.277083333332861 ], [ 83.031249999999631, 28.272916666666255 ], [ 83.039583333332956, 28.272916666666255 ], [ 83.043749999999619, 28.26874999999955 ], [ 83.043749999999619, 28.264583333332887 ] ] ] } },
{ "type": "Feature", "properties": { "HYRIV_ID": 40771745, "NEXT_DOWN": 40772014, "MAIN_RIV": 41067217, "LENGTH_KM": 0.46, "DIST_DN_KM": 1400.5, "DIST_UP_KM": 41.900002, "CATCH_SKM": 0.76, "UPLAND_SKM": 673.20001, "ENDORHEIC": 0, "DIS_AV_CMS": 31.521, "ORD_STRA": 4, "ORD_CLAS": 4, "ORD_FLOW": 5, "HYBAS_L12": 4120824260.0, "Shape_Length": 0.0041666666666628771 }, "geometry": { "type": "MultiLineString", "coordinates": [ [ [ 83.177083333332945, 28.281249999999524 ], [ 83.177083333332945, 28.277083333332861 ] ] ] } },
{ "type": "Feature", "properties": { "HYRIV_ID": 40772287, "NEXT_DOWN": 40771487, "MAIN_RIV": 41067217, "LENGTH_KM": 6.1500001, "DIST_DN_KM": 1402.8, "DIST_UP_KM": 7.6, "CATCH_SKM": 20.23, "UPLAND_SKM": 20.200001, "ENDORHEIC": 0, "DIS_AV_CMS": 0.96700001, "ORD_STRA": 1, "ORD_CLAS": 6, "ORD_FLOW": 7, "HYBAS_L12": 4120824260.0, "Shape_Length": 0.060712782549406083 }, "geometry": { "type": "MultiLineString", "coordinates": [ [ [ 83.112499999999642, 28.26874999999955 ], [ 83.122916666666271, 28.26874999999955 ], [ 83.127083333332934, 28.272916666666255 ], [ 83.139583333332922, 28.272916666666255 ], [ 83.147916666666248, 28.281249999999524 ], [ 83.152083333332911, 28.281249999999524 ], [ 83.156249999999574, 28.285416666666229 ], [ 83.160416666666237, 28.285416666666229 ], [ 83.164583333332956, 28.289583333332878 ] ] ] } },
{ "type": "Feature", "properties": { "HYRIV_ID": 40772013, "NEXT_DOWN": 40772286, "MAIN_RIV": 41067217, "LENGTH_KM": 2.7, "DIST_DN_KM": 1700.5, "DIST_UP_KM": 4.3, "CATCH_SKM": 8.6899996, "UPLAND_SKM": 8.7, "ENDORHEIC": 0, "DIS_AV_CMS": 0.384, "ORD_STRA": 1, "ORD_CLAS": 7, "ORD_FLOW": 7, "HYBAS_L12": 4121460780.0, "Shape_Length": 0.024642556509893904 }, "geometry": { "type": "MultiLineString", "coordinates": [ [ [ 83.056249999999665, 28.288161048659042 ], [ 83.056249999999665, 28.277083333332861 ], [ 83.052083333332945, 28.272916666666255 ] ] ] } },
{ "type": "Feature", "properties": { "HYRIV_ID": 40771487, "NEXT_DOWN": 40771745, "MAIN_RIV": 41067217, "LENGTH_KM": 1.64, "DIST_DN_KM": 1401.1, "DIST_UP_KM": 10.3, "CATCH_SKM": 1.7, "UPLAND_SKM": 39.5, "ENDORHEIC": 0, "DIS_AV_CMS": 1.893, "ORD_STRA": 2, "ORD_CLAS": 5, "ORD_FLOW": 6, "HYBAS_L12": 4120824260.0, "Shape_Length": 0.015951779686448047 }, "geometry": { "type": "MultiLineString", "coordinates": [ [ [ 83.164583333332956, 28.289583333332878 ], [ 83.168749999999619, 28.285416666666229 ], [ 83.172916666666282, 28.285416666666229 ], [ 83.177083333332945, 28.281249999999524 ] ] ] } },
{ "type": "Feature", "properties": { "HYRIV_ID": 40772012, "NEXT_DOWN": 40772286, "MAIN_RIV": 41067217, "LENGTH_KM": 3.55, "DIST_DN_KM": 1700.3, "DIST_UP_KM": 5.7, "CATCH_SKM": 9.4499998, "UPLAND_SKM": 9.4, "ENDORHEIC": 0, "DIS_AV_CMS": 0.406, "ORD_STRA": 1, "ORD_CLAS": 6, "ORD_FLOW": 7, "HYBAS_L12": 4121460780.0, "Shape_Length": 0.033123947784591004 }, "geometry": { "type": "MultiLineString", "coordinates": [ [ [ 83.044955712588859, 28.288377620743635 ], [ 83.052083333332945, 28.281249999999524 ], [ 83.052083333332945, 28.272916666666255 ] ] ] } },
{ "type": "Feature", "properties": { "HYRIV_ID": 40771488, "NEXT_DOWN": 40771745, "MAIN_RIV": 41067217, "LENGTH_KM": 3.71, "DIST_DN_KM": 1401.1, "DIST_UP_KM": 41.3, "CATCH_SKM": 7.56, "UPLAND_SKM": 632.90002, "ENDORHEIC": 0, "DIS_AV_CMS": 29.537001, "ORD_STRA": 4, "ORD_CLAS": 4, "ORD_FLOW": 5, "HYBAS_L12": 4120824260.0, "Shape_Length": 0.034344336196347636 }, "geometry": { "type": "MultiLineString", "coordinates": [ [ [ 83.172916666666282, 28.310416666666221 ], [ 83.172916666666282, 28.293749999999541 ], [ 83.181249999999608, 28.285416666666229 ], [ 83.177083333332945, 28.281249999999524 ] ] ] } },
{ "type": "Feature", "properties": { "HYRIV_ID": 40770941, "NEXT_DOWN": 40771746, "MAIN_RIV": 41067217, "LENGTH_KM": 1.93, "DIST_DN_KM": 1404.1, "DIST_UP_KM": 3.7, "CATCH_SKM": 6.6100001, "UPLAND_SKM": 6.6, "ENDORHEIC": 0, "DIS_AV_CMS": 0.333, "ORD_STRA": 1, "ORD_CLAS": 6, "ORD_FLOW": 7, "HYBAS_L12": 4120824260.0, "Shape_Length": 0.018035113019775322 }, "geometry": { "type": "MultiLineString", "coordinates": [ [ [ 83.206249999999642, 28.304166666666227 ], [ 83.206249999999642, 28.297916666666246 ], [ 83.210416666666305, 28.293749999999541 ], [ 83.206249999999642, 28.289583333332878 ] ] ] } },
{ "type": "Feature", "properties": { "HYRIV_ID": 40770940, "NEXT_DOWN": 40771487, "MAIN_RIV": 41067217, "LENGTH_KM": 6.5700002, "DIST_DN_KM": 1402.8, "DIST_UP_KM": 8.6, "CATCH_SKM": 17.58, "UPLAND_SKM": 17.6, "ENDORHEIC": 0, "DIS_AV_CMS": 0.834, "ORD_STRA": 1, "ORD_CLAS": 5, "ORD_FLOW": 7, "HYBAS_L12": 4120824260.0, "Shape_Length": 0.064164562235858896 }, "geometry": { "type": "MultiLineString", "coordinates": [ [ [ 83.112499999999642, 28.293749999999541 ], [ 83.118749999999551, 28.293749999999541 ], [ 83.131249999999596, 28.306249999999558 ], [ 83.147916666666248, 28.306249999999558 ], [ 83.164583333332956, 28.289583333332878 ] ] ] } },
{ "type": "Feature", "properties": { "HYRIV_ID": 40769501, "NEXT_DOWN": 40771488, "MAIN_RIV": 41067217, "LENGTH_KM": 1.02, "DIST_DN_KM": 1404.7, "DIST_UP_KM": 3.0, "CATCH_SKM": 4.35, "UPLAND_SKM": 4.3, "ENDORHEIC": 0, "DIS_AV_CMS": 0.215, "ORD_STRA": 1, "ORD_CLAS": 5, "ORD_FLOW": 7, "HYBAS_L12": 4120824260.0, "Shape_Length": 0.010416666666628771 }, "geometry": { "type": "MultiLineString", "coordinates": [ [ [ 83.183333333332911, 28.310416666666221 ], [ 83.172916666666282, 28.310416666666221 ] ] ] } },
{ "type": "Feature", "properties": { "HYRIV_ID": 40769500, "NEXT_DOWN": 40771488, "MAIN_RIV": 41067217, "LENGTH_KM": 1.85, "DIST_DN_KM": 1404.9, "DIST_UP_KM": 37.5, "CATCH_SKM": 3.02, "UPLAND_SKM": 621.0, "ENDORHEIC": 0, "DIS_AV_CMS": 28.601999, "ORD_STRA": 4, "ORD_CLAS": 4, "ORD_FLOW": 5, "HYBAS_L12": 4120824260.0, "Shape_Length": 0.017677669529707903 }, "geometry": { "type": "MultiLineString", "coordinates": [ [ [ 83.169297023799899, 28.3140363095326 ], [ 83.172916666666282, 28.310416666666221 ] ] ] } }
]
}
