reach_id,district,palika,upstream_x,upstream_y,upstream_z_m,downstream_x,downstream_y,downstream_z_m,intake_x,intake_y,z_head_m,powerhouse_x,powerhouse_y,z_tail_m,gross_head_m,net_head_m,catchment_km2,discharge_m3s,power_potential_kw,power_potential_mw,screening_annual_energy_mwh,annual_energy_mwh,length_m,slope_pct
1,Gulmi,Musikot,83.374722,28.183611,1480.25,83.369722,28.183333,1259.59,83.374722,28.183611,1480.25,83.369722,28.183333,1259.59,220.66,198.59,3.124,0.09,122.7,0.123,644.9,644.9,504.7,43.72
2,Gulmi,Musikot,83.369722,28.183333,1259.59,83.369444,28.183333,1249.47,83.369722,28.183333,1259.59,83.369444,28.183333,1249.47,10.12,9.11,6.515,0.1876,11.74,0.012,61.68,61.68,27.3,37.11
3,Gulmi,Malika,83.089444,28.235833,2269.96,83.089444,28.24,2155.77,83.089444,28.235833,2269.96,83.089444,28.24,2155.77,114.19,102.77,1.019,0.0293,20.71,0.021,108.86,108.86,505.0,22.61
4,Gulmi,Malika,83.085278,28.241111,2245.87,83.089444,28.240278,2143.24,83.085278,28.241111,2245.87,83.089444,28.240278,2143.24,102.63,92.37,1.841,0.053,33.63,0.034,176.76,176.76,478.8,21.44
5,Gulmi,Musikot,83.343333,28.158889,2232.35,83.338889,28.160833,1961.82,83.343333,28.158889,2232.35,83.338889,28.160833,1961.82,270.53,243.48,0.688,0.0198,33.13,0.033,174.13,174.13,534.0,50.67
6,Gulmi,Musikot,83.338889,28.160833,1961.82,83.334444,28.162222,1732.66,83.338889,28.160833,1961.82,83.334444,28.162222,1732.66,229.16,206.24,1.187,0.0342,48.42,0.048,254.48,254.48,506.0,45.29
7,Gulmi,Musikot,83.334444,28.162222,1732.66,83.329444,28.1625,1475.79,83.334444,28.162222,1732.66,83.329444,28.1625,1475.79,256.87,231.18,1.455,0.0419,66.52,0.067,349.65,349.65,504.7,50.89
8,Gulmi,Musikot,83.329444,28.1625,1475.79,83.324722,28.161389,1295.44,83.329444,28.1625,1475.79,83.324722,28.161389,1295.44,180.35,162.31,1.67,0.0481,53.61,0.054,281.77,281.77,519.3,34.73
9,Gulmi,Musikot,83.324722,28.161389,1295.44,83.321667,28.158333,1140.44,83.324722,28.161389,1295.44,83.321667,28.158333,1140.44,155.0,139.5,1.922,0.0554,53.03,0.053,278.7,278.7,521.3,29.73
10,Gulmi,Musikot,83.321667,28.158333,1140.44,83.321944,28.1575,1103.17,83.321667,28.158333,1140.44,83.321944,28.1575,1103.17,37.27,33.54,3.149,0.0907,20.89,0.021,109.8,109.8,103.1,36.16
11,Gulmi,Malika,83.095833,28.251111,2226.78,83.100556,28.250278,2117.33,83.095833,28.251111,2226.78,83.100556,28.250278,2117.33,109.45,98.51,0.835,0.024,16.27,0.016,85.5,85.5,505.4,21.66
12,Gulmi,Malika,83.100556,28.250278,2117.33,83.105,28.249722,2051.07,83.100556,28.250278,2117.33,83.105,28.249722,2051.07,66.26,59.63,1.194,0.0344,14.08,0.014,74.01,74.01,520.0,12.74
13,Gulmi,Malika,83.105,28.249722,2051.07,83.106944,28.246111,1892.55,83.105,28.249722,2051.07,83.106944,28.246111,1892.55,158.52,142.67,1.363,0.0393,38.46,0.038,202.13,202.13,511.7,30.98
14,Gulmi,Malika,83.106944,28.246111,1892.55,83.1075,28.242778,1728.91,83.106944,28.246111,1892.55,83.1075,28.242778,1728.91,163.64,147.28,5.768,0.1661,168.0,0.168,883.02,883.02,391.7,41.78
15,Gulmi,Madane,83.076944,28.228889,2195.03,83.075,28.225,2040.21,83.076944,28.228889,2195.03,83.075,28.225,2040.21,154.82,139.34,0.83,0.0239,22.87,0.023,120.22,120.22,505.0,30.65
16,Gulmi,Madane,83.075,28.225,2040.21,83.074444,28.220556,1899.02,83.075,28.225,2040.21,83.074444,28.220556,1899.02,141.19,127.07,1.365,0.0393,34.3,0.034,180.3,180.3,536.0,26.34
17,Gulmi,Madane,83.074444,28.220556,1899.02,83.076667,28.216944,1827.24,83.074444,28.220556,1899.02,83.076667,28.216944,1827.24,71.78,64.6,2.47,0.0711,31.56,0.032,165.87,165.87,501.4,14.31
18,Gulmi,Madane,83.076667,28.216944,1827.24,83.079722,28.213889,1745.49,83.076667,28.216944,1827.24,83.079722,28.213889,1745.49,81.75,73.58,2.865,0.0825,41.69,0.042,219.11,219.11,504.4,16.21
19,Gulmi,Madane,83.079722,28.213889,1745.49,83.083889,28.213056,1654.8,83.079722,28.213889,1745.49,83.083889,28.213056,1654.8,90.69,81.62,4.306,0.124,69.51,0.07,365.33,365.33,450.9,20.12
20,Gulmi,Malika,83.089444,28.240278,2143.24,83.093889,28.242222,2022.37,83.089444,28.240278,2143.24,83.093889,28.242222,2022.37,120.87,108.78,2.256,0.065,48.54,0.049,255.1,255.1,534.0,22.64
21,Gulmi,Malika,83.093889,28.242222,2022.37,83.098333,28.241389,1897.67,83.093889,28.242222,2022.37,83.098333,28.241389,1897.67,124.7,112.23,3.084,0.0888,68.45,0.068,359.78,359.78,506.0,24.64
22,Gulmi,Malika,83.098333,28.241389,1897.67,83.103056,28.242222,1793.23,83.098333,28.241389,1897.67,83.103056,28.242222,1793.23,104.44,94.0,3.544,0.1021,65.88,0.066,346.27,346.27,533.3,19.58
23,Gulmi,Malika,83.103056,28.242222,1793.23,83.1075,28.242778,1728.91,83.103056,28.242222,1793.23,83.1075,28.242778,1728.91,64.32,57.89,5.768,0.1661,66.03,0.066,347.08,347.08,464.2,13.86
24,Gulmi,Chandrakot,83.390833,28.159722,2134.42,83.391944,28.155833,2052.96,83.390833,28.159722,2134.42,83.391944,28.155833,2052.96,81.46,73.31,0.755,0.0217,10.95,0.011,57.54,57.54,511.7,15.92
25,Gulmi,Chandrakot,83.391944,28.155833,2052.96,83.390556,28.151667,1889.74,83.391944,28.155833,2052.96,83.390556,28.151667,1889.74,163.22,146.9,1.034,0.0298,30.04,0.03,157.89,157.89,515.3,31.67
26,Gulmi,Chandrakot,83.390556,28.151667,1889.74,83.392778,28.148056,1743.33,83.390556,28.151667,1889.74,83.392778,28.148056,1743.33,146.41,131.77,1.538,0.0443,40.08,0.04,210.66,210.66,501.4,29.2
27,Gulmi,Chandrakot,83.392778,28.148056,1743.33,83.393889,28.145833,1678.83,83.392778,28.148056,1743.33,83.393889,28.145833,1678.83,64.5,58.05,2.065,0.0595,23.71,0.024,124.61,124.61,288.6,22.35
28,Gulmi,Chandrakot,83.355,28.153889,2123.46,83.358611,28.150833,1973.39,83.355,28.153889,2123.46,83.358611,28.150833,1973.39,150.07,135.06,0.7,0.0202,18.7,0.019,98.28,98.28,508.0,29.54
29,Gulmi,Chandrakot,83.358611,28.150833,1973.39,83.358611,28.146667,1721.37,83.358611,28.150833,1973.39,83.358611,28.146667,1721.37,252.02,226.82,1.101,0.0317,49.39,0.049,259.59,259.59,505.0,49.9
30,Gulmi,Chandrakot,83.358611,28.146667,1721.37,83.358889,28.142778,1578.39,83.358611,28.146667,1721.37,83.358889,28.142778,1578.39,142.98,128.68,1.99,0.0573,50.64,0.051,266.19,266.19,443.2,32.26
31,Gulmi,Satyawati,83.486667,28.049444,2075.4,83.487222,28.045278,1847.43,83.486667,28.049444,2075.4,83.487222,28.045278,1847.43,227.97,205.17,0.67,0.0193,27.19,0.027,142.89,142.89,505.0,45.14
32,Gulmi,Satyawati,83.487222,28.045278,1847.43,83.487222,28.043611,1756.47,83.487222,28.045278,1847.43,83.487222,28.043611,1756.47,90.96,81.86,1.781,0.0513,28.83,0.029,151.56,151.56,185.5,49.03
33,Gulmi,Madane,83.066389,28.233611,2066.36,83.062222,28.234722,1948.83,83.066389,28.233611,2066.36,83.062222,28.234722,1948.83,117.53,105.78,1.317,0.0379,27.55,0.028,144.81,144.81,464.8,25.28
34,Gulmi,Chandrakot,83.404722,28.150556,1883.28,83.406667,28.146944,1846.72,83.404722,28.150556,1883.28,83.406667,28.146944,1846.72,36.56,32.9,3.354,0.0966,21.83,0.022,114.72,114.72,508.0,7.2
35,Gulmi,Chandrakot,83.406667,28.146944,1846.72,83.410278,28.144444,1653.25,83.406667,28.146944,1846.72,83.410278,28.144444,1653.25,193.47,174.12,3.65,0.1051,125.69,0.126,660.64,660.64,531.0,36.44
36,Gulmi,Chandrakot,83.410278,28.144444,1653.25,83.411111,28.142778,1515.03,83.410278,28.144444,1653.25,83.411111,28.142778,1515.03,138.22,124.4,15.94,0.4591,392.16,0.392,2061.18,2061.18,216.4,63.86
37,Gulmi,Madane,83.084444,28.222222,2059.72,83.084167,28.217778,1786.02,83.084444,28.222222,2059.72,83.084167,28.217778,1786.02,273.7,246.33,0.66,0.019,32.15,0.032,169.0,169.0,505.1,54.19
38,Gulmi,Madane,83.084167,28.217778,1786.02,83.083889,28.213333,1657.84,83.084167,28.217778,1786.02,83.083889,28.213333,1657.84,128.18,115.36,1.257,0.0362,28.68,0.029,150.73,150.73,525.7,24.39
39,Gulmi,Madane,83.065278,28.236389,2042.49,83.062222,28.234722,1948.83,83.065278,28.236389,2042.49,83.062222,28.234722,1948.83,93.66,84.29,1.317,0.0379,21.96,0.022,115.4,115.4,383.7,24.41
40,Gulmi,Malika,83.100833,28.228889,2034.4,83.105,28.230833,1917.37,83.100833,28.228889,2034.4,83.105,28.230833,1917.37,117.03,105.33,1.293,0.0372,26.93,0.027,141.56,141.56,506.7,23.1
41,Gulmi,Malika,83.105,28.230833,1917.37,83.107778,28.234444,1794.78,83.105,28.230833,1917.37,83.107778,28.234444,1794.78,122.59,110.33,1.859,0.0535,40.56,0.041,213.2,213.2,505.0,24.27
42,Gulmi,Malika,83.107778,28.234444,1794.78,83.110833,28.238056,1704.26,83.107778,28.234444,1794.78,83.110833,28.238056,1704.26,90.52,81.47,2.394,0.0689,38.57,0.039,202.73,202.73,515.3,17.56
43,Gulmi,Malika,83.110833,28.238056,1704.26,83.112222,28.239444,1653.63,83.110833,28.238056,1704.26,83.112222,28.239444,1653.63,50.63,45.57,8.755,0.2521,78.9,0.079,414.69,414.69,206.1,24.56
44,Gulmi,Chandrakot,83.376944,28.1525,1993.84,83.378889,28.148611,1862.79,83.376944,28.1525,1993.84,83.378889,28.148611,1862.79,131.05,117.94,1.55,0.0446,36.16,0.036,190.03,190.03,505.0,25.95
45,Gulmi,Chandrakot,83.378889,28.148611,1862.79,83.382778,28.145833,1774.64,83.378889,28.148611,1862.79,83.382778,28.145833,1774.64,88.15,79.33,1.821,0.0524,28.57,0.029,150.17,150.17,521.3,16.91
46,Gulmi,Madane,83.091667,28.219444,1969.05,83.091667,28.215,1832.73,83.091667,28.219444,1969.05,83.091667,28.215,1832.73,136.32,122.69,0.852,0.0245,20.67,0.021,108.66,108.66,515.4,26.45
47,Gulmi,Madane,83.091667,28.215,1832.73,83.088889,28.211667,1707.75,83.091667,28.215,1832.73,83.088889,28.211667,1707.75,124.98,112.48,1.03,0.0297,22.91,0.023,120.43,120.43,525.0,23.81
48,Gulmi,Madane,83.088889,28.211667,1707.75,83.087222,28.2075,1577.58,83.088889,28.211667,1707.75,83.087222,28.2075,1577.58,130.17,117.15,1.198,0.0345,27.76,0.028,145.89,145.89,525.7,24.76
49,Gulmi,Madane,83.087222,28.2075,1577.58,83.085278,28.205833,1538.54,83.087222,28.2075,1577.58,83.085278,28.205833,1538.54,39.04,35.14,6.106,0.1759,42.43,0.042,223.01,223.01,274.6,14.22
50,Gulmi,Madane,83.062778,28.216667,1966.9,83.058333,28.217778,1868.69,83.062778,28.216667,1966.9,83.058333,28.217778,1868.69,98.21,88.39,1.277,0.0368,22.32,0.022,117.33,117.33,520.0,18.89
51,Gulmi,Madane,83.058333,28.217778,1868.69,83.054167,28.220278,1793.32,83.058333,28.217778,1868.69,83.054167,28.220278,1793.32,75.37,67.83,1.652,0.0476,22.16,0.022,116.48,116.48,534.6,14.1
52,Gulmi,Chandrakot,83.375,28.150278,1963.79,83.378333,28.147222,1870.47,83.375,28.150278,1963.79,83.378333,28.147222,1870.47,93.32,83.99,0.773,0.0223,12.84,0.013,67.49,67.49,514.7,18.13
53,Gulmi,Chandrakot,83.378333,28.147222,1870.47,83.382778,28.145556,1772.62,83.378333,28.147222,1870.47,83.382778,28.145556,1772.62,97.85,88.07,0.874,0.0252,15.22,0.015,80.01,80.01,520.0,18.82
54,Gulmi,Satyawati,83.491111,28.042778,1949.14,83.487222,28.043611,1756.47,83.491111,28.042778,1949.14,83.487222,28.043611,1756.47,192.67,173.4,1.781,0.0513,61.08,0.061,321.02,321.02,451.5,42.67
55,Gulmi,Madane,83.062222,28.234722,1948.83,83.057778,28.233611,1795.2,83.062222,28.234722,1948.83,83.057778,28.233611,1795.2,153.63,138.27,1.875,0.054,51.27,0.051,269.49,269.49,520.0,29.55
56,Gulmi,Madane,83.057778,28.233611,1795.2,83.054722,28.235833,1697.59,83.057778,28.233611,1795.2,83.054722,28.235833,1697.59,97.61,87.85,2.211,0.0637,38.41,0.038,201.9,201.9,507.4,19.24
57,Gulmi,Madane,83.054722,28.235833,1697.59,83.053611,28.235,1648.87,83.054722,28.235833,1697.59,83.053611,28.235,1648.87,48.72,43.85,3.207,0.0924,27.81,0.028,146.17,146.17,150.9,32.28
58,Gulmi,Madane,83.0575,28.2225,1933.78,83.053889,28.220833,1781.31,83.0575,28.2225,1933.78,83.053889,28.220833,1781.31,152.47,137.22,2.215,0.0638,60.11,0.06,315.95,315.95,483.1,31.56
59,Gulmi,Satyawati,83.453056,28.086111,1926.45,83.448056,28.086111,1806.64,83.453056,28.086111,1926.45,83.448056,28.086111,1806.64,119.81,107.83,0.921,0.0265,19.64,0.02,103.23,103.23,518.7,23.1
60,Gulmi,Satyawati,83.448056,28.086111,1806.64,83.443611,28.0875,1699.33,83.448056,28.086111,1806.64,83.443611,28.0875,1699.33,107.31,96.58,1.331,0.0383,25.42,0.025,133.62,133.62,506.0,21.21
61,Gulmi,Satyawati,83.443611,28.0875,1699.33,83.438611,28.088056,1623.05,83.443611,28.0875,1699.33,83.438611,28.088056,1623.05,76.28,68.65,1.759,0.0507,23.88,0.024,125.53,125.53,518.7,14.71
62,Gulmi,Satyawati,83.438611,28.088056,1623.05,83.433889,28.089167,1530.68,83.438611,28.088056,1623.05,83.433889,28.089167,1530.68,92.37,83.13,2.361,0.068,38.82,0.039,204.03,204.03,519.3,17.79
63,Gulmi,Chandrakot,83.433889,28.089167,1530.68,83.428889,28.089722,1420.26,83.433889,28.089167,1530.68,83.428889,28.089722,1420.26,110.42,99.38,2.859,0.0823,56.19,0.056,295.34,295.34,518.7,21.29
64,Gulmi,Satyawati,83.428889,28.089722,1420.26,83.424444,28.091111,1309.08,83.428889,28.089722,1420.26,83.424444,28.091111,1309.08,111.18,100.06,3.525,0.1015,69.76,0.07,366.64,366.64,506.0,21.97
65,Gulmi,Satyawati,83.424444,28.091111,1309.08,83.4225,28.095,1230.42,83.424444,28.091111,1309.08,83.4225,28.095,1230.42,78.66,70.79,3.834,0.1104,53.68,0.054,282.14,282.14,539.0,14.6
66,Gulmi,Chandrakot,83.4225,28.095,1230.42,83.419444,28.098056,1057.31,83.4225,28.095,1230.42,83.419444,28.098056,1057.31,173.11,155.8,4.217,0.1214,129.94,0.13,682.94,682.94,504.4,34.32
67,Gulmi,Chandrakot,83.419444,28.098056,1057.31,83.418889,28.098333,1048.51,83.419444,28.098056,1057.31,83.418889,28.098333,1048.51,8.8,7.92,4.7,0.1354,7.36,0.007,38.69,38.69,68.5,12.85
68,Gulmi,Musikot,83.349722,28.1425,1925.29,83.348333,28.138611,1783.1,83.349722,28.1425,1925.29,83.348333,28.138611,1783.1,142.19,127.97,0.612,0.0176,15.49,0.015,81.41,81.41,522.0,27.24
69,Gulmi,Musikot,83.348333,28.138611,1783.1,83.344444,28.136111,1586.66,83.348333,28.138611,1783.1,83.344444,28.136111,1586.66,196.44,176.8,0.852,0.0245,29.79,0.03,156.58,156.58,507.4,38.72
70,Gulmi,Musikot,83.344444,28.136111,1586.66,83.340833,28.133056,1461.78,83.344444,28.136111,1586.66,83.340833,28.133056,1461.78,124.88,112.39,1.422,0.041,31.61,0.032,166.13,166.13,525.0,23.79
71,Gulmi,Musikot,83.340833,28.133056,1461.78,83.337778,28.129444,1210.21,83.340833,28.133056,1461.78,83.337778,28.129444,1210.21,251.57,226.41,1.841,0.053,82.44,0.082,433.28,433.28,532.3,47.26
72,Gulmi,Musikot,83.337778,28.129444,1210.21,83.336944,28.128889,1184.24,83.337778,28.129444,1210.21,83.336944,28.128889,1184.24,25.97,23.37,2.341,0.0674,10.82,0.011,56.88,56.88,109.7,23.67
73,Gulmi,Madane,83.044444,28.186111,1918.58,83.046111,28.181944,1617.02,83.044444,28.186111,1918.58,83.046111,28.181944,1617.02,301.56,271.4,0.932,0.0268,50.03,0.05,262.93,262.93,525.7,57.37
74,Gulmi,Madane,83.046111,28.181944,1617.02,83.0475,28.18,1528.57,83.046111,28.181944,1617.02,83.0475,28.18,1528.57,88.45,79.61,1.684,0.0485,26.51,0.027,139.35,139.35,268.0,33.01
75,Gulmi,Kaligandaki,83.504722,28.043889,1906.19,83.508611,28.046389,1673.3,83.504722,28.043889,1906.19,83.508611,28.046389,1673.3,232.89,209.6,0.829,0.0239,34.36,0.034,180.62,180.62,507.4,45.9
76,Gulmi,Kaligandaki,83.508611,28.046389,1673.3,83.512778,28.048333,1490.06,83.508611,28.046389,1673.3,83.512778,28.048333,1490.06,183.24,164.92,1.446,0.0416,47.16,0.047,247.88,247.88,506.7,36.16
77,Gulmi,Kaligandaki,83.512778,28.048333,1490.06,83.513333,28.048889,1474.33,83.512778,28.048333,1490.06,83.513333,28.048889,1474.33,15.73,14.16,1.914,0.0551,5.36,0.005,28.17,28.17,82.5,19.08
78,Gulmi,Resunga,83.28,28.068889,1884.86,83.284167,28.070833,1624.9,83.28,28.068889,1884.86,83.284167,28.070833,1624.9,259.96,233.96,1.271,0.0366,58.81,0.059,309.11,309.11,506.7,51.3
79,Gulmi,Kaligandaki,83.495278,28.054167,1879.21,83.497778,28.058056,1602.84,83.495278,28.054167,1879.21,83.497778,28.058056,1602.84,276.37,248.73,1.237,0.0356,60.85,0.061,319.83,319.83,525.6,52.58
80,Gulmi,Kaligandaki,83.497778,28.058056,1602.84,83.501389,28.061389,1431.16,83.497778,28.058056,1602.84,83.501389,28.061389,1431.16,171.68,154.51,1.945,0.056,59.43,0.059,312.39,312.39,538.9,31.86
81,Gulmi,Kaligandaki,83.501389,28.061389,1431.16,83.503889,28.065,1321.73,83.501389,28.061389,1431.16,83.503889,28.065,1321.73,109.43,98.49,2.657,0.0765,51.75,0.052,272.01,272.01,528.6,20.7
82,Gulmi,Kaligandaki,83.503889,28.065,1321.73,83.506111,28.068889,1211.33,83.503889,28.065,1321.73,83.506111,28.068889,1211.33,110.4,99.36,3.013,0.0868,59.21,0.059,311.19,311.19,515.3,21.42
83,Gulmi,Kaligandaki,83.506111,28.068889,1211.33,83.510556,28.07,1154.12,83.506111,28.068889,1211.33,83.510556,28.07,1154.12,57.21,51.49,3.569,0.1028,36.34,0.036,191.02,191.02,520.0,11.0
84,Gulmi,Kaligandaki,83.510556,28.07,1154.12,83.515556,28.07,1088.59,83.510556,28.07,1154.12,83.515556,28.07,1088.59,65.53,58.98,4.203,0.121,49.02,0.049,257.67,257.67,518.7,12.63
85,Gulmi,Kaligandaki,83.515556,28.07,1088.59,83.52,28.068611,1033.26,83.515556,28.07,1088.59,83.52,28.068611,1033.26,55.33,49.8,4.544,0.1309,44.75,0.045,235.21,235.21,506.0,10.93
86,Gulmi,Kaligandaki,83.52,28.068611,1033.26,83.524444,28.066944,968.07,83.52,28.068611,1033.26,83.524444,28.066944,968.07,65.19,58.67,5.038,0.1451,58.46,0.058,307.25,307.25,537.0,12.14
87,Gulmi,Kaligandaki,83.524444,28.066944,968.07,83.528611,28.064444,901.16,83.524444,28.066944,968.07,83.528611,28.064444,901.16,66.91,60.22,5.402,0.1556,64.34,0.064,338.15,338.15,534.6,12.51
88,Gulmi,Kaligandaki,83.528611,28.064444,901.16,83.530278,28.064444,882.9,83.528611,28.064444,901.16,83.530278,28.064444,882.9,18.26,16.43,11.452,0.3298,37.22,0.037,195.63,195.63,163.6,11.16
89,Gulmi,Malika,83.171389,28.219722,1878.74,83.172778,28.223889,1705.86,83.171389,28.219722,1878.74,83.172778,28.223889,1705.86,172.88,155.59,0.545,0.0157,16.77,0.017,88.15,88.15,515.3,33.55
90,Gulmi,Malika,83.172778,28.223889,1705.86,83.173333,28.228333,1470.16,83.172778,28.223889,1705.86,83.173333,28.228333,1470.16,235.7,212.13,0.954,0.0275,40.02,0.04,210.36,210.36,515.4,45.74
91,Gulmi,Malika,83.173333,28.228333,1470.16,83.176111,28.231667,1317.44,83.173333,28.228333,1470.16,83.176111,28.231667,1317.44,152.72,137.45,1.549,0.0446,42.11,0.042,221.31,221.31,508.0,30.06
92,Gulmi,Malika,83.176111,28.231667,1317.44,83.180556,28.2325,1271.62,83.176111,28.231667,1317.44,83.180556,28.2325,1271.62,45.82,41.24,1.915,0.0552,15.62,0.016,82.09,82.09,506.0,9.05
93,Gulmi,Malika,83.180556,28.2325,1271.62,83.182222,28.233611,1226.13,83.180556,28.2325,1271.62,83.182222,28.233611,1226.13,45.49,40.94,35.654,1.0268,288.69,0.289,1517.34,1517.34,219.4,20.73
94,Gulmi,Satyawati,83.445278,28.077778,1874.54,83.441389,28.075278,1746.12,83.445278,28.077778,1874.54,83.441389,28.075278,1746.12,128.42,115.58,0.801,0.0231,18.31,0.018,96.23,96.23,507.4,25.31
95,Gulmi,Satyawati,83.441389,28.075278,1746.12,83.436944,28.074722,1651.73,83.441389,28.075278,1746.12,83.436944,28.074722,1651.73,94.39,84.95,1.335,0.0384,22.43,0.022,117.89,117.89,520.0,18.15
96,Gulmi,Satyawati,83.436944,28.074722,1651.73,83.435278,28.071944,1616.26,83.436944,28.074722,1651.73,83.435278,28.071944,1616.26,35.47,31.92,5.789,0.1667,36.55,0.037,192.1,192.1,371.0,9.56
97,Gulmi,Malika,83.1275,28.242222,1870.17,83.125556,28.238333,1689.34,83.1275,28.242222,1870.17,83.125556,28.238333,1689.34,180.83,162.75,0.538,0.0155,17.32,0.017,91.01,91.01,505.0,35.81
98,Gulmi,Malika,83.125556,28.238333,1689.34,83.124167,28.236389,1546.84,83.125556,28.238333,1689.34,83.124167,28.236389,1546.84,142.5,128.25,12.66,0.3646,321.11,0.321,1687.74,1687.74,284.9,50.01
99,Gulmi,Satyawati,83.4525,28.071389,1860.72,83.448333,28.069444,1745.06,83.4525,28.071389,1860.72,83.448333,28.069444,1745.06,115.66,104.09,0.791,0.0228,16.28,0.016,85.59,85.59,506.7,22.83
100,Gulmi,Satyawati,83.448333,28.069444,1745.06,83.444167,28.067222,1662.56,83.448333,28.069444,1745.06,83.444167,28.067222,1662.56,82.5,74.25,0.884,0.0255,12.98,0.013,68.23,68.23,520.7,15.84
101,Gulmi,Satyawati,83.444167,28.067222,1662.56,83.4425,28.066667,1644.5,83.444167,28.067222,1662.56,83.4425,28.066667,1644.5,18.06,16.25,2.159,0.0622,6.94,0.007,36.48,36.48,191.5,9.43
102,Gulmi,Satyawati,83.478333,28.0625,1847.28,83.477778,28.066667,1598.5,83.478333,28.0625,1847.28,83.477778,28.066667,1598.5,248.78,223.9,0.88,0.0253,38.97,0.039,204.81,204.81,505.0,49.26
103,Gulmi,Satyawati,83.477778,28.066667,1598.5,83.480278,28.070278,1420.66,83.477778,28.066667,1598.5,83.480278,28.070278,1420.66,177.84,160.06,1.492,0.043,47.23,0.047,248.23,248.23,528.6,33.64
104,Gulmi,Satyawati,83.480278,28.070278,1420.66,83.481944,28.071389,1351.45,83.480278,28.070278,1420.66,83.481944,28.071389,1351.45,69.21,62.29,2.325,0.067,28.64,0.029,150.54,150.54,219.4,31.54
105,Gulmi,Madane,83.054167,28.238056,1841.41,83.053611,28.235,1648.87,83.054167,28.238056,1841.41,83.053611,28.235,1648.87,192.54,173.29,3.207,0.0924,109.91,0.11,577.67,577.67,422.6,45.56
106,Gulmi,Malika,83.115,28.246667,1833.29,83.116111,28.2425,1704.85,83.115,28.246667,1833.29,83.116111,28.2425,1704.85,128.44,115.6,1.071,0.0308,24.48,0.024,128.69,128.69,505.0,25.43
107,Gulmi,Malika,83.116111,28.2425,1704.85,83.116667,28.239722,1622.48,83.116111,28.2425,1704.85,83.116667,28.239722,1622.48,82.37,74.13,10.522,0.303,154.27,0.154,810.82,810.82,329.8,24.97
108,Gulmi,Satyawati,83.455278,28.068611,1830.27,83.451389,28.067222,1745.3,83.455278,28.068611,1830.27,83.451389,28.067222,1745.3,84.97,76.47,0.611,0.0176,9.24,0.009,48.57,48.57,524.3,16.21
109,Gulmi,Satyawati,83.451389,28.067222,1745.3,83.446944,28.065833,1672.54,83.451389,28.067222,1745.3,83.446944,28.065833,1672.54,72.76,65.48,0.722,0.0208,9.35,0.009,49.15,49.15,506.0,14.38
110,Gulmi,Satyawati,83.446944,28.065833,1672.54,83.4425,28.066667,1644.5,83.446944,28.065833,1672.54,83.4425,28.066667,1644.5,28.04,25.24,2.159,0.0622,10.78,0.011,56.64,56.64,506.0,5.54
111,Gulmi,Kaligandaki,83.503056,28.111944,1825.85,83.506944,28.110833,1692.35,83.503056,28.111944,1825.85,83.506944,28.110833,1692.35,133.5,120.15,1.245,0.0359,29.58,0.03,155.49,155.49,510.4,26.16
112,Gulmi,Kaligandaki,83.506944,28.110833,1692.35,83.511667,28.111944,1579.74,83.506944,28.110833,1692.35,83.511667,28.111944,1579.74,112.61,101.35,1.423,0.041,28.52,0.029,149.91,149.91,519.3,21.68
113,Gulmi,Kaligandaki,83.511667,28.111944,1579.74,83.515556,28.109722,1440.54,83.511667,28.111944,1579.74,83.515556,28.109722,1440.54,139.2,125.28,1.605,0.0462,39.77,0.04,209.01,209.01,510.4,27.28
114,Gulmi,Kaligandaki,83.515556,28.109722,1440.54,83.518056,28.106111,1366.53,83.515556,28.109722,1440.54,83.518056,28.106111,1366.53,74.01,66.61,5.478,0.1578,72.16,0.072,379.29,379.29,511.7,14.46
115,Gulmi,Chandrakot,83.472778,28.115278,1823.62,83.468333,28.114444,1689.33,83.472778,28.115278,1823.62,83.468333,28.114444,1689.33,134.29,120.86,1.268,0.0365,30.31,0.03,159.3,159.3,506.0,26.54
116,Gulmi,Chandrakot,83.468333,28.114444,1689.33,83.464444,28.112222,1555.13,83.468333,28.114444,1689.33,83.464444,28.112222,1555.13,134.2,120.78,1.829,0.0527,43.69,0.044,229.63,229.63,510.4,26.3
117,Gulmi,Chandrakot,83.464444,28.112222,1555.13,83.461111,28.109167,1461.67,83.464444,28.112222,1555.13,83.461111,28.109167,1461.67,93.46,84.11,2.242,0.0646,37.3,0.037,196.03,196.03,514.7,18.16
118,Gulmi,Chandrakot,83.461111,28.109167,1461.67,83.457778,28.105833,1377.73,83.461111,28.109167,1461.67,83.457778,28.105833,1377.73,83.94,75.55,2.637,0.0759,39.4,0.039,207.08,207.08,511.7,16.41
119,Gulmi,Chandrakot,83.457778,28.105833,1377.73,83.453611,28.104167,1301.36,83.457778,28.105833,1377.73,83.453611,28.104167,1301.36,76.37,68.73,2.788,0.0803,37.9,0.038,199.19,199.19,509.7,14.98
120,Gulmi,Chandrakot,83.453611,28.104167,1301.36,83.453333,28.103889,1294.34,83.453611,28.104167,1301.36,83.453333,28.103889,1294.34,7.02,6.32,6.09,0.1754,7.61,0.008,40.0,40.0,41.2,17.04
121,Gulmi,Musikot,83.355,28.166111,1821.07,83.356111,28.170278,1627.72,83.355,28.166111,1821.07,83.356111,28.170278,1627.72,193.35,174.01,0.625,0.018,21.51,0.022,113.05,113.05,525.7,36.78
122,Gulmi,Musikot,83.356111,28.170278,1627.72,83.356944,28.174167,1417.64,83.356111,28.170278,1627.72,83.356944,28.174167,1417.64,210.08,189.07,0.964,0.0278,36.05,0.036,189.46,189.46,505.0,41.6
123,Gulmi,Musikot,83.356944,28.174167,1417.64,83.358889,28.178056,1256.01,83.356944,28.174167,1417.64,83.358889,28.178056,1256.01,161.63,145.47,1.274,0.0367,36.65,0.037,192.64,192.64,505.0,32.0
124,Gulmi,Chandrakot,83.363889,28.146944,1820.0,83.361111,28.143333,1586.39,83.363889,28.146944,1820.0,83.361111,28.143333,1586.39,233.61,210.25,0.602,0.0173,25.03,0.025,131.57,131.57,522.0,44.75
125,Gulmi,Chandrakot,83.361111,28.143333,1586.39,83.360833,28.14,1437.97,83.361111,28.143333,1586.39,83.360833,28.14,1437.97,148.42,133.58,2.754,0.0793,72.75,0.073,382.4,382.4,418.9,35.43
126,Gulmi,Malika,83.141667,28.250556,1816.93,83.146111,28.251389,1624.22,83.141667,28.250556,1816.93,83.146111,28.251389,1624.22,192.71,173.44,0.96,0.0276,32.93,0.033,173.07,173.07,506.0,38.08
127,Gulmi,Malika,83.146111,28.251389,1624.22,83.150556,28.2525,1448.78,83.146111,28.251389,1624.22,83.150556,28.2525,1448.78,175.44,157.9,2.189,0.063,68.36,0.068,359.28,359.28,509.0,34.46
128,Gulmi,Satyawati,83.4825,28.043333,1811.65,83.482778,28.039722,1604.68,83.4825,28.043333,1811.65,83.482778,28.039722,1604.68,206.97,186.27,2.727,0.0785,100.46,0.1,528.02,528.02,412.3,50.2
129,Gulmi,Satyawati,83.471111,28.049444,1807.96,83.466944,28.0475,1523.17,83.471111,28.049444,1807.96,83.466944,28.0475,1523.17,284.79,256.31,0.826,0.0238,41.87,0.042,220.07,220.07,506.7,56.21
130,Gulmi,Satyawati,83.466944,28.0475,1523.17,83.465,28.046944,1392.96,83.466944,28.0475,1523.17,83.465,28.046944,1392.96,130.21,117.19,1.556,0.0448,36.06,0.036,189.54,189.54,218.8,59.52
131,Gulmi,Madane,83.060556,28.202222,1802.36,83.065278,28.201944,1697.36,83.060556,28.202222,1802.36,83.065278,28.201944,1697.36,105.0,94.5,0.991,0.0285,18.52,0.019,97.35,97.35,505.4,20.77
132,Gulmi,Madane,83.065278,28.201944,1697.36,83.0675,28.202778,1649.4,83.065278,28.201944,1697.36,83.0675,28.202778,1649.4,47.96,43.16,1.764,0.0508,15.06,0.015,79.15,79.15,260.0,18.45
133,Gulmi,Satyawati,83.496667,28.028611,1800.39,83.498611,28.025556,1572.27,83.496667,28.028611,1800.39,83.498611,28.025556,1572.27,228.12,205.31,1.159,0.0334,47.06,0.047,247.35,247.35,412.3,55.34
134,Gulmi,Madane,83.075556,28.133611,1773.8,83.073889,28.1375,1713.37,83.075556,28.133611,1773.8,83.073889,28.1375,1713.37,60.43,54.39,0.827,0.0238,8.9,0.009,46.75,46.75,532.3,11.35
135,Gulmi,Madane,83.073889,28.1375,1713.37,83.071111,28.140556,1606.17,83.073889,28.1375,1713.37,83.071111,28.140556,1606.17,107.2,96.48,1.046,0.0301,19.96,0.02,104.9,104.9,511.0,20.98
136,Gulmi,Madane,83.071111,28.140556,1606.17,83.067222,28.138333,1551.4,83.071111,28.140556,1606.17,83.067222,28.138333,1551.4,54.77,49.29,1.577,0.0454,15.37,0.015,80.8,80.8,538.3,10.17
137,Gulmi,Madane,83.067222,28.138333,1551.4,83.065278,28.136667,1521.52,83.067222,28.138333,1551.4,83.065278,28.136667,1521.52,29.88,26.89,2.488,0.0717,13.23,0.013,69.55,69.55,274.6,10.88
138,Gulmi,Madane,83.053889,28.220833,1781.31,83.049722,28.220278,1546.53,83.053889,28.220833,1781.31,83.049722,28.220278,1546.53,234.78,211.3,2.339,0.0674,97.74,0.098,513.75,513.75,509.7,46.06
139,Gulmi,Madane,83.049722,28.220278,1546.53,83.048889,28.220278,1512.46,83.049722,28.220278,1546.53,83.048889,28.220278,1512.46,34.07,30.66,3.98,0.1146,24.14,0.024,126.86,126.86,81.8,41.66
140,Gulmi,Satyawati,83.461389,28.0675,1781.21,83.459167,28.063889,1576.41,83.461389,28.0675,1781.21,83.459167,28.063889,1576.41,204.8,184.32,0.699,0.0201,25.48,0.025,133.93,133.93,501.4,40.85
141,Gulmi,Satyawati,83.459167,28.063889,1576.41,83.456667,28.06,1361.94,83.459167,28.063889,1576.41,83.456667,28.06,1361.94,214.47,193.02,1.39,0.04,53.06,0.053,278.89,278.89,525.6,40.8
142,Gulmi,Satyawati,83.456667,28.06,1361.94,83.455833,28.056667,1237.79,83.456667,28.06,1361.94,83.455833,28.056667,1237.79,124.15,111.74,3.097,0.0892,68.44,0.068,359.7,359.7,422.6,29.38
143,Gulmi,Madane,83.041667,28.206389,1776.97,83.040278,28.208333,1703.64,83.041667,28.206389,1776.97,83.040278,28.208333,1703.64,73.33,66.0,1.201,0.0346,15.68,0.016,82.39,82.39,268.0,27.37
144,Gulmi,Madane,83.052222,28.195,1776.89,83.052778,28.193056,1691.67,83.052222,28.195,1776.89,83.052778,28.193056,1691.67,85.22,76.7,1.198,0.0345,18.17,0.018,95.51,95.51,237.1,35.95
145,Gulmi,Chandrakot,83.383056,28.145556,1769.56,83.385833,28.141944,1667.11,83.383056,28.145556,1769.56,83.385833,28.141944,1667.11,102.45,92.21,3.084,0.0888,56.24,0.056,295.59,295.59,505.0,20.29
146,Gulmi,Chandrakot,83.385833,28.141944,1667.11,83.388333,28.141389,1643.49,83.385833,28.141944,1667.11,83.388333,28.141389,1643.49,23.62,21.26,3.611,0.104,15.18,0.015,79.79,79.79,273.3,8.64
147,Gulmi,Chandrakot,83.490556,28.108333,1765.42,83.4925,28.104444,1551.08,83.490556,28.108333,1765.42,83.4925,28.104444,1551.08,214.34,192.91,1.07,0.0308,40.82,0.041,214.56,214.56,505.0,42.44
148,Gulmi,Chandrakot,83.4925,28.104444,1551.08,83.495,28.100833,1348.3,83.4925,28.104444,1551.08,83.495,28.100833,1348.3,202.78,182.5,1.885,0.0543,68.04,0.068,357.6,357.6,511.7,39.63
149,Gulmi,Chandrakot,83.495,28.100833,1348.3,83.498611,28.098056,1240.26,83.495,28.100833,1348.3,83.498611,28.098056,1240.26,108.04,97.24,2.764,0.0796,53.15,0.053,279.37,279.37,511.0,21.14
150,Gulmi,Chandrakot,83.498611,28.098056,1240.26,83.501389,28.094167,1132.22,83.498611,28.098056,1240.26,83.501389,28.094167,1132.22,108.04,97.24,3.42,0.0985,65.77,0.066,345.68,345.68,535.9,20.16
151,Gulmi,Chandrakot,83.501389,28.094167,1132.22,83.503889,28.091111,1073.74,83.501389,28.094167,1132.22,83.503889,28.091111,1073.74,58.48,52.63,4.229,0.1218,44.02,0.044,231.37,231.37,466.8,12.53
152,Gulmi,Musikot,83.379167,28.170556,1759.14,83.376389,28.173333,1596.25,83.379167,28.170556,1759.14,83.376389,28.173333,1596.25,162.89,146.6,1.495,0.0431,43.34,0.043,227.82,227.82,500.7,32.53
153,Gulmi,Musikot,83.376389,28.173333,1596.25,83.374722,28.175,1534.39,83.376389,28.173333,1596.25,83.374722,28.175,1534.39,61.86,55.67,2.251,0.0648,24.78,0.025,130.27,130.27,264.3,23.4
154,Gulmi,Satyawati,83.487222,28.043611,1756.47,83.483611,28.040278,1629.84,83.487222,28.043611,1756.47,83.483611,28.040278,1629.84,126.63,113.97,2.127,0.0613,47.94,0.048,251.98,251.98,538.9,23.5
155,Gulmi,Satyawati,83.483611,28.040278,1629.84,83.482778,28.039722,1604.68,83.483611,28.040278,1629.84,83.482778,28.039722,1604.68,25.16,22.64,2.727,0.0785,12.21,0.012,64.19,64.19,109.7,22.93
156,Gulmi,Resunga,83.283056,28.067778,1755.18,83.284167,28.070833,1624.9,83.283056,28.067778,1755.18,83.284167,28.070833,1624.9,130.28,117.25,1.271,0.0366,29.47,0.029,154.91,154.91,381.4,34.16
157,Gulmi,Satyawati,83.51,28.033611,1754.86,83.512222,28.03,1582.3,83.51,28.033611,1754.86,83.512222,28.03,1582.3,172.56,155.3,1.058,0.0305,32.5,0.032,170.8,170.8,501.4,34.42
158,Gulmi,Satyawati,83.512222,28.03,1582.3,83.511667,28.025833,1506.25,83.512222,28.03,1582.3,83.511667,28.025833,1506.25,76.05,68.44,1.973,0.0568,26.71,0.027,140.37,140.37,525.7,14.47
159,Gulmi,Satyawati,83.511667,28.025833,1506.25,83.509167,28.021944,1338.06,83.511667,28.025833,1506.25,83.509167,28.021944,1338.06,168.19,151.37,2.264,0.0652,67.78,0.068,356.23,356.23,525.6,32.0
160,Gulmi,Satyawati,83.509167,28.021944,1338.06,83.508889,28.019722,1291.75,83.509167,28.021944,1338.06,83.508889,28.019722,1291.75,46.31,41.68,3.697,0.1065,30.47,0.03,160.17,160.17,257.7,17.97
161,Gulmi,Resunga,83.265833,28.072222,1745.23,83.263056,28.075833,1574.27,83.265833,28.072222,1745.23,83.263056,28.075833,1574.27,170.96,153.86,0.877,0.0253,26.69,0.027,140.27,140.27,522.0,32.75
162,Gulmi,Resunga,83.263056,28.075833,1574.27,83.261667,28.08,1397.54,83.263056,28.075833,1574.27,83.261667,28.08,1397.54,176.73,159.06,1.393,0.0401,43.82,0.044,230.31,230.31,515.3,34.29
163,Gulmi,Resunga,83.261667,28.08,1397.54,83.261944,28.084444,1304.92,83.261667,28.08,1397.54,83.261944,28.084444,1304.92,92.62,83.36,2.246,0.0647,37.03,0.037,194.61,194.61,525.7,17.62
164,Gulmi,Resunga,83.261944,28.084444,1304.92,83.263611,28.088611,1181.44,83.261944,28.084444,1304.92,83.263611,28.088611,1181.44,123.48,111.13,2.844,0.0819,62.51,0.063,328.54,328.54,525.7,23.49
165,Gulmi,Resunga,83.263611,28.088611,1181.44,83.266667,28.091944,1087.33,83.263611,28.088611,1181.44,83.266667,28.091944,1087.33,94.11,84.7,3.178,0.0915,53.23,0.053,279.8,279.8,535.3,17.58
166,Gulmi,Resunga,83.266667,28.091944,1087.33,83.266944,28.093333,1062.64,83.266667,28.091944,1087.33,83.266944,28.093333,1062.64,24.69,22.22,5.791,0.1668,25.45,0.025,133.76,133.76,164.9,14.97
167,Gulmi,Malika,83.118056,28.223056,1744.36,83.121111,28.225833,1635.33,83.118056,28.223056,1744.36,83.121111,28.225833,1635.33,109.03,98.13,1.605,0.0462,31.15,0.031,163.71,163.71,507.4,21.49
168,Gulmi,Malika,83.121111,28.225833,1635.33,83.124722,28.228889,1581.82,83.121111,28.225833,1635.33,83.124722,28.228889,1581.82,53.51,48.16,1.929,0.0556,18.37,0.018,96.57,96.57,508.0,10.53
169,Gulmi,Malika,83.124722,28.228889,1581.82,83.126111,28.230833,1489.35,83.124722,28.228889,1581.82,83.126111,28.230833,1489.35,92.47,83.22,15.997,0.4607,263.29,0.263,1383.87,1383.87,268.0,34.51
170,Gulmi,Satyawati,83.469167,28.079167,1740.98,83.473611,28.078611,1515.22,83.469167,28.079167,1740.98,83.473611,28.078611,1515.22,225.76,203.18,1.126,0.0324,45.25,0.045,237.82,237.82,520.0,43.42
171,Gulmi,Satyawati,83.473611,28.078611,1515.22,83.476944,28.079444,1393.24,83.473611,28.078611,1515.22,83.476944,28.079444,1393.24,121.98,109.78,2.03,0.0585,44.07,0.044,231.66,231.66,369.1,33.05
172,Gulmi,Madane,83.050833,28.212222,1740.19,83.048889,28.216111,1615.26,83.050833,28.212222,1740.19,83.048889,28.216111,1615.26,124.93,112.44,1.352,0.0389,30.06,0.03,158.02,158.02,505.0,24.74
173,Gulmi,Madane,83.048889,28.216111,1615.26,83.048889,28.220278,1512.46,83.048889,28.216111,1615.26,83.048889,28.220278,1512.46,102.8,92.52,3.98,0.1146,72.82,0.073,382.77,382.77,505.0,20.35
174,Gulmi,Chandrakot,83.413333,28.1475,1730.71,83.411111,28.143611,1552.49,83.413333,28.1475,1730.71,83.411111,28.143611,1552.49,178.22,160.4,12.204,0.3515,387.13,0.387,2034.77,2034.77,515.3,34.58
175,Gulmi,Chandrakot,83.411111,28.143611,1552.49,83.411111,28.142778,1515.03,83.411111,28.143611,1552.49,83.411111,28.142778,1515.03,37.46,33.71,15.94,0.4591,106.28,0.106,558.62,558.62,92.8,40.38
176,Gulmi,Satyawati,83.498889,28.028056,1737.56,83.498611,28.025556,1572.27,83.498889,28.028056,1737.56,83.498611,28.025556,1572.27,165.29,148.76,1.159,0.0334,34.1,0.034,179.22,179.22,288.6,57.27
177,Gulmi,Madane,83.064167,28.204722,1736.9,83.0675,28.202778,1649.4,83.064167,28.204722,1736.9,83.0675,28.202778,1649.4,87.5,78.75,1.764,0.0508,27.47,0.027,144.4,144.4,441.9,19.8
178,Gulmi,Dhurkot,83.115278,28.080833,1359.6,83.118333,28.084167,1315.89,83.115278,28.080833,1359.6,83.118333,28.084167,1315.89,43.71,39.34,3.044,0.0877,23.68,0.024,124.48,124.48,518.3,8.43
179,Gulmi,Dhurkot,83.118333,28.084167,1315.89,83.119722,28.088056,1215.13,83.118333,28.084167,1315.89,83.119722,28.088056,1215.13,100.76,90.68,3.305,0.0952,59.27,0.059,311.54,311.54,525.6,19.17
180,Gulmi,Dhurkot,83.119722,28.088056,1215.13,83.120833,28.088889,1195.56,83.119722,28.088056,1215.13,83.120833,28.088889,1195.56,19.57,17.61,10.613,0.3057,36.97,0.037,194.31,194.31,150.9,12.97
181,Gulmi,Malika,83.1075,28.242778,1728.91,83.110833,28.24,1678.58,83.1075,28.242778,1728.91,83.110833,28.24,1678.58,50.33,45.3,6.314,0.1818,56.56,0.057,297.3,297.3,500.7,10.05
182,Gulmi,Malika,83.110833,28.24,1678.58,83.112222,28.239444,1653.63,83.110833,28.24,1678.58,83.112222,28.239444,1653.63,24.95,22.45,8.755,0.2521,38.88,0.039,204.35,204.35,164.2,15.19
183,Gulmi,Musikot,83.367778,28.163611,1727.67,83.365278,28.167222,1552.32,83.367778,28.163611,1727.67,83.365278,28.167222,1552.32,175.35,157.82,1.061,0.0306,33.11,0.033,174.05,174.05,511.7,34.27
184,Gulmi,Musikot,83.365278,28.167222,1552.32,83.364444,28.168889,1488.33,83.365278,28.167222,1552.32,83.364444,28.168889,1488.33,63.99,57.59,1.903,0.0548,21.67,0.022,113.92,113.92,216.4,29.56
185,Gulmi,Satyawati,83.466389,28.051944,1727.53,83.465278,28.047778,1461.99,83.466389,28.051944,1727.53,83.465278,28.047778,1461.99,265.54,238.99,0.61,0.0176,28.83,0.029,151.54,151.54,505.0,52.58
186,Gulmi,Satyawati,83.465278,28.047778,1461.99,83.465,28.046944,1392.96,83.465278,28.047778,1461.99,83.465,28.046944,1392.96,69.03,62.13,1.556,0.0448,19.12,0.019,100.49,100.49,103.1,66.97
187,Gulmi,Madane,83.052222,28.193333,1724.75,83.052778,28.193056,1691.67,83.052222,28.193333,1724.75,83.052778,28.193056,1691.67,33.08,29.77,1.198,0.0345,7.05,0.007,37.07,37.07,68.5,48.31
188,Gulmi,Chandrakot,83.356111,28.144722,1719.29,83.358889,28.142778,1578.39,83.356111,28.144722,1719.29,83.358889,28.142778,1578.39,140.9,126.81,1.99,0.0573,49.91,0.05,262.31,262.31,370.4,38.04
189,Gulmi,Chandrakot,83.383333,28.141944,1716.53,83.387222,28.140278,1655.45,83.383333,28.141944,1716.53,83.387222,28.140278,1655.45,61.08,54.97,1.061,0.0306,11.53,0.012,60.63,60.63,510.4,11.97
190,Gulmi,Chandrakot,83.387222,28.140278,1655.45,83.388889,28.138889,1610.89,83.387222,28.140278,1655.45,83.388889,28.138889,1610.89,44.56,40.1,4.79,0.138,37.99,0.038,199.68,199.68,250.4,17.8
191,Gulmi,Chandrakot,83.374444,28.124444,1714.58,83.371667,28.120833,1613.76,83.374444,28.124444,1714.58,83.371667,28.120833,1613.76,100.82,90.74,0.66,0.019,11.84,0.012,62.25,62.25,538.9,18.71
192,Gulmi,Chandrakot,83.371667,28.120833,1613.76,83.366944,28.120278,1532.66,83.371667,28.120833,1613.76,83.366944,28.120278,1532.66,81.1,72.99,0.841,0.0242,12.14,0.012,63.81,63.81,519.3,15.62
193,Gulmi,Chandrakot,83.366944,28.120278,1532.66,83.3625,28.118333,1328.69,83.366944,28.120278,1532.66,83.3625,28.118333,1328.69,203.97,183.57,1.404,0.0404,50.97,0.051,267.91,267.91,534.0,38.2
194,Gulmi,Chandrakot,83.3625,28.118333,1328.69,83.360556,28.114722,1163.94,83.3625,28.118333,1328.69,83.360556,28.114722,1163.94,164.75,148.28,1.591,0.0458,46.65,0.047,245.22,245.22,511.7,32.2
195,Gulmi,Chandrakot,83.360556,28.114722,1163.94,83.360278,28.113333,1110.85,83.360556,28.114722,1163.94,83.360278,28.113333,1110.85,53.09,47.78,4.151,0.1195,39.23,0.039,206.17,206.17,164.9,32.19
196,Gulmi,Malika,83.135833,28.235833,1710.89,83.136389,28.231667,1571.46,83.135833,28.235833,1710.89,83.136389,28.231667,1571.46,139.43,125.49,0.803,0.0231,19.93,0.02,104.74,104.74,525.7,26.52
197,Gulmi,Malika,83.136389,28.231667,1571.46,83.134722,28.228333,1426.31,83.136389,28.231667,1571.46,83.134722,28.228333,1426.31,145.15,130.64,19.2,0.553,496.04,0.496,2607.21,2607.21,432.9,33.53
198,Gulmi,Kaligandaki,83.510833,28.120556,1707.05,83.514167,28.1175,1566.73,83.510833,28.120556,1707.05,83.514167,28.1175,1566.73,140.32,126.29,1.018,0.0293,25.43,0.025,133.64,133.64,531.6,26.4
199,Gulmi,Kaligandaki,83.514167,28.1175,1566.73,83.5175,28.114444,1498.38,83.514167,28.1175,1566.73,83.5175,28.114444,1498.38,68.35,61.51,1.733,0.0499,21.08,0.021,110.81,110.81,514.7,13.28
200,Gulmi,Kaligandaki,83.5175,28.114444,1498.38,83.5175,28.110556,1424.27,83.5175,28.114444,1498.38,83.5175,28.110556,1424.27,74.11,66.7,3.124,0.09,41.21,0.041,216.59,216.59,532.3,13.92
201,Gulmi,Madane,83.040278,28.208333,1703.64,83.038333,28.211944,1613.23,83.040278,28.208333,1703.64,83.038333,28.211944,1613.23,90.41,81.37,1.706,0.0491,27.45,0.027,144.3,144.3,508.0,17.8
202,Gulmi,Madane,83.038333,28.211944,1613.23,83.036944,28.216111,1558.02,83.038333,28.211944,1613.23,83.036944,28.216111,1558.02,55.21,49.69,2.204,0.0635,21.66,0.022,113.84,113.84,515.3,10.71
203,Gulmi,Madane,83.036944,28.216111,1558.02,83.037778,28.220556,1445.72,83.036944,28.216111,1558.02,83.037778,28.220556,1445.72,112.3,101.07,2.781,0.0801,55.59,0.056,292.17,292.17,525.7,21.36
204,Gulmi,Madane,83.037778,28.220556,1445.72,83.038611,28.224722,1366.12,83.037778,28.220556,1445.72,83.038611,28.224722,1366.12,79.6,71.64,13.236,0.3812,187.53,0.188,985.66,985.66,494.7,16.09
205,Gulmi,Malika,83.128333,28.22,1696.24,83.130278,28.223889,1541.89,83.128333,28.22,1696.24,83.130278,28.223889,1541.89,154.35,138.91,0.903,0.026,24.81,0.025,130.39,130.39,505.0,30.56
206,Gulmi,Malika,83.130278,28.223889,1541.89,83.131389,28.226667,1437.47,83.130278,28.223889,1541.89,83.131389,28.226667,1437.47,104.42,93.98,17.953,0.517,333.67,0.334,1753.79,1753.79,371.0,28.14
207,Gulmi,Madane,83.052778,28.193056,1691.67,83.055278,28.189722,1600.41,83.052778,28.193056,1691.67,83.055278,28.189722,1600.41,91.26,82.13,1.773,0.0511,28.8,0.029,151.37,151.37,501.4,18.2
208,Gulmi,Madane,83.055278,28.189722,1600.41,83.055833,28.188889,1577.13,83.055278,28.189722,1600.41,83.055833,28.188889,1577.13,23.28,20.95,2.595,0.0747,10.75,0.011,56.52,56.52,113.4,20.54
209,Gulmi,Satyawati,83.464444,28.059444,1691.59,83.46,28.057778,1402.96,83.464444,28.059444,1691.59,83.46,28.057778,1402.96,288.63,259.77,0.915,0.0264,47.01,0.047,247.07,247.07,520.0,55.51
210,Gulmi,Satyawati,83.46,28.057778,1402.96,83.455833,28.056667,1237.79,83.46,28.057778,1402.96,83.455833,28.056667,1237.79,165.17,148.65,3.097,0.0892,91.05,0.091,478.55,478.55,464.8,35.54
211,Gulmi,Chandrakot,83.465556,28.123056,1690.6,83.462778,28.126389,1511.66,83.465556,28.123056,1690.6,83.462778,28.126389,1511.66,178.94,161.05,0.572,0.0165,18.22,0.018,95.75,95.75,525.0,34.08
212,Gulmi,Chandrakot,83.462778,28.126389,1511.66,83.460833,28.129722,1298.25,83.462778,28.126389,1511.66,83.460833,28.129722,1298.25,213.41,192.07,1.003,0.0289,38.1,0.038,200.25,200.25,538.9,39.6
213,Gulmi,Chandrakot,83.460833,28.129722,1298.25,83.461111,28.130278,1282.43,83.460833,28.129722,1298.25,83.461111,28.130278,1282.43,15.82,14.24,25.956,0.7475,73.09,0.073,384.15,384.15,72.1,21.94
214,Gulmi,Kaligandaki,83.481944,28.066667,1679.57,83.481667,28.071111,1366.74,83.481944,28.066667,1679.57,83.481667,28.071111,1366.74,312.83,281.55,0.701,0.0202,39.03,0.039,205.16,205.16,525.7,59.51
215,Gulmi,Satyawati,83.481667,28.071111,1366.74,83.481944,28.071389,1351.45,83.481667,28.071111,1366.74,83.481944,28.071389,1351.45,15.29,13.76,2.325,0.067,6.33,0.006,33.26,33.26,41.2,37.09
216,Gulmi,Chandrakot,83.393889,28.145833,1678.83,83.3925,28.141667,1622.93,83.393889,28.145833,1678.83,83.3925,28.141667,1622.93,55.9,50.31,2.347,0.0676,23.35,0.023,122.74,122.74,536.0,10.43
217,Gulmi,Chandrakot,83.3925,28.141667,1622.93,83.391667,28.138056,1569.56,83.3925,28.141667,1622.93,83.391667,28.138056,1569.56,53.37,48.03,2.744,0.079,26.07,0.026,137.01,137.01,511.7,10.43
218,Gulmi,Madane,83.105556,28.216944,1676.58,83.103611,28.212778,1450.83,83.105556,28.216944,1676.58,83.103611,28.212778,1450.83,225.75,203.18,1.905,0.0549,76.55,0.077,402.33,402.33,536.0,42.12
219,Gulmi,Kaligandaki,83.523889,28.113333,1674.98,83.518889,28.112778,1496.29,83.523889,28.113333,1674.98,83.518889,28.112778,1496.29,178.69,160.82,0.764,0.022,24.3,0.024,127.72,127.72,518.7,34.45
220,Gulmi,Kaligandaki,83.518889,28.112778,1496.29,83.5175,28.110556,1424.27,83.518889,28.112778,1496.29,83.5175,28.110556,1424.27,72.02,64.82,3.124,0.09,40.05,0.04,210.49,210.49,298.9,24.09
221,Gulmi,Musikot,83.339722,28.148611,1674.78,83.335556,28.146667,1527.06,83.339722,28.148611,1674.78,83.335556,28.146667,1527.06,147.72,132.95,1.525,0.0439,40.1,0.04,210.75,210.75,523.7,28.21
222,Gulmi,Chandrakot,83.423889,28.137222,1617.41,83.419722,28.134722,1314.69,83.423889,28.137222,1617.41,83.419722,28.134722,1314.69,302.72,272.45,2.204,0.0635,118.76,0.119,624.18,624.18,534.6,56.62
223,Gulmi,Chandrakot,83.419722,28.134722,1314.69,83.419167,28.133611,1259.45,83.419722,28.134722,1314.69,83.419167,28.133611,1259.45,55.24,49.72,19.624,0.5652,192.95,0.193,1014.14,1014.14,144.3,38.28
224,Gulmi,Malika,83.135556,28.217222,1669.99,83.135,28.221667,1557.55,83.135556,28.217222,1669.99,83.135,28.221667,1557.55,112.44,101.2,1.276,0.0367,25.54,0.026,134.22,134.22,515.4,21.82
225,Gulmi,Malika,83.135,28.221667,1557.55,83.136667,28.225833,1459.67,83.135,28.221667,1557.55,83.136667,28.225833,1459.67,97.88,88.09,1.459,0.042,25.42,0.025,133.6,133.6,525.7,18.62
226,Gulmi,Malika,83.136667,28.225833,1459.67,83.137778,28.227222,1415.22,83.136667,28.225833,1459.67,83.137778,28.227222,1415.22,44.45,40.01,20.813,0.5994,164.67,0.165,865.49,865.49,195.8,22.7
227,Gulmi,Chandrakot,83.475833,28.100556,1668.65,83.471111,28.101389,1577.73,83.475833,28.100556,1668.65,83.471111,28.101389,1577.73,90.92,81.83,0.796,0.0229,12.88,0.013,67.71,67.71,505.4,17.99
228,Gulmi,Chandrakot,83.471111,28.101389,1577.73,83.466389,28.102222,1501.39,83.471111,28.101389,1577.73,83.466389,28.102222,1501.39,76.34,68.71,1.17,0.0337,15.9,0.016,83.56,83.56,505.4,15.11
229,Gulmi,Chandrakot,83.466389,28.102222,1501.39,83.465,28.103056,1475.29,83.466389,28.102222,1501.39,83.465,28.103056,1475.29,26.1,23.49,1.88,0.0541,8.73,0.009,45.9,45.9,178.2,14.65
230,Gulmi,Madane,83.058333,28.190833,1667.96,83.055833,28.188889,1577.13,83.058333,28.190833,1667.96,83.055833,28.188889,1577.13,90.83,81.75,2.595,0.0747,41.95,0.042,220.51,220.51,377.0,24.09
231,Gulmi,Dhurkot,83.075556,28.100556,1663.77,83.079444,28.103056,1549.68,83.075556,28.100556,1663.77,83.079444,28.103056,1549.68,114.09,102.68,0.529,0.0152,10.74,0.011,56.46,56.46,507.4,22.49
232,Gulmi,Dhurkot,83.079444,28.103056,1549.68,83.081389,28.103889,1451.74,83.079444,28.103056,1549.68,83.081389,28.103889,1451.74,97.94,88.15,1.253,0.0361,21.84,0.022,114.81,114.81,232.7,42.08
233,Gulmi,Satyawati,83.482778,28.036667,1663.03,83.480556,28.037222,1530.36,83.482778,28.036667,1663.03,83.480556,28.037222,1530.36,132.67,119.4,3.733,0.1075,88.15,0.088,463.33,463.33,246.0,53.92
234,Gulmi,Satyawati,83.437778,28.062778,1657.48,83.436667,28.066944,1626.49,83.437778,28.062778,1657.48,83.436667,28.066944,1626.49,30.99,27.89,0.999,0.0288,5.51,0.006,28.96,28.96,505.0,6.14
235,Gulmi,Madane,83.083889,28.213056,1654.8,83.085,28.209167,1584.84,83.083889,28.213056,1654.8,83.085,28.209167,1584.84,69.96,62.96,4.569,0.1316,56.89,0.057,299.04,299.04,515.3,13.58
236,Gulmi,Madane,83.085,28.209167,1584.84,83.085278,28.205833,1538.54,83.085,28.209167,1584.84,83.085278,28.205833,1538.54,46.3,41.67,6.106,0.1759,50.32,0.05,264.48,264.48,381.4,12.14
237,Gulmi,Madane,83.033889,28.168889,1467.71,83.038333,28.168056,1424.02,83.033889,28.168889,1467.71,83.038333,28.168056,1424.02,43.69,39.32,2.746,0.0791,21.35,0.021,112.24,112.24,506.0,8.63
238,Gulmi,Malika,83.112222,28.239444,1653.63,83.116667,28.239722,1622.48,83.112222,28.239444,1653.63,83.116667,28.239722,1622.48,31.15,28.04,10.522,0.303,58.34,0.058,306.63,306.63,478.1,6.52
239,Gulmi,Malika,83.171667,28.204722,1653.01,83.171111,28.200556,1506.57,83.171667,28.204722,1653.01,83.171111,28.200556,1506.57,146.44,131.8,0.489,0.0141,12.75,0.013,66.99,66.99,525.7,27.86
240,Gulmi,Malika,83.171111,28.200556,1506.57,83.170833,28.198889,1386.98,83.171111,28.200556,1506.57,83.170833,28.198889,1386.98,119.59,107.63,1.436,0.0414,30.57,0.031,160.66,160.66,195.8,61.06
241,Gulmi,Malika,83.163333,28.220278,1651.5,83.160278,28.223056,1508.17,83.163333,28.220278,1651.5,83.160278,28.223056,1508.17,143.33,129.0,1.577,0.0454,40.23,0.04,211.46,211.46,524.3,27.34
242,Gulmi,Malika,83.160278,28.223056,1508.17,83.156389,28.225556,1418.09,83.160278,28.223056,1508.17,83.156389,28.225556,1418.09,90.08,81.07,1.983,0.0571,31.79,0.032,167.11,167.11,507.4,17.75
243,Gulmi,Malika,83.156389,28.225556,1418.09,83.155833,28.229722,1330.31,83.156389,28.225556,1418.09,83.155833,28.229722,1330.31,87.78,79.0,27.668,0.7968,432.29,0.432,2272.12,2272.12,525.7,16.7
244,Gulmi,Madane,83.0675,28.202778,1649.4,83.0725,28.2025,1568.82,83.0675,28.202778,1649.4,83.0725,28.2025,1568.82,80.58,72.52,2.666,0.0768,38.24,0.038,200.98,200.98,532.6,15.13
245,Gulmi,Madane,83.0725,28.2025,1568.82,83.074722,28.202222,1539.08,83.0725,28.2025,1568.82,83.074722,28.202222,1539.08,29.74,26.77,3.248,0.0935,17.19,0.017,90.37,90.37,232.1,12.81
246,Gulmi,Madane,83.053611,28.235,1648.87,83.051111,28.231667,1578.07,83.053611,28.235,1648.87,83.051111,28.231667,1578.07,70.8,63.72,3.724,0.1073,46.93,0.047,246.66,246.66,514.7,13.76
247,Gulmi,Madane,83.051111,28.231667,1578.07,83.046944,28.229444,1523.77,83.051111,28.231667,1578.07,83.046944,28.229444,1523.77,54.3,48.87,4.451,0.1282,43.02,0.043,226.11,226.11,520.7,10.43
248,Gulmi,Madane,83.046944,28.229444,1523.77,83.043889,28.227778,1450.91,83.046944,28.229444,1523.77,83.043889,28.227778,1450.91,72.86,65.57,4.763,0.1372,61.77,0.062,324.66,324.66,517.0,14.09
249,Gulmi,Madane,83.043889,28.227778,1450.91,83.041389,28.224722,1390.21,83.043889,28.227778,1450.91,83.041389,28.224722,1390.21,60.7,54.63,10.075,0.2902,108.85,0.109,572.13,572.13,466.8,13.0
250,Gulmi,Chandrakot,83.388333,28.141389,1643.49,83.388889,28.138889,1610.89,83.388333,28.141389,1643.49,83.388889,28.138889,1610.89,32.6,29.34,4.79,0.138,27.79,0.028,146.09,146.09,298.9,10.9
251,Gulmi,Satyawati,83.441944,28.066944,1642.91,83.437778,28.068333,1625.19,83.441944,28.066944,1642.91,83.437778,28.068333,1625.19,17.72,15.95,2.681,0.0772,8.46,0.008,44.44,44.44,506.7,3.5
252,Gulmi,Malika,83.123333,28.2075,1641.05,83.125,28.203333,1431.37,83.123333,28.2075,1641.05,83.125,28.203333,1431.37,209.68,188.71,0.696,0.02,25.98,0.026,136.53,136.53,525.7,39.89
253,Gulmi,Malika,83.125,28.203333,1431.37,83.126944,28.199444,1304.86,83.125,28.203333,1431.37,83.126944,28.199444,1304.86,126.51,113.86,1.733,0.0499,39.02,0.039,205.11,205.11,539.0,23.47
254,Gulmi,Malika,83.126944,28.199444,1304.86,83.128889,28.196111,1229.03,83.126944,28.199444,1304.86,83.128889,28.196111,1229.03,75.83,68.25,3.057,0.088,41.26,0.041,216.87,216.87,497.7,15.24
255,Gulmi,Satyawati,83.519167,28.021944,1636.49,83.514167,28.022222,1470.66,83.519167,28.021944,1636.49,83.514167,28.022222,1470.66,165.83,149.25,1.082,0.0312,31.94,0.032,167.86,167.86,504.7,32.86
256,Gulmi,Satyawati,83.514167,28.022222,1470.66,83.51,28.020278,1303.33,83.514167,28.022222,1470.66,83.51,28.020278,1303.33,167.33,150.6,1.366,0.0393,40.68,0.041,213.84,213.84,506.7,33.02
257,Gulmi,Satyawati,83.51,28.020278,1303.33,83.508889,28.019722,1291.75,83.51,28.020278,1303.33,83.508889,28.019722,1291.75,11.58,10.42,3.697,0.1065,7.62,0.008,40.05,40.05,137.0,8.45
258,Gulmi,Kaligandaki,83.515278,28.045,1635.62,83.515833,28.048333,1386.26,83.515278,28.045,1635.62,83.515833,28.048333,1386.26,249.36,224.42,2.667,0.0768,118.37,0.118,622.17,622.17,412.3,60.48
259,Gulmi,Chandrakot,83.398333,28.136667,1635.27,83.3975,28.132222,1501.44,83.398333,28.136667,1635.27,83.3975,28.132222,1501.44,133.83,120.45,0.811,0.0234,19.32,0.019,101.54,101.54,525.7,25.46
260,Gulmi,Chandrakot,83.3975,28.132222,1501.44,83.396944,28.131389,1482.33,83.3975,28.132222,1501.44,83.396944,28.131389,1482.33,19.11,17.2,9.362,0.2696,31.84,0.032,167.37,167.37,113.4,16.86
261,Gulmi,Malika,83.126944,28.236944,1630.45,83.124444,28.236111,1546.83,83.126944,28.236944,1630.45,83.124444,28.236111,1546.83,83.62,75.26,13.252,0.3817,197.24,0.197,1036.69,1036.69,287.3,29.11
262,Gulmi,Resunga,83.262778,28.054167,1629.35,83.259167,28.053056,1359.05,83.262778,28.054167,1629.35,83.259167,28.053056,1359.05,270.3,243.27,1.43,0.0412,68.8,0.069,361.61,361.61,410.3,65.88
263,Gulmi,Musikot,83.363611,28.165278,1628.22,83.364444,28.168889,1488.33,83.363611,28.165278,1628.22,83.364444,28.168889,1488.33,139.89,125.9,1.903,0.0548,47.38,0.047,249.05,249.05,453.5,30.85
264,Gulmi,Chandrakot,83.469444,28.090556,1625.04,83.473611,28.091944,1454.57,83.469444,28.090556,1625.04,83.473611,28.091944,1454.57,170.47,153.42,1.087,0.0313,32.98,0.033,173.35,173.35,534.6,31.89
265,Gulmi,Satyawati,83.473611,28.091944,1454.57,83.477778,28.09,1329.86,83.473611,28.091944,1454.57,83.477778,28.09,1329.86,124.71,112.24,1.76,0.0507,39.07,0.039,205.34,205.34,506.7,24.61
266,Gulmi,Satyawati,83.477778,28.09,1329.86,83.478611,28.089444,1308.28,83.477778,28.09,1329.86,83.478611,28.089444,1308.28,21.58,19.42,2.713,0.0781,10.42,0.01,54.77,54.77,109.7,19.67
267,Gulmi,Resunga,83.284167,28.070833,1624.9,83.286667,28.074444,1525.5,83.284167,28.070833,1624.9,83.286667,28.074444,1525.5,99.4,89.46,1.899,0.0547,33.6,0.034,176.59,176.59,511.7,19.43
268,Gulmi,Resunga,83.286667,28.074444,1525.5,83.286944,28.078889,1422.5,83.286667,28.074444,1525.5,83.286944,28.078889,1422.5,103.0,92.7,2.294,0.0661,42.06,0.042,221.05,221.05,505.1,20.39
269,Gulmi,Resunga,83.286944,28.078889,1422.5,83.288889,28.083056,1329.4,83.286944,28.078889,1422.5,83.288889,28.083056,1329.4,93.1,83.79,3.26,0.0939,54.02,0.054,283.94,283.94,536.0,17.37
270,Gulmi,Resunga,83.288889,28.083056,1329.4,83.289444,28.086389,1261.54,83.288889,28.083056,1329.4,83.289444,28.086389,1261.54,67.86,61.07,4.756,0.137,57.45,0.057,301.93,301.93,429.2,15.81
271,Gulmi,Satyawati,83.473333,28.074722,1624.7,83.476111,28.078333,1460.12,83.473333,28.074722,1624.7,83.476111,28.078333,1460.12,164.58,148.12,0.73,0.021,21.38,0.021,112.4,112.4,505.0,32.59
272,Gulmi,Satyawati,83.476111,28.078333,1460.12,83.476944,28.079444,1393.24,83.476111,28.078333,1460.12,83.476944,28.079444,1393.24,66.88,60.19,2.03,0.0585,24.17,0.024,127.01,127.01,154.6,43.26
273,Gulmi,Resunga,83.260278,28.057778,1623.47,83.259167,28.053611,1385.49,83.260278,28.057778,1623.47,83.259167,28.053611,1385.49,237.98,214.18,0.837,0.0241,35.45,0.035,186.35,186.35,505.0,47.12
274,Gulmi,Resunga,83.259167,28.053611,1385.49,83.259167,28.053056,1359.05,83.259167,28.053611,1385.49,83.259167,28.053056,1359.05,26.44,23.8,1.43,0.0412,6.73,0.007,35.37,35.37,61.8,42.76
275,Gulmi,Malika,83.116667,28.239722,1622.48,83.120556,28.237222,1597.85,83.116667,28.239722,1622.48,83.120556,28.237222,1597.85,24.63,22.17,11.454,0.3299,50.21,0.05,263.92,263.92,524.3,4.7
276,Gulmi,Malika,83.120556,28.237222,1597.85,83.124167,28.236389,1546.84,83.120556,28.237222,1597.85,83.124167,28.236389,1546.84,51.01,45.91,12.66,0.3646,114.95,0.115,604.15,604.15,424.2,12.02
277,Gulmi,Satyawati,83.415556,28.065833,1617.81,83.413333,28.069722,1483.22,83.415556,28.065833,1617.81,83.413333,28.069722,1483.22,134.59,121.13,0.671,0.0193,16.07,0.016,84.49,84.49,515.3,26.12
278,Gulmi,Satyawati,83.413333,28.069722,1483.22,83.413333,28.070556,1431.53,83.413333,28.069722,1483.22,83.413333,28.070556,1431.53,51.69,46.52,9.71,0.2796,89.34,0.089,469.55,469.55,92.8,55.72
279,Gulmi,Satyawati,83.435278,28.071944,1616.26,83.431111,28.073889,1593.16,83.435278,28.071944,1616.26,83.431111,28.073889,1593.16,23.1,20.79,6.274,0.1807,25.8,0.026,135.59,135.59,506.7,4.56
280,Gulmi,Satyawati,83.431111,28.073889,1593.16,83.426667,28.075556,1571.62,83.431111,28.073889,1593.16,83.426667,28.075556,1571.62,21.54,19.39,7.094,0.2043,27.2,0.027,142.95,142.95,520.0,4.14
281,Gulmi,Satyawati,83.426667,28.075556,1571.62,83.4225,28.073611,1541.65,83.426667,28.075556,1571.62,83.4225,28.073611,1541.65,29.97,26.97,7.815,0.2251,41.69,0.042,219.12,219.12,506.7,5.91
282,Gulmi,Satyawati,83.4225,28.073611,1541.65,83.418056,28.073333,1503.98,83.4225,28.073611,1541.65,83.418056,28.073333,1503.98,37.67,33.9,8.572,0.2469,57.48,0.057,302.09,302.09,506.0,7.44
283,Gulmi,Satyawati,83.418056,28.073333,1503.98,83.413889,28.070833,1440.3,83.418056,28.073333,1503.98,83.413889,28.070833,1440.3,63.68,57.31,8.789,0.2531,99.62,0.1,523.6,523.6,534.6,11.91
284,Gulmi,Satyawati,83.413889,28.070833,1440.3,83.413333,28.070556,1431.53,83.413889,28.070833,1440.3,83.413333,28.070556,1431.53,8.77,7.89,9.71,0.2796,15.16,0.015,79.67,79.67,68.5,12.8
285,Gulmi,Madane,83.075278,28.204167,1615.81,83.074722,28.202222,1539.08,83.075278,28.204167,1615.81,83.074722,28.202222,1539.08,76.73,69.06,3.248,0.0935,44.36,0.044,233.15,233.15,237.1,32.37
286,Gulmi,Madane,83.066667,28.133889,1612.06,83.065278,28.136667,1521.52,83.066667,28.133889,1612.06,83.065278,28.136667,1521.52,90.54,81.49,2.488,0.0717,40.1,0.04,210.74,210.74,360.7,25.1
287,Gulmi,Satyawati,83.425833,28.058611,1611.29,83.421667,28.056667,1518.22,83.425833,28.058611,1611.29,83.421667,28.056667,1518.22,93.07,83.76,0.723,0.0208,11.98,0.012,62.95,62.95,506.7,18.37
288,Gulmi,Satyawati,83.421667,28.056667,1518.22,83.418056,28.053056,1236.82,83.421667,28.056667,1518.22,83.418056,28.053056,1236.82,281.4,253.26,1.054,0.0304,52.79,0.053,277.47,277.47,535.9,52.51
289,Gulmi,Satyawati,83.418056,28.053056,1236.82,83.414444,28.05,1024.78,83.418056,28.053056,1236.82,83.414444,28.05,1024.78,212.04,190.84,1.342,0.0386,50.65,0.051,266.21,266.21,525.0,40.39
290,Gulmi,Satyawati,83.414444,28.05,1024.78,83.410278,28.047778,796.18,83.414444,28.05,1024.78,83.410278,28.047778,796.18,228.6,205.74,1.634,0.0471,66.49,0.066,349.45,349.45,520.7,43.91
291,Gulmi,Satyawati,83.410278,28.047778,796.18,83.4075,28.044167,666.22,83.410278,28.047778,796.18,83.4075,28.044167,666.22,129.96,116.96,2.132,0.0614,49.32,0.049,259.21,259.21,538.9,24.11
292,Gulmi,Satyawati,83.4075,28.044167,666.22,83.406667,28.040278,648.05,83.4075,28.044167,666.22,83.406667,28.040278,648.05,18.17,16.35,2.302,0.0663,7.44,0.007,39.13,39.13,501.4,3.63
293,Gulmi,Satyawati,83.406667,28.040278,648.05,83.407222,28.037222,594.04,83.406667,28.040278,648.05,83.407222,28.037222,594.04,54.01,48.61,1896.387,54.6159,18230.69,18.231,95820.53,95820.53,360.8,14.97
294,Gulmi,Chandrakot,83.388889,28.138889,1610.89,83.391389,28.137778,1567.89,83.388889,28.138889,1610.89,83.391389,28.137778,1567.89,43.0,38.7,7.623,0.2195,58.34,0.058,306.66,306.66,301.2,14.28
295,Gulmi,Madane,83.044722,28.179444,1608.84,83.0475,28.18,1528.57,83.044722,28.179444,1608.84,83.0475,28.18,1528.57,80.27,72.24,1.684,0.0485,24.06,0.024,126.46,126.46,300.6,26.71
296,Gulmi,Musikot,83.344444,28.170556,1606.75,83.345556,28.174722,1447.05,83.344444,28.170556,1606.75,83.345556,28.174722,1447.05,159.7,143.73,0.904,0.026,25.7,0.026,135.06,135.06,505.0,31.62
297,Gulmi,Musikot,83.345556,28.174722,1447.05,83.345833,28.175556,1412.06,83.345556,28.174722,1447.05,83.345833,28.175556,1412.06,34.99,31.49,1.584,0.0456,9.87,0.01,51.85,51.85,120.0,29.15
298,Gulmi,Musikot,83.330278,28.168056,1605.63,83.325278,28.168333,1487.1,83.330278,28.168056,1605.63,83.325278,28.168333,1487.1,118.53,106.68,0.69,0.0199,14.56,0.015,76.51,76.51,504.7,23.49
299,Gulmi,Musikot,83.325278,28.168333,1487.1,83.321389,28.170833,1401.28,83.325278,28.168333,1487.1,83.321389,28.170833,1401.28,85.82,77.24,1.451,0.0418,22.16,0.022,116.5,116.5,507.4,16.92
300,Gulmi,Satyawati,83.482778,28.039722,1604.68,83.480556,28.037222,1530.36,83.482778,28.039722,1604.68,83.480556,28.037222,1530.36,74.32,66.89,3.733,0.1075,49.38,0.049,259.55,259.55,360.7,20.6
301,Gulmi,Dhurkot,83.144167,28.067778,1604.49,83.145556,28.071944,1548.82,83.144167,28.067778,1604.49,83.145556,28.071944,1548.82,55.67,50.1,1.004,0.0289,9.95,0.01,52.29,52.29,536.0,10.39
302,Gulmi,Dhurkot,83.145556,28.071944,1548.82,83.145833,28.076389,1453.57,83.145556,28.071944,1548.82,83.145833,28.076389,1453.57,95.25,85.73,1.308,0.0377,22.18,0.022,116.55,116.55,505.1,18.86
303,Gulmi,Dhurkot,83.145833,28.076389,1453.57,83.148333,28.079722,1302.3,83.145833,28.076389,1453.57,83.148333,28.079722,1302.3,151.27,136.14,1.525,0.0439,41.06,0.041,215.81,215.81,514.7,29.39
304,Gulmi,Dhurkot,83.148333,28.079722,1302.3,83.149444,28.082222,1203.29,83.148333,28.079722,1302.3,83.149444,28.082222,1203.29,99.01,89.11,2.598,0.0748,45.78,0.046,240.64,240.64,319.5,30.99
305,Gulmi,Musikot,83.376667,28.175278,1602.23,83.374722,28.175,1534.39,83.376667,28.175278,1602.23,83.374722,28.175,1534.39,67.84,61.06,2.251,0.0648,27.18,0.027,142.86,142.86,204.8,33.12
306,Gulmi,Resunga,83.254722,28.0675,1601.64,83.25,28.067222,1528.75,83.254722,28.0675,1601.64,83.25,28.067222,1528.75,72.89,65.6,0.526,0.0151,6.82,0.007,35.87,35.87,505.4,14.42
307,Gulmi,Resunga,83.25,28.067222,1528.75,83.246944,28.0675,1502.3,83.25,28.067222,1528.75,83.246944,28.0675,1502.3,26.45,23.81,1.868,0.0538,8.79,0.009,46.22,46.22,341.8,7.74
308,Gulmi,Madane,83.099722,28.215,1599.52,83.103611,28.212778,1450.83,83.099722,28.215,1599.52,83.103611,28.212778,1450.83,148.69,133.82,1.905,0.0549,50.42,0.05,264.99,264.99,510.4,29.14
309,Gulmi,Malika,83.156944,28.263333,1599.15,83.16,28.26,1465.3,83.156944,28.263333,1599.15,83.16,28.26,1465.3,133.85,120.47,1.254,0.0361,29.88,0.03,157.03,157.03,518.3,25.82
310,Gulmi,Malika,83.16,28.26,1465.3,83.164167,28.257778,1284.57,83.16,28.26,1465.3,83.164167,28.257778,1284.57,180.73,162.66,1.661,0.0478,53.43,0.053,280.84,280.84,520.7,34.71
311,Gulmi,Malika,83.164167,28.257778,1284.57,83.168889,28.258333,1182.71,83.164167,28.257778,1284.57,83.168889,28.258333,1182.71,101.86,91.67,8.191,0.2359,148.51,0.149,780.55,780.55,519.3,19.61
312,Gulmi,Kaligandaki,83.489722,28.066944,1598.8,83.490833,28.071111,1301.08,83.489722,28.066944,1598.8,83.490833,28.071111,1301.08,297.72,267.95,0.862,0.0248,45.68,0.046,240.09,240.09,505.0,58.95
313,Gulmi,Kaligandaki,83.490833,28.071111,1301.08,83.493056,28.074722,1192.51,83.490833,28.071111,1301.08,83.493056,28.074722,1192.51,108.57,97.71,1.075,0.031,20.77,0.021,109.19,109.19,501.4,21.65
314,Gulmi,Kaligandaki,83.493056,28.074722,1192.51,83.494167,28.075556,1155.34,83.493056,28.074722,1192.51,83.494167,28.075556,1155.34,37.17,33.45,1.651,0.0475,10.92,0.011,57.41,57.41,150.9,24.63
315,Gulmi,Chandrakot,83.455556,28.093889,1595.31,83.453889,28.098056,1439.25,83.455556,28.093889,1595.31,83.453889,28.098056,1439.25,156.06,140.45,0.821,0.0236,22.81,0.023,119.86,119.86,525.7,29.69
316,Gulmi,Chandrakot,83.453889,28.098056,1439.25,83.453333,28.1025,1321.71,83.453889,28.098056,1439.25,83.453333,28.1025,1321.71,117.54,105.79,0.969,0.0279,20.27,0.02,106.55,106.55,515.4,22.81
317,Gulmi,Chandrakot,83.453333,28.1025,1321.71,83.452778,28.103611,1290.95,83.453333,28.1025,1321.71,83.452778,28.103611,1290.95,30.76,27.68,7.127,0.2053,39.02,0.039,205.09,205.09,144.3,21.32
318,Gulmi,Madane,83.0375,28.1725,1594.22,83.038889,28.168333,1422.94,83.0375,28.1725,1594.22,83.038889,28.168333,1422.94,171.28,154.15,3.323,0.0957,101.31,0.101,532.47,532.47,515.3,33.24
319,Gulmi,Chandrakot,83.473333,28.134722,1486.79,83.471667,28.131944,1346.3,83.473333,28.134722,1486.79,83.471667,28.131944,1346.3,140.49,126.44,24.086,0.6937,602.3,0.602,3165.68,3165.68,371.0,37.87
320,Gulmi,Chandrakot,83.368611,28.137778,1589.74,83.364444,28.135833,1478.44,83.368611,28.137778,1589.74,83.364444,28.135833,1478.44,111.3,100.17,0.853,0.0246,16.9,0.017,88.82,88.82,523.7,21.25
321,Gulmi,Chandrakot,83.364444,28.135833,1478.44,83.360556,28.135833,1348.06,83.364444,28.135833,1478.44,83.360556,28.135833,1348.06,130.38,117.34,4.659,0.1342,108.12,0.108,568.28,568.28,409.6,31.83
322,Gulmi,Satyawati,83.495556,28.024444,1585.89,83.497222,28.021111,1274.27,83.495556,28.024444,1585.89,83.497222,28.021111,1274.27,311.62,280.46,1.966,0.0566,109.05,0.109,573.15,573.15,432.9,71.99
323,Gulmi,Musikot,83.348333,28.172778,1583.5,83.345833,28.175556,1412.06,83.348333,28.172778,1583.5,83.345833,28.175556,1412.06,171.44,154.3,1.584,0.0456,48.34,0.048,254.05,254.05,452.8,37.86
324,Gulmi,Kaligandaki,83.533333,28.105,1582.52,83.530556,28.101389,1464.64,83.533333,28.105,1582.52,83.530556,28.101389,1464.64,117.88,106.09,0.851,0.0245,17.86,0.018,93.85,93.85,522.0,22.58
325,Gulmi,Kaligandaki,83.530556,28.101389,1464.64,83.528889,28.097778,1366.83,83.530556,28.101389,1464.64,83.528889,28.097778,1366.83,97.81,88.03,1.076,0.031,18.73,0.019,98.46,98.46,501.4,19.51
326,Gulmi,Kaligandaki,83.528889,28.097778,1366.83,83.528611,28.093611,1293.32,83.528889,28.097778,1366.83,83.528611,28.093611,1293.32,73.51,66.16,1.627,0.0469,21.29,0.021,111.89,111.89,515.3,14.26
327,Gulmi,Kaligandaki,83.528611,28.093611,1293.32,83.53,28.090833,1202.0,83.528611,28.093611,1293.32,83.53,28.090833,1202.0,91.32,82.19,2.767,0.0797,44.98,0.045,236.39,236.39,360.7,25.31
328,Gulmi,Chandrakot,83.358889,28.142778,1578.39,83.360833,28.14,1437.97,83.358889,28.142778,1578.39,83.360833,28.14,1437.97,140.42,126.38,2.754,0.0793,68.83,0.069,361.78,361.78,398.3,35.25
329,Gulmi,Malika,83.143056,28.222222,1577.31,83.145,28.226111,1416.55,83.143056,28.222222,1577.31,83.145,28.226111,1416.55,160.76,144.68,0.664,0.0191,19.0,0.019,99.86,99.86,505.0,31.83
330,Gulmi,Malika,83.145,28.226111,1416.55,83.145278,28.226944,1379.1,83.145,28.226111,1416.55,83.145278,28.226944,1379.1,37.45,33.71,22.517,0.6485,150.09,0.15,788.9,788.9,103.1,36.33
331,Gulmi,Madane,83.055833,28.188889,1577.13,83.055278,28.184722,1515.74,83.055833,28.188889,1577.13,83.055278,28.184722,1515.74,61.39,55.25,2.95,0.085,32.23,0.032,169.42,169.42,505.0,12.15
332,Gulmi,Madane,83.055278,28.184722,1515.74,83.053611,28.180556,1463.86,83.055278,28.184722,1515.74,83.053611,28.180556,1463.86,51.88,46.69,3.732,0.1075,34.46,0.034,181.13,181.13,525.7,9.87
333,Gulmi,Madane,83.053611,28.180556,1463.86,83.0525,28.176389,1425.5,83.053611,28.180556,1463.86,83.0525,28.176389,1425.5,38.36,34.52,4.328,0.1246,29.55,0.03,155.32,155.32,525.7,7.3
334,Gulmi,Madane,83.0525,28.176389,1425.5,83.052778,28.174167,1408.05,83.0525,28.176389,1425.5,83.052778,28.174167,1408.05,17.45,15.71,6.712,0.1933,20.85,0.021,109.57,109.57,278.3,6.27
335,Gulmi,Madane,83.063333,28.11,1576.93,83.0675,28.109722,1528.43,83.063333,28.11,1576.93,83.0675,28.109722,1528.43,48.5,43.65,0.98,0.0282,8.46,0.008,44.47,44.47,506.7,9.57
336,Gulmi,Madane,83.0675,28.109722,1528.43,83.070556,28.108056,1499.75,83.0675,28.109722,1528.43,83.070556,28.108056,1499.75,28.68,25.81,1.674,0.0482,8.55,0.009,44.92,44.92,400.6,7.16
337,Gulmi,Madane,83.068889,28.115,1575.31,83.070556,28.111111,1518.19,83.068889,28.115,1575.31,83.070556,28.111111,1518.19,57.12,51.41,0.615,0.0177,6.25,0.006,32.86,32.86,511.7,11.16
338,Gulmi,Madane,83.070556,28.111111,1518.19,83.073333,28.107222,1481.66,83.070556,28.111111,1518.19,83.073333,28.107222,1481.66,36.53,32.88,2.516,0.0725,16.36,0.016,85.98,85.98,535.9,6.82
339,Gulmi,Madane,83.038333,28.236111,1574.57,83.033889,28.235278,1339.27,83.038333,28.236111,1574.57,83.033889,28.235278,1339.27,235.3,211.77,0.736,0.0212,30.82,0.031,162.02,162.02,506.0,46.5
340,Gulmi,Madane,83.033889,28.235278,1339.27,83.032778,28.235278,1291.07,83.033889,28.235278,1339.27,83.032778,28.235278,1291.07,48.2,43.38,16.255,0.4681,139.46,0.139,732.98,732.98,109.1,44.19
341,Gulmi,Satyawati,83.498611,28.025556,1572.27,83.497222,28.021389,1289.22,83.498611,28.025556,1572.27,83.497222,28.021389,1289.22,283.05,254.74,1.381,0.0398,69.58,0.07,365.69,365.69,515.3,54.92
342,Gulmi,Satyawati,83.497222,28.021389,1289.22,83.497222,28.021111,1274.27,83.497222,28.021389,1289.22,83.497222,28.021111,1274.27,14.95,13.46,1.966,0.0566,5.23,0.005,27.5,27.5,30.9,48.32
343,Gulmi,Malika,83.150556,28.233889,1569.17,83.151667,28.229722,1358.09,83.150556,28.233889,1569.17,83.151667,28.229722,1358.09,211.08,189.97,0.987,0.0284,37.08,0.037,194.9,194.9,525.7,40.16
344,Gulmi,Malika,83.151667,28.229722,1358.09,83.151944,28.229444,1341.16,83.151667,28.229722,1358.09,83.151944,28.229444,1341.16,16.93,15.24,25.237,0.7268,76.05,0.076,399.72,399.72,41.2,41.07
345,Gulmi,Chandrakot,83.391389,28.137778,1567.89,83.391944,28.133889,1511.89,83.391389,28.137778,1567.89,83.391944,28.133889,1511.89,56.0,50.4,8.203,0.2362,81.76,0.082,429.75,429.75,511.7,10.94
346,Gulmi,Chandrakot,83.391944,28.133889,1511.89,83.395833,28.131667,1486.16,83.391944,28.133889,1511.89,83.395833,28.131667,1486.16,25.73,23.16,8.519,0.2453,39.01,0.039,205.06,205.06,510.4,5.04
347,Gulmi,Chandrakot,83.395833,28.131667,1486.16,83.396944,28.131389,1482.33,83.395833,28.131667,1486.16,83.396944,28.131389,1482.33,3.83,3.45,9.362,0.2696,6.38,0.006,33.54,33.54,123.0,3.11
348,Gulmi,Malika,83.150278,28.246667,1561.92,83.154722,28.248333,1384.53,83.150278,28.246667,1561.92,83.154722,28.248333,1384.53,177.39,159.65,1.024,0.0295,32.33,0.032,169.94,169.94,520.0,34.11
349,Gulmi,Malika,83.154722,28.248333,1384.53,83.155556,28.249167,1338.83,83.154722,28.248333,1384.53,83.155556,28.249167,1338.83,45.7,41.13,3.892,0.1121,31.66,0.032,166.4,166.4,123.7,36.95
350,Gulmi,Chandrakot,83.371944,28.108056,1558.62,83.37,28.111944,1363.59,83.371944,28.108056,1558.62,83.37,28.111944,1363.59,195.03,175.53,0.655,0.0189,22.74,0.023,119.51,119.51,505.0,38.62
351,Gulmi,Chandrakot,83.37,28.111944,1363.59,83.368333,28.113333,1287.63,83.37,28.111944,1363.59,83.368333,28.113333,1287.63,75.96,68.36,1.871,0.0539,25.3,0.025,132.96,132.96,267.3,28.42
352,Gulmi,Malika,83.107778,28.211944,1555.39,83.103611,28.21,1397.3,83.107778,28.211944,1555.39,83.103611,28.21,1397.3,158.09,142.28,0.606,0.0175,17.05,0.017,89.63,89.63,506.7,31.2
353,Gulmi,Madane,83.103611,28.21,1397.3,83.1025,28.209167,1379.06,83.103611,28.21,1397.3,83.1025,28.209167,1379.06,18.24,16.42,2.762,0.0795,8.97,0.009,47.13,47.13,150.9,12.08
354,Gulmi,Resunga,83.240556,28.061667,1550.4,83.241667,28.065278,1487.82,83.240556,28.061667,1550.4,83.241667,28.065278,1487.82,62.58,56.32,1.398,0.0403,15.57,0.016,81.85,81.85,501.4,12.48
355,Gulmi,Resunga,83.230833,28.064167,1554.47,83.231944,28.068333,1453.92,83.230833,28.064167,1554.47,83.231944,28.068333,1453.92,100.55,90.49,0.83,0.0239,14.85,0.015,78.08,78.08,505.0,19.91
356,Gulmi,Resunga,83.231944,28.068333,1453.92,83.2325,28.0725,1376.03,83.231944,28.068333,1453.92,83.2325,28.0725,1376.03,77.89,70.1,1.074,0.0309,14.89,0.015,78.26,78.26,522.0,14.92
357,Gulmi,Resunga,83.2325,28.0725,1376.03,83.231667,28.076389,1199.13,83.2325,28.0725,1376.03,83.231667,28.076389,1199.13,176.9,159.21,3.592,0.1034,113.1,0.113,594.46,594.46,463.8,38.14
358,Gulmi,Satyawati,83.539722,28.007778,1552.85,83.536389,28.007778,1436.79,83.539722,28.007778,1552.85,83.536389,28.007778,1436.79,116.06,104.45,1.257,0.0362,25.97,0.026,136.48,136.48,327.2,35.48
359,Gulmi,Chandrakot,83.477778,28.096111,1551.59,83.478889,28.091667,1379.34,83.477778,28.096111,1551.59,83.478889,28.091667,1379.34,172.25,155.03,0.611,0.0176,18.73,0.019,98.46,98.46,536.0,32.14
360,Gulmi,Chandrakot,83.478889,28.091667,1379.34,83.478611,28.089444,1308.28,83.478889,28.091667,1379.34,83.478611,28.089444,1308.28,71.06,63.95,2.713,0.0781,34.31,0.034,180.36,180.36,278.3,25.53
361,Gulmi,Malika,83.149722,28.220833,1551.39,83.149167,28.225,1420.35,83.149722,28.220833,1551.39,83.149167,28.225,1420.35,131.04,117.94,1.253,0.0361,29.23,0.029,153.61,153.61,505.0,25.95
362,Gulmi,Malika,83.149167,28.225,1420.35,83.147778,28.227222,1369.02,83.149167,28.225,1420.35,83.147778,28.227222,1369.02,51.33,46.2,23.976,0.6905,219.05,0.219,1151.34,1151.34,315.9,16.25
363,Gulmi,Dhurkot,83.159722,28.066667,1550.78,83.163889,28.068889,1464.26,83.159722,28.066667,1550.78,83.163889,28.068889,1464.26,86.52,77.87,0.72,0.0207,11.09,0.011,58.28,58.28,520.7,16.62
364,Gulmi,Dhurkot,83.163889,28.068889,1464.26,83.166667,28.0725,1310.5,83.163889,28.068889,1464.26,83.166667,28.0725,1310.5,153.76,138.38,1.192,0.0343,32.62,0.033,171.47,171.47,505.0,30.45
365,Gulmi,Dhurkot,83.166667,28.0725,1310.5,83.169722,28.074444,1266.28,83.166667,28.0725,1310.5,83.169722,28.074444,1266.28,44.22,39.8,2.091,0.0602,16.46,0.016,86.5,86.5,397.6,11.12
366,Gulmi,Chandrakot,83.365278,28.141667,1548.96,83.361667,28.138056,1390.78,83.365278,28.141667,1548.96,83.361667,28.138056,1390.78,158.18,142.36,3.571,0.1028,100.54,0.101,528.44,528.44,535.9,29.52
367,Gulmi,Malika,83.166389,28.203611,1548.94,83.166944,28.199167,1360.13,83.166389,28.203611,1548.94,83.166944,28.199167,1360.13,188.81,169.93,1.051,0.0303,35.32,0.035,185.65,185.65,536.0,35.23
368,Gulmi,Malika,83.166944,28.199167,1360.13,83.167778,28.197222,1297.61,83.166944,28.199167,1360.13,83.167778,28.197222,1297.61,62.52,56.27,2.885,0.0831,32.1,0.032,168.74,168.74,247.4,25.28
369,Gulmi,Satyawati,83.538889,28.010556,1547.79,83.536389,28.007778,1436.79,83.538889,28.010556,1547.79,83.536389,28.007778,1436.79,111.0,99.9,1.257,0.0362,24.83,0.025,130.53,130.53,418.9,26.5
370,Gulmi,Chandrakot,83.486111,28.094722,1547.35,83.485,28.090833,1392.33,83.486111,28.094722,1547.35,83.485,28.090833,1392.33,155.02,139.52,0.693,0.02,19.12,0.019,100.5,100.5,515.3,30.08
371,Gulmi,Chandrakot,83.485,28.090833,1392.33,83.485,28.086667,1236.94,83.485,28.090833,1392.33,83.485,28.086667,1236.94,155.39,139.85,1.157,0.0333,32.0,0.032,168.2,168.2,505.0,30.77
372,Gulmi,Chandrakot,83.485,28.086667,1236.94,83.484722,28.084722,1189.93,83.485,28.086667,1236.94,83.484722,28.084722,1189.93,47.01,42.31,4.548,0.131,38.06,0.038,200.02,200.02,226.8,20.73
373,Gulmi,Malika,83.173333,28.201667,1547.22,83.170833,28.198889,1386.98,83.173333,28.201667,1547.22,83.170833,28.198889,1386.98,160.24,144.22,1.436,0.0414,40.96,0.041,215.27,215.27,435.9,36.76
374,Gulmi,Malika,83.124444,28.236111,1546.83,83.125556,28.232222,1513.83,83.124444,28.236111,1546.83,83.125556,28.232222,1513.83,33.0,29.7,13.785,0.397,80.97,0.081,425.58,425.58,535.9,6.16
375,Gulmi,Malika,83.125556,28.232222,1513.83,83.126111,28.230833,1489.35,83.125556,28.232222,1513.83,83.126111,28.230833,1489.35,24.48,22.03,15.997,0.4607,69.7,0.07,366.36,366.36,175.2,13.97
376,Gulmi,Satyawati,83.412778,28.074444,1546.61,83.409167,28.072222,1412.85,83.412778,28.074444,1546.61,83.409167,28.072222,1412.85,133.76,120.38,1.075,0.031,25.59,0.026,134.52,134.52,500.0,26.75
377,Gulmi,Satyawati,83.409167,28.072222,1412.85,83.408889,28.071389,1355.56,83.409167,28.072222,1412.85,83.408889,28.071389,1355.56,57.29,51.56,10.982,0.3163,111.99,0.112,588.6,588.6,103.1,55.59
378,Gulmi,Malika,83.176944,28.198333,1546.56,83.1725,28.196389,1349.99,83.176944,28.198333,1546.56,83.1725,28.196389,1349.99,196.57,176.91,0.965,0.0278,33.76,0.034,177.46,177.46,534.0,36.81
379,Gulmi,Malika,83.1725,28.196389,1349.99,83.169722,28.194722,1250.05,83.1725,28.196389,1349.99,83.169722,28.194722,1250.05,99.94,89.95,1.878,0.0541,33.41,0.033,175.59,175.59,356.4,28.04
380,Gulmi,Kaligandaki,83.5125,28.049722,1544.79,83.513333,28.048889,1474.33,83.5125,28.049722,1544.79,83.513333,28.048889,1474.33,70.46,63.41,1.914,0.0551,24.0,0.024,126.17,126.17,123.7,56.97
381,Gulmi,Madane,83.074722,28.202222,1539.08,83.075278,28.198056,1494.37,83.074722,28.202222,1539.08,83.075278,28.198056,1494.37,44.71,40.24,3.459,0.0996,27.53,0.028,144.68,144.68,505.0,8.85
382,Gulmi,Madane,83.075278,28.198056,1494.37,83.077222,28.193889,1432.99,83.075278,28.198056,1494.37,83.077222,28.193889,1432.99,61.38,55.24,4.553,0.1311,49.74,0.05,261.45,261.45,536.0,11.45
383,Gulmi,Madane,83.077222,28.193889,1432.99,83.078333,28.192222,1409.55,83.077222,28.193889,1432.99,83.078333,28.192222,1409.55,23.44,21.1,5.257,0.1514,21.93,0.022,115.28,115.28,226.7,10.34
384,Gulmi,Madane,83.085278,28.205833,1538.54,83.084722,28.201389,1488.89,83.085278,28.205833,1538.54,83.084722,28.201389,1488.89,49.65,44.68,6.568,0.1892,58.04,0.058,305.08,305.08,536.0,9.26
385,Gulmi,Madane,83.084722,28.201389,1488.89,83.081389,28.198333,1448.81,83.084722,28.201389,1488.89,83.081389,28.198333,1448.81,40.08,36.07,7.068,0.2036,50.42,0.05,265.02,265.02,531.6,7.54
386,Gulmi,Madane,83.081389,28.198333,1448.81,83.081667,28.194444,1424.2,83.081389,28.198333,1448.81,83.081667,28.194444,1424.2,24.61,22.15,7.447,0.2145,32.62,0.033,171.46,171.46,505.0,4.87
387,Gulmi,Madane,83.081667,28.194444,1424.2,83.080833,28.191111,1398.53,83.081667,28.194444,1424.2,83.080833,28.191111,1398.53,25.67,23.1,12.878,0.3709,58.84,0.059,309.27,309.27,402.0,6.39
388,Gulmi,Satyawati,83.433889,28.056111,1537.54,83.436111,28.052222,1429.27,83.433889,28.056111,1537.54,83.436111,28.052222,1429.27,108.27,97.44,0.49,0.0141,9.44,0.009,49.63,49.63,515.3,21.01
389,Gulmi,Satyawati,83.436111,28.052222,1429.27,83.437222,28.048056,1256.28,83.436111,28.052222,1429.27,83.437222,28.048056,1256.28,172.99,155.69,0.548,0.0158,16.87,0.017,88.69,88.69,505.0,34.25
390,Gulmi,Madane,83.075,28.189444,1535.49,83.078333,28.192222,1409.55,83.075,28.189444,1535.49,83.078333,28.192222,1409.55,125.94,113.35,5.257,0.1514,117.84,0.118,619.38,619.38,466.8,26.98
391,Gulmi,Musikot,83.374722,28.175,1534.39,83.370278,28.176667,1465.06,83.374722,28.175,1534.39,83.370278,28.176667,1465.06,69.33,62.4,2.533,0.073,31.26,0.031,164.29,164.29,520.0,13.33
392,Gulmi,Musikot,83.370278,28.176667,1465.06,83.370278,28.181111,1341.48,83.370278,28.176667,1465.06,83.370278,28.181111,1341.48,123.58,111.22,2.965,0.0854,65.22,0.065,342.79,342.79,536.0,23.06
393,Gulmi,Musikot,83.370278,28.181111,1341.48,83.369444,28.183333,1249.47,83.370278,28.181111,1341.48,83.369444,28.183333,1249.47,92.01,82.81,6.515,0.1876,106.7,0.107,560.8,560.8,298.9,30.78
394,Gulmi,Resunga,83.275833,28.054167,1531.5,83.276667,28.053611,1493.4,83.275833,28.054167,1531.5,83.276667,28.053611,1493.4,38.1,34.29,1.093,0.0315,7.41,0.007,38.96,38.96,109.7,34.73
395,Gulmi,Kaligandaki,83.540833,28.115278,1530.93,83.545556,28.114444,1311.99,83.540833,28.115278,1530.93,83.545556,28.114444,1311.99,218.94,197.05,0.668,0.0192,26.03,0.026,136.82,136.82,505.4,43.32
396,Gulmi,Kaligandaki,83.545556,28.114444,1311.99,83.550278,28.113333,1138.17,83.545556,28.114444,1311.99,83.550278,28.113333,1138.17,173.82,156.44,0.97,0.0279,30.01,0.03,157.74,157.74,519.3,33.47
397,Gulmi,Kaligandaki,83.550278,28.113333,1138.17,83.554167,28.112222,988.33,83.550278,28.113333,1138.17,83.554167,28.112222,988.33,149.84,134.86,23.632,0.6806,630.28,0.63,3312.73,3312.73,437.5,34.25
398,Gulmi,Malika,83.149444,28.204167,1530.49,83.147778,28.200278,1356.76,83.149444,28.204167,1530.49,83.147778,28.200278,1356.76,173.73,156.36,1.954,0.0563,60.42,0.06,317.58,317.58,494.7,35.12
399,Gulmi,Satyawati,83.480556,28.037222,1530.36,83.477778,28.033889,1443.18,83.480556,28.037222,1530.36,83.477778,28.033889,1443.18,87.18,78.46,4.341,0.125,67.36,0.067,354.05,354.05,508.0,17.16
400,Gulmi,Satyawati,83.477778,28.033889,1443.18,83.475556,28.031389,1302.48,83.477778,28.033889,1443.18,83.475556,28.031389,1302.48,140.7,126.63,5.565,0.1603,139.37,0.139,732.52,732.52,360.7,39.01
401,Gulmi,Madane,83.0475,28.18,1528.57,83.050556,28.176389,1446.04,83.0475,28.18,1528.57,83.050556,28.176389,1446.04,82.53,74.28,2.186,0.063,32.11,0.032,168.78,168.78,515.3,16.02
402,Gulmi,Madane,83.050556,28.176389,1446.04,83.052778,28.174167,1408.05,83.050556,28.176389,1446.04,83.052778,28.174167,1408.05,37.99,34.19,6.712,0.1933,45.39,0.045,238.55,238.55,363.7,10.44
403,Gulmi,Satyawati,83.478333,28.029167,1528.55,83.475556,28.031389,1302.48,83.478333,28.029167,1528.55,83.475556,28.031389,1302.48,226.07,203.46,5.565,0.1603,223.93,0.224,1176.97,1176.97,384.3,58.82
404,Gulmi,Madane,83.039444,28.159167,1528.44,83.043611,28.160556,1406.37,83.039444,28.159167,1528.44,83.043611,28.160556,1406.37,122.07,109.86,0.688,0.0198,14.95,0.015,78.57,78.57,506.7,24.09
405,Gulmi,Madane,83.043611,28.160556,1406.37,83.047222,28.159167,1364.59,83.043611,28.160556,1406.37,83.047222,28.159167,1364.59,41.78,37.6,5.452,0.157,40.54,0.041,213.1,213.1,424.2,9.85
406,Gulmi,Musikot,83.335556,28.146667,1527.06,83.331667,28.144167,1287.73,83.335556,28.146667,1527.06,83.331667,28.144167,1287.73,239.33,215.4,2.005,0.0577,85.41,0.085,448.92,448.92,524.3,45.65
407,Gulmi,Musikot,83.331667,28.144167,1287.73,83.327778,28.141667,1141.16,83.331667,28.144167,1287.73,83.327778,28.141667,1141.16,146.57,131.91,2.664,0.0767,69.5,0.069,365.29,365.29,507.4,28.89
408,Gulmi,Musikot,83.327778,28.141667,1141.16,83.323889,28.139167,971.04,83.327778,28.141667,1141.16,83.323889,28.139167,971.04,170.12,153.11,3.397,0.0978,102.86,0.103,540.64,540.64,507.4,33.53
409,Gulmi,Musikot,83.323889,28.139167,971.04,83.320278,28.136111,876.69,83.323889,28.139167,971.04,83.320278,28.136111,876.69,94.35,84.91,3.763,0.1084,63.19,0.063,332.15,332.15,508.0,18.57
410,Gulmi,Musikot,83.320278,28.136111,876.69,83.316389,28.133611,782.25,83.320278,28.136111,876.69,83.316389,28.133611,782.25,94.44,85.0,4.015,0.1156,67.49,0.067,354.73,354.73,524.3,18.01
411,Gulmi,Musikot,83.316389,28.133611,782.25,83.313333,28.130278,680.05,83.316389,28.133611,782.25,83.313333,28.130278,680.05,102.2,91.98,4.168,0.12,75.82,0.076,398.51,398.51,501.4,20.38
412,Gulmi,Resunga,83.271389,28.077222,1525.42,83.27,28.081389,1365.09,83.271389,28.077222,1525.42,83.27,28.081389,1365.09,160.33,144.3,1.235,0.0356,35.24,0.035,185.24,185.24,515.3,31.11
413,Gulmi,Resunga,83.27,28.081389,1365.09,83.269444,28.085556,1281.99,83.27,28.081389,1365.09,83.269444,28.085556,1281.99,83.1,74.79,1.726,0.0497,25.53,0.026,134.18,134.18,505.0,16.45
414,Gulmi,Resunga,83.269444,28.085556,1281.99,83.269444,28.09,1148.14,83.269444,28.085556,1281.99,83.269444,28.09,1148.14,133.85,120.46,2.022,0.0582,48.17,0.048,253.2,253.2,515.4,25.97
415,Gulmi,Resunga,83.269444,28.09,1148.14,83.266944,28.093333,1062.64,83.269444,28.09,1148.14,83.266944,28.093333,1062.64,85.5,76.95,5.791,0.1668,88.13,0.088,463.21,463.21,535.3,15.97
416,Gulmi,Chandrakot,83.466667,28.103611,1524.32,83.465,28.103056,1475.29,83.466667,28.103611,1524.32,83.465,28.103056,1475.29,49.03,44.13,1.88,0.0541,16.41,0.016,86.23,86.23,191.5,25.61
417,Gulmi,Dhurkot,83.080833,28.102222,1523.62,83.081389,28.103889,1451.74,83.080833,28.102222,1523.62,83.081389,28.103889,1451.74,71.88,64.69,1.253,0.0361,16.03,0.016,84.26,84.26,206.1,34.87
418,Gulmi,Madane,83.065278,28.136667,1521.52,83.060833,28.1375,1445.18,83.065278,28.136667,1521.52,83.060833,28.1375,1445.18,76.34,68.71,2.7,0.0778,36.69,0.037,192.83,192.83,534.0,14.3
419,Gulmi,Madane,83.060833,28.1375,1445.18,83.056111,28.137222,1347.01,83.060833,28.1375,1445.18,83.056111,28.137222,1347.01,98.17,88.35,2.996,0.0863,52.35,0.052,275.16,275.16,505.4,19.43
420,Gulmi,Madane,83.056111,28.137222,1347.01,83.055278,28.141111,1269.37,83.056111,28.137222,1347.01,83.055278,28.141111,1269.37,77.64,69.88,3.696,0.1064,51.08,0.051,268.46,268.46,539.0,14.4
421,Gulmi,Chandrakot,83.386389,28.11,1520.31,83.388889,28.113889,1380.88,83.386389,28.11,1520.31,83.388889,28.113889,1380.88,139.43,125.49,0.788,0.0227,19.56,0.02,102.79,102.79,525.6,26.53
422,Gulmi,Chandrakot,83.388889,28.113889,1380.88,83.391667,28.115833,1311.64,83.388889,28.113889,1380.88,83.391667,28.115833,1311.64,69.24,62.32,2.367,0.0682,29.17,0.029,153.32,153.32,370.4,18.69
423,Gulmi,Malika,83.143611,28.205278,1519.51,83.144444,28.201111,1376.83,83.143611,28.205278,1519.51,83.144444,28.201111,1376.83,142.68,128.41,1.022,0.0294,25.95,0.026,136.42,136.42,515.3,27.69
424,Gulmi,Malika,83.144444,28.201111,1376.83,83.145556,28.198056,1302.24,83.144444,28.201111,1376.83,83.145556,28.198056,1302.24,74.59,67.13,3.178,0.0915,42.19,0.042,221.76,221.76,381.4,19.56
425,Gulmi,Chandrakot,83.411111,28.142778,1515.03,83.413056,28.138889,1462.3,83.411111,28.142778,1515.03,83.413056,28.138889,1462.3,52.73,47.46,16.599,0.4781,155.79,0.156,818.84,818.84,505.0,10.44
426,Gulmi,Chandrakot,83.413056,28.138889,1462.3,83.417222,28.136944,1413.0,83.413056,28.138889,1462.3,83.417222,28.136944,1413.0,49.3,44.37,17.04,0.4908,149.53,0.15,785.91,785.91,523.7,9.42
427,Gulmi,Chandrakot,83.417222,28.136944,1413.0,83.419167,28.133611,1259.45,83.417222,28.136944,1413.0,83.419167,28.133611,1259.45,153.55,138.19,19.624,0.5652,536.34,0.536,2819.0,2819.0,460.2,33.37
428,Gulmi,Kaligandaki,83.523611,28.040833,1513.68,83.527778,28.038611,1365.26,83.523611,28.040833,1513.68,83.527778,28.038611,1365.26,148.42,133.58,0.872,0.0251,23.04,0.023,121.08,121.08,520.7,28.51
429,Gulmi,Kaligandaki,83.527778,28.038611,1365.26,83.530833,28.036667,1267.02,83.527778,28.038611,1365.26,83.530833,28.036667,1267.02,98.24,88.42,2.432,0.07,42.53,0.043,223.52,223.52,414.6,23.7
430,Gulmi,Madane,83.077778,28.118056,1512.91,83.08,28.114167,1401.11,83.077778,28.118056,1512.91,83.08,28.114167,1401.11,111.8,100.62,0.717,0.0206,14.27,0.014,74.99,74.99,515.3,21.69
431,Gulmi,Madane,83.08,28.114167,1401.11,83.083056,28.110556,1355.56,83.08,28.114167,1401.11,83.083056,28.110556,1355.56,45.55,40.99,1.005,0.0289,8.15,0.008,42.83,42.83,532.3,8.56
432,Gulmi,Madane,83.083056,28.110556,1355.56,83.084444,28.110556,1327.76,83.083056,28.110556,1355.56,83.084444,28.110556,1327.76,27.8,25.02,6.982,0.2011,34.55,0.035,181.59,181.59,136.3,20.39
433,Gulmi,Madane,83.048889,28.220278,1512.46,83.045278,28.223611,1436.96,83.048889,28.220278,1512.46,83.045278,28.223611,1436.96,75.5,67.95,4.091,0.1178,54.98,0.055,288.96,288.96,522.0,14.46
434,Gulmi,Madane,83.045278,28.223611,1436.96,83.044722,28.224167,1427.22,83.045278,28.223611,1436.96,83.044722,28.224167,1427.22,9.74,8.77,4.532,0.1305,7.86,0.008,41.3,41.3,82.5,11.81
435,Gulmi,Satyawati,83.527778,28.01,1511.88,83.530556,28.006389,1358.08,83.527778,28.01,1511.88,83.530556,28.006389,1358.08,153.8,138.42,0.792,0.0228,21.68,0.022,113.96,113.96,538.9,28.54
436,Gulmi,Satyawati,83.530556,28.006389,1358.08,83.530833,28.005556,1343.09,83.530556,28.006389,1358.08,83.530833,28.005556,1343.09,14.99,13.49,3.138,0.0904,8.37,0.008,44.01,44.01,140.6,10.66
437,Gulmi,Malika,83.149722,28.253333,1507.97,83.150556,28.2525,1448.78,83.149722,28.253333,1507.97,83.150556,28.2525,1448.78,59.19,53.27,2.189,0.063,23.06,0.023,121.21,121.21,140.6,42.09
438,Gulmi,Gulmidarbar,83.292222,28.063333,1504.13,83.296111,28.060278,1283.55,83.292222,28.063333,1504.13,83.296111,28.060278,1283.55,220.58,198.52,0.652,0.0188,25.6,0.026,134.55,134.55,535.3,41.21
439,Gulmi,Madane,83.068889,28.181389,1503.42,83.072222,28.179722,1407.44,83.068889,28.181389,1503.42,83.072222,28.179722,1407.44,95.98,86.38,0.862,0.0248,14.73,0.015,77.4,77.4,510.4,18.81
440,Gulmi,Madane,83.072222,28.179722,1407.44,83.075278,28.176667,1353.68,83.072222,28.179722,1407.44,83.075278,28.176667,1353.68,53.76,48.38,1.671,0.0481,15.99,0.016,84.04,84.04,504.4,10.66
441,Gulmi,Madane,83.075278,28.176667,1353.68,83.08,28.175278,1323.75,83.075278,28.176667,1353.68,83.08,28.175278,1323.75,29.93,26.94,2.186,0.063,11.65,0.012,61.21,61.21,533.3,5.61
442,Gulmi,Madane,83.08,28.175278,1323.75,83.080556,28.173889,1314.17,83.08,28.175278,1323.75,83.080556,28.173889,1314.17,9.58,8.62,17.502,0.5041,29.84,0.03,156.86,156.86,175.2,5.47
443,Gulmi,Resunga,83.218611,28.066389,1502.39,83.222778,28.068056,1459.84,83.218611,28.066389,1502.39,83.222778,28.068056,1459.84,42.55,38.3,1.227,0.0353,9.29,0.009,48.84,48.84,520.7,8.17
444,Gulmi,Resunga,83.222778,28.068056,1459.84,83.226944,28.070556,1385.0,83.222778,28.068056,1459.84,83.226944,28.070556,1385.0,74.84,67.36,1.802,0.0519,24.0,0.024,126.17,126.17,534.6,14.0
445,Gulmi,Resunga,83.226944,28.070556,1385.0,83.230278,28.074167,1238.84,83.226944,28.070556,1385.0,83.230278,28.074167,1238.84,146.16,131.54,2.281,0.0657,59.34,0.059,311.9,311.9,525.6,27.81
446,Gulmi,Resunga,83.230278,28.074167,1238.84,83.231667,28.076389,1199.13,83.230278,28.074167,1238.84,83.231667,28.076389,1199.13,39.71,35.74,3.592,0.1034,25.39,0.025,133.44,133.44,298.9,13.29
447,Gulmi,Resunga,83.246944,28.0675,1502.3,83.243056,28.065556,1482.78,83.246944,28.0675,1502.3,83.243056,28.065556,1482.78,19.52,17.57,2.326,0.067,8.08,0.008,42.48,42.48,507.4,3.85
448,Gulmi,Madane,83.061667,28.120833,1501.57,83.056944,28.119722,1384.95,83.061667,28.120833,1501.57,83.056944,28.119722,1384.95,116.62,104.96,1.055,0.0304,21.9,0.022,115.1,115.1,519.3,22.45
449,Gulmi,Madane,83.056944,28.119722,1384.95,83.0525,28.121667,1317.4,83.056944,28.119722,1384.95,83.0525,28.121667,1317.4,67.55,60.79,1.963,0.0565,23.6,0.024,124.05,124.05,534.0,12.65
450,Gulmi,Dhurkot,83.070556,28.108056,1499.75,83.073333,28.107222,1481.66,83.070556,28.108056,1499.75,83.073333,28.107222,1481.66,18.09,16.28,2.516,0.0725,8.1,0.008,42.58,42.58,314.5,5.75
451,Gulmi,Madane,83.043056,28.155556,1498.62,83.0475,28.156944,1382.27,83.043056,28.155556,1498.62,83.0475,28.156944,1382.27,116.35,104.71,1.068,0.0308,22.12,0.022,116.25,116.25,523.0,22.25
452,Gulmi,Madane,83.0475,28.156944,1382.27,83.048056,28.158333,1349.75,83.0475,28.156944,1382.27,83.048056,28.158333,1349.75,32.52,29.27,6.596,0.19,38.18,0.038,200.67,200.67,175.2,18.56
453,Gulmi,Satyawati,83.533889,28.011389,1498.27,83.532222,28.0075,1370.88,83.533889,28.011389,1498.27,83.532222,28.0075,1370.88,127.39,114.65,0.825,0.0238,18.71,0.019,98.32,98.32,515.3,24.72
454,Gulmi,Madane,83.076111,28.109444,1496.96,83.076944,28.107222,1444.52,83.076111,28.109444,1496.96,83.076944,28.107222,1444.52,52.44,47.2,3.675,0.1058,34.3,0.034,180.29,180.29,278.3,18.84
455,Gulmi,Resunga,83.276667,28.053611,1493.4,83.276944,28.049444,1348.36,83.276667,28.053611,1493.4,83.276944,28.049444,1348.36,145.04,130.54,1.713,0.0493,44.22,0.044,232.44,232.44,515.3,28.15
456,Gulmi,Resunga,83.276944,28.049444,1348.36,83.275556,28.045278,1254.84,83.276944,28.049444,1348.36,83.275556,28.045278,1254.84,93.52,84.17,2.184,0.0629,36.35,0.036,191.08,191.08,515.3,18.15
457,Gulmi,Resunga,83.275556,28.045278,1254.84,83.276667,28.041111,1194.82,83.275556,28.045278,1254.84,83.276667,28.041111,1194.82,60.02,54.02,2.922,0.0842,31.22,0.031,164.07,164.07,505.0,11.88
458,Gulmi,Resunga,83.276667,28.041111,1194.82,83.278611,28.036944,1158.94,83.276667,28.041111,1194.82,83.278611,28.036944,1158.94,35.88,32.29,3.585,0.1032,22.9,0.023,120.34,120.34,536.0,6.7
459,Gulmi,Resunga,83.278611,28.036944,1158.94,83.279722,28.035,1131.46,83.278611,28.036944,1158.94,83.279722,28.035,1131.46,27.48,24.73,4.381,0.1262,21.43,0.021,112.63,112.63,257.7,10.66
460,Gulmi,Resunga,83.28,28.084444,1491.04,83.284722,28.085556,1378.94,83.28,28.084444,1491.04,83.284722,28.085556,1378.94,112.1,100.89,0.776,0.0223,15.48,0.015,81.38,81.38,519.3,21.59
461,Gulmi,Resunga,83.284722,28.085556,1378.94,83.289444,28.086389,1261.54,83.284722,28.085556,1378.94,83.289444,28.086389,1261.54,117.4,105.66,4.756,0.137,99.38,0.099,522.36,522.36,505.4,23.23
462,Gulmi,Malika,83.126111,28.230833,1489.35,83.130278,28.229722,1463.44,83.126111,28.230833,1489.35,83.130278,28.229722,1463.44,25.91,23.32,16.395,0.4722,75.61,0.076,397.41,397.41,520.7,4.98
463,Gulmi,Malika,83.130278,28.229722,1463.44,83.131389,28.226667,1437.47,83.130278,28.229722,1463.44,83.131389,28.226667,1437.47,25.97,23.37,17.953,0.517,82.99,0.083,436.18,436.18,398.3,6.52
464,Gulmi,Musikot,83.364444,28.168889,1488.33,83.362778,28.173056,1376.3,83.364444,28.168889,1488.33,83.362778,28.173056,1376.3,112.03,100.83,2.65,0.0763,52.84,0.053,277.74,277.74,525.7,21.31
465,Gulmi,Musikot,83.362778,28.173056,1376.3,83.360278,28.176667,1287.16,83.362778,28.173056,1376.3,83.360278,28.176667,1287.16,89.14,80.23,3.081,0.0887,48.88,0.049,256.93,256.93,532.3,16.75
466,Gulmi,Musikot,83.360278,28.176667,1287.16,83.358889,28.178611,1250.98,83.360278,28.176667,1287.16,83.358889,28.178611,1250.98,36.18,32.56,4.516,0.1301,29.08,0.029,152.86,152.86,284.9,12.7
467,Gulmi,Chandrakot,83.386944,28.1275,1487.4,83.39,28.124167,1351.73,83.386944,28.1275,1487.4,83.39,28.124167,1351.73,135.67,122.1,0.746,0.0215,18.01,0.018,94.68,94.68,518.3,26.17
468,Gulmi,Chandrakot,83.39,28.124167,1351.73,83.393056,28.121389,1279.85,83.39,28.124167,1351.73,83.393056,28.121389,1279.85,71.88,64.69,1.636,0.0471,20.93,0.021,110.01,110.01,473.4,15.18
469,Gulmi,Resunga,83.242222,28.066111,1482.76,83.238889,28.069167,1419.54,83.242222,28.066111,1482.76,83.238889,28.069167,1419.54,63.22,56.9,4.011,0.1155,45.13,0.045,237.23,237.23,514.7,12.29
470,Gulmi,Resunga,83.238889,28.069167,1419.54,83.235833,28.072778,1369.05,83.238889,28.069167,1419.54,83.235833,28.072778,1369.05,50.49,45.44,4.538,0.1307,40.78,0.041,214.35,214.35,515.3,9.8
471,Gulmi,Resunga,83.235833,28.072778,1369.05,83.233611,28.076667,1217.87,83.235833,28.072778,1369.05,83.233611,28.076667,1217.87,151.18,136.06,4.617,0.133,124.24,0.124,653.0,653.0,515.3,29.34
472,Gulmi,Resunga,83.233611,28.076667,1217.87,83.231944,28.078056,1198.34,83.233611,28.076667,1217.87,83.231944,28.078056,1198.34,19.53,17.58,8.589,0.2474,29.86,0.03,156.93,156.93,233.4,8.37
473,Gulmi,Chandrakot,83.396944,28.131389,1482.33,83.4,28.128333,1367.0,83.396944,28.131389,1482.33,83.4,28.128333,1367.0,115.33,103.8,9.983,0.2875,204.93,0.205,1077.11,1077.11,504.4,22.87
474,Gulmi,Chandrakot,83.4,28.128333,1367.0,83.402778,28.124722,1354.54,83.4,28.128333,1367.0,83.402778,28.124722,1354.54,12.46,11.21,10.807,0.3112,23.97,0.024,125.97,125.97,522.0,2.39
475,Gulmi,Chandrakot,83.402778,28.124722,1354.54,83.405833,28.121389,1275.8,83.402778,28.124722,1354.54,83.405833,28.121389,1275.8,78.74,70.87,11.092,0.3194,155.46,0.155,817.08,817.08,535.3,14.71
476,Gulmi,Chandrakot,83.405833,28.121389,1275.8,83.41,28.119167,1108.52,83.405833,28.121389,1275.8,83.41,28.119167,1108.52,167.28,150.55,11.596,0.334,345.27,0.345,1814.72,1814.72,520.7,32.13
477,Gulmi,Chandrakot,83.41,28.119167,1108.52,83.413333,28.116111,1071.75,83.41,28.119167,1108.52,83.413333,28.116111,1071.75,36.77,33.09,12.109,0.3487,79.25,0.079,416.54,416.54,514.7,7.14
478,Gulmi,Chandrakot,83.413333,28.116111,1071.75,83.413889,28.116111,1067.0,83.413333,28.116111,1071.75,83.413889,28.116111,1067.0,4.75,4.28,12.886,0.3711,10.89,0.011,57.26,57.26,54.5,8.71
479,Gulmi,Madane,83.073333,28.107222,1481.66,83.076944,28.107222,1444.52,83.073333,28.107222,1481.66,83.076944,28.107222,1444.52,37.14,33.43,3.675,0.1058,24.29,0.024,127.69,127.69,382.4,9.71
480,Gulmi,Madane,83.059444,28.169444,1479.83,83.0575,28.165278,1375.86,83.059444,28.169444,1479.83,83.0575,28.165278,1375.86,103.97,93.57,0.75,0.0216,13.88,0.014,72.95,72.95,536.0,19.4
481,Gulmi,Madane,83.0575,28.165278,1375.86,83.053889,28.1625,1353.96,83.0575,28.165278,1375.86,83.053889,28.1625,1353.96,21.9,19.71,1.306,0.0376,5.09,0.005,26.76,26.76,528.0,4.15
482,Gulmi,Kaligandaki,83.535556,28.024444,1476.51,83.54,28.025833,1161.94,83.535556,28.024444,1476.51,83.54,28.025833,1161.94,314.57,283.11,0.979,0.0282,54.82,0.055,288.11,288.11,506.0,62.16
483,Gulmi,Kaligandaki,83.54,28.025833,1161.94,83.5425,28.026389,1057.28,83.54,28.025833,1161.94,83.5425,28.026389,1057.28,104.66,94.19,2.34,0.0674,43.59,0.044,229.12,229.12,273.3,38.29
484,Gulmi,Chandrakot,83.465,28.103056,1475.29,83.460556,28.104167,1402.51,83.465,28.103056,1475.29,83.460556,28.104167,1402.51,72.78,65.5,2.458,0.0708,31.84,0.032,167.36,167.36,520.0,13.99
485,Gulmi,Chandrakot,83.460556,28.104167,1402.51,83.456111,28.102778,1349.06,83.460556,28.104167,1402.51,83.456111,28.102778,1349.06,53.45,48.11,3.183,0.0917,30.28,0.03,159.16,159.16,506.0,10.56
486,Gulmi,Chandrakot,83.456111,28.102778,1349.06,83.453333,28.103889,1294.34,83.456111,28.102778,1349.06,83.453333,28.103889,1294.34,54.72,49.25,6.09,0.1754,59.32,0.059,311.76,311.76,328.5,16.66
487,Gulmi,Kaligandaki,83.513333,28.048889,1474.33,83.515833,28.048333,1386.26,83.513333,28.048889,1474.33,83.515833,28.048333,1386.26,88.07,79.26,2.667,0.0768,41.81,0.042,219.74,219.74,273.3,32.22
488,Gulmi,Kaligandaki,83.5125,28.104722,1471.04,83.516944,28.103889,1353.39,83.5125,28.104722,1471.04,83.516944,28.103889,1353.39,117.65,105.88,0.762,0.0219,15.96,0.016,83.87,83.87,534.0,22.03
489,Gulmi,Kaligandaki,83.516944,28.103889,1353.39,83.5175,28.103889,1341.29,83.516944,28.103889,1353.39,83.5175,28.103889,1341.29,12.1,10.89,6.503,0.1873,14.01,0.014,73.61,73.61,54.5,22.19
490,Gulmi,Chandrakot,83.45,28.108333,1469.76,83.447222,28.104444,1232.77,83.45,28.108333,1469.76,83.447222,28.104444,1232.77,236.99,213.29,8.844,0.2547,373.06,0.373,1960.81,1960.81,535.9,44.22
491,Gulmi,Chandrakot,83.4775,28.127778,1468.1,83.478611,28.129722,1381.38,83.4775,28.127778,1468.1,83.478611,28.129722,1381.38,86.72,78.05,21.893,0.6305,337.93,0.338,1776.16,1776.16,257.7,33.66
492,Gulmi,Kaligandaki,83.561389,28.011389,1467.43,83.559167,28.013889,1272.47,83.561389,28.011389,1467.43,83.559167,28.013889,1272.47,194.96,175.46,1.212,0.0349,42.06,0.042,221.06,221.06,377.7,51.62
493,Gulmi,Dhurkot,83.131389,28.073889,1466.74,83.127778,28.075,1352.02,83.131389,28.073889,1466.74,83.127778,28.075,1352.02,114.72,103.25,0.784,0.0226,16.01,0.016,84.14,84.14,500.0,22.94
494,Gulmi,Kaligandaki,83.542222,28.018889,1466.04,83.543333,28.023056,1255.24,83.542222,28.018889,1466.04,83.543333,28.023056,1255.24,210.8,189.72,0.596,0.0172,22.36,0.022,117.54,117.54,505.0,41.74
495,Gulmi,Kaligandaki,83.543333,28.023056,1255.24,83.5425,28.026389,1057.28,83.543333,28.023056,1255.24,83.5425,28.026389,1057.28,197.96,178.16,2.34,0.0674,82.45,0.082,433.36,433.36,402.0,49.25
496,Gulmi,Chandrakot,83.365833,28.133056,1465.58,83.364444,28.131667,1369.06,83.365833,28.133056,1465.58,83.364444,28.131667,1369.06,96.52,86.87,0.908,0.0262,15.6,0.016,81.99,81.99,206.1,46.83
497,Gulmi,Dhurkot,83.141667,28.081389,1465.48,83.146389,28.081389,1330.7,83.141667,28.081389,1465.48,83.146389,28.081389,1330.7,134.78,121.3,0.729,0.021,17.49,0.017,91.92,91.92,519.3,25.95
498,Gulmi,Dhurkot,83.146389,28.081389,1330.7,83.149444,28.082222,1203.29,83.146389,28.081389,1330.7,83.149444,28.082222,1203.29,127.41,114.67,2.598,0.0748,58.92,0.059,309.67,309.67,369.7,34.46
499,Gulmi,Chandrakot,83.449444,28.096944,1463.37,83.448889,28.101111,1313.25,83.449444,28.096944,1463.37,83.448889,28.101111,1313.25,150.12,135.11,0.623,0.0179,16.65,0.017,87.5,87.5,505.0,29.72
500,Gulmi,Chandrakot,83.448889,28.101111,1313.25,83.4475,28.104167,1235.46,83.448889,28.101111,1313.25,83.4475,28.104167,1235.46,77.79,70.01,8.298,0.239,114.89,0.115,603.89,603.89,391.7,19.86
501,Gulmi,Madane,83.061667,28.153611,1461.33,83.059722,28.154444,1382.16,83.061667,28.153611,1461.33,83.059722,28.154444,1382.16,79.17,71.25,1.416,0.0408,19.95,0.02,104.88,104.88,232.7,34.02
502,Gulmi,Musikot,83.323333,28.171111,1461.3,83.321389,28.170833,1401.28,83.323333,28.171111,1461.3,83.321389,28.170833,1401.28,60.02,54.02,1.451,0.0418,15.5,0.016,81.47,81.47,204.8,29.31
503,Gulmi,Madane,83.0925,28.128056,1460.94,83.093889,28.131667,1425.07,83.0925,28.128056,1460.94,83.093889,28.131667,1425.07,35.87,32.28,0.991,0.0285,6.33,0.006,33.26,33.26,525.0,6.83
504,Gulmi,Madane,83.093889,28.131667,1425.07,83.098611,28.1325,1260.76,83.093889,28.131667,1425.07,83.098611,28.1325,1260.76,164.31,147.88,1.27,0.0366,37.14,0.037,195.22,195.22,533.3,30.81
505,Gulmi,Madane,83.098611,28.1325,1260.76,83.101944,28.135278,1195.33,83.098611,28.1325,1260.76,83.101944,28.135278,1195.33,65.43,58.89,4.956,0.1427,57.72,0.058,303.37,303.37,500.7,13.07
506,Gulmi,Gulmidarbar,83.290556,28.06,1459.33,83.295278,28.06,1295.22,83.290556,28.06,1459.33,83.295278,28.06,1295.22,164.11,147.7,0.658,0.019,19.22,0.019,101.02,101.02,519.3,31.6
507,Gulmi,Isma,83.197778,28.204722,1459.22,83.201667,28.207778,1264.52,83.197778,28.204722,1459.22,83.201667,28.207778,1264.52,194.7,175.23,0.759,0.0219,26.3,0.026,138.25,138.25,535.3,36.37
508,Gulmi,Isma,83.201667,28.207778,1264.52,83.205278,28.210833,1166.64,83.201667,28.207778,1264.52,83.205278,28.210833,1166.64,97.88,88.09,1.145,0.033,19.95,0.02,104.85,104.85,525.0,18.65
509,Gulmi,Isma,83.205278,28.210833,1166.64,83.205,28.214444,1074.6,83.205278,28.210833,1166.64,83.205,28.214444,1074.6,92.04,82.84,47.141,1.3577,772.28,0.772,4059.13,4059.13,487.4,18.88
510,Gulmi,Malika,83.151667,28.201111,1458.1,83.147778,28.200278,1356.76,83.151667,28.201111,1458.1,83.147778,28.200278,1356.76,101.34,91.21,1.954,0.0563,35.25,0.035,185.25,185.25,423.6,23.92
511,Gulmi,Madane,83.071667,28.171944,1457.49,83.076389,28.172222,1390.55,83.071667,28.171944,1457.49,83.076389,28.172222,1390.55,66.94,60.25,0.732,0.0211,8.72,0.009,45.84,45.84,533.3,12.55
512,Gulmi,Madane,83.076389,28.172222,1390.55,83.080556,28.17,1305.51,83.076389,28.172222,1390.55,83.080556,28.17,1305.51,85.04,76.54,1.119,0.0322,16.94,0.017,89.02,89.02,520.7,16.33
513,Gulmi,Madane,83.080556,28.17,1305.51,83.080556,28.169444,1302.08,83.080556,28.17,1305.51,83.080556,28.169444,1302.08,3.43,3.09,18.866,0.5433,11.52,0.012,60.54,60.54,61.8,5.54
514,Gulmi,Kaligandaki,83.527222,28.034167,1457.03,83.53,28.035278,1308.82,83.527222,28.034167,1457.03,83.53,28.035278,1308.82,148.21,133.39,1.353,0.039,35.69,0.036,187.6,187.6,328.5,45.12
515,Gulmi,Musikot,83.231111,28.231111,851.97,83.229167,28.230278,808.07,83.231111,28.231111,851.97,83.229167,28.230278,808.07,43.9,39.51,800.323,23.0493,6253.63,6.254,32869.06,32869.06,266.7,16.46
516,Gulmi,Madane,83.085278,28.135833,1454.52,83.089722,28.1375,1382.79,83.085278,28.135833,1454.52,83.089722,28.1375,1382.79,71.73,64.56,0.921,0.0265,11.76,0.012,61.8,61.8,520.0,13.79
517,Gulmi,Madane,83.089722,28.1375,1382.79,83.094167,28.1375,1286.91,83.089722,28.1375,1382.79,83.094167,28.1375,1286.91,95.88,86.29,1.549,0.0446,26.44,0.026,138.94,138.94,520.0,18.44
518,Gulmi,Madane,83.094167,28.1375,1286.91,83.094722,28.138056,1271.98,83.094167,28.1375,1286.91,83.094722,28.138056,1271.98,14.93,13.44,2.92,0.0841,7.76,0.008,40.78,40.78,82.5,18.1
519,Gulmi,Dhurkot,83.081389,28.103889,1451.74,83.083056,28.105556,1397.34,83.081389,28.103889,1451.74,83.083056,28.105556,1397.34,54.4,48.96,1.84,0.053,17.82,0.018,93.64,93.64,281.3,19.34
520,Gulmi,Madane,83.083611,28.119167,1451.0,83.084722,28.115,1358.78,83.083611,28.119167,1451.0,83.084722,28.115,1358.78,92.22,83.0,0.826,0.0238,13.56,0.014,71.26,71.26,505.0,18.26
521,Gulmi,Madane,83.084722,28.115,1358.78,83.086944,28.111389,1310.54,83.084722,28.115,1358.78,83.086944,28.111389,1310.54,48.24,43.42,8.197,0.2361,70.38,0.07,369.93,369.93,484.4,9.96
522,Gulmi,Madane,83.103611,28.212778,1450.83,83.1025,28.209167,1379.06,83.103611,28.212778,1450.83,83.1025,28.209167,1379.06,71.77,64.59,2.762,0.0795,35.28,0.035,185.45,185.45,443.2,16.19
523,Gulmi,Chandrakot,83.365833,28.103333,1448.84,83.362222,28.105556,1297.17,83.365833,28.103333,1448.84,83.362222,28.105556,1297.17,151.67,136.5,1.061,0.0306,28.64,0.029,150.55,150.55,500.0,30.33
524,Gulmi,Chandrakot,83.362222,28.105556,1297.17,83.358056,28.107778,1126.6,83.362222,28.105556,1297.17,83.358056,28.107778,1126.6,170.57,153.51,1.534,0.0442,46.57,0.047,244.79,244.79,520.7,32.76
525,Gulmi,Chandrakot,83.358056,28.107778,1126.6,83.354167,28.110278,948.34,83.358056,28.107778,1126.6,83.354167,28.110278,948.34,178.26,160.43,6.406,0.1845,203.26,0.203,1068.31,1068.31,507.4,35.14
526,Gulmi,Malika,83.150556,28.2525,1448.78,83.154444,28.249722,1364.93,83.150556,28.2525,1448.78,83.154444,28.249722,1364.93,83.85,75.46,2.824,0.0813,42.15,0.042,221.53,221.53,538.3,15.58
527,Gulmi,Malika,83.154444,28.249722,1364.93,83.155556,28.249167,1338.83,83.154444,28.249722,1364.93,83.155556,28.249167,1338.83,26.1,23.49,3.892,0.1121,18.08,0.018,95.03,95.03,137.0,19.06
528,Gulmi,Madane,83.062778,28.157778,1446.49,83.059722,28.154444,1382.16,83.062778,28.157778,1446.49,83.059722,28.154444,1382.16,64.33,57.9,1.416,0.0408,16.21,0.016,85.22,85.22,501.4,12.83
529,Gulmi,Dhurkot,83.174167,28.072222,1444.94,83.17,28.074167,1275.15,83.174167,28.072222,1444.94,83.17,28.074167,1275.15,169.79,152.81,0.646,0.0186,19.52,0.02,102.61,102.61,540.6,31.41
530,Gulmi,Madane,83.076944,28.107222,1444.52,83.081944,28.1075,1363.03,83.076944,28.107222,1444.52,83.081944,28.1075,1363.03,81.49,73.34,3.914,0.1127,56.77,0.057,298.39,298.39,532.6,15.3
531,Gulmi,Malika,83.114167,28.203889,1442.96,83.113611,28.199722,1349.47,83.114167,28.203889,1442.96,83.113611,28.199722,1349.47,93.49,84.14,0.988,0.0285,16.44,0.016,86.41,86.41,525.7,17.79
532,Gulmi,Malika,83.113611,28.199722,1349.47,83.114722,28.195556,1273.08,83.113611,28.199722,1349.47,83.114722,28.195556,1273.08,76.39,68.75,1.69,0.0487,22.98,0.023,120.78,120.78,505.0,15.13
533,Gulmi,Malika,83.114722,28.195556,1273.08,83.118333,28.194167,1207.28,83.114722,28.195556,1273.08,83.118333,28.194167,1207.28,65.8,59.22,1.895,0.0546,22.19,0.022,116.65,116.65,514.0,12.8
534,Gulmi,Malika,83.118333,28.194167,1207.28,83.120278,28.190833,1151.97,83.118333,28.194167,1207.28,83.120278,28.190833,1151.97,55.31,49.78,2.369,0.0682,23.32,0.023,122.58,122.58,522.0,10.59
535,Gulmi,Malika,83.120278,28.190833,1151.97,83.124722,28.189444,1124.62,83.120278,28.190833,1151.97,83.124722,28.189444,1124.62,27.35,24.62,2.646,0.0762,12.88,0.013,67.7,67.7,523.0,5.23
536,Gulmi,Malika,83.124722,28.189444,1124.62,83.126389,28.187778,1094.97,83.124722,28.189444,1124.62,83.126389,28.187778,1094.97,29.65,26.68,6.505,0.1873,34.33,0.034,180.44,180.44,264.3,11.22
537,Gulmi,Kaligandaki,83.529722,28.033611,1442.56,83.53,28.035278,1308.82,83.529722,28.033611,1442.56,83.53,28.035278,1308.82,133.74,120.37,1.353,0.039,32.21,0.032,169.28,169.28,195.8,68.29
538,Gulmi,Chandrakot,83.360833,28.14,1437.97,83.361667,28.138056,1390.78,83.360833,28.14,1437.97,83.361667,28.138056,1390.78,47.19,42.47,3.571,0.1028,29.99,0.03,157.65,157.65,247.4,19.08
539,Gulmi,Malika,83.145556,28.228333,1437.78,83.145278,28.226944,1379.1,83.145556,28.228333,1437.78,83.145278,28.226944,1379.1,58.68,52.81,22.517,0.6485,235.18,0.235,1236.11,1236.11,164.9,35.58
540,Gulmi,Malika,83.131389,28.226667,1437.47,83.134722,28.228333,1426.31,83.131389,28.226667,1437.47,83.134722,28.228333,1426.31,11.16,10.04,19.2,0.553,38.14,0.038,200.46,200.46,427.9,2.61
541,Gulmi,Satyawati,83.536389,28.007778,1436.79,83.532222,28.006944,1360.8,83.536389,28.007778,1436.79,83.532222,28.006944,1360.8,75.99,68.39,2.269,0.0653,30.69,0.031,161.31,161.31,478.8,15.87
542,Gulmi,Kaligandaki,83.558611,28.011111,1434.56,83.559167,28.013889,1272.47,83.558611,28.011111,1434.56,83.559167,28.013889,1272.47,162.09,145.88,1.212,0.0349,34.97,0.035,183.79,183.79,329.8,49.14
543,Gulmi,Satyawati,83.413333,28.070556,1431.53,83.408889,28.071389,1355.56,83.413333,28.070556,1431.53,83.408889,28.071389,1355.56,75.97,68.37,10.982,0.3163,148.5,0.148,780.51,780.51,478.1,15.89
544,Gulmi,Musikot,83.329167,28.156667,1430.74,83.324444,28.157222,1177.89,83.329167,28.156667,1430.74,83.324444,28.157222,1177.89,252.85,227.56,0.837,0.0241,37.67,0.038,197.99,197.99,519.3,48.69
545,Gulmi,Musikot,83.324444,28.157222,1177.89,83.321944,28.1575,1103.17,83.324444,28.157222,1177.89,83.321944,28.1575,1103.17,74.72,67.25,3.149,0.0907,41.88,0.042,220.12,220.12,287.3,26.01
546,Gulmi,Malika,83.131389,28.2,1429.45,83.129167,28.196111,1232.69,83.131389,28.2,1429.45,83.129167,28.196111,1232.69,196.76,177.08,0.958,0.0276,33.55,0.034,176.34,176.34,532.3,36.96
547,Gulmi,Madane,83.044722,28.224167,1427.22,83.041389,28.224722,1390.21,83.044722,28.224167,1427.22,83.041389,28.224722,1390.21,37.01,33.31,10.075,0.2902,66.37,0.066,348.84,348.84,355.1,10.42
548,Gulmi,Malika,83.134722,28.228333,1426.31,83.137778,28.227222,1415.22,83.134722,28.228333,1426.31,83.137778,28.227222,1415.22,11.09,9.98,20.813,0.5994,41.08,0.041,215.94,215.94,355.8,3.12
549,Gulmi,Kaligandaki,83.5175,28.110556,1424.27,83.518056,28.106389,1371.09,83.5175,28.110556,1424.27,83.518056,28.106389,1371.09,53.18,47.86,3.744,0.1078,35.44,0.035,186.27,186.27,525.7,10.12
550,Gulmi,Chandrakot,83.382778,28.093889,1423.04,83.385833,28.091111,1271.22,83.382778,28.093889,1423.04,83.385833,28.091111,1271.22,151.82,136.64,0.693,0.02,18.73,0.019,98.43,98.43,507.4,29.92
551,Gulmi,Chandrakot,83.385833,28.091111,1271.22,83.388889,28.0875,841.35,83.385833,28.091111,1271.22,83.388889,28.0875,841.35,429.87,386.88,0.749,0.0216,57.31,0.057,301.21,301.21,515.3,83.42
552,Gulmi,Chandrakot,83.388889,28.0875,841.35,83.389167,28.087222,825.95,83.388889,28.0875,841.35,83.389167,28.087222,825.95,15.4,13.86,122.334,3.5232,335.33,0.335,1762.48,1762.48,58.2,26.47
553,Gulmi,Madane,83.038889,28.168333,1422.94,83.043056,28.168056,1403.3,83.038889,28.168333,1422.94,83.043056,28.168056,1403.3,19.64,17.68,3.773,0.1087,13.19,0.013,69.32,69.32,506.7,3.88
554,Gulmi,Madane,83.043056,28.168056,1403.3,83.044722,28.164167,1382.9,83.043056,28.168056,1403.3,83.044722,28.164167,1382.9,20.4,18.36,4.187,0.1206,15.2,0.015,79.91,79.91,511.7,3.99
555,Gulmi,Madane,83.044722,28.164167,1382.9,83.046667,28.160278,1364.61,83.044722,28.164167,1382.9,83.046667,28.160278,1364.61,18.29,16.46,4.504,0.1297,14.66,0.015,77.07,77.07,505.0,3.62
556,Gulmi,Malika,83.176667,28.244444,1422.2,83.175278,28.240278,1286.59,83.176667,28.244444,1422.2,83.175278,28.240278,1286.59,135.61,122.05,0.913,0.0263,22.04,0.022,115.83,115.83,515.3,26.31
557,Gulmi,Malika,83.175278,28.240278,1286.59,83.175,28.238611,1252.55,83.175278,28.240278,1286.59,83.175,28.238611,1252.55,34.04,30.64,32.433,0.9341,196.51,0.197,1032.84,1032.84,195.8,17.38
558,Gulmi,Madane,83.085833,28.139444,1422.12,83.090556,28.139722,1314.38,83.085833,28.139444,1422.12,83.090556,28.139722,1314.38,107.74,96.97,0.832,0.024,15.96,0.016,83.86,83.86,505.4,21.32
559,Gulmi,Madane,83.090556,28.139722,1314.38,83.094722,28.138056,1271.98,83.090556,28.139722,1314.38,83.094722,28.138056,1271.98,42.4,38.16,2.92,0.0841,22.04,0.022,115.83,115.83,492.7,8.61
560,Gulmi,Dhurkot,83.150833,28.070556,1419.44,83.152778,28.074444,1267.71,83.150833,28.070556,1419.44,83.152778,28.074444,1267.71,151.73,136.56,1.054,0.0304,28.47,0.028,149.61,149.61,505.0,30.04
561,Gulmi,Dhurkot,83.152778,28.074444,1267.71,83.155,28.078333,1207.03,83.152778,28.074444,1267.71,83.155,28.078333,1207.03,60.68,54.61,1.789,0.0515,19.32,0.019,101.56,101.56,515.3,11.77
562,Gulmi,Dhurkot,83.155,28.078333,1207.03,83.157222,28.082222,1129.83,83.155,28.078333,1207.03,83.157222,28.082222,1129.83,77.2,69.48,2.376,0.0684,32.65,0.033,171.6,171.6,515.3,14.98
563,Gulmi,Dhurkot,83.157222,28.082222,1129.83,83.158333,28.084722,1074.49,83.157222,28.082222,1129.83,83.158333,28.084722,1074.49,55.34,49.81,5.934,0.1709,58.45,0.058,307.22,307.22,319.5,17.32
564,Gulmi,Dhurkot,83.083889,28.104722,1418.97,83.083056,28.105556,1397.34,83.083889,28.104722,1418.97,83.083056,28.105556,1397.34,21.63,19.47,1.84,0.053,7.08,0.007,37.23,37.23,123.7,17.49
565,Gulmi,Gulmidarbar,83.291667,28.053889,1417.8,83.296111,28.052222,1296.76,83.291667,28.053889,1417.8,83.296111,28.052222,1296.76,121.04,108.94,0.926,0.0267,19.95,0.02,104.86,104.86,520.0,23.28
566,Gulmi,Gulmidarbar,83.296111,28.052222,1296.76,83.298889,28.051111,1214.14,83.296111,28.052222,1296.76,83.298889,28.051111,1214.14,82.62,74.36,1.534,0.0442,22.56,0.023,118.57,118.57,328.5,25.15
567,Gulmi,Madane,83.083056,28.148611,1417.37,83.083611,28.152778,1350.33,83.083056,28.148611,1417.37,83.083611,28.152778,1350.33,67.04,60.34,0.887,0.0255,10.58,0.011,55.63,55.63,505.0,13.27
568,Gulmi,Madane,83.083611,28.152778,1350.33,83.083889,28.156389,1293.5,83.083611,28.152778,1350.33,83.083889,28.156389,1293.5,56.83,51.15,2.571,0.074,26.01,0.026,136.69,136.69,412.3,13.78
569,Gulmi,Chandrakot,83.480833,28.129444,1391.13,83.478611,28.129722,1381.38,83.480833,28.129444,1391.13,83.478611,28.129722,1381.38,9.75,8.78,21.893,0.6305,37.99,0.038,199.7,199.7,232.1,4.2
570,Gulmi,Malika,83.137778,28.227222,1415.22,83.1425,28.227222,1400.69,83.137778,28.227222,1415.22,83.1425,28.227222,1400.69,14.53,13.08,21.287,0.6131,55.05,0.055,289.36,289.36,519.3,2.8
571,Gulmi,Malika,83.1425,28.227222,1400.69,83.145278,28.226944,1379.1,83.1425,28.227222,1400.69,83.145278,28.226944,1379.1,21.59,19.43,22.517,0.6485,86.53,0.087,454.8,454.8,314.5,6.86
572,Gulmi,Madane,83.076389,28.164444,1415.15,83.080556,28.166389,1311.11,83.076389,28.164444,1415.15,83.080556,28.166389,1311.11,104.04,93.64,0.772,0.0222,14.3,0.014,75.14,75.14,523.7,19.87
573,Gulmi,Madane,83.080556,28.166389,1311.11,83.081389,28.166944,1293.68,83.080556,28.166389,1311.11,83.081389,28.166944,1293.68,17.43,15.69,20.083,0.5784,62.31,0.062,327.48,327.48,109.7,15.89
574,Gulmi,Musikot,83.345833,28.175556,1412.06,83.346944,28.179444,1253.63,83.345833,28.175556,1412.06,83.346944,28.179444,1253.63,158.43,142.59,1.846,0.0532,52.06,0.052,273.61,273.61,511.7,30.96
575,Gulmi,Musikot,83.346944,28.179444,1253.63,83.346389,28.183611,1146.85,83.346944,28.179444,1253.63,83.346389,28.183611,1146.85,106.78,96.1,2.418,0.0696,45.96,0.046,241.55,241.55,505.0,21.14
576,Gulmi,Musikot,83.346389,28.183611,1146.85,83.346111,28.1875,1093.07,83.346389,28.183611,1146.85,83.346111,28.1875,1093.07,53.78,48.4,2.775,0.0799,26.56,0.027,139.62,139.62,505.0,10.65
577,Gulmi,Musikot,83.346111,28.1875,1093.07,83.345556,28.191944,960.78,83.346111,28.1875,1093.07,83.345556,28.191944,960.78,132.29,119.06,2.979,0.0858,70.15,0.07,368.68,368.68,515.4,25.67
578,Gulmi,Musikot,83.345556,28.191944,960.78,83.345556,28.193333,901.08,83.345556,28.191944,960.78,83.345556,28.193333,901.08,59.7,53.73,259.939,7.4862,2762.15,2.762,14517.88,14517.88,154.6,38.61
579,Gulmi,Madane,83.078333,28.192222,1409.55,83.080833,28.191111,1398.53,83.078333,28.192222,1409.55,83.080833,28.191111,1398.53,11.02,9.92,12.878,0.3709,25.26,0.025,132.77,132.77,301.2,3.66
580,Gulmi,Madane,83.052778,28.174167,1408.05,83.052778,28.170556,1395.73,83.052778,28.174167,1408.05,83.052778,28.170556,1395.73,12.32,11.09,7.135,0.2055,15.65,0.016,82.24,82.24,501.4,2.46
581,Gulmi,Madane,83.052778,28.170556,1395.73,83.0525,28.166389,1362.63,83.052778,28.170556,1395.73,83.0525,28.166389,1362.63,33.1,29.79,7.506,0.2162,44.22,0.044,232.43,232.43,532.3,6.22
582,Gulmi,Madane,83.0525,28.166389,1362.63,83.053611,28.162222,1353.96,83.0525,28.166389,1362.63,83.053611,28.162222,1353.96,8.67,7.8,7.739,0.2229,11.94,0.012,62.77,62.77,522.0,1.66
583,Gulmi,Chandrakot,83.365556,28.131389,1407.84,83.364444,28.131667,1369.06,83.365556,28.131389,1407.84,83.364444,28.131667,1369.06,38.78,34.9,0.908,0.0262,6.27,0.006,32.94,32.94,123.0,31.53
584,Gulmi,Chandrakot,83.384444,28.115278,1406.77,83.387778,28.116111,1349.64,83.384444,28.115278,1406.77,83.387778,28.116111,1349.64,57.13,51.42,1.294,0.0373,13.16,0.013,69.16,69.16,369.1,15.48
585,Gulmi,Madane,83.076667,28.151667,1404.63,83.080556,28.154167,1349.7,83.076667,28.151667,1404.63,83.080556,28.154167,1349.7,54.93,49.44,1.352,0.0389,13.22,0.013,69.48,69.48,524.3,10.48
586,Gulmi,Madane,83.080556,28.154167,1349.7,83.083889,28.156389,1293.5,83.080556,28.154167,1349.7,83.083889,28.156389,1293.5,56.2,50.58,2.571,0.074,25.72,0.026,135.17,135.17,472.8,11.89
587,Gulmi,Chandrakot,83.386389,28.117778,1402.79,83.387778,28.116111,1349.64,83.386389,28.117778,1402.79,83.387778,28.116111,1349.64,53.15,47.83,1.294,0.0373,12.24,0.012,64.34,64.34,237.0,22.42
588,Gulmi,Resunga,83.2475,28.076111,1402.67,83.243611,28.078889,1235.24,83.2475,28.076111,1402.67,83.243611,28.078889,1235.24,167.43,150.69,0.723,0.0208,21.55,0.022,113.25,113.25,521.3,32.12
589,Gulmi,Resunga,83.243611,28.078889,1235.24,83.241111,28.0825,1159.34,83.243611,28.078889,1235.24,83.241111,28.0825,1159.34,75.9,68.31,1.201,0.0346,16.23,0.016,85.28,85.28,511.7,14.83
590,Gulmi,Resunga,83.241111,28.0825,1159.34,83.242222,28.086389,1075.91,83.241111,28.0825,1159.34,83.242222,28.086389,1075.91,83.43,75.09,1.511,0.0435,22.44,0.022,117.94,117.94,515.3,16.19
591,Gulmi,Resunga,83.242222,28.086389,1075.91,83.242778,28.089167,1012.74,83.242222,28.086389,1075.91,83.242778,28.089167,1012.74,63.17,56.85,2.383,0.0686,26.79,0.027,140.83,140.83,329.8,19.15
592,Gulmi,Malika,83.164722,28.238056,1401.87,83.168056,28.235833,1273.77,83.164722,28.238056,1401.87,83.168056,28.235833,1273.77,128.1,115.29,30.552,0.8799,696.61,0.697,3661.39,3661.39,438.9,29.19
593,Gulmi,Dhurkot,83.1075,28.087222,1401.29,83.106944,28.091389,1269.75,83.1075,28.087222,1401.29,83.106944,28.091389,1269.75,131.54,118.39,0.826,0.0238,19.34,0.019,101.65,101.65,525.7,25.02
594,Gulmi,Dhurkot,83.106944,28.091389,1269.75,83.108611,28.093056,1212.37,83.106944,28.091389,1269.75,83.108611,28.093056,1212.37,57.38,51.64,11.139,0.3208,113.77,0.114,597.95,597.95,281.3,20.4
595,Gulmi,Musikot,83.321389,28.170833,1401.28,83.316389,28.171111,1339.18,83.321389,28.170833,1401.28,83.316389,28.171111,1339.18,62.1,55.89,2.029,0.0584,22.43,0.022,117.88,117.88,532.6,11.66
596,Gulmi,Musikot,83.316389,28.171111,1339.18,83.311667,28.170278,1159.8,83.316389,28.171111,1339.18,83.311667,28.170278,1159.8,179.38,161.44,2.48,0.0714,79.18,0.079,416.18,416.18,505.4,35.5
597,Gulmi,Musikot,83.311667,28.170278,1159.8,83.307222,28.171667,1035.7,83.311667,28.170278,1159.8,83.307222,28.171667,1035.7,124.1,111.69,2.918,0.084,64.46,0.064,338.78,338.78,506.0,24.52
598,Gulmi,Musikot,83.307222,28.171667,1035.7,83.302778,28.173333,935.25,83.307222,28.171667,1035.7,83.302778,28.173333,935.25,100.45,90.41,3.406,0.0981,60.9,0.061,320.08,320.08,520.0,19.32
599,Gulmi,Musikot,83.302778,28.173333,935.25,83.301944,28.175,914.69,83.302778,28.173333,935.25,83.301944,28.175,914.69,20.56,18.5,4.101,0.1181,15.01,0.015,78.88,78.88,216.4,9.5
600,Gulmi,Malika,83.161389,28.194444,1398.77,83.165278,28.191667,1239.93,83.161389,28.194444,1398.77,83.165278,28.191667,1239.93,158.84,142.96,0.723,0.0208,20.44,0.02,107.44,107.44,521.3,30.47
601,Gulmi,Malika,83.165278,28.191667,1239.93,83.167222,28.19,1155.45,83.165278,28.191667,1239.93,83.167222,28.19,1155.45,84.48,76.03,6.151,0.1771,92.49,0.092,486.14,486.14,274.6,30.76
602,Gulmi,Madane,83.080833,28.191111,1398.53,83.083056,28.187778,1372.71,83.080833,28.191111,1398.53,83.083056,28.187778,1372.71,25.82,23.24,13.318,0.3836,61.21,0.061,321.7,321.7,508.0,5.08
603,Gulmi,Madane,83.083056,28.187778,1372.71,83.084167,28.183889,1357.82,83.083056,28.187778,1372.71,83.084167,28.183889,1357.82,14.89,13.4,13.929,0.4012,36.92,0.037,194.03,194.03,511.7,2.91
604,Gulmi,Madane,83.084167,28.183889,1357.82,83.083056,28.18,1340.63,83.084167,28.183889,1357.82,83.083056,28.18,1340.63,17.19,15.47,14.81,0.4265,45.31,0.045,238.17,238.17,535.9,3.21
605,Gulmi,Madane,83.083056,28.18,1340.63,83.081667,28.175833,1321.78,83.083056,28.18,1340.63,83.081667,28.175833,1321.78,18.85,16.97,15.186,0.4374,50.95,0.051,267.8,267.8,515.3,3.66
606,Gulmi,Madane,83.081667,28.175833,1321.78,83.080556,28.173889,1314.17,83.081667,28.175833,1321.78,83.080556,28.173889,1314.17,7.61,6.85,17.502,0.5041,23.71,0.024,124.6,124.6,257.7,2.95
607,Gulmi,Madane,83.083056,28.105556,1397.34,83.084167,28.109444,1362.97,83.083056,28.105556,1397.34,83.084167,28.109444,1362.97,34.37,30.93,5.937,0.171,36.32,0.036,190.9,190.9,494.7,6.95
608,Gulmi,Isma,83.188056,28.189722,1394.48,83.188889,28.185556,1226.38,83.188056,28.189722,1394.48,83.188889,28.185556,1226.38,168.1,151.29,0.846,0.0244,25.31,0.025,133.04,133.04,515.3,32.62
609,Gulmi,Isma,83.188889,28.185556,1226.38,83.190278,28.181667,1149.0,83.188889,28.185556,1226.38,83.190278,28.181667,1149.0,77.38,69.64,1.297,0.0374,17.86,0.018,93.89,93.89,522.0,14.83
610,Gulmi,Isma,83.190278,28.181667,1149.0,83.191111,28.181111,1123.68,83.190278,28.181667,1149.0,83.191111,28.181111,1123.68,25.32,22.79,3.545,0.1021,15.98,0.016,83.97,83.97,109.7,23.08
611,Gulmi,Satyawati,83.476944,28.079444,1393.24,83.480556,28.082222,1276.51,83.476944,28.079444,1393.24,83.480556,28.082222,1276.51,116.73,105.06,2.469,0.0711,51.3,0.051,269.63,269.63,528.0,22.11
612,Gulmi,Satyawati,83.480556,28.082222,1276.51,83.484722,28.084444,1189.75,83.480556,28.082222,1276.51,83.484722,28.084444,1189.75,86.76,78.08,2.633,0.0758,40.66,0.041,213.71,213.71,520.7,16.66
613,Gulmi,Satyawati,83.465,28.046944,1392.96,83.460556,28.045833,1254.9,83.465,28.046944,1392.96,83.460556,28.045833,1254.9,138.06,124.25,2.431,0.07,59.74,0.06,313.99,313.99,520.0,26.55
614,Gulmi,Satyawati,83.460556,28.045833,1254.9,83.456111,28.046667,1134.47,83.460556,28.045833,1254.9,83.456111,28.046667,1134.47,120.43,108.39,2.73,0.0786,58.52,0.059,307.58,307.58,506.0,23.8
615,Gulmi,Satyawati,83.456111,28.046667,1134.47,83.452222,28.044444,973.12,83.456111,28.046667,1134.47,83.452222,28.044444,973.12,161.35,145.22,3.05,0.0878,87.59,0.088,460.39,460.39,510.4,31.62
616,Gulmi,Satyawati,83.452222,28.044444,973.12,83.450556,28.043333,926.84,83.452222,28.044444,973.12,83.450556,28.043333,926.84,46.28,41.65,7.926,0.2283,65.29,0.065,343.17,343.17,236.4,19.58
617,Gulmi,Satyawati,83.515556,28.013056,1391.52,83.510833,28.011667,1223.87,83.515556,28.013056,1391.52,83.510833,28.011667,1223.87,167.65,150.89,1.292,0.0372,38.55,0.039,202.64,202.64,533.3,31.43
618,Gulmi,Satyawati,83.510833,28.011667,1223.87,83.506389,28.012222,1134.1,83.510833,28.011667,1223.87,83.506389,28.012222,1134.1,89.77,80.79,1.544,0.0445,24.67,0.025,129.67,129.67,520.0,17.26
619,Gulmi,Satyawati,83.506389,28.012222,1134.1,83.504722,28.0125,1093.96,83.506389,28.012222,1134.1,83.504722,28.0125,1093.96,40.14,36.13,6.865,0.1977,49.05,0.049,257.8,257.8,205.5,19.54
620,Gulmi,Chandrakot,83.361667,28.138056,1390.78,83.360556,28.135833,1348.06,83.361667,28.138056,1390.78,83.360556,28.135833,1348.06,42.72,38.45,4.659,0.1342,35.43,0.035,186.2,186.2,288.6,14.8
621,Gulmi,Madane,83.096111,28.176389,1390.22,83.096667,28.173333,1323.42,83.096111,28.176389,1390.22,83.096667,28.173333,1323.42,66.8,60.12,0.945,0.0272,11.24,0.011,59.06,59.06,511.0,13.07
622,Gulmi,Madane,83.096667,28.173333,1323.42,83.095833,28.168889,1289.63,83.096667,28.173333,1323.42,83.095833,28.168889,1289.63,33.79,30.41,1.568,0.0452,9.43,0.009,49.57,49.57,525.7,6.43
623,Gulmi,Madane,83.095833,28.168889,1289.63,83.098611,28.166111,1224.73,83.095833,28.168889,1289.63,83.098611,28.166111,1224.73,64.9,58.41,27.971,0.8056,323.11,0.323,1698.28,1698.28,446.2,14.54
624,Gulmi,Madane,83.041389,28.224722,1390.21,83.038611,28.224722,1366.12,83.041389,28.224722,1390.21,83.038611,28.224722,1366.12,24.09,21.68,13.236,0.3812,56.75,0.057,298.3,298.3,300.6,8.01
625,Gulmi,Malika,83.189167,28.21,1389.11,83.192222,28.213333,1268.12,83.189167,28.21,1389.11,83.192222,28.213333,1268.12,120.99,108.89,1.34,0.0386,28.86,0.029,151.67,151.67,501.4,24.13
626,Gulmi,Isma,83.192222,28.213333,1268.12,83.195278,28.216667,1194.98,83.192222,28.213333,1268.12,83.195278,28.216667,1194.98,73.14,65.83,1.65,0.0475,21.48,0.021,112.9,112.9,501.4,14.59
627,Gulmi,Isma,83.195278,28.216667,1194.98,83.196111,28.22,1137.07,83.195278,28.216667,1194.98,83.196111,28.22,1137.07,57.91,52.12,3.488,0.1005,35.95,0.036,188.97,188.97,402.0,14.41
628,Gulmi,Dhurkot,83.098333,28.107778,1388.7,83.098611,28.111944,1236.64,83.098333,28.107778,1388.7,83.098611,28.111944,1236.64,152.06,136.85,0.695,0.02,18.81,0.019,98.87,98.87,536.0,28.37
629,Gulmi,Isma,83.202778,28.198333,1387.06,83.205278,28.202222,1286.46,83.202778,28.198333,1387.06,83.205278,28.202222,1286.46,100.6,90.54,1.159,0.0334,20.75,0.021,109.08,109.08,525.6,19.14
630,Gulmi,Isma,83.205278,28.202222,1286.46,83.208056,28.205556,1257.97,83.205278,28.202222,1286.46,83.208056,28.205556,1257.97,28.49,25.64,1.708,0.0492,8.66,0.009,45.52,45.52,508.0,5.61
631,Gulmi,Isma,83.208056,28.205556,1257.97,83.208889,28.209167,1186.93,83.208056,28.205556,1257.97,83.208889,28.209167,1186.93,71.04,63.94,2.043,0.0588,25.83,0.026,135.78,135.78,528.6,13.44
632,Gulmi,Isma,83.208889,28.209167,1186.93,83.211389,28.213056,1086.17,83.208889,28.209167,1186.93,83.211389,28.213056,1086.17,100.76,90.68,2.248,0.0647,40.32,0.04,211.91,211.91,525.6,19.17
633,Gulmi,Isma,83.211389,28.213056,1086.17,83.213889,28.214167,1044.81,83.211389,28.213056,1086.17,83.213889,28.214167,1044.81,41.36,37.22,51.069,1.4708,375.96,0.376,1976.04,1976.04,301.2,13.73
634,Gulmi,Malika,83.170833,28.198889,1386.98,83.167778,28.197222,1297.61,83.170833,28.198889,1386.98,83.167778,28.197222,1297.61,89.37,80.43,2.885,0.0831,45.89,0.046,241.21,241.21,383.7,23.29
635,Gulmi,Kaligandaki,83.515833,28.048333,1386.26,83.518333,28.051944,1319.01,83.515833,28.048333,1386.26,83.518333,28.051944,1319.01,67.25,60.52,3.119,0.0898,37.33,0.037,196.23,196.23,511.7,13.14
636,Gulmi,Kaligandaki,83.518333,28.051944,1319.01,83.521111,28.055556,1153.47,83.518333,28.051944,1319.01,83.521111,28.055556,1153.47,165.54,148.99,3.766,0.1085,110.96,0.111,583.23,583.23,505.0,32.78
637,Gulmi,Kaligandaki,83.521111,28.055556,1153.47,83.523056,28.059444,1021.43,83.521111,28.055556,1153.47,83.523056,28.059444,1021.43,132.04,118.84,4.126,0.1188,96.97,0.097,509.67,509.67,525.6,25.12
638,Gulmi,Kaligandaki,83.523056,28.059444,1021.43,83.525,28.0625,946.52,83.523056,28.059444,1021.43,83.525,28.0625,946.52,74.91,67.42,5.416,0.156,72.21,0.072,379.56,379.56,412.3,18.17
639,Gulmi,Gulmidarbar,83.295278,28.038611,1383.42,83.296667,28.034444,1301.62,83.295278,28.038611,1383.42,83.296667,28.034444,1301.62,81.8,73.62,0.85,0.0245,12.38,0.012,65.05,65.05,515.3,15.87
640,Gulmi,Gulmidarbar,83.296667,28.034444,1301.62,83.300278,28.031667,1168.92,83.296667,28.034444,1301.62,83.300278,28.031667,1168.92,132.7,119.43,1.381,0.0398,32.62,0.033,171.44,171.44,511.0,25.97
641,Gulmi,Gulmidarbar,83.300278,28.031667,1168.92,83.303611,28.028333,1121.95,83.300278,28.031667,1168.92,83.303611,28.028333,1121.95,46.97,42.27,1.552,0.0447,12.98,0.013,68.2,68.2,528.6,8.89
642,Gulmi,Gulmidarbar,83.303611,28.028333,1121.95,83.303889,28.028056,1107.39,83.303611,28.028333,1121.95,83.303889,28.028056,1107.39,14.56,13.1,2.707,0.078,7.02,0.007,36.87,36.87,41.2,35.32
643,Gulmi,Madane,83.059722,28.154444,1382.16,83.056111,28.152222,1336.67,83.059722,28.154444,1382.16,83.056111,28.152222,1336.67,45.49,40.94,1.631,0.047,13.21,0.013,69.41,69.41,537.6,8.46
644,Gulmi,Musikot,83.183333,28.255833,1381.93,83.186389,28.259167,1141.1,83.183333,28.255833,1381.93,83.186389,28.259167,1141.1,240.83,216.75,0.656,0.0189,28.12,0.028,147.8,147.8,501.4,48.04
645,Gulmi,Musikot,83.186389,28.259167,1141.1,83.189444,28.262778,958.96,83.186389,28.259167,1141.1,83.189444,28.262778,958.96,182.14,163.93,1.128,0.0325,36.57,0.037,192.21,192.21,515.3,35.34
646,Gulmi,Musikot,83.189444,28.262778,958.96,83.191111,28.264167,892.38,83.189444,28.262778,958.96,83.191111,28.264167,892.38,66.58,59.92,774.298,22.2998,9176.01,9.176,48229.12,48229.12,233.4,28.53
647,Gulmi,Chandrakot,83.478611,28.129722,1381.38,83.474444,28.131667,1360.52,83.478611,28.129722,1381.38,83.474444,28.131667,1360.52,20.86,18.77,22.544,0.6493,83.7,0.084,439.95,439.95,506.7,4.12
648,Gulmi,Chandrakot,83.474444,28.131667,1360.52,83.471667,28.131944,1346.3,83.474444,28.131667,1360.52,83.471667,28.131944,1346.3,14.22,12.8,24.086,0.6937,60.96,0.061,320.42,320.42,314.5,4.52
649,Gulmi,Chandrakot,83.455,28.123333,1381.32,83.4525,28.125278,1256.75,83.455,28.123333,1381.32,83.4525,28.125278,1256.75,124.57,112.11,1.019,0.0293,22.59,0.023,118.75,118.75,360.1,34.6
650,Gulmi,Malika,83.161389,28.228889,1380.58,83.161389,28.231944,1316.85,83.161389,28.228889,1380.58,83.161389,28.231944,1316.85,63.73,57.36,29.118,0.8386,330.3,0.33,1736.05,1736.05,480.7,13.26
651,Gulmi,Malika,83.145278,28.226944,1379.1,83.147778,28.227222,1369.02,83.145278,28.226944,1379.1,83.147778,28.227222,1369.02,10.08,9.07,23.976,0.6905,43.02,0.043,226.1,226.1,287.3,3.51
652,Gulmi,Madane,83.1025,28.209167,1379.06,83.100556,28.205278,1289.7,83.1025,28.209167,1379.06,83.100556,28.205278,1289.7,89.36,80.42,3.655,0.1053,58.13,0.058,305.55,305.55,505.0,17.69
653,Gulmi,Madane,83.100556,28.205278,1289.7,83.1,28.203611,1264.78,83.100556,28.205278,1289.7,83.1,28.203611,1264.78,24.92,22.43,4.304,0.124,19.09,0.019,100.34,100.34,206.1,12.09
654,Gulmi,Dhurkot,83.205556,28.073889,1378.38,83.204167,28.077222,1334.65,83.205556,28.073889,1378.38,83.204167,28.077222,1334.65,43.73,39.36,1.04,0.03,8.09,0.008,42.55,42.55,528.0,8.28
655,Gulmi,Dhurkot,83.204167,28.077222,1334.65,83.205,28.081667,1251.68,83.204167,28.077222,1334.65,83.205,28.081667,1251.68,82.97,74.67,1.241,0.0357,18.33,0.018,96.33,96.33,525.7,15.78
656,Gulmi,Resunga,83.205,28.081667,1251.68,83.205833,28.084167,1157.0,83.205,28.081667,1251.68,83.205833,28.084167,1157.0,94.68,85.21,2.381,0.0686,40.13,0.04,210.9,210.9,309.2,30.62
657,Gulmi,Satyawati,83.479444,28.015833,1375.78,83.474722,28.016389,1224.16,83.479444,28.015833,1375.78,83.474722,28.016389,1224.16,151.62,136.46,0.74,0.0213,19.97,0.02,104.97,104.97,519.3,29.19
658,Gulmi,Satyawati,83.474722,28.016389,1224.16,83.473889,28.016389,1173.82,83.474722,28.016389,1224.16,83.473889,28.016389,1173.82,50.34,45.31,1.339,0.0386,12.0,0.012,63.06,63.06,81.8,61.55
659,Gulmi,Chandrakot,83.388611,28.123056,1373.04,83.393056,28.121389,1279.85,83.388611,28.123056,1373.04,83.393056,28.121389,1279.85,93.19,83.87,1.636,0.0471,27.14,0.027,142.63,142.63,520.0,17.92
660,Gulmi,Kaligandaki,83.540833,28.096944,1371.95,83.541111,28.092778,1187.23,83.540833,28.096944,1371.95,83.541111,28.092778,1187.23,184.72,166.25,1.046,0.0301,34.39,0.034,180.76,180.76,515.3,35.84
661,Gulmi,Kaligandaki,83.541111,28.092778,1187.23,83.538611,28.088889,1025.54,83.541111,28.092778,1187.23,83.538611,28.088889,1025.54,161.69,145.52,1.598,0.046,45.99,0.046,241.72,241.72,525.6,30.76
662,Gulmi,Kaligandaki,83.538611,28.088889,1025.54,83.536667,28.086111,953.66,83.538611,28.088889,1025.54,83.536667,28.086111,953.66,71.88,64.69,5.193,0.1496,66.44,0.066,349.21,349.21,381.3,18.85
663,Gulmi,Isma,83.193611,28.191111,1371.48,83.195278,28.189167,1268.41,83.193611,28.191111,1371.48,83.195278,28.189167,1268.41,103.07,92.76,0.982,0.0283,18.02,0.018,94.69,94.69,278.3,37.04
664,Gulmi,Malika,83.1725,28.194167,1371.46,83.169722,28.194722,1250.05,83.1725,28.194167,1371.46,83.169722,28.194722,1250.05,121.41,109.27,1.878,0.0541,40.58,0.041,213.31,213.31,300.6,40.39
665,Gulmi,Kaligandaki,83.556389,27.995833,1371.18,83.554444,27.991944,1239.77,83.556389,27.995833,1371.18,83.554444,27.991944,1239.77,131.41,118.27,0.985,0.0284,23.04,0.023,121.09,121.09,505.0,26.02
666,Gulmi,Kaligandaki,83.554444,27.991944,1239.77,83.551667,27.988333,1006.51,83.554444,27.991944,1239.77,83.551667,27.988333,1006.51,233.26,209.93,1.227,0.0353,50.94,0.051,267.76,267.76,505.0,46.19
667,Gulmi,Kaligandaki,83.551667,27.988333,1006.51,83.551667,27.984722,862.02,83.551667,27.988333,1006.51,83.551667,27.984722,862.02,144.49,130.04,2.877,0.0829,73.99,0.074,388.9,388.9,460.2,31.4
668,Gulmi,Chandrakot,83.3725,28.115,1370.33,83.368333,28.113333,1287.63,83.3725,28.115,1370.33,83.368333,28.113333,1287.63,82.7,74.43,1.871,0.0539,27.54,0.028,144.76,144.76,492.7,16.78
669,Gulmi,Chandrakot,83.364444,28.131667,1369.06,83.360556,28.129167,1261.81,83.364444,28.131667,1369.06,83.360556,28.129167,1261.81,107.25,96.53,1.313,0.0378,25.06,0.025,131.74,131.74,507.4,21.14
670,Gulmi,Chandrakot,83.360556,28.129167,1261.81,83.358889,28.128333,1244.28,83.360556,28.129167,1261.81,83.358889,28.128333,1244.28,17.53,15.78,7.789,0.2243,24.3,0.024,127.74,127.74,222.4,7.88
671,Gulmi,Malika,83.147778,28.227222,1369.02,83.151944,28.229444,1341.16,83.147778,28.227222,1369.02,83.151944,28.229444,1341.16,27.86,25.07,25.237,0.7268,125.15,0.125,657.77,657.77,537.6,5.18
672,Gulmi,Kaligandaki,83.518056,28.106111,1366.53,83.5175,28.103889,1341.29,83.518056,28.106111,1366.53,83.5175,28.103889,1341.29,25.24,22.72,6.503,0.1873,29.21,0.029,153.55,153.55,268.0,9.42
673,Gulmi,Madane,83.038611,28.224722,1366.12,83.035278,28.2275,1339.0,83.038611,28.224722,1366.12,83.035278,28.2275,1339.0,27.12,24.41,14.009,0.4035,67.62,0.068,355.43,355.43,500.7,5.42
674,Gulmi,Madane,83.035278,28.2275,1339.0,83.033056,28.231111,1308.48,83.035278,28.2275,1339.0,83.033056,28.231111,1308.48,30.52,27.47,14.482,0.4171,78.67,0.079,413.5,413.5,501.4,6.09
675,Gulmi,Madane,83.047222,28.159167,1364.59,83.048056,28.158333,1349.75,83.047222,28.159167,1364.59,83.048056,28.158333,1349.75,14.84,13.36,6.596,0.19,17.42,0.017,91.57,91.57,140.6,10.55
676,Gulmi,Madane,83.084167,28.109444,1362.97,83.084444,28.110556,1327.76,83.084167,28.109444,1362.97,83.084444,28.110556,1327.76,35.21,31.69,6.982,0.2011,43.76,0.044,229.99,229.99,134.0,26.28
677,Gulmi,Satyawati,83.532222,28.006944,1360.8,83.530833,28.005556,1343.09,83.532222,28.006944,1360.8,83.530833,28.005556,1343.09,17.71,15.94,3.138,0.0904,9.89,0.01,51.99,51.99,206.1,8.59
678,Gulmi,Chandrakot,83.439167,28.098333,1360.75,83.438333,28.1025,1230.39,83.439167,28.098333,1360.75,83.438333,28.1025,1230.39,130.36,117.32,0.954,0.0275,22.14,0.022,116.35,116.35,536.0,24.32
679,Gulmi,Chandrakot,83.438333,28.1025,1230.39,83.435556,28.106111,1145.26,83.438333,28.1025,1230.39,83.435556,28.106111,1145.26,85.13,76.62,12.195,0.3512,184.78,0.185,971.23,971.23,505.0,16.86
680,Gulmi,Resunga,83.259167,28.053056,1359.05,83.256389,28.049722,1260.21,83.259167,28.053056,1359.05,83.256389,28.049722,1260.21,98.84,88.96,1.876,0.054,33.0,0.033,173.47,173.47,508.0,19.46
681,Gulmi,Resunga,83.256389,28.049722,1260.21,83.255556,28.045556,1204.29,83.256389,28.049722,1260.21,83.255556,28.045556,1204.29,55.92,50.33,2.48,0.0714,24.68,0.025,129.74,129.74,536.0,10.43
682,Gulmi,Resunga,83.255556,28.045556,1204.29,83.255,28.041667,1150.31,83.255556,28.045556,1204.29,83.255,28.041667,1150.31,53.98,48.58,4.851,0.1397,46.61,0.047,244.97,244.97,453.5,11.9
683,Gulmi,Malika,83.147778,28.200278,1356.76,83.145556,28.198056,1302.24,83.147778,28.200278,1356.76,83.145556,28.198056,1302.24,54.52,49.07,3.178,0.0915,30.84,0.031,162.09,162.09,329.8,16.53
684,Gulmi,Chandrakot,83.358611,28.136667,1356.63,83.358611,28.133889,1310.82,83.358611,28.136667,1356.63,83.358611,28.133889,1310.82,45.81,41.23,5.523,0.1591,45.03,0.045,236.7,236.7,309.2,14.81
685,Gulmi,Chandrakot,83.441944,28.1325,1279.59,83.439444,28.130556,1159.53,83.441944,28.1325,1279.59,83.439444,28.130556,1159.53,120.06,108.05,46.992,1.3534,1004.21,1.004,5278.12,5278.12,411.0,29.21
686,Gulmi,Satyawati,83.476944,28.018333,1356.09,83.473889,28.016389,1173.82,83.476944,28.018333,1356.09,83.473889,28.016389,1173.82,182.27,164.04,1.339,0.0386,43.44,0.043,228.32,228.32,397.6,45.84
687,Gulmi,Satyawati,83.408889,28.071389,1355.56,83.405,28.069167,1226.5,83.408889,28.071389,1355.56,83.405,28.069167,1226.5,129.06,116.15,11.18,0.322,256.82,0.257,1349.87,1349.87,527.3,24.47
688,Gulmi,Satyawati,83.405,28.069167,1226.5,83.400833,28.068611,1036.94,83.405,28.069167,1226.5,83.400833,28.068611,1036.94,189.56,170.6,12.073,0.3477,407.35,0.407,2141.01,2141.01,537.6,35.26
689,Gulmi,Chandrakot,83.400833,28.068611,1036.94,83.400278,28.068333,1010.06,83.400833,28.068611,1036.94,83.400278,28.068333,1010.06,26.88,24.19,12.847,0.37,61.47,0.061,323.06,323.06,68.5,39.24
690,Gulmi,Chandrakot,83.375,28.093333,1355.14,83.376667,28.089167,1141.01,83.375,28.093333,1355.14,83.376667,28.089167,1141.01,214.13,192.72,1.152,0.0332,43.91,0.044,230.77,230.77,525.7,40.74
691,Gulmi,Chandrakot,83.376667,28.089167,1141.01,83.378889,28.085278,987.96,83.376667,28.089167,1141.01,83.378889,28.085278,987.96,153.05,137.74,1.518,0.0437,41.35,0.041,217.35,217.35,515.3,29.7
692,Gulmi,Chandrakot,83.378889,28.085278,987.96,83.382778,28.0825,807.46,83.378889,28.085278,987.96,83.382778,28.0825,807.46,180.5,162.45,1.896,0.0546,60.91,0.061,320.16,320.16,538.3,33.53
693,Gulmi,Chandrakot,83.382778,28.0825,807.46,83.383333,28.081667,769.11,83.382778,28.0825,807.46,83.383333,28.081667,769.11,38.35,34.52,125.185,3.6053,854.52,0.855,4491.33,4491.33,113.4,33.83
694,Gulmi,Musikot,83.336667,28.131667,1355.0,83.336944,28.128889,1184.24,83.336667,28.131667,1355.0,83.336944,28.128889,1184.24,170.76,153.68,2.341,0.0674,71.15,0.071,373.98,373.98,319.5,53.44
695,Gulmi,Madane,83.053611,28.161944,1353.95,83.053889,28.157222,1340.86,83.053611,28.161944,1353.95,83.053889,28.157222,1340.86,13.09,11.78,9.388,0.2704,21.87,0.022,114.97,114.97,536.0,2.44
696,Gulmi,Madane,83.053889,28.157222,1340.86,83.053333,28.154722,1336.74,83.053889,28.157222,1340.86,83.053333,28.154722,1336.74,4.12,3.71,16.546,0.4765,12.13,0.012,63.77,63.77,357.1,1.15
697,Gulmi,Satyawati,83.481944,28.071389,1351.45,83.485833,28.073889,1269.89,83.481944,28.071389,1351.45,83.485833,28.073889,1269.89,81.56,73.4,2.771,0.0798,40.23,0.04,211.43,211.43,524.3,15.56
698,Gulmi,Satyawati,83.485833,28.073889,1269.89,83.488333,28.077778,1176.65,83.485833,28.073889,1269.89,83.488333,28.077778,1176.65,93.24,83.92,3.251,0.0936,53.95,0.054,283.58,283.58,525.6,17.74
699,Gulmi,Satyawati,83.488333,28.077778,1176.65,83.492222,28.079722,1119.92,83.488333,28.077778,1176.65,83.492222,28.079722,1119.92,56.73,51.06,11.256,0.3242,113.66,0.114,597.38,597.38,496.4,11.43
700,Gulmi,Madane,83.048056,28.158333,1349.75,83.051389,28.155833,1336.78,83.048056,28.158333,1349.75,83.051389,28.155833,1336.78,12.97,11.67,7.041,0.2028,16.25,0.016,85.43,85.43,531.6,2.44
701,Gulmi,Chandrakot,83.387778,28.116111,1349.64,83.391667,28.115833,1311.64,83.387778,28.116111,1349.64,83.391667,28.115833,1311.64,38.0,34.2,2.367,0.0682,16.01,0.016,84.15,84.15,423.6,8.97
702,Gulmi,Chandrakot,83.360556,28.135833,1348.06,83.358611,28.133889,1310.82,83.360556,28.135833,1348.06,83.358611,28.133889,1310.82,37.24,33.52,5.523,0.1591,36.61,0.037,192.42,192.42,305.5,12.19
703,Gulmi,Madane,83.1,28.128889,1346.89,83.1025,28.132778,1227.63,83.1,28.128889,1346.89,83.1025,28.132778,1227.63,119.26,107.33,0.815,0.0235,17.3,0.017,90.93,90.93,525.6,22.69
704,Gulmi,Madane,83.1025,28.132778,1227.63,83.103889,28.134444,1191.59,83.1025,28.132778,1227.63,83.103889,28.134444,1191.59,36.04,32.44,5.875,0.1692,37.69,0.038,198.08,198.08,237.0,15.2
705,Gulmi,Chandrakot,83.471667,28.131944,1346.3,83.466389,28.131944,1317.0,83.471667,28.131944,1346.3,83.466389,28.131944,1317.0,29.3,26.37,24.472,0.7048,127.63,0.128,670.8,670.8,518.0,5.66
706,Gulmi,Chandrakot,83.466389,28.131944,1317.0,83.462222,28.13,1287.58,83.466389,28.131944,1317.0,83.462222,28.13,1287.58,29.42,26.48,24.924,0.7178,130.52,0.131,685.99,685.99,506.7,5.81
707,Gulmi,Chandrakot,83.462222,28.13,1287.58,83.461111,28.130278,1282.43,83.462222,28.13,1287.58,83.461111,28.130278,1282.43,5.15,4.63,25.956,0.7475,23.79,0.024,125.06,125.06,123.0,4.19
708,Gulmi,Malika,83.16,28.232222,1346.19,83.160833,28.231667,1316.86,83.16,28.232222,1346.19,83.160833,28.231667,1316.86,29.33,26.4,28.534,0.8218,148.96,0.149,782.95,782.95,109.7,26.73
709,Gulmi,Resunga,83.250833,28.052222,1344.2,83.252778,28.048333,1258.51,83.250833,28.052222,1344.2,83.252778,28.048333,1258.51,85.69,77.12,1.142,0.0329,17.42,0.017,91.55,91.55,505.0,16.97
710,Gulmi,Resunga,83.252778,28.048333,1258.51,83.253333,28.043889,1198.89,83.252778,28.048333,1258.51,83.253333,28.043889,1198.89,59.62,53.66,1.553,0.0447,16.48,0.016,86.62,86.62,536.0,11.12
711,Gulmi,Resunga,83.253333,28.043889,1198.89,83.255,28.041667,1150.31,83.253333,28.043889,1198.89,83.255,28.041667,1150.31,48.58,43.72,4.851,0.1397,41.95,0.042,220.47,220.47,343.1,14.16
712,Gulmi,Satyawati,83.530833,28.005556,1343.09,83.528611,28.0025,1264.58,83.530833,28.005556,1343.09,83.528611,28.0025,1264.58,78.51,70.66,3.552,0.1023,49.64,0.05,260.89,260.89,511.0,15.36
713,Gulmi,Satyawati,83.528611,28.0025,1264.58,83.526111,27.998889,1044.09,83.528611,28.0025,1264.58,83.526111,27.998889,1044.09,220.49,198.44,3.955,0.1139,155.22,0.155,815.82,815.82,511.7,43.09
714,Gulmi,Satyawati,83.526111,27.998889,1044.09,83.526389,27.998056,1001.71,83.526111,27.998889,1044.09,83.526389,27.998056,1001.71,42.38,38.14,5.355,0.1542,40.39,0.04,212.31,212.31,103.1,41.12
715,Gulmi,Musikot,83.224444,28.238333,836.17,83.223611,28.236389,820.4,83.224444,28.238333,836.17,83.223611,28.236389,820.4,15.77,14.19,797.235,22.9604,2237.79,2.238,11761.84,11761.84,247.4,6.37
716,Gulmi,Ruru,83.419444,28.002778,1341.36,83.417222,28.004722,1293.07,83.419444,28.002778,1341.36,83.417222,28.004722,1293.07,48.29,43.46,3.495,0.1007,30.04,0.03,157.89,157.89,349.8,13.81
717,Gulmi,Kaligandaki,83.5175,28.103889,1341.29,83.516111,28.099722,1315.11,83.5175,28.103889,1341.29,83.516111,28.099722,1315.11,26.18,23.56,6.908,0.199,32.19,0.032,169.19,169.19,536.0,4.89
718,Gulmi,Kaligandaki,83.516111,28.099722,1315.11,83.513056,28.096111,1250.41,83.516111,28.099722,1315.11,83.513056,28.096111,1250.41,64.7,58.23,7.437,0.2142,85.65,0.086,450.15,450.15,532.3,12.16
719,Gulmi,Kaligandaki,83.513056,28.096111,1250.41,83.510278,28.0925,1147.16,83.513056,28.096111,1250.41,83.510278,28.0925,1147.16,103.25,92.92,7.998,0.2303,146.99,0.147,772.55,772.55,505.0,20.44
720,Gulmi,Kaligandaki,83.510278,28.0925,1147.16,83.508056,28.088611,1020.09,83.510278,28.0925,1147.16,83.508056,28.088611,1020.09,127.07,114.36,8.357,0.2407,189.01,0.189,993.46,993.46,515.3,24.66
721,Gulmi,Chandrakot,83.508056,28.088611,1020.09,83.5075,28.0875,1002.33,83.508056,28.088611,1020.09,83.5075,28.0875,1002.33,17.76,15.98,12.849,0.3701,40.62,0.041,213.49,213.49,144.3,12.3
722,Gulmi,Malika,83.151944,28.229444,1341.16,83.155833,28.229722,1330.31,83.151944,28.229444,1341.16,83.155833,28.229722,1330.31,10.85,9.77,27.668,0.7968,53.43,0.053,280.84,280.84,423.6,2.56
723,Gulmi,Musikot,83.199722,28.2625,1053.36,83.196667,28.259722,880.59,83.199722,28.2625,1053.36,83.196667,28.259722,880.59,172.77,155.49,776.425,22.361,23876.46,23.876,125494.66,125494.66,439.5,39.31
724,Gulmi,Madane,83.093889,28.201111,1338.94,83.098611,28.200278,1231.98,83.093889,28.201111,1338.94,83.098611,28.200278,1231.98,106.96,96.26,0.688,0.0198,13.1,0.013,68.84,68.84,505.4,21.17
725,Gulmi,Malika,83.155556,28.249167,1338.83,83.16,28.251111,1279.67,83.155556,28.249167,1338.83,83.16,28.251111,1279.67,59.16,53.24,4.377,0.1261,46.09,0.046,242.25,242.25,534.0,11.08
726,Gulmi,Malika,83.16,28.251111,1279.67,83.164722,28.2525,1265.46,83.16,28.251111,1279.67,83.164722,28.2525,1265.46,14.21,12.79,4.932,0.142,12.47,0.012,65.57,65.57,533.3,2.67
727,Gulmi,Malika,83.164722,28.2525,1265.46,83.167222,28.253889,1235.6,83.164722,28.2525,1265.46,83.167222,28.253889,1235.6,29.86,26.87,5.836,0.1681,31.02,0.031,163.03,163.03,315.2,9.47
728,Gulmi,Chandrakot,83.453611,28.123611,1337.7,83.4525,28.125278,1256.75,83.453611,28.123611,1337.7,83.4525,28.125278,1256.75,80.95,72.86,1.019,0.0293,14.68,0.015,77.17,77.17,226.7,35.7
729,Gulmi,Madane,83.058611,28.144444,1337.22,83.056944,28.144722,1291.42,83.058611,28.144444,1337.22,83.056944,28.144722,1291.42,45.8,41.22,19.809,0.5705,161.48,0.161,848.76,848.76,205.5,22.29
730,Gulmi,Madane,83.056111,28.151944,1336.66,83.056667,28.148333,1295.34,83.056111,28.151944,1336.66,83.056667,28.148333,1295.34,41.32,37.19,18.836,0.5425,138.53,0.139,728.13,728.13,501.4,8.24
731,Gulmi,Madane,83.056667,28.148333,1295.34,83.056944,28.144722,1291.42,83.056667,28.148333,1295.34,83.056944,28.144722,1291.42,3.92,3.53,19.809,0.5705,13.82,0.014,72.65,72.65,432.9,0.9
732,Gulmi,Madane,83.034167,28.231111,1334.91,83.033056,28.231667,1308.47,83.034167,28.231111,1334.91,83.033056,28.231667,1308.47,26.44,23.8,15.198,0.4377,71.52,0.072,375.93,375.93,153.9,17.17
733,Gulmi,Gulmidarbar,83.298889,28.069167,1333.87,83.303611,28.069722,1217.23,83.298889,28.069167,1333.87,83.303611,28.069722,1217.23,116.64,104.98,1.018,0.0293,21.13,0.021,111.08,111.08,519.3,22.46
734,Gulmi,Gulmidarbar,83.303611,28.069722,1217.23,83.308056,28.068333,1143.49,83.303611,28.069722,1217.23,83.308056,28.068333,1143.49,73.74,66.37,1.509,0.0435,19.81,0.02,104.1,104.1,506.0,14.57
735,Gulmi,Gulmidarbar,83.308056,28.068333,1143.49,83.311389,28.065,1084.8,83.308056,28.068333,1143.49,83.311389,28.065,1084.8,58.69,52.82,2.189,0.063,22.87,0.023,120.19,120.19,528.6,11.1
736,Gulmi,Gulmidarbar,83.311389,28.065,1084.8,83.315278,28.0625,1020.99,83.311389,28.065,1084.8,83.315278,28.0625,1020.99,63.81,57.43,2.895,0.0834,32.88,0.033,172.82,172.82,524.3,12.17
737,Gulmi,Gulmidarbar,83.315278,28.0625,1020.99,83.316111,28.061667,995.77,83.315278,28.0625,1020.99,83.316111,28.061667,995.77,25.22,22.7,3.426,0.0987,15.38,0.015,80.83,80.83,123.7,20.39
738,Gulmi,Resunga,83.233056,28.050556,1331.57,83.23,28.0475,1188.83,83.233056,28.050556,1331.57,83.23,28.0475,1188.83,142.74,128.47,2.936,0.0846,74.59,0.075,392.07,392.07,487.4,29.29
739,Gulmi,Malika,83.155833,28.229722,1330.31,83.160278,28.231389,1316.87,83.155833,28.229722,1330.31,83.160278,28.231389,1316.87,13.44,12.1,27.98,0.8058,66.93,0.067,351.81,351.81,520.0,2.58
740,Gulmi,Isma,83.235556,28.179167,1329.88,83.240278,28.178611,1029.52,83.235556,28.179167,1329.88,83.240278,28.178611,1029.52,300.36,270.32,0.705,0.0203,37.69,0.038,198.1,198.1,519.3,57.84
741,Gulmi,Isma,83.240278,28.178611,1029.52,83.2425,28.178611,932.93,83.240278,28.178611,1029.52,83.2425,28.178611,932.93,96.59,86.93,66.018,1.9013,1135.0,1.135,5965.57,5965.57,274.0,35.26
742,Gulmi,Dhurkot,83.132778,28.128889,1329.37,83.133611,28.133333,1202.46,83.132778,28.128889,1329.37,83.133611,28.133333,1202.46,126.91,114.22,0.851,0.0245,19.22,0.019,101.04,101.04,525.7,24.14
743,Gulmi,Dhurkot,83.133611,28.133333,1202.46,83.134444,28.1375,1128.94,83.133611,28.133333,1202.46,83.134444,28.1375,1128.94,73.52,66.17,1.297,0.0374,16.97,0.017,89.21,89.21,515.3,14.26
744,Gulmi,Dhurkot,83.134444,28.1375,1128.94,83.135833,28.140278,1070.65,83.134444,28.1375,1128.94,83.135833,28.140278,1070.65,58.29,52.46,2.246,0.0647,23.3,0.023,122.48,122.48,360.7,16.16
745,Gulmi,Chatrakot,83.356111,28.021944,1328.38,83.360833,28.0225,1245.75,83.356111,28.021944,1328.38,83.360833,28.0225,1245.75,82.63,74.37,0.758,0.0218,11.15,0.011,58.6,58.6,519.3,15.91
746,Gulmi,Chatrakot,83.360833,28.0225,1245.75,83.363611,28.019167,1150.14,83.360833,28.0225,1245.75,83.363611,28.019167,1150.14,95.61,86.05,1.168,0.0336,19.88,0.02,104.47,104.47,525.0,18.21
747,Gulmi,Chatrakot,83.363611,28.019167,1150.14,83.365556,28.017778,1092.41,83.363611,28.019167,1150.14,83.365556,28.017778,1092.41,57.73,51.96,1.861,0.0536,19.12,0.019,100.51,100.51,260.7,22.15
748,Gulmi,Madane,83.084444,28.110556,1327.76,83.086944,28.111389,1310.54,83.084444,28.110556,1327.76,83.086944,28.111389,1310.54,17.22,15.5,8.197,0.2361,25.12,0.025,132.05,132.05,287.3,5.99
749,Gulmi,Madane,83.097778,28.204444,1322.7,83.1,28.203611,1264.78,83.097778,28.204444,1322.7,83.1,28.203611,1264.78,57.92,52.13,4.304,0.124,44.37,0.044,233.22,233.22,260.0,22.28
750,Gulmi,Kaligandaki,83.554167,28.091111,1322.34,83.558333,28.090833,1137.6,83.554167,28.091111,1322.34,83.558333,28.090833,1137.6,184.74,166.27,0.829,0.0239,27.26,0.027,143.28,143.28,506.7,36.46
751,Gulmi,Kaligandaki,83.558333,28.090833,1137.6,83.5625,28.092778,797.79,83.558333,28.090833,1137.6,83.5625,28.092778,797.79,339.81,305.83,1.036,0.0298,62.66,0.063,329.35,329.35,534.6,63.56
752,Gulmi,Malika,83.161389,28.231944,1316.85,83.165833,28.233889,1293.25,83.161389,28.231944,1316.85,83.165833,28.233889,1293.25,23.6,21.24,29.711,0.8557,124.8,0.125,655.97,655.97,534.0,4.42
753,Gulmi,Malika,83.165833,28.233889,1293.25,83.168056,28.235833,1273.77,83.165833,28.233889,1293.25,83.168056,28.235833,1273.77,19.48,17.53,30.552,0.8799,105.93,0.106,556.78,556.78,349.8,5.57
754,Gulmi,Madane,83.097778,28.146389,1314.28,83.102778,28.146667,1198.09,83.097778,28.146389,1314.28,83.102778,28.146667,1198.09,116.19,104.57,1.045,0.0301,21.61,0.022,113.59,113.59,504.7,23.02
755,Gulmi,Madane,83.102778,28.146667,1198.09,83.107222,28.145278,1179.2,83.102778,28.146667,1198.09,83.107222,28.145278,1179.2,18.89,17.0,1.553,0.0447,5.22,0.005,27.44,27.44,506.0,3.73
756,Gulmi,Madane,83.080556,28.173889,1314.17,83.080556,28.169444,1302.08,83.080556,28.173889,1314.17,83.080556,28.169444,1302.08,12.09,10.88,18.866,0.5433,40.6,0.041,213.38,213.38,536.0,2.25
757,Gulmi,Dhurkot,83.093333,28.108889,1311.76,83.093889,28.110556,1258.08,83.093333,28.108889,1311.76,83.093889,28.110556,1258.08,53.68,48.31,9.475,0.2729,90.53,0.091,475.83,475.83,226.7,23.67
758,Gulmi,Chandrakot,83.391667,28.115833,1311.64,83.395833,28.117222,1236.22,83.391667,28.115833,1311.64,83.395833,28.117222,1236.22,75.42,67.88,2.635,0.0759,35.37,0.035,185.92,185.92,506.7,14.88
759,Gulmi,Chandrakot,83.395833,28.117222,1236.22,83.396944,28.118611,1212.61,83.395833,28.117222,1236.22,83.396944,28.118611,1212.61,23.61,21.25,4.68,0.1348,19.67,0.02,103.37,103.37,195.8,12.06
760,Gulmi,Chandrakot,83.358611,28.133889,1310.82,83.358333,28.129722,1248.07,83.358611,28.133889,1310.82,83.358333,28.129722,1248.07,62.75,56.48,6.332,0.1824,70.72,0.071,371.72,371.72,515.3,12.18
761,Gulmi,Chandrakot,83.358333,28.129722,1248.07,83.358889,28.128333,1244.28,83.358333,28.129722,1248.07,83.358889,28.128333,1244.28,3.79,3.41,7.789,0.2243,5.25,0.005,27.62,27.62,175.2,2.16
762,Gulmi,Dhurkot,83.086944,28.111389,1310.54,83.091944,28.110556,1278.63,83.086944,28.111389,1310.54,83.091944,28.110556,1278.63,31.91,28.72,8.868,0.2554,50.37,0.05,264.73,264.73,532.6,5.99
763,Gulmi,Dhurkot,83.091944,28.110556,1278.63,83.093889,28.110556,1258.08,83.091944,28.110556,1278.63,83.093889,28.110556,1258.08,20.55,18.5,9.475,0.2729,34.66,0.035,182.16,182.16,218.8,9.39
764,Gulmi,Isma,83.189444,28.218611,1310.18,83.193333,28.220556,1163.56,83.189444,28.218611,1310.18,83.193333,28.220556,1163.56,146.62,131.96,1.509,0.0435,39.38,0.039,206.99,206.99,513.4,28.56
765,Gulmi,Malika,83.168056,28.251944,1310.03,83.167222,28.253889,1235.6,83.168056,28.251944,1310.03,83.167222,28.253889,1235.6,74.43,66.99,5.836,0.1681,77.32,0.077,406.37,406.37,247.4,30.09
766,Gulmi,Ruru,83.415,28.003333,1303.25,83.417222,28.004722,1293.07,83.415,28.003333,1303.25,83.417222,28.004722,1293.07,10.18,9.16,3.495,0.1007,6.33,0.006,33.29,33.29,304.9,3.34
767,Gulmi,Kaligandaki,83.53,28.035278,1308.82,83.530833,28.036667,1267.02,83.53,28.035278,1308.82,83.530833,28.036667,1267.02,41.8,37.62,2.432,0.07,18.09,0.018,95.1,95.1,185.5,22.53
768,Gulmi,Madane,83.033056,28.231667,1308.47,83.032778,28.235278,1291.07,83.033056,28.231667,1308.47,83.032778,28.235278,1291.07,17.4,15.66,16.255,0.4681,50.34,0.05,264.6,264.6,453.5,3.84
769,Gulmi,Satyawati,83.478611,28.089444,1308.28,83.481389,28.085556,1225.99,83.478611,28.089444,1308.28,83.481389,28.085556,1225.99,82.29,74.06,3.223,0.0928,47.21,0.047,248.12,248.12,535.9,15.35
770,Gulmi,Satyawati,83.481389,28.085556,1225.99,83.484722,28.084722,1189.93,83.481389,28.085556,1225.99,83.484722,28.084722,1189.93,36.06,32.45,4.548,0.131,29.19,0.029,153.43,153.43,369.1,9.77
771,Gulmi,Satyawati,83.475556,28.031389,1302.48,83.471389,28.028889,1186.18,83.475556,28.031389,1302.48,83.471389,28.028889,1186.18,116.3,104.67,6.427,0.1851,133.04,0.133,699.27,699.27,534.6,21.75
772,Gulmi,Satyawati,83.471389,28.028889,1186.18,83.468056,28.025556,1016.36,83.471389,28.028889,1186.18,83.468056,28.025556,1016.36,169.82,152.84,7.521,0.2166,227.34,0.227,1194.87,1194.87,511.7,33.19
773,Gulmi,Malika,83.145556,28.198056,1302.24,83.145278,28.195,1247.3,83.145556,28.198056,1302.24,83.145278,28.195,1247.3,54.94,49.45,3.833,0.1104,37.48,0.037,197.01,197.01,371.1,14.81
774,Gulmi,Madane,83.080556,28.169444,1302.08,83.081389,28.166944,1293.68,83.080556,28.169444,1302.08,83.081389,28.166944,1293.68,8.4,7.56,20.083,0.5784,30.03,0.03,157.82,157.82,329.8,2.55
775,Gulmi,Gulmidarbar,83.315,28.022778,1301.97,83.311667,28.02,1172.1,83.315,28.022778,1301.97,83.311667,28.02,1172.1,129.87,116.88,0.919,0.0265,21.24,0.021,111.66,111.66,517.7,25.09
776,Gulmi,Gulmidarbar,83.311667,28.02,1172.1,83.307222,28.018889,1063.54,83.311667,28.02,1172.1,83.307222,28.018889,1063.54,108.56,97.7,1.433,0.0413,27.69,0.028,145.54,145.54,520.0,20.88
777,Gulmi,Gulmidarbar,83.307222,28.018889,1063.54,83.303056,28.0175,1010.65,83.307222,28.018889,1063.54,83.303056,28.0175,1010.65,52.89,47.6,1.683,0.0485,15.84,0.016,83.28,83.28,523.7,10.1
778,Gulmi,Gulmidarbar,83.303056,28.0175,1010.65,83.300556,28.016111,956.31,83.303056,28.0175,1010.65,83.300556,28.016111,956.31,54.34,48.91,7.904,0.2276,76.45,0.076,401.81,401.81,332.1,16.36
779,Gulmi,Madane,83.081944,28.159444,1301.93,83.082778,28.159722,1279.97,83.081944,28.159444,1301.93,83.082778,28.159722,1279.97,21.96,19.76,20.992,0.6046,82.05,0.082,431.26,431.26,95.8,22.94
780,Gulmi,Kaligandaki,83.525,28.091944,1268.4,83.528889,28.090556,1221.37,83.525,28.091944,1268.4,83.528889,28.090556,1221.37,47.03,42.33,1.032,0.0297,8.64,0.009,45.41,45.41,524.3,8.97
781,Gulmi,Kaligandaki,83.528889,28.090556,1221.37,83.53,28.090833,1202.0,83.528889,28.090556,1221.37,83.53,28.090833,1202.0,19.37,17.43,2.767,0.0797,9.54,0.01,50.14,50.14,123.0,15.74
782,Gulmi,Satyawati,83.413333,28.056111,1300.12,83.409722,28.053056,1002.9,83.413333,28.056111,1300.12,83.409722,28.053056,1002.9,297.22,267.5,0.731,0.0211,38.67,0.039,203.26,203.26,525.0,56.62
783,Gulmi,Satyawati,83.409722,28.053056,1002.9,83.406389,28.049444,866.41,83.409722,28.053056,1002.9,83.406389,28.049444,866.41,136.49,122.84,0.943,0.0272,22.91,0.023,120.41,120.41,525.6,25.97
784,Gulmi,Satyawati,83.406389,28.049444,866.41,83.405278,28.045,687.84,83.406389,28.049444,866.41,83.405278,28.045,687.84,178.57,160.71,1.341,0.0386,42.62,0.043,224.02,224.02,536.0,33.32
785,Gulmi,Satyawati,83.405278,28.045,687.84,83.402222,28.041944,627.47,83.405278,28.045,687.84,83.402222,28.041944,627.47,60.37,54.33,1.521,0.0438,16.34,0.016,85.9,85.9,504.4,11.97
786,Gulmi,Chatrakot,83.402222,28.041944,627.47,83.400556,28.038889,596.09,83.402222,28.041944,627.47,83.400556,28.038889,596.09,31.38,28.24,1.641,0.0473,9.17,0.009,48.17,48.17,514.7,6.1
787,Gulmi,Dhurkot,83.125833,28.080556,1277.08,83.125,28.084444,1232.47,83.125833,28.080556,1277.08,83.125,28.084444,1232.47,44.61,40.15,6.787,0.1955,53.89,0.054,283.25,283.25,501.4,8.9
788,Gulmi,Dhurkot,83.125,28.084444,1232.47,83.121667,28.086389,1222.39,83.125,28.084444,1232.47,83.121667,28.086389,1222.39,10.08,9.07,7.1,0.2045,12.74,0.013,66.95,66.95,514.7,1.96
789,Gulmi,Dhurkot,83.121667,28.086389,1222.39,83.120833,28.088889,1195.56,83.121667,28.086389,1222.39,83.120833,28.088889,1195.56,26.83,24.15,10.613,0.3057,50.68,0.051,266.39,266.39,309.2,8.68
790,Gulmi,Malika,83.167778,28.197222,1297.61,83.169167,28.194167,1231.2,83.167778,28.197222,1297.61,83.169167,28.194167,1231.2,66.41,59.77,4.99,0.1437,58.98,0.059,310.02,310.02,391.7,16.95
791,Gulmi,Dhurkot,83.135,28.117222,1297.25,83.133611,28.113333,1177.73,83.135,28.117222,1297.25,83.133611,28.113333,1177.73,119.52,107.57,0.66,0.019,14.04,0.014,73.8,73.8,501.4,23.84
792,Gulmi,Dhurkot,83.133611,28.113333,1177.73,83.130556,28.110278,1124.89,83.133611,28.113333,1177.73,83.130556,28.110278,1124.89,52.84,47.56,1.227,0.0353,11.54,0.012,60.65,60.65,504.4,10.48
793,Gulmi,Dhurkot,83.130556,28.110278,1124.89,83.127222,28.108333,1059.69,83.130556,28.110278,1124.89,83.127222,28.108333,1059.69,65.2,58.68,64.327,1.8526,746.52,0.747,3923.72,3923.72,441.9,14.76
794,Gulmi,Resunga,83.209444,28.079444,1295.55,83.207222,28.083333,1216.36,83.209444,28.079444,1295.55,83.207222,28.083333,1216.36,79.19,71.27,0.974,0.0281,13.73,0.014,72.16,72.16,532.3,14.88
795,Gulmi,Resunga,83.207222,28.083333,1216.36,83.205833,28.084167,1157.0,83.207222,28.083333,1216.36,83.205833,28.084167,1157.0,59.36,53.42,2.381,0.0686,25.16,0.025,132.22,132.22,178.2,33.31
796,Gulmi,Kaligandaki,83.547222,28.106944,1295.1,83.551667,28.105556,1073.42,83.547222,28.106944,1295.1,83.551667,28.105556,1073.42,221.68,199.51,1.061,0.0306,41.86,0.042,220.04,220.04,534.0,41.52
797,Gulmi,Kaligandaki,83.551667,28.105556,1073.42,83.555278,28.106389,929.88,83.551667,28.105556,1073.42,83.555278,28.106389,929.88,143.54,129.19,25.631,0.7382,654.85,0.655,3441.88,3441.88,396.3,36.22
798,Gulmi,Madane,83.081389,28.166944,1293.68,83.082778,28.163333,1284.33,83.081389,28.166944,1293.68,83.082778,28.163333,1284.33,9.35,8.42,20.255,0.5833,33.71,0.034,177.17,177.17,511.7,1.83
799,Gulmi,Madane,83.082778,28.163333,1284.33,83.082778,28.159722,1279.97,83.082778,28.163333,1284.33,83.082778,28.159722,1279.97,4.36,3.92,20.992,0.6046,16.29,0.016,85.62,85.62,463.8,0.94
800,Gulmi,Madane,83.083889,28.156389,1293.5,83.085833,28.158889,1271.51,83.083889,28.156389,1293.5,83.085833,28.158889,1271.51,21.99,19.79,23.829,0.6863,93.27,0.093,490.22,490.22,367.4,5.98
801,Gulmi,Ruru,83.417222,28.004722,1293.07,83.416389,28.009167,1151.84,83.417222,28.004722,1293.07,83.416389,28.009167,1151.84,141.23,127.11,3.871,0.1115,97.31,0.097,511.46,511.46,525.7,26.87
802,Gulmi,Ruru,83.416389,28.009167,1151.84,83.413611,28.0125,1090.76,83.416389,28.009167,1151.84,83.413611,28.0125,1090.76,61.08,54.97,4.185,0.1205,45.5,0.045,239.14,239.14,508.0,12.02
803,Gulmi,Ruru,83.413611,28.0125,1090.76,83.413333,28.016389,974.3,83.413611,28.0125,1090.76,83.413333,28.016389,974.3,116.46,104.81,4.524,0.1303,93.78,0.094,492.9,492.9,525.6,22.15
804,Gulmi,Ruru,83.413333,28.016389,974.3,83.4175,28.018611,761.98,83.413333,28.016389,974.3,83.4175,28.018611,761.98,212.32,191.09,4.736,0.1364,178.98,0.179,940.72,940.72,520.7,40.78
805,Gulmi,Ruru,83.4175,28.018611,761.98,83.42,28.022222,619.82,83.4175,28.018611,761.98,83.42,28.022222,619.82,142.16,127.94,5.992,0.1726,151.62,0.152,796.91,796.91,528.6,26.89
806,Gulmi,Ruru,83.42,28.022222,619.82,83.423056,28.025,571.51,83.42,28.022222,619.82,83.423056,28.025,571.51,48.31,43.48,6.402,0.1844,55.05,0.055,289.34,289.34,501.4,9.64
807,Gulmi,Ruru,83.423056,28.025,571.51,83.424722,28.023889,570.5,83.423056,28.025,571.51,83.424722,28.023889,570.5,1.01,0.91,1933.62,55.6883,347.61,0.348,1827.05,1827.05,219.4,0.46
808,Gulmi,Satyawati,83.508889,28.019722,1291.75,83.506944,28.017222,1212.51,83.508889,28.019722,1291.75,83.506944,28.017222,1212.51,79.24,71.32,4.736,0.1364,66.8,0.067,351.09,351.09,350.4,22.61
809,Gulmi,Madane,83.056944,28.144722,1291.42,83.055,28.141667,1269.36,83.056944,28.144722,1291.42,83.055,28.141667,1269.36,22.06,19.85,23.709,0.6828,93.09,0.093,489.3,489.3,491.1,4.49
810,Gulmi,Madane,83.032778,28.235278,1291.07,83.029167,28.237222,1237.68,83.032778,28.235278,1291.07,83.029167,28.237222,1237.68,53.39,48.05,16.74,0.4821,159.08,0.159,836.13,836.13,503.0,10.61
811,Gulmi,Madane,83.029167,28.237222,1237.68,83.024722,28.236111,1207.15,83.029167,28.237222,1237.68,83.024722,28.236111,1207.15,30.53,27.48,17.011,0.4899,92.44,0.092,485.86,485.86,520.0,5.87
812,Gulmi,Chandrakot,83.452778,28.103611,1290.95,83.448333,28.103889,1244.94,83.452778,28.103611,1290.95,83.448333,28.103889,1244.94,46.01,41.41,7.589,0.2186,62.15,0.062,326.66,326.66,506.0,9.09
813,Gulmi,Chandrakot,83.448333,28.103889,1244.94,83.4475,28.104167,1235.46,83.448333,28.103889,1244.94,83.4475,28.104167,1235.46,9.48,8.53,8.298,0.239,14.0,0.014,73.59,73.59,95.8,9.9
814,Gulmi,Isma,83.218333,28.175556,1287.81,83.213889,28.174167,1194.15,83.218333,28.175556,1287.81,83.213889,28.174167,1194.15,93.66,84.29,0.792,0.0228,13.2,0.013,69.4,69.4,506.0,18.51
815,Gulmi,Isma,83.213889,28.174167,1194.15,83.209167,28.173889,1124.79,83.213889,28.174167,1194.15,83.209167,28.173889,1124.79,69.36,62.42,1.42,0.0409,17.53,0.018,92.14,92.14,505.4,13.72
816,Gulmi,Isma,83.209167,28.173889,1124.79,83.205833,28.171944,1077.71,83.209167,28.173889,1124.79,83.205833,28.171944,1077.71,47.08,42.37,2.013,0.058,16.87,0.017,88.66,88.66,424.9,11.08
817,Gulmi,Gulmidarbar,83.293056,28.029444,1287.72,83.293889,28.025556,1078.29,83.293056,28.029444,1287.72,83.293889,28.025556,1078.29,209.43,188.49,0.849,0.0245,31.65,0.032,166.34,166.34,525.6,39.84
818,Gulmi,Gulmidarbar,83.293889,28.025556,1078.29,83.296667,28.022222,1004.47,83.293889,28.025556,1078.29,83.296667,28.022222,1004.47,73.82,66.44,1.574,0.0453,20.68,0.021,108.7,108.7,508.0,14.53
819,Gulmi,Gulmidarbar,83.296667,28.022222,1004.47,83.297222,28.021944,999.07,83.296667,28.022222,1004.47,83.297222,28.021944,999.07,5.4,4.86,5.402,0.1556,5.19,0.005,27.29,27.29,68.5,7.89
820,Gulmi,Chandrakot,83.368333,28.113333,1287.63,83.363611,28.113056,1197.48,83.368333,28.113333,1287.63,83.363611,28.113056,1197.48,90.15,81.14,2.252,0.0649,36.14,0.036,189.93,189.93,505.4,17.84
821,Gulmi,Chandrakot,83.363611,28.113056,1197.48,83.360278,28.113333,1110.85,83.363611,28.113056,1197.48,83.360278,28.113333,1110.85,86.63,77.97,4.151,0.1195,64.01,0.064,336.42,336.42,341.1,25.4
822,Gulmi,Musikot,83.190556,28.268611,1018.19,83.188333,28.266667,898.09,83.190556,28.268611,1018.19,83.188333,28.266667,898.09,120.1,108.09,772.927,22.2603,16522.8,16.523,86843.81,86843.81,349.8,34.34
823,Gulmi,Chatrakot,83.352222,28.007778,1286.47,83.354722,28.009444,1212.96,83.352222,28.007778,1286.47,83.354722,28.009444,1212.96,73.51,66.16,1.171,0.0337,15.32,0.015,80.53,80.53,329.1,22.33
824,Gulmi,Musikot,83.333611,28.178056,1285.81,83.333333,28.1825,1102.91,83.333611,28.178056,1285.81,83.333333,28.1825,1102.91,182.9,164.61,1.198,0.0345,39.0,0.039,204.99,204.99,505.1,36.21
825,Gulmi,Musikot,83.333333,28.1825,1102.91,83.333056,28.186944,975.78,83.333333,28.1825,1102.91,83.333056,28.186944,975.78,127.13,114.42,1.443,0.0416,32.65,0.033,171.62,171.62,505.1,25.17
826,Gulmi,Musikot,83.333056,28.186944,975.78,83.331111,28.189167,862.6,83.333056,28.186944,975.78,83.331111,28.189167,862.6,113.18,101.86,264.045,7.6045,5319.24,5.319,27957.93,27957.93,336.5,33.64
827,Gulmi,Gulmidarbar,83.297778,28.049167,1282.65,83.298889,28.051111,1214.14,83.297778,28.049167,1282.65,83.298889,28.051111,1214.14,68.51,61.66,1.534,0.0442,18.71,0.019,98.32,98.32,257.7,26.59
828,Gulmi,Dhurkot,83.201944,28.084444,1282.49,83.204722,28.087222,1066.16,83.201944,28.084444,1282.49,83.204722,28.087222,1066.16,216.33,194.7,3.17,0.0913,122.06,0.122,641.55,641.55,429.2,50.4
829,Gulmi,Chandrakot,83.461111,28.130278,1282.43,83.458333,28.1325,1262.13,83.461111,28.130278,1282.43,83.458333,28.1325,1262.13,20.3,18.27,39.661,1.1422,143.31,0.143,753.21,753.21,384.3,5.28
830,Gulmi,Kaligandaki,83.549167,28.023611,1282.33,83.547222,28.0275,1003.96,83.549167,28.023611,1282.33,83.547222,28.0275,1003.96,278.37,250.53,0.626,0.018,31.02,0.031,163.02,163.02,505.0,55.12
831,Gulmi,Kaligandaki,83.547222,28.0275,1003.96,83.546389,28.028889,937.9,83.547222,28.0275,1003.96,83.546389,28.028889,937.9,66.06,59.45,3.632,0.1046,42.71,0.043,224.46,224.46,185.5,35.61
832,Gulmi,Dhurkot,83.104167,28.094167,1279.85,83.107778,28.093056,1240.18,83.104167,28.094167,1279.85,83.107778,28.093056,1240.18,39.67,35.7,10.265,0.2956,72.48,0.072,380.96,380.96,500.0,7.93
833,Gulmi,Dhurkot,83.107778,28.093056,1240.18,83.108611,28.093056,1212.37,83.107778,28.093056,1240.18,83.108611,28.093056,1212.37,27.81,25.03,11.139,0.3208,55.14,0.055,289.8,289.8,81.8,33.99
834,Gulmi,Satyawati,83.5075,28.019167,1280.28,83.506944,28.017222,1212.51,83.5075,28.019167,1280.28,83.506944,28.017222,1212.51,67.77,60.99,4.736,0.1364,57.13,0.057,300.27,300.27,237.1,28.59
835,Gulmi,Madane,83.082778,28.159722,1279.97,83.085833,28.158889,1271.51,83.082778,28.159722,1279.97,83.085833,28.158889,1271.51,8.46,7.61,23.829,0.6863,35.88,0.036,188.6,188.6,369.7,2.29
836,Gulmi,Chandrakot,83.393056,28.121389,1279.85,83.396944,28.118611,1212.61,83.393056,28.121389,1279.85,83.396944,28.118611,1212.61,67.24,60.52,4.68,0.1348,56.01,0.056,294.4,294.4,521.3,12.9
837,Gulmi,Gulmidarbar,83.296389,28.060278,1279.04,83.300278,28.057778,1191.42,83.296389,28.060278,1279.04,83.300278,28.057778,1191.42,87.62,78.86,2.001,0.0576,31.21,0.031,164.02,164.02,507.4,17.27
838,Gulmi,Gulmidarbar,83.300278,28.057778,1191.42,83.303333,28.054444,1126.14,83.300278,28.057778,1191.42,83.303333,28.054444,1126.14,65.28,58.75,2.461,0.0709,28.6,0.029,150.3,150.3,501.4,13.02
839,Gulmi,Gulmidarbar,83.303333,28.054444,1126.14,83.305278,28.050556,1076.01,83.303333,28.054444,1126.14,83.305278,28.050556,1076.01,50.13,45.12,2.802,0.0807,25.0,0.025,131.41,131.41,505.0,9.93
840,Gulmi,Gulmidarbar,83.305278,28.050556,1076.01,83.305833,28.050278,1068.23,83.305278,28.050556,1076.01,83.305833,28.050278,1068.23,7.78,7.0,5.486,0.158,7.6,0.008,39.93,39.93,68.5,11.36
841,Gulmi,Resunga,83.27,28.043889,1277.85,83.269444,28.039444,1223.21,83.27,28.043889,1277.85,83.269444,28.039444,1223.21,54.64,49.18,1.163,0.0335,11.31,0.011,59.45,59.45,515.4,10.6
842,Gulmi,Resunga,83.269444,28.039444,1223.21,83.270833,28.035556,1154.84,83.269444,28.039444,1223.21,83.270833,28.035556,1154.84,68.37,61.53,1.544,0.0445,18.79,0.019,98.76,98.76,501.4,13.64
843,Gulmi,Resunga,83.270833,28.035556,1154.84,83.273611,28.031944,1108.07,83.270833,28.035556,1154.84,83.273611,28.031944,1108.07,46.77,42.09,1.961,0.0565,16.32,0.016,85.8,85.8,522.0,8.96
844,Gulmi,Resunga,83.273611,28.031944,1108.07,83.276389,28.028611,1046.48,83.273611,28.031944,1108.07,83.276389,28.028611,1046.48,61.59,55.43,2.212,0.0637,24.25,0.024,127.45,127.45,508.0,12.12
845,Gulmi,Resunga,83.276389,28.028611,1046.48,83.276944,28.027778,1036.09,83.276389,28.028611,1046.48,83.276944,28.027778,1036.09,10.39,9.35,7.473,0.2152,13.82,0.014,72.64,72.64,113.4,9.16
846,Gulmi,Kaligandaki,83.548611,27.993889,1277.75,83.548056,27.989722,1145.44,83.548611,27.993889,1277.75,83.548056,27.989722,1145.44,132.31,119.08,1.006,0.029,23.69,0.024,124.52,124.52,505.0,26.2
847,Gulmi,Kaligandaki,83.548056,27.989722,1145.44,83.550556,27.986389,945.72,83.548056,27.989722,1145.44,83.550556,27.986389,945.72,199.72,179.75,1.351,0.0389,48.03,0.048,252.43,252.43,535.3,37.31
848,Gulmi,Kaligandaki,83.550556,27.986389,945.72,83.551667,27.984722,862.02,83.550556,27.986389,945.72,83.551667,27.984722,862.02,83.7,75.33,2.877,0.0829,42.86,0.043,225.28,225.28,226.7,36.91
849,Gulmi,Satyawati,83.438889,28.048611,1277.63,83.437222,28.047778,1249.11,83.438889,28.048611,1277.63,83.437222,28.047778,1249.11,28.52,25.67,1.123,0.0323,5.7,0.006,29.96,29.96,205.5,13.88
850,Gulmi,Dhurkot,83.145833,28.090556,1277.21,83.146389,28.095,1133.67,83.145833,28.090556,1277.21,83.146389,28.095,1133.67,143.54,129.19,0.673,0.0194,17.19,0.017,90.37,90.37,515.4,27.85
851,Gulmi,Dhurkot,83.146389,28.095,1133.67,83.145278,28.098611,1012.85,83.146389,28.095,1133.67,83.145278,28.098611,1012.85,120.82,108.74,95.851,2.7605,2061.28,2.061,10834.1,10834.1,463.8,26.05
852,Gulmi,Resunga,83.243333,28.031111,1275.77,83.238611,28.03,1112.05,83.243333,28.031111,1275.77,83.238611,28.03,1112.05,163.72,147.35,0.674,0.0194,19.64,0.02,103.23,103.23,519.3,31.52
853,Gulmi,Resunga,83.238611,28.03,1112.05,83.235833,28.026944,1047.0,83.238611,28.03,1112.05,83.235833,28.026944,1047.0,65.05,58.54,0.888,0.0256,10.28,0.01,54.04,54.04,528.0,12.32
854,Gulmi,Resunga,83.235833,28.026944,1047.0,83.233611,28.023056,949.74,83.235833,28.026944,1047.0,83.233611,28.023056,949.74,97.26,87.53,1.056,0.0304,18.28,0.018,96.08,96.08,515.3,18.87
855,Gulmi,Madane,83.097778,28.186667,1274.8,83.101111,28.19,1190.61,83.097778,28.186667,1274.8,83.101111,28.19,1190.61,84.19,75.77,0.717,0.0206,10.74,0.011,56.47,56.47,528.6,15.93
856,Gulmi,Madane,83.101111,28.19,1190.61,83.1025,28.191111,1134.71,83.101111,28.19,1190.61,83.1025,28.191111,1134.71,55.9,50.31,8.035,0.2314,79.95,0.08,420.2,420.2,209.1,26.73
857,Gulmi,Chatrakot,83.365556,28.001944,1226.05,83.364722,28.005556,1116.82,83.365556,28.001944,1226.05,83.364722,28.005556,1116.82,109.23,98.31,2.129,0.0613,41.39,0.041,217.56,217.56,432.9,25.23
858,Gulmi,Chatrakot,83.357222,28.000278,1274.39,83.361111,28.0025,1207.36,83.357222,28.000278,1274.39,83.361111,28.0025,1207.36,67.03,60.33,0.733,0.0211,8.75,0.009,45.97,45.97,510.4,13.14
859,Gulmi,Chatrakot,83.361111,28.0025,1207.36,83.362778,28.003333,1167.72,83.361111,28.0025,1207.36,83.362778,28.003333,1167.72,39.64,35.68,1.435,0.0413,10.12,0.01,53.22,53.22,222.4,17.82
860,Gulmi,Satyawati,83.497222,28.021111,1274.27,83.495556,28.017222,1106.96,83.497222,28.021111,1274.27,83.495556,28.017222,1106.96,167.31,150.58,2.464,0.071,73.38,0.073,385.67,385.67,515.3,32.47
861,Gulmi,Satyawati,83.495556,28.017222,1106.96,83.494722,28.015556,1041.89,83.495556,28.017222,1106.96,83.494722,28.015556,1041.89,65.07,58.56,3.107,0.0895,35.99,0.036,189.14,189.14,233.4,27.88
862,Gulmi,Malika,83.168056,28.235833,1273.77,83.171667,28.2375,1263.38,83.168056,28.235833,1273.77,83.171667,28.2375,1263.38,10.39,9.35,31.219,0.8991,57.73,0.058,303.45,303.45,517.0,2.01
863,Gulmi,Malika,83.171667,28.2375,1263.38,83.175,28.238611,1252.55,83.171667,28.2375,1263.38,83.175,28.238611,1252.55,10.83,9.75,32.433,0.9341,62.52,0.063,328.6,328.6,455.8,2.38
864,Gulmi,Malika,83.183889,28.229167,1272.59,83.185833,28.229722,1224.46,83.183889,28.229167,1272.59,83.185833,28.229722,1224.46,48.13,43.32,36.865,1.0617,315.81,0.316,1659.92,1659.92,218.8,22.0
865,Gulmi,Kaligandaki,83.559167,28.013889,1272.47,83.558056,28.018333,1123.12,83.559167,28.013889,1272.47,83.558056,28.018333,1123.12,149.35,134.42,1.902,0.0548,50.56,0.051,265.75,265.75,536.0,27.87
866,Gulmi,Kaligandaki,83.558056,28.018333,1123.12,83.558056,28.018889,1110.42,83.558056,28.018333,1123.12,83.558056,28.018889,1110.42,12.7,11.43,2.502,0.0721,5.66,0.006,29.73,29.73,61.8,20.53
867,Gulmi,Gulmidarbar,83.306111,28.0775,1272.39,83.3075,28.080278,1141.04,83.306111,28.0775,1272.39,83.3075,28.080278,1141.04,131.35,118.22,1.522,0.0438,35.58,0.036,187.03,187.03,381.3,34.44
868,Gulmi,Malika,83.1475,28.191111,1272.39,83.143611,28.189722,1169.93,83.1475,28.191111,1272.39,83.143611,28.189722,1169.93,102.46,92.21,5.27,0.1518,96.11,0.096,505.15,505.15,468.5,21.87
869,Gulmi,Isma,83.196389,28.186944,1272.34,83.194167,28.186944,1211.89,83.196389,28.186944,1272.34,83.194167,28.186944,1211.89,60.45,54.4,1.536,0.0442,16.53,0.017,86.87,86.87,246.0,24.57
870,Gulmi,Madane,83.094722,28.138056,1271.98,83.098889,28.136111,1225.42,83.094722,28.138056,1271.98,83.098889,28.136111,1225.42,46.56,41.9,3.26,0.0939,27.02,0.027,142.0,142.0,506.7,9.19
871,Gulmi,Madane,83.098889,28.136111,1225.42,83.101944,28.135278,1195.33,83.098889,28.136111,1225.42,83.101944,28.135278,1195.33,30.09,27.08,4.956,0.1427,26.54,0.027,139.51,139.51,369.7,8.14
872,Gulmi,Madane,83.085833,28.158889,1271.51,83.089167,28.161667,1259.96,83.085833,28.158889,1271.51,83.089167,28.161667,1259.96,11.55,10.39,24.099,0.6941,49.54,0.05,260.4,260.4,538.3,2.15
873,Gulmi,Madane,83.089167,28.161667,1259.96,83.091389,28.160556,1254.33,83.089167,28.161667,1259.96,83.091389,28.160556,1254.33,5.63,5.07,25.342,0.7298,25.4,0.025,133.48,133.48,380.7,1.48
874,Gulmi,Kaligandaki,83.545,28.120556,1271.26,83.549444,28.119167,1090.08,83.545,28.120556,1271.26,83.549444,28.119167,1090.08,181.18,163.06,0.799,0.023,25.77,0.026,135.43,135.43,506.0,35.8
875,Gulmi,Kaligandaki,83.549444,28.119167,1090.08,83.553889,28.1175,1008.58,83.549444,28.119167,1090.08,83.553889,28.1175,1008.58,81.5,73.35,1.112,0.032,16.13,0.016,84.79,84.79,520.0,15.67
876,Gulmi,Kaligandaki,83.553889,28.1175,1008.58,83.554167,28.115278,988.39,83.553889,28.1175,1008.58,83.554167,28.115278,988.39,20.19,18.17,21.668,0.624,77.87,0.078,409.27,409.27,298.9,6.76
877,Gulmi,Madane,83.055,28.141667,1269.36,83.050556,28.1425,1232.71,83.055,28.141667,1269.36,83.050556,28.1425,1232.71,36.65,32.98,24.184,0.6965,157.76,0.158,829.2,829.2,506.0,7.24
878,Gulmi,Chatrakot,83.351667,28.01,1268.49,83.354722,28.009444,1212.96,83.351667,28.01,1268.49,83.354722,28.009444,1212.96,55.53,49.98,1.171,0.0337,11.57,0.012,60.83,60.83,355.8,15.61
879,Gulmi,Isma,83.195278,28.189167,1268.41,83.194167,28.186944,1211.89,83.195278,28.189167,1268.41,83.194167,28.186944,1211.89,56.52,50.87,1.536,0.0442,15.45,0.015,81.22,81.22,288.6,19.58
880,Gulmi,Kaligandaki,83.562778,27.993333,1267.35,83.565833,27.99,1054.19,83.562778,27.993333,1267.35,83.565833,27.99,1054.19,213.16,191.84,0.775,0.0223,29.4,0.029,154.55,154.55,518.3,41.12
881,Gulmi,Kaligandaki,83.565833,27.99,1054.19,83.565278,27.985833,844.55,83.565833,27.99,1054.19,83.565278,27.985833,844.55,209.64,188.68,1.42,0.0409,52.99,0.053,278.5,278.5,525.7,39.88
882,Gulmi,Kaligandaki,83.565278,27.985833,844.55,83.561944,27.983056,764.54,83.565278,27.985833,844.55,83.561944,27.983056,764.54,80.01,72.01,1.985,0.0572,28.27,0.028,148.58,148.58,500.7,15.98
883,Gulmi,Kaligandaki,83.561944,27.983056,764.54,83.560556,27.980556,688.98,83.561944,27.983056,764.54,83.560556,27.980556,688.98,75.56,68.0,5.623,0.1619,75.62,0.076,397.48,397.48,367.4,20.57
884,Gulmi,Kaligandaki,83.530833,28.036667,1267.02,83.535556,28.037222,1137.06,83.530833,28.036667,1267.02,83.535556,28.037222,1137.06,129.96,116.96,3.178,0.0915,73.51,0.074,386.39,386.39,519.3,25.02
885,Gulmi,Kaligandaki,83.535556,28.037222,1137.06,83.540556,28.037778,999.88,83.535556,28.037222,1137.06,83.540556,28.037778,999.88,137.18,123.46,3.742,0.1078,91.37,0.091,480.23,480.23,518.7,26.45
886,Gulmi,Kaligandaki,83.540556,28.037778,999.88,83.543333,28.040833,875.58,83.540556,28.037778,999.88,83.543333,28.040833,875.58,124.3,111.87,4.086,0.1177,90.4,0.09,475.15,475.15,511.0,24.32
887,Gulmi,Kaligandaki,83.543333,28.040833,875.58,83.546389,28.044444,723.26,83.543333,28.040833,875.58,83.546389,28.044444,723.26,152.32,137.09,4.433,0.1277,120.19,0.12,631.7,631.7,532.3,28.62
888,Gulmi,Kaligandaki,83.546389,28.044444,723.26,83.549722,28.046389,655.08,83.546389,28.044444,723.26,83.549722,28.046389,655.08,68.18,61.36,4.639,0.1336,56.3,0.056,295.9,295.9,503.7,13.54
889,Gulmi,Kaligandaki,83.549722,28.046389,655.08,83.550556,28.046389,647.4,83.549722,28.046389,655.08,83.550556,28.046389,647.4,7.68,6.91,5.623,0.1619,7.69,0.008,40.4,40.4,81.8,9.39
890,Gulmi,Kaligandaki,83.495,28.071389,1266.6,83.494167,28.075556,1155.34,83.495,28.071389,1266.6,83.494167,28.075556,1155.34,111.26,100.13,1.651,0.0475,32.7,0.033,171.85,171.85,494.7,22.49
891,Gulmi,Dhurkot,83.169722,28.074444,1266.28,83.170556,28.078611,1202.3,83.169722,28.074444,1266.28,83.170556,28.078611,1202.3,63.98,57.58,2.394,0.0689,27.26,0.027,143.29,143.29,515.3,12.42
892,Gulmi,Dhurkot,83.170556,28.078611,1202.3,83.175,28.080556,1135.23,83.170556,28.078611,1202.3,83.175,28.080556,1135.23,67.07,60.36,2.983,0.0859,35.61,0.036,187.17,187.17,534.0,12.56
893,Gulmi,Dhurkot,83.175,28.080556,1135.23,83.178333,28.084167,1050.57,83.175,28.080556,1135.23,83.178333,28.084167,1050.57,84.66,76.19,3.259,0.0939,49.11,0.049,258.12,258.12,525.6,16.11
894,Gulmi,Satyawati,83.440833,28.047222,1266.14,83.436389,28.045556,1202.45,83.440833,28.047222,1266.14,83.436389,28.045556,1202.45,63.69,57.32,1.162,0.0335,13.17,0.013,69.24,69.24,520.0,12.25
895,Gulmi,Kaligandaki,83.571111,28.007778,1265.81,83.575,28.005556,1120.13,83.571111,28.007778,1265.81,83.575,28.005556,1120.13,145.68,131.11,0.958,0.0276,24.84,0.025,130.56,130.56,510.4,28.55
896,Gulmi,Gulmidarbar,83.321944,28.065556,1265.15,83.325833,28.063333,1016.01,83.321944,28.065556,1265.15,83.325833,28.063333,1016.01,249.14,224.23,0.642,0.0185,28.47,0.028,149.64,149.64,510.4,48.82
897,Gulmi,Gulmidarbar,83.325833,28.063333,1016.01,83.328889,28.060278,885.28,83.325833,28.063333,1016.01,83.328889,28.060278,885.28,130.73,117.66,1.22,0.0351,28.39,0.028,149.21,149.21,521.3,25.08
898,Gulmi,Gulmidarbar,83.328889,28.060278,885.28,83.328889,28.06,879.58,83.328889,28.060278,885.28,83.328889,28.06,879.58,5.7,5.13,6.735,0.194,6.83,0.007,35.91,35.91,30.9,18.44
899,Gulmi,Madane,83.1,28.203611,1264.78,83.098611,28.2,1229.61,83.1,28.203611,1264.78,83.098611,28.2,1229.61,35.17,31.65,5.227,0.1505,32.72,0.033,171.98,171.98,474.1,7.42
900,Gulmi,Resunga,83.285,28.103056,1264.4,83.286389,28.106944,1130.21,83.285,28.103056,1264.4,83.286389,28.106944,1130.21,134.19,120.77,1.093,0.0315,26.11,0.026,137.21,137.21,505.0,26.57
901,Gulmi,Resunga,83.286389,28.106944,1130.21,83.287778,28.110833,1021.41,83.286389,28.106944,1130.21,83.287778,28.110833,1021.41,108.8,97.92,1.725,0.0497,33.41,0.033,175.58,175.58,505.0,21.54
902,Gulmi,Musikot,83.287778,28.110833,1021.41,83.290556,28.114444,841.15,83.287778,28.110833,1021.41,83.290556,28.114444,841.15,180.26,162.23,2.096,0.0604,67.25,0.067,353.47,353.47,505.0,35.69
903,Gulmi,Musikot,83.290556,28.114444,841.15,83.291944,28.115833,778.26,83.290556,28.114444,841.15,83.291944,28.115833,778.26,62.89,56.6,3.397,0.0978,38.03,0.038,199.86,199.86,223.1,28.19
904,Gulmi,Madane,83.091667,28.159722,1263.81,83.091389,28.160556,1254.33,83.091667,28.159722,1263.81,83.091389,28.160556,1254.33,9.48,8.53,25.342,0.7298,42.76,0.043,224.75,224.75,103.1,9.2
905,Gulmi,Dhurkot,83.102778,28.169722,1263.58,83.100833,28.165556,1220.31,83.102778,28.169722,1263.58,83.100833,28.165556,1220.31,43.27,38.94,28.741,0.8277,221.36,0.221,1163.45,1163.45,536.0,8.07
906,Gulmi,Isma,83.223889,28.185556,1263.11,83.221667,28.187222,1179.91,83.223889,28.185556,1263.11,83.221667,28.187222,1179.91,83.2,74.88,0.935,0.0269,13.85,0.014,72.78,72.78,301.9,27.56
907,Gulmi,Musikot,83.286667,28.130278,1263.04,83.283333,28.127222,1198.37,83.286667,28.130278,1263.04,83.283333,28.127222,1198.37,64.67,58.2,0.723,0.0208,8.32,0.008,43.74,43.74,514.7,12.57
908,Gulmi,Musikot,83.283333,28.127222,1198.37,83.279722,28.123889,1014.15,83.283333,28.127222,1198.37,83.279722,28.123889,1014.15,184.22,165.8,0.909,0.0262,29.81,0.03,156.66,156.66,538.9,34.18
909,Gulmi,Musikot,83.279722,28.123889,1014.15,83.278056,28.12,783.72,83.279722,28.123889,1014.15,83.278056,28.12,783.72,230.43,207.39,1.136,0.0327,46.59,0.047,244.89,244.89,535.9,42.99
910,Gulmi,Resunga,83.289444,28.086389,1261.54,83.292222,28.089722,1144.09,83.289444,28.086389,1261.54,83.292222,28.089722,1144.09,117.45,105.71,5.228,0.1506,109.29,0.109,574.44,574.44,508.0,23.12
911,Gulmi,Resunga,83.292222,28.089722,1144.09,83.295556,28.0925,1034.12,83.292222,28.089722,1144.09,83.295556,28.0925,1034.12,109.97,98.97,6.212,0.1789,121.59,0.122,639.09,639.09,500.7,21.96
912,Gulmi,Resunga,83.295556,28.0925,1034.12,83.299444,28.095,969.48,83.295556,28.0925,1034.12,83.299444,28.095,969.48,64.64,58.18,6.713,0.1933,77.24,0.077,405.95,405.95,507.4,12.74
913,Gulmi,Resunga,83.299444,28.095,969.48,83.3,28.095278,962.17,83.299444,28.095,969.48,83.3,28.095278,962.17,7.31,6.58,7.207,0.2076,9.38,0.009,49.29,49.29,68.5,10.68
914,Gulmi,Madane,83.098889,28.115,1259.83,83.100556,28.113333,1221.42,83.098889,28.115,1259.83,83.100556,28.113333,1221.42,38.41,34.57,11.147,0.321,76.21,0.076,400.55,400.55,281.3,13.66
915,Gulmi,Chatrakot,83.374722,28.005,1259.82,83.375556,28.008889,1196.21,83.374722,28.005,1259.82,83.375556,28.008889,1196.21,63.61,57.25,0.994,0.0286,11.25,0.011,59.15,59.15,522.0,12.19
916,Gulmi,Chatrakot,83.375556,28.008889,1196.21,83.374444,28.013333,1124.36,83.375556,28.008889,1196.21,83.374444,28.013333,1124.36,71.85,64.67,1.233,0.0355,15.77,0.016,82.88,82.88,536.0,13.41
917,Gulmi,Chatrakot,83.374444,28.013333,1124.36,83.374722,28.017222,1037.68,83.374444,28.013333,1124.36,83.374722,28.017222,1037.68,86.68,78.01,1.458,0.042,22.49,0.022,118.23,118.23,505.0,17.16
918,Gulmi,Chatrakot,83.374722,28.017222,1037.68,83.375278,28.017778,1016.79,83.374722,28.017222,1037.68,83.375278,28.017778,1016.79,20.89,18.8,10.3,0.2966,38.3,0.038,201.3,201.3,82.5,25.33
919,Gulmi,Chandrakot,83.419167,28.133611,1259.45,83.420278,28.129444,1227.71,83.419167,28.133611,1259.45,83.420278,28.129444,1227.71,31.74,28.57,20.249,0.5832,114.4,0.114,601.27,601.27,505.0,6.28
920,Gulmi,Chandrakot,83.420278,28.129444,1227.71,83.422778,28.125833,1114.31,83.420278,28.129444,1227.71,83.422778,28.125833,1114.31,113.4,102.06,20.706,0.5963,417.94,0.418,2196.68,2196.68,511.7,22.16
921,Gulmi,Chandrakot,83.422778,28.125833,1114.31,83.423333,28.125,1107.57,83.422778,28.125833,1114.31,83.423333,28.125,1107.57,6.74,6.07,70.081,2.0183,84.07,0.084,441.89,441.89,113.4,5.95
922,Gulmi,Dhurkot,83.093889,28.110556,1258.08,83.098056,28.111944,1236.65,83.093889,28.110556,1258.08,83.098056,28.111944,1236.65,21.43,19.29,9.689,0.279,36.96,0.037,194.25,194.25,506.7,4.23
923,Gulmi,Malika,83.145833,28.195278,1257.36,83.145278,28.195,1247.3,83.145833,28.195278,1257.36,83.145278,28.195,1247.3,10.06,9.05,3.833,0.1104,6.86,0.007,36.07,36.07,68.5,14.69
924,Gulmi,Gulmidarbar,83.308611,28.0325,1257.18,83.304722,28.03,1159.36,83.308611,28.0325,1257.18,83.304722,28.03,1159.36,97.82,88.04,1.087,0.0313,18.93,0.019,99.48,99.48,507.4,19.28
925,Gulmi,Gulmidarbar,83.304722,28.03,1159.36,83.303889,28.028056,1107.39,83.304722,28.03,1159.36,83.303889,28.028056,1107.39,51.97,46.77,2.707,0.078,25.04,0.025,131.61,131.61,301.9,17.21
926,Gulmi,Dhurkot,83.134167,28.089444,1257.0,83.135,28.093889,1181.96,83.134167,28.089444,1257.0,83.135,28.093889,1181.96,75.04,67.54,0.899,0.0259,12.01,0.012,63.11,63.11,525.7,14.27
927,Gulmi,Dhurkot,83.135,28.093889,1181.96,83.134722,28.097778,1084.74,83.135,28.093889,1181.96,83.134722,28.097778,1084.74,97.22,87.5,1.081,0.0311,18.71,0.019,98.32,98.32,501.4,19.39
928,Gulmi,Dhurkot,83.134722,28.097778,1084.74,83.135278,28.098889,1041.04,83.134722,28.097778,1084.74,83.135278,28.098889,1041.04,43.7,39.33,26.754,0.7705,208.1,0.208,1093.77,1093.77,144.3,30.28
929,Gulmi,Chandrakot,83.4525,28.125278,1256.75,83.451111,28.126389,1216.23,83.4525,28.125278,1256.75,83.451111,28.126389,1216.23,40.52,36.47,41.745,1.2023,301.08,0.301,1582.45,1582.45,192.2,21.08
930,Gulmi,Musikot,83.194167,28.250556,1255.28,83.196111,28.254167,1023.08,83.194167,28.250556,1255.28,83.196111,28.254167,1023.08,232.2,208.98,1.171,0.0337,48.4,0.048,254.38,254.38,511.7,45.38
931,Gulmi,Musikot,83.196111,28.254167,1023.08,83.199444,28.256944,898.19,83.196111,28.254167,1023.08,83.199444,28.256944,898.19,124.89,112.4,1.378,0.0397,30.63,0.031,161.0,161.0,500.7,24.94
932,Gulmi,Musikot,83.199444,28.256944,898.19,83.199444,28.258056,874.87,83.199444,28.256944,898.19,83.199444,28.258056,874.87,23.32,20.99,778.556,22.4224,3231.62,3.232,16985.4,16985.4,123.7,18.86
933,Gulmi,Madane,83.091389,28.160556,1254.33,83.094444,28.163056,1246.13,83.091389,28.160556,1254.33,83.094444,28.163056,1246.13,8.2,7.38,25.585,0.7368,37.34,0.037,196.27,196.27,538.3,1.52
934,Gulmi,Madane,83.094444,28.163056,1246.13,83.098611,28.165,1234.68,83.094444,28.163056,1246.13,83.098611,28.165,1234.68,11.45,10.31,25.98,0.7482,52.95,0.053,278.29,278.29,523.7,2.19
935,Gulmi,Madane,83.098611,28.165,1234.68,83.098611,28.166111,1224.73,83.098611,28.165,1234.68,83.098611,28.166111,1224.73,9.95,8.96,27.971,0.8056,49.54,0.05,260.37,260.37,144.3,6.89
936,Gulmi,Chandrakot,83.444167,28.122778,1253.54,83.443889,28.125556,1185.06,83.444167,28.122778,1253.54,83.443889,28.125556,1185.06,68.48,61.63,43.311,1.2474,527.92,0.528,2774.72,2774.72,340.1,20.13
937,Gulmi,Ruru,83.402778,28.009444,1253.38,83.402222,28.013611,1123.59,83.402778,28.009444,1253.38,83.402222,28.013611,1123.59,129.79,116.81,0.786,0.0226,18.16,0.018,95.44,95.44,525.7,24.69
938,Gulmi,Ruru,83.402222,28.013611,1123.59,83.398889,28.016667,931.7,83.402222,28.013611,1123.59,83.398889,28.016667,931.7,191.89,172.7,1.287,0.0371,43.96,0.044,231.04,231.04,514.7,37.28
939,Gulmi,Chatrakot,83.398889,28.016667,931.7,83.398056,28.017778,876.34,83.398889,28.016667,931.7,83.398056,28.017778,876.34,55.36,49.82,18.953,0.5458,186.76,0.187,981.59,981.59,154.6,35.81
940,Gulmi,Chandrakot,83.437222,28.109167,1253.02,83.435556,28.106111,1145.26,83.437222,28.109167,1253.02,83.435556,28.106111,1145.26,107.76,96.98,12.195,0.3512,233.91,0.234,1229.41,1229.41,473.5,22.76
941,Gulmi,Isma,83.233611,28.163611,1252.87,83.235278,28.1675,1092.45,83.233611,28.163611,1252.87,83.235278,28.1675,1092.45,160.42,144.38,0.685,0.0197,19.56,0.02,102.8,102.8,515.3,31.13
942,Gulmi,Isma,83.235278,28.1675,1092.45,83.235556,28.167778,1069.09,83.235278,28.1675,1092.45,83.235556,28.167778,1069.09,23.36,21.02,1.943,0.056,8.08,0.008,42.46,42.46,41.2,56.66
943,Gulmi,Malika,83.178611,28.235556,1252.25,83.182222,28.233611,1226.13,83.178611,28.235556,1252.25,83.182222,28.233611,1226.13,26.12,23.51,35.654,1.0268,165.76,0.166,871.24,871.24,452.2,5.78
944,Gulmi,Gulmidarbar,83.304444,28.081111,1251.13,83.3075,28.080278,1141.04,83.304444,28.081111,1251.13,83.3075,28.080278,1141.04,110.09,99.08,1.522,0.0438,29.82,0.03,156.75,156.75,341.8,32.21
945,Gulmi,Musikot,83.358889,28.178611,1250.98,83.356111,28.1825,1162.15,83.358889,28.178611,1250.98,83.356111,28.1825,1162.15,88.83,79.95,5.031,0.1449,79.55,0.08,418.09,418.09,535.9,16.58
946,Gulmi,Musikot,83.356111,28.1825,1162.15,83.354444,28.186667,1111.45,83.356111,28.1825,1162.15,83.354444,28.186667,1111.45,50.7,45.63,5.455,0.1571,49.23,0.049,258.74,258.74,525.7,9.64
947,Gulmi,Musikot,83.354444,28.186667,1111.45,83.354167,28.191111,1016.52,83.354444,28.186667,1111.45,83.354167,28.191111,1016.52,94.93,85.44,5.795,0.1669,97.92,0.098,514.65,514.65,525.7,18.06
948,Gulmi,Musikot,83.354167,28.191111,1016.52,83.350278,28.192778,956.48,83.354167,28.191111,1016.52,83.350278,28.192778,956.48,60.04,54.04,5.931,0.1708,63.38,0.063,333.14,333.14,510.4,11.77
949,Gulmi,Musikot,83.350278,28.192778,956.48,83.349444,28.194444,915.95,83.350278,28.192778,956.48,83.349444,28.194444,915.95,40.53,36.48,254.858,7.3399,1838.56,1.839,9663.45,9663.45,233.4,17.36
950,Gulmi,Malika,83.169722,28.194722,1250.05,83.169167,28.194167,1231.2,83.169722,28.194722,1250.05,83.169167,28.194167,1231.2,18.85,16.96,4.99,0.1437,16.74,0.017,88.0,88.0,99.4,18.96
951,Gulmi,Musikot,83.369444,28.183333,1249.47,83.365278,28.185278,1170.98,83.369444,28.183333,1249.47,83.365278,28.185278,1170.98,78.49,70.64,6.907,0.1989,96.5,0.096,507.18,507.18,506.7,15.49
952,Gulmi,Musikot,83.365278,28.185278,1170.98,83.363611,28.189444,1128.14,83.365278,28.185278,1170.98,83.363611,28.189444,1128.14,42.84,38.56,7.444,0.2144,56.76,0.057,298.34,298.34,525.7,8.15
953,Gulmi,Musikot,83.363611,28.189444,1128.14,83.361667,28.193056,1035.54,83.363611,28.189444,1128.14,83.361667,28.193056,1035.54,92.6,83.34,7.771,0.2238,128.08,0.128,673.2,673.2,511.7,18.1
954,Gulmi,Musikot,83.361667,28.193056,1035.54,83.357778,28.195556,984.74,83.361667,28.193056,1035.54,83.357778,28.195556,984.74,50.8,45.72,8.005,0.2305,72.38,0.072,380.44,380.44,507.4,10.01
955,Gulmi,Musikot,83.357778,28.195556,984.74,83.356667,28.1975,948.58,83.357778,28.195556,984.74,83.356667,28.1975,948.58,36.16,32.54,248.18,7.1476,1597.34,1.597,8395.62,8395.62,329.2,10.99
956,Gulmi,Malika,83.199444,28.233889,1249.3,83.200833,28.232778,1164.68,83.199444,28.233889,1249.3,83.200833,28.232778,1164.68,84.62,76.16,39.014,1.1236,587.62,0.588,3088.52,3088.52,209.1,40.47
957,Gulmi,Satyawati,83.437222,28.047778,1249.11,83.436111,28.045556,1198.18,83.437222,28.047778,1249.11,83.436111,28.045556,1198.18,50.93,45.84,2.587,0.0745,23.45,0.023,123.26,123.26,309.2,16.47
958,Gulmi,Malika,83.145278,28.195,1247.3,83.143611,28.190833,1181.68,83.145278,28.195,1247.3,83.143611,28.190833,1181.68,65.62,59.06,4.354,0.1254,50.85,0.051,267.29,267.29,525.7,12.48
959,Gulmi,Malika,83.143611,28.190833,1181.68,83.143611,28.189722,1169.93,83.143611,28.190833,1181.68,83.143611,28.189722,1169.93,11.75,10.58,5.27,0.1518,11.02,0.011,57.93,57.93,123.7,9.5
960,Gulmi,Isma,83.228611,28.169722,1246.41,83.233056,28.169167,1165.04,83.228611,28.169722,1246.41,83.233056,28.169167,1165.04,81.37,73.23,1.029,0.0296,14.9,0.015,78.33,78.33,520.0,15.65
961,Gulmi,Isma,83.233056,28.169167,1165.04,83.235556,28.167778,1069.09,83.233056,28.169167,1165.04,83.235556,28.167778,1069.09,95.95,86.36,1.943,0.056,33.18,0.033,174.41,174.41,315.2,30.44
962,Gulmi,Dhurkot,83.147778,28.122222,1245.61,83.151667,28.124722,1161.74,83.147778,28.122222,1245.61,83.151667,28.124722,1161.74,83.87,75.48,0.824,0.0237,12.3,0.012,64.65,64.65,507.4,16.53
963,Gulmi,Dhurkot,83.151667,28.124722,1161.74,83.152778,28.125833,1126.18,83.151667,28.124722,1161.74,83.152778,28.125833,1126.18,35.56,32.0,1.359,0.0391,8.6,0.009,45.21,45.21,164.9,21.56
964,Gulmi,Satyawati,83.537222,27.996389,1244.58,83.5325,27.995556,1057.3,83.537222,27.996389,1244.58,83.5325,27.995556,1057.3,187.28,168.55,1.096,0.0316,36.53,0.037,192.03,192.03,522.3,35.85
965,Gulmi,Satyawati,83.5325,27.995556,1057.3,83.528611,27.995,947.72,83.5325,27.995556,1057.3,83.528611,27.995,947.72,109.58,98.62,7.119,0.205,138.85,0.139,729.81,729.81,426.6,25.69
966,Gulmi,Chandrakot,83.358889,28.128333,1244.28,83.358611,28.123889,1189.44,83.358889,28.128333,1244.28,83.358611,28.123889,1189.44,54.84,49.36,8.093,0.2331,79.0,0.079,415.21,415.21,505.1,10.86
967,Gulmi,Chandrakot,83.358611,28.123889,1189.44,83.356944,28.119722,1099.25,83.358611,28.123889,1189.44,83.356944,28.119722,1099.25,90.19,81.17,8.789,0.2531,141.09,0.141,741.58,741.58,525.7,17.16
968,Gulmi,Musikot,83.356944,28.119722,1099.25,83.353889,28.116667,1047.6,83.356944,28.119722,1099.25,83.353889,28.116667,1047.6,51.65,46.49,9.161,0.2638,84.22,0.084,442.66,442.66,521.3,9.91
969,Gulmi,Musikot,83.353889,28.116667,1047.6,83.352222,28.115,1032.19,83.353889,28.116667,1047.6,83.352222,28.115,1032.19,15.41,13.87,9.908,0.2854,27.18,0.027,142.84,142.84,247.4,6.23
970,Gulmi,Chandrakot,83.400278,28.109167,1240.93,83.404722,28.110833,1155.6,83.400278,28.109167,1240.93,83.404722,28.110833,1155.6,85.33,76.8,1.357,0.0391,20.61,0.021,108.33,108.33,520.0,16.41
971,Gulmi,Chandrakot,83.404722,28.110833,1155.6,83.406667,28.113333,1112.92,83.404722,28.110833,1155.6,83.406667,28.113333,1112.92,42.68,38.41,7.1,0.2045,53.94,0.054,283.49,283.49,350.4,12.18
972,Gulmi,Dhurkot,83.144167,28.130556,1240.86,83.145278,28.134722,1124.12,83.144167,28.130556,1240.86,83.145278,28.134722,1124.12,116.74,105.07,0.742,0.0214,15.42,0.015,81.04,81.04,525.7,22.21
973,Gulmi,Dhurkot,83.145278,28.134722,1124.12,83.148889,28.137778,1031.07,83.145278,28.134722,1124.12,83.148889,28.137778,1031.07,93.05,83.74,0.903,0.026,14.96,0.015,78.61,78.61,525.0,17.73
974,Gulmi,Dhurkot,83.148889,28.137778,1031.07,83.151111,28.14,967.28,83.148889,28.137778,1031.07,83.151111,28.14,967.28,63.79,57.41,5.065,0.1459,57.51,0.058,302.27,302.27,380.7,16.76
975,Gulmi,Chandrakot,83.415833,28.090556,1240.78,83.412778,28.093611,1005.35,83.415833,28.090556,1240.78,83.412778,28.093611,1005.35,235.43,211.89,0.842,0.0242,35.28,0.035,185.45,185.45,504.4,46.68
976,Gulmi,Chandrakot,83.412778,28.093611,1005.35,83.4125,28.094167,982.36,83.412778,28.093611,1005.35,83.4125,28.094167,982.36,22.99,20.69,115.264,3.3196,471.67,0.472,2479.08,2479.08,72.1,31.86
977,Gulmi,Satyawati,83.520278,27.999722,1240.25,83.520556,27.998056,1185.14,83.520278,27.999722,1240.25,83.520556,27.998056,1185.14,55.11,49.6,0.988,0.0285,9.69,0.01,50.94,50.94,195.8,28.14
978,Gulmi,Chandrakot,83.427778,28.120556,1240.06,83.423056,28.121111,1095.97,83.427778,28.120556,1240.06,83.423056,28.121111,1095.97,144.09,129.68,71.04,2.046,1821.96,1.822,9576.22,9576.22,491.4,29.32
979,Gulmi,Chatrakot,83.3625,28.000278,1239.91,83.362778,28.003333,1167.72,83.3625,28.000278,1239.91,83.362778,28.003333,1167.72,72.19,64.97,1.435,0.0413,18.44,0.018,96.91,96.91,371.1,19.46
980,Gulmi,Isma,83.221389,28.2075,1238.35,83.225833,28.208889,1102.01,83.221389,28.2075,1238.35,83.225833,28.208889,1102.01,136.34,122.71,0.614,0.0177,14.9,0.015,78.32,78.32,506.0,26.94
981,Gulmi,Isma,83.225833,28.208889,1102.01,83.230278,28.21,987.2,83.225833,28.208889,1102.01,83.230278,28.21,987.2,114.81,103.33,54.171,1.5601,1107.0,1.107,5818.41,5818.41,520.0,22.08
982,Gulmi,Satyawati,83.455833,28.056667,1237.79,83.454444,28.0525,1125.27,83.455833,28.056667,1237.79,83.454444,28.0525,1125.27,112.52,101.27,3.769,0.1085,75.48,0.075,396.75,396.75,515.3,21.83
983,Gulmi,Satyawati,83.454444,28.0525,1125.27,83.453056,28.048333,1043.69,83.454444,28.0525,1125.27,83.453056,28.048333,1043.69,81.58,73.42,4.366,0.1257,63.4,0.063,333.22,333.22,515.3,15.83
984,Gulmi,Satyawati,83.453056,28.048333,1043.69,83.450833,28.045,982.34,83.453056,28.048333,1043.69,83.450833,28.045,982.34,61.35,55.22,4.663,0.1343,50.92,0.051,267.63,267.63,508.0,12.08
985,Gulmi,Satyawati,83.450833,28.045,982.34,83.450556,28.043333,926.84,83.450833,28.045,982.34,83.450556,28.043333,926.84,55.5,49.95,7.926,0.2283,78.3,0.078,411.53,411.53,216.4,25.64
986,Gulmi,Madane,83.099167,28.1125,1236.62,83.100556,28.113333,1221.42,83.099167,28.1125,1236.62,83.100556,28.113333,1221.42,15.2,13.68,11.147,0.321,30.16,0.03,158.51,158.51,178.2,8.53
987,Gulmi,Malika,83.167222,28.253889,1235.6,83.168611,28.258056,1182.72,83.167222,28.253889,1235.6,83.168611,28.258056,1182.72,52.88,47.59,6.181,0.178,58.18,0.058,305.78,305.78,515.3,10.26
988,Gulmi,Dhurkot,83.162222,28.110833,1212.07,83.166667,28.110556,1173.36,83.162222,28.110833,1212.07,83.166667,28.110556,1173.36,38.71,34.84,1.636,0.0471,11.27,0.011,59.25,59.25,506.0,7.65
989,Gulmi,Dhurkot,83.166667,28.110556,1173.36,83.171389,28.109444,1151.23,83.166667,28.110556,1173.36,83.171389,28.109444,1151.23,22.13,19.92,2.287,0.0659,9.01,0.009,47.35,47.35,519.3,4.26
990,Gulmi,Dhurkot,83.171389,28.109444,1151.23,83.175833,28.108056,1118.21,83.171389,28.109444,1151.23,83.175833,28.108056,1118.21,33.02,29.72,2.922,0.0842,17.17,0.017,90.26,90.26,506.0,6.52
991,Gulmi,Dhurkot,83.175833,28.108056,1118.21,83.179722,28.105278,1097.03,83.175833,28.108056,1118.21,83.179722,28.105278,1097.03,21.18,19.06,3.533,0.1018,13.32,0.013,70.0,70.0,521.3,4.06
992,Gulmi,Dhurkot,83.179722,28.105278,1097.03,83.184444,28.106111,1082.91,83.179722,28.105278,1097.03,83.184444,28.106111,1082.91,14.12,12.71,3.886,0.1119,9.77,0.01,51.33,51.33,533.3,2.65
993,Gulmi,Dhurkot,83.189444,28.106111,1079.39,83.193333,28.108611,1043.45,83.189444,28.106111,1079.39,83.193333,28.108611,1043.45,35.94,32.35,4.881,0.1406,31.22,0.031,164.11,164.11,524.3,6.86
994,Gulmi,Dhurkot,83.193333,28.108611,1043.45,83.196389,28.111944,996.72,83.193333,28.108611,1043.45,83.196389,28.111944,996.72,46.73,42.06,5.178,0.1491,43.07,0.043,226.37,226.37,518.3,9.01
995,Gulmi,Dhurkot,83.196389,28.111944,996.72,83.200833,28.113889,949.68,83.196389,28.111944,996.72,83.200833,28.113889,949.68,47.04,42.34,5.503,0.1585,46.08,0.046,242.17,242.17,534.0,8.81
996,Gulmi,Dhurkot,83.200833,28.113889,949.68,83.204444,28.113056,919.6,83.200833,28.113889,949.68,83.204444,28.113056,919.6,30.08,27.07,5.783,0.1666,30.96,0.031,162.74,162.74,514.0,5.85
997,Gulmi,Dhurkot,83.204444,28.113056,919.6,83.2075,28.110556,900.4,83.204444,28.113056,919.6,83.2075,28.110556,900.4,19.2,17.28,6.707,0.1932,22.92,0.023,120.47,120.47,459.5,4.18
998,Gulmi,Dhurkot,83.116667,28.145833,1217.62,83.113333,28.142778,1179.11,83.116667,28.145833,1217.62,83.113333,28.142778,1179.11,38.51,34.66,1.372,0.0395,9.4,0.009,49.43,49.43,514.7,7.48
999,Gulmi,Chandrakot,83.447222,28.104444,1232.77,83.442222,28.104167,1186.92,83.447222,28.104444,1232.77,83.442222,28.104167,1186.92,45.85,41.26,9.285,0.2674,75.77,0.076,398.27,398.27,504.7,9.08
1000,Gulmi,Chandrakot,83.442222,28.104167,1186.92,83.44,28.105556,1172.96,83.442222,28.104167,1186.92,83.44,28.105556,1172.96,13.96,12.56,9.902,0.2852,24.6,0.025,129.32,129.32,287.9,4.85
1001,Gulmi,Malika,83.169167,28.194167,1231.2,83.167222,28.190278,1160.41,83.169167,28.194167,1231.2,83.167222,28.190278,1160.41,70.79,63.71,5.343,0.1539,67.32,0.067,353.85,353.85,522.0,13.56
1002,Gulmi,Malika,83.167222,28.190278,1160.41,83.167222,28.19,1155.45,83.167222,28.190278,1160.41,83.167222,28.19,1155.45,4.96,4.46,6.151,0.1771,5.43,0.005,28.54,28.54,30.9,16.04
1003,Gulmi,Madane,83.098611,28.2,1229.61,83.099444,28.195833,1168.1,83.098611,28.2,1229.61,83.099444,28.195833,1168.1,61.51,55.36,5.881,0.1694,64.39,0.064,338.42,338.42,515.3,11.93
1004,Gulmi,Madane,83.099444,28.195833,1168.1,83.099722,28.194722,1160.21,83.099444,28.195833,1168.1,83.099722,28.194722,1160.21,7.89,7.1,6.379,0.1837,8.96,0.009,47.09,47.09,134.0,5.89
1005,Gulmi,Malika,83.128889,28.196111,1229.03,83.126944,28.192222,1153.63,83.128889,28.196111,1229.03,83.126944,28.192222,1153.63,75.4,67.86,3.323,0.0957,44.6,0.045,234.4,234.4,505.0,14.93
1006,Gulmi,Malika,83.126944,28.192222,1153.63,83.126944,28.188333,1109.38,83.126944,28.192222,1153.63,83.126944,28.188333,1109.38,44.25,39.83,3.74,0.1077,29.46,0.029,154.83,154.83,532.3,8.31
1007,Gulmi,Malika,83.126944,28.188333,1109.38,83.126389,28.187778,1094.97,83.126944,28.188333,1109.38,83.126389,28.187778,1094.97,14.41,12.97,6.505,0.1873,16.68,0.017,87.69,87.69,99.4,14.5
1008,Gulmi,Satyawati,83.506111,28.002778,1228.64,83.503611,28.006389,1092.44,83.506111,28.002778,1228.64,83.503611,28.006389,1092.44,136.2,122.58,1.097,0.0316,26.59,0.027,139.78,139.78,511.7,26.62
1009,Gulmi,Satyawati,83.503611,28.006389,1092.44,83.502222,28.0075,1001.86,83.503611,28.006389,1092.44,83.502222,28.0075,1001.86,90.58,81.52,8.88,0.2557,143.17,0.143,752.49,752.49,192.2,47.13
1010,Gulmi,Gulmidarbar,83.283056,28.0375,1228.53,83.279722,28.035,1131.46,83.283056,28.0375,1228.53,83.279722,28.035,1131.46,97.07,87.36,4.381,0.1262,75.69,0.076,397.85,397.85,486.7,19.94
1011,Gulmi,Malika,83.182222,28.233611,1226.13,83.185278,28.230278,1224.47,83.182222,28.233611,1226.13,83.185278,28.230278,1224.47,1.66,1.49,36.328,1.0462,10.73,0.011,56.42,56.42,518.3,0.32
1012,Gulmi,Isma,83.190278,28.221944,1225.62,83.193333,28.220556,1163.56,83.190278,28.221944,1225.62,83.193333,28.220556,1163.56,62.06,55.85,1.509,0.0435,16.67,0.017,87.61,87.61,369.7,16.79
1013,Gulmi,Madane,83.098611,28.166111,1224.73,83.100833,28.165556,1220.31,83.098611,28.166111,1224.73,83.100833,28.165556,1220.31,4.42,3.98,28.741,0.8277,22.61,0.023,118.85,118.85,301.9,1.47
1014,Gulmi,Malika,83.185833,28.229722,1224.46,83.190278,28.228333,1213.52,83.185833,28.229722,1224.46,83.190278,28.228333,1213.52,10.94,9.85,37.604,1.083,73.22,0.073,384.87,384.87,506.0,2.16
1015,Gulmi,Malika,83.190278,28.228333,1213.52,83.195,28.229722,1205.95,83.190278,28.228333,1213.52,83.195,28.229722,1205.95,7.57,6.81,38.036,1.0954,51.25,0.051,269.37,269.37,533.3,1.42
1016,Gulmi,Malika,83.195,28.229722,1205.95,83.198889,28.231667,1172.59,83.195,28.229722,1205.95,83.198889,28.231667,1172.59,33.36,30.02,38.446,1.1072,228.29,0.228,1199.87,1199.87,507.4,6.58
1017,Gulmi,Malika,83.198889,28.231667,1172.59,83.200833,28.232778,1164.68,83.198889,28.231667,1172.59,83.200833,28.232778,1164.68,7.91,7.12,39.014,1.1236,54.93,0.055,288.71,288.71,263.7,3.0
1018,Gulmi,Gulmidarbar,83.3025,28.045,1223.39,83.303333,28.048611,1108.86,83.3025,28.045,1223.39,83.303333,28.048611,1108.86,114.53,103.08,2.59,0.0746,52.8,0.053,277.51,277.51,453.5,25.25
1019,Gulmi,Musikot,83.303611,28.184722,1223.26,83.3,28.181667,1002.48,83.303611,28.184722,1223.26,83.3,28.181667,1002.48,220.78,198.7,0.668,0.0192,26.25,0.026,137.97,137.97,508.0,43.46
1020,Gulmi,Musikot,83.3,28.181667,1002.48,83.296667,28.178056,858.29,83.3,28.181667,1002.48,83.296667,28.178056,858.29,144.19,129.77,1.012,0.0291,25.97,0.026,136.51,136.51,525.6,27.43
1021,Gulmi,Musikot,83.296667,28.178056,858.29,83.295278,28.176944,826.17,83.296667,28.178056,858.29,83.295278,28.176944,826.17,32.12,28.91,5.834,0.168,33.35,0.033,175.31,175.31,192.2,16.71
1022,Gulmi,Madane,83.100556,28.113333,1221.42,83.105278,28.112778,1181.56,83.100556,28.113333,1221.42,83.105278,28.112778,1181.56,39.86,35.87,12.016,0.3461,85.25,0.085,448.08,448.08,519.3,7.68
1023,Gulmi,Madane,83.100833,28.165556,1220.31,83.103611,28.163056,1212.99,83.100833,28.165556,1220.31,83.103611,28.163056,1212.99,7.32,6.59,29.259,0.8427,38.12,0.038,200.37,200.37,522.0,1.4
1024,Gulmi,Madane,83.103611,28.163056,1212.99,83.105,28.159167,1208.05,83.103611,28.163056,1212.99,83.105,28.159167,1208.05,4.94,4.45,29.54,0.8508,25.97,0.026,136.52,136.52,505.0,0.98
1025,Gulmi,Madane,83.105,28.159167,1208.05,83.107778,28.159444,1190.01,83.105,28.159167,1208.05,83.107778,28.159444,1190.01,18.04,16.24,30.163,0.8687,96.85,0.097,509.06,509.06,514.7,3.51
1026,Gulmi,Dhurkot,83.107778,28.159444,1190.01,83.108611,28.155833,1184.87,83.107778,28.159444,1190.01,83.108611,28.155833,1184.87,5.14,4.63,30.65,0.8827,28.04,0.028,147.38,147.38,508.0,1.01
1027,Gulmi,Dhurkot,83.108611,28.155833,1184.87,83.111111,28.155,1179.75,83.108611,28.155833,1184.87,83.111111,28.155,1179.75,5.12,4.61,30.889,0.8896,28.15,0.028,147.96,147.96,511.7,1.0
1028,Gulmi,Chatrakot,83.315556,27.938889,1219.7,83.313056,27.935278,1170.51,83.315556,27.938889,1219.7,83.313056,27.935278,1170.51,49.19,44.27,0.717,0.0206,6.28,0.006,33.0,33.0,528.6,9.31
1029,Gulmi,Chatrakot,83.313056,27.935278,1170.51,83.309167,27.9325,955.62,83.313056,27.935278,1170.51,83.309167,27.9325,955.62,214.89,193.4,0.877,0.0253,33.54,0.034,176.31,176.31,521.3,41.22
1030,Gulmi,Chatrakot,83.309167,27.9325,955.62,83.306389,27.930278,725.46,83.309167,27.9325,955.62,83.306389,27.930278,725.46,230.16,207.14,1.646,0.0474,67.43,0.067,354.42,354.42,384.3,59.89
1031,Gulmi,Chandrakot,83.440833,28.107222,1219.46,83.439722,28.105556,1169.88,83.440833,28.107222,1219.46,83.439722,28.105556,1169.88,49.58,44.62,10.372,0.2987,91.53,0.092,481.09,481.09,260.7,19.02
1032,Gulmi,Dhurkot,83.140556,28.108333,1217.08,83.136667,28.106111,1109.19,83.140556,28.108333,1217.08,83.136667,28.106111,1109.19,107.89,97.1,0.755,0.0217,14.5,0.014,76.21,76.21,527.3,20.46
1033,Gulmi,Dhurkot,83.136667,28.106111,1109.19,83.135278,28.104722,1039.71,83.136667,28.106111,1109.19,83.135278,28.104722,1039.71,69.48,62.53,66.398,1.9123,821.14,0.821,4315.91,4315.91,223.1,31.15
1034,Gulmi,Chandrakot,83.389167,28.094722,1216.96,83.392222,28.091111,896.21,83.389167,28.094722,1216.96,83.392222,28.091111,896.21,320.75,288.68,0.61,0.0176,34.83,0.035,183.04,183.04,515.3,62.24
1035,Gulmi,Chandrakot,83.392222,28.091111,896.21,83.3925,28.090556,855.23,83.392222,28.091111,896.21,83.3925,28.090556,855.23,40.98,36.88,120.62,3.4739,879.82,0.88,4624.33,4624.33,72.1,56.81
1036,Gulmi,Chandrakot,83.451111,28.126389,1216.23,83.446389,28.125278,1195.81,83.451111,28.126389,1216.23,83.446389,28.125278,1195.81,20.42,18.38,42.67,1.2289,155.09,0.155,815.15,815.15,519.3,3.93
1037,Gulmi,Chandrakot,83.446389,28.125278,1195.81,83.443889,28.125556,1185.06,83.446389,28.125278,1195.81,83.443889,28.125556,1185.06,10.75,9.68,43.311,1.2474,82.87,0.083,435.58,435.58,287.3,3.75
1038,Gulmi,Isma,83.210833,28.188889,1215.65,83.215556,28.189722,1131.45,83.210833,28.188889,1215.65,83.215556,28.189722,1131.45,84.2,75.78,1.372,0.0395,20.56,0.021,108.07,108.07,505.4,16.66
1039,Gulmi,Isma,83.215556,28.189722,1131.45,83.219722,28.191944,1075.57,83.215556,28.189722,1131.45,83.219722,28.191944,1075.57,55.88,50.29,2.557,0.0736,25.43,0.025,133.67,133.67,520.7,10.73
1040,Gulmi,Malika,83.171389,28.183333,1214.63,83.166667,28.183333,1104.73,83.171389,28.183333,1214.63,83.166667,28.183333,1104.73,109.9,98.91,0.751,0.0216,14.69,0.015,77.21,77.21,519.3,21.16
1041,Gulmi,Gulmidarbar,83.298889,28.051111,1214.14,83.303056,28.048889,1121.35,83.298889,28.051111,1214.14,83.303056,28.048889,1121.35,92.79,83.51,1.824,0.0525,30.13,0.03,158.34,158.34,520.7,17.82
1042,Gulmi,Gulmidarbar,83.303056,28.048889,1121.35,83.303333,28.048611,1108.86,83.303056,28.048889,1121.35,83.303333,28.048611,1108.86,12.49,11.24,2.59,0.0746,5.76,0.006,30.26,30.26,41.2,30.28
1043,Gulmi,Kaligandaki,83.530833,28.051944,1213.74,83.532778,28.055833,1027.76,83.530833,28.051944,1213.74,83.532778,28.055833,1027.76,185.98,167.38,0.915,0.0264,30.29,0.03,159.2,159.2,522.0,35.63
1044,Gulmi,Kaligandaki,83.532778,28.055833,1027.76,83.536667,28.058056,862.29,83.532778,28.055833,1027.76,83.536667,28.058056,862.29,165.47,148.92,1.26,0.0363,37.11,0.037,195.05,195.05,510.4,32.42
1045,Gulmi,Kaligandaki,83.536667,28.058056,862.29,83.541111,28.058056,789.22,83.536667,28.058056,862.29,83.541111,28.058056,789.22,73.07,65.76,1.537,0.0443,19.99,0.02,105.07,105.07,520.0,14.05
1046,Gulmi,Kaligandaki,83.541111,28.058056,789.22,83.541667,28.058333,766.93,83.541111,28.058056,789.22,83.541667,28.058333,766.93,22.29,20.06,14.017,0.4037,55.61,0.056,292.3,292.3,68.5,32.55
1047,Gulmi,Chatrakot,83.354722,28.009444,1212.96,83.359444,28.008611,1170.29,83.354722,28.009444,1212.96,83.359444,28.008611,1170.29,42.67,38.4,1.909,0.055,14.5,0.014,76.21,76.21,505.4,8.44
1048,Gulmi,Chatrakot,83.359444,28.008611,1170.29,83.363611,28.006111,1116.32,83.359444,28.008611,1170.29,83.363611,28.006111,1116.32,53.97,48.57,2.16,0.0622,20.75,0.021,109.06,109.06,534.6,10.1
1049,Gulmi,Chatrakot,83.363611,28.006111,1116.32,83.364444,28.006111,1108.45,83.363611,28.006111,1116.32,83.364444,28.006111,1108.45,7.87,7.08,4.307,0.124,6.03,0.006,31.71,31.71,81.8,9.61
1050,Gulmi,Chandrakot,83.396944,28.118611,1212.61,83.401111,28.116667,1164.37,83.396944,28.118611,1212.61,83.401111,28.116667,1164.37,48.24,43.42,5.063,0.1458,43.47,0.043,228.49,228.49,506.7,9.52
1051,Gulmi,Chandrakot,83.401111,28.116667,1164.37,83.404722,28.113611,1124.18,83.401111,28.116667,1164.37,83.404722,28.113611,1124.18,40.19,36.17,5.576,0.1606,39.89,0.04,209.65,209.65,525.0,7.66
1052,Gulmi,Chandrakot,83.404722,28.113611,1124.18,83.406667,28.113333,1112.92,83.404722,28.113611,1124.18,83.406667,28.113333,1112.92,11.26,10.13,7.1,0.2045,14.23,0.014,74.79,74.79,204.8,5.5
1053,Gulmi,Satyawati,83.506944,28.017222,1212.51,83.504722,28.014167,1132.47,83.506944,28.017222,1212.51,83.504722,28.014167,1132.47,80.04,72.04,5.209,0.15,74.21,0.074,390.05,390.05,501.4,15.96
1054,Gulmi,Satyawati,83.504722,28.014167,1132.47,83.504722,28.0125,1093.96,83.504722,28.014167,1132.47,83.504722,28.0125,1093.96,38.51,34.66,6.865,0.1977,47.06,0.047,247.33,247.33,206.1,18.68
1055,Gulmi,Dhurkot,83.108611,28.093056,1212.37,83.113056,28.094722,1208.08,83.108611,28.093056,1212.37,83.113056,28.094722,1208.08,4.29,3.86,11.839,0.341,9.04,0.009,47.51,47.51,520.0,0.83
1056,Gulmi,Isma,83.194167,28.186944,1211.89,83.191667,28.183333,1152.16,83.194167,28.186944,1211.89,83.191667,28.183333,1152.16,59.73,53.76,2.001,0.0576,21.27,0.021,111.81,111.81,511.7,11.67
1057,Gulmi,Isma,83.191667,28.183333,1152.16,83.191111,28.181111,1123.68,83.191667,28.183333,1152.16,83.191111,28.181111,1123.68,28.48,25.63,3.545,0.1021,17.97,0.018,94.45,94.45,268.0,10.63
1058,Gulmi,Madane,83.105278,28.113889,1211.63,83.105278,28.112778,1181.56,83.105278,28.113889,1211.63,83.105278,28.112778,1181.56,30.07,27.06,12.016,0.3461,64.31,0.064,338.03,338.03,123.7,24.31
1059,Gulmi,Madane,83.097778,28.195,1211.35,83.099722,28.194722,1160.21,83.097778,28.195,1211.35,83.099722,28.194722,1160.21,51.14,46.03,6.379,0.1837,58.07,0.058,305.19,305.19,204.8,24.97
1060,Gulmi,Satyawati,83.471944,28.023611,1211.06,83.468056,28.025556,1016.36,83.471944,28.023611,1211.06,83.468056,28.025556,1016.36,194.7,175.23,7.521,0.2166,260.64,0.261,1369.93,1369.93,479.4,40.61
1061,Gulmi,Dhurkot,83.114167,28.094722,1208.06,83.118889,28.095,1155.6,83.114167,28.094722,1208.06,83.118889,28.095,1155.6,52.46,47.21,12.774,0.3679,119.28,0.119,626.92,626.92,505.4,10.38
1062,Gulmi,Dhurkot,83.118889,28.095,1155.6,83.121111,28.096389,1141.1,83.118889,28.095,1155.6,83.121111,28.096389,1141.1,14.5,13.05,24.121,0.6947,62.25,0.062,327.21,327.21,287.9,5.04
1063,Gulmi,Resunga,83.246667,28.025278,1205.58,83.242222,28.023611,1040.57,83.246667,28.025278,1205.58,83.242222,28.023611,1040.57,165.01,148.51,0.878,0.0253,25.79,0.026,135.54,135.54,520.0,31.73
1064,Gulmi,Resunga,83.242222,28.023611,1040.57,83.239444,28.020278,974.74,83.242222,28.023611,1040.57,83.239444,28.020278,974.74,65.83,59.25,1.215,0.035,14.24,0.014,74.83,74.83,508.0,12.96
1065,Gulmi,Resunga,83.239444,28.020278,974.74,83.2375,28.0175,936.53,83.239444,28.020278,974.74,83.2375,28.0175,936.53,38.21,34.39,18.759,0.5403,127.58,0.128,670.57,670.57,381.3,10.02
1066,Gulmi,Malika,83.184167,28.177222,1203.79,83.183056,28.173056,1139.42,83.184167,28.177222,1203.79,83.183056,28.173056,1139.42,64.37,57.93,0.696,0.02,7.97,0.008,41.91,41.91,525.7,12.25
1067,Gulmi,Malika,83.183056,28.173056,1139.42,83.182778,28.168889,1038.03,83.183056,28.173056,1139.42,83.182778,28.168889,1038.03,101.39,91.25,0.901,0.0259,16.26,0.016,85.46,85.46,515.3,19.67
1068,Gulmi,Malika,83.182778,28.168889,1038.03,83.181667,28.165556,1017.96,83.182778,28.168889,1038.03,83.181667,28.165556,1017.96,20.07,18.06,6.432,0.1852,22.98,0.023,120.77,120.77,412.3,4.87
1069,Gulmi,Dhurkot,83.149444,28.082222,1203.29,83.153889,28.083889,1124.81,83.149444,28.082222,1203.29,83.153889,28.083889,1124.81,78.48,70.63,2.985,0.086,41.7,0.042,219.16,219.16,520.0,15.09
1070,Gulmi,Dhurkot,83.153889,28.083889,1124.81,83.158333,28.084722,1074.49,83.153889,28.083889,1124.81,83.158333,28.084722,1074.49,50.32,45.29,5.934,0.1709,53.15,0.053,279.35,279.35,506.0,9.94
1071,Gulmi,Kaligandaki,83.572778,28.004444,1202.72,83.575278,28.005278,1114.37,83.572778,28.004444,1202.72,83.575278,28.005278,1114.37,88.35,79.52,1.833,0.0528,28.83,0.029,151.5,151.5,287.3,30.75
1072,Gulmi,Resunga,83.248889,28.020833,1202.47,83.244722,28.018889,1062.28,83.248889,28.020833,1202.47,83.244722,28.018889,1062.28,140.19,126.17,0.756,0.0218,18.86,0.019,99.15,99.15,523.7,26.77
1073,Gulmi,Resunga,83.244722,28.018889,1062.28,83.242778,28.015,973.79,83.244722,28.018889,1062.28,83.242778,28.015,973.79,88.49,79.64,1.013,0.0292,15.96,0.016,83.86,83.86,522.0,16.95
1074,Gulmi,Resunga,83.242778,28.015,973.79,83.240556,28.011111,910.54,83.242778,28.015,973.79,83.240556,28.011111,910.54,63.25,56.93,1.158,0.0334,13.04,0.013,68.52,68.52,515.3,12.27
1075,Gulmi,Resunga,83.240556,28.011111,910.54,83.239444,28.01,887.36,83.240556,28.011111,910.54,83.239444,28.01,887.36,23.18,20.86,20.655,0.5949,85.22,0.085,447.92,447.92,198.8,11.66
1076,Gulmi,Kaligandaki,83.53,28.090833,1202.0,83.534167,28.088889,1083.62,83.53,28.090833,1202.0,83.534167,28.088889,1083.62,118.38,106.54,3.085,0.0888,65.0,0.065,341.66,341.66,534.6,22.14
1077,Gulmi,Kaligandaki,83.534167,28.088889,1083.62,83.536667,28.086111,953.66,83.534167,28.088889,1083.62,83.536667,28.086111,953.66,129.96,116.96,5.193,0.1496,120.12,0.12,631.37,631.37,402.0,32.33
1078,Gulmi,Madane,83.098333,28.191944,1199.79,83.100556,28.1925,1144.59,83.098333,28.191944,1199.79,83.100556,28.1925,1144.59,55.2,49.68,7.157,0.2061,70.32,0.07,369.6,369.6,274.0,20.15
1079,Gulmi,Satyawati,83.518611,27.988333,1199.56,83.515556,27.985,976.15,83.518611,27.988333,1199.56,83.515556,27.985,976.15,223.41,201.07,0.645,0.0186,25.65,0.026,134.81,134.81,501.4,44.56
1080,Gulmi,Satyawati,83.515556,27.985,976.15,83.512778,27.981389,769.14,83.515556,27.985,976.15,83.512778,27.981389,769.14,207.01,186.31,1.238,0.0357,45.62,0.046,239.76,239.76,505.0,40.99
1081,Gulmi,Gulmidarbar,83.325,28.015278,1198.44,83.323056,28.012222,1077.14,83.325,28.015278,1198.44,83.323056,28.012222,1077.14,121.3,109.17,1.093,0.0315,23.6,0.024,124.03,124.03,500.7,24.23
1082,Gulmi,Gulmidarbar,83.323056,28.012222,1077.14,83.3225,28.007778,993.07,83.323056,28.012222,1077.14,83.3225,28.007778,993.07,84.07,75.66,1.452,0.0418,21.73,0.022,114.2,114.2,536.0,15.69
1083,Gulmi,Gulmidarbar,83.3225,28.007778,993.07,83.321944,28.003611,936.41,83.3225,28.007778,993.07,83.321944,28.003611,936.41,56.66,50.99,1.664,0.0479,16.78,0.017,88.2,88.2,505.0,11.22
1084,Gulmi,Gulmidarbar,83.321944,28.003611,936.41,83.323333,28.001667,913.89,83.321944,28.003611,936.41,83.323333,28.001667,913.89,22.52,20.27,5.547,0.1598,22.23,0.022,116.86,116.86,268.0,8.4
1085,Gulmi,Resunga,83.231944,28.078333,1198.33,83.233333,28.0825,1105.93,83.231944,28.078333,1198.33,83.233333,28.0825,1105.93,92.4,83.16,9.358,0.2695,153.91,0.154,808.93,808.93,515.3,17.93
1086,Gulmi,Resunga,83.233333,28.0825,1105.93,83.235,28.086667,1028.81,83.233333,28.0825,1105.93,83.235,28.086667,1028.81,77.12,69.41,9.909,0.2854,136.02,0.136,714.91,714.91,525.7,14.67
1087,Gulmi,Resunga,83.235,28.086667,1028.81,83.237222,28.09,963.05,83.235,28.086667,1028.81,83.237222,28.09,963.05,65.76,59.18,10.247,0.2951,119.94,0.12,630.4,630.4,508.0,12.95
1088,Gulmi,Resunga,83.237222,28.09,963.05,83.238333,28.093889,903.09,83.237222,28.09,963.05,83.238333,28.093889,903.09,59.96,53.96,10.662,0.3071,113.79,0.114,598.08,598.08,511.7,11.72
1089,Gulmi,Resunga,83.238333,28.093889,903.09,83.240278,28.097778,878.35,83.238333,28.093889,903.09,83.240278,28.097778,878.35,24.74,22.27,10.852,0.3125,47.79,0.048,251.17,251.17,522.0,4.74
1090,Gulmi,Resunga,83.240278,28.097778,878.35,83.240833,28.099167,871.34,83.240278,28.097778,878.35,83.240833,28.099167,871.34,7.01,6.31,13.991,0.4029,17.46,0.017,91.75,91.75,175.2,4.0
1091,Gulmi,Chatrakot,83.368333,28.001944,1198.32,83.366111,28.005833,1131.88,83.368333,28.001944,1198.32,83.366111,28.005833,1131.88,66.44,59.8,0.647,0.0186,7.65,0.008,40.22,40.22,515.3,12.89
1092,Gulmi,Chatrakot,83.366111,28.005833,1131.88,83.365556,28.006667,1099.95,83.366111,28.005833,1131.88,83.365556,28.006667,1099.95,31.93,28.74,4.991,0.1437,28.37,0.028,149.09,149.09,113.4,28.17
1093,Gulmi,Satyawati,83.436111,28.045556,1198.18,83.431944,28.043889,1052.64,83.436111,28.045556,1198.18,83.431944,28.043889,1052.64,145.54,130.99,2.991,0.0861,77.48,0.077,407.25,407.25,520.7,27.95
1094,Gulmi,Satyawati,83.431944,28.043889,1052.64,83.429722,28.043056,941.33,83.431944,28.043889,1052.64,83.429722,28.043056,941.33,111.31,100.18,3.501,0.1008,69.36,0.069,364.57,364.57,260.0,42.81
1095,Gulmi,Resunga,83.2775,28.095833,1197.92,83.273056,28.097222,1099.33,83.2775,28.095833,1197.92,83.273056,28.097222,1099.33,98.59,88.73,1.452,0.0418,25.48,0.025,133.92,133.92,506.0,19.48
1096,Gulmi,Resunga,83.273056,28.097222,1099.33,83.269722,28.100278,1017.89,83.273056,28.097222,1099.33,83.269722,28.100278,1017.89,81.44,73.3,1.878,0.0541,27.22,0.027,143.08,143.08,514.7,15.82
1097,Gulmi,Resunga,83.269722,28.100278,1017.89,83.265,28.100556,945.57,83.269722,28.100278,1017.89,83.265,28.100556,945.57,72.32,65.09,2.614,0.0753,33.65,0.034,176.86,176.86,533.3,13.56
1098,Gulmi,Resunga,83.265,28.100556,945.57,83.263333,28.102778,934.23,83.265,28.100556,945.57,83.263333,28.102778,934.23,11.34,10.21,9.874,0.2844,19.93,0.02,104.75,104.75,326.2,3.48
1099,Gulmi,Chandrakot,83.395833,28.096944,1197.36,83.396111,28.0925,927.69,83.395833,28.096944,1197.36,83.396111,28.0925,927.69,269.67,242.7,0.81,0.0233,38.88,0.039,204.35,204.35,505.1,53.39
1100,Gulmi,Chandrakot,83.396111,28.0925,927.69,83.396667,28.091389,881.67,83.396111,28.0925,927.69,83.396667,28.091389,881.67,46.02,41.42,119.484,3.4411,978.72,0.979,5144.15,5144.15,144.3,31.89
1101,Gulmi,Madane,83.111944,28.176389,1197.12,83.115556,28.179167,1108.01,83.111944,28.176389,1197.12,83.115556,28.179167,1108.01,89.11,80.2,0.68,0.0196,10.79,0.011,56.69,56.69,528.0,16.88
1102,Gulmi,Madane,83.115556,28.179167,1108.01,83.119722,28.181111,1059.36,83.115556,28.179167,1108.01,83.119722,28.181111,1059.36,48.65,43.79,0.9,0.0259,7.79,0.008,40.96,40.96,523.7,9.29
1103,Gulmi,Madane,83.119722,28.181111,1059.36,83.121111,28.180556,1050.62,83.119722,28.181111,1059.36,83.121111,28.180556,1050.62,8.74,7.87,11.864,0.3417,18.46,0.018,97.01,97.01,164.2,5.32
1104,Gulmi,Dhurkot,83.120833,28.088889,1195.56,83.120833,28.093056,1172.62,83.120833,28.088889,1195.56,83.120833,28.093056,1172.62,22.94,20.65,10.96,0.3156,44.75,0.045,235.21,235.21,505.0,4.54
1105,Gulmi,Dhurkot,83.120833,28.093056,1172.62,83.121111,28.096389,1141.1,83.120833,28.093056,1172.62,83.121111,28.096389,1141.1,31.52,28.37,24.121,0.6947,135.33,0.135,711.28,711.28,402.0,7.84
1106,Gulmi,Chatrakot,83.337778,28.008889,1194.71,83.333333,28.010278,1089.78,83.337778,28.008889,1194.71,83.333333,28.010278,1089.78,104.93,94.44,0.854,0.0246,15.95,0.016,83.83,83.83,506.0,20.74
1107,Gulmi,Musikot,83.32,28.161389,1194.55,83.318056,28.157222,1025.88,83.32,28.161389,1194.55,83.318056,28.157222,1025.88,168.67,151.8,4.143,0.1193,124.38,0.124,653.75,653.75,536.0,31.47
1108,Gulmi,Chandrakot,83.4425,28.105833,1192.69,83.44,28.105556,1172.96,83.4425,28.105833,1192.69,83.44,28.105556,1172.96,19.73,17.76,9.902,0.2852,34.77,0.035,182.77,182.77,287.3,6.87
1109,Gulmi,Musikot,83.268611,28.146667,1192.6,83.264444,28.144722,1057.38,83.268611,28.146667,1192.6,83.264444,28.144722,1057.38,135.22,121.7,0.871,0.0251,20.96,0.021,110.18,110.18,506.7,26.69
1110,Gulmi,Musikot,83.264444,28.144722,1057.38,83.260556,28.142222,952.03,83.264444,28.144722,1057.38,83.260556,28.142222,952.03,105.35,94.82,1.093,0.0315,20.5,0.02,107.72,107.72,535.3,19.68
1111,Gulmi,Musikot,83.260556,28.142222,952.03,83.256667,28.14,851.36,83.260556,28.142222,952.03,83.256667,28.14,851.36,100.67,90.6,1.392,0.0401,24.94,0.025,131.1,131.1,510.4,19.73
1112,Gulmi,Isma,83.256667,28.14,851.36,83.255556,28.139167,840.11,83.256667,28.14,851.36,83.255556,28.139167,840.11,11.25,10.12,83.325,2.3998,166.85,0.167,876.97,876.97,150.9,7.45
1113,Gulmi,Madane,83.103889,28.134444,1191.59,83.108611,28.133333,1161.51,83.103889,28.134444,1191.59,83.108611,28.133333,1161.51,30.08,27.07,6.413,0.1847,34.34,0.034,180.47,180.47,519.3,5.79
1114,Gulmi,Madane,83.108611,28.133333,1161.51,83.112222,28.130278,1131.29,83.108611,28.133333,1161.51,83.112222,28.130278,1131.29,30.22,27.2,6.751,0.1944,36.31,0.036,190.86,190.86,525.0,5.76
1115,Gulmi,Madane,83.112222,28.130278,1131.29,83.116111,28.129167,1105.1,83.112222,28.130278,1131.29,83.116111,28.129167,1105.1,26.19,23.57,44.399,1.2787,206.97,0.207,1087.84,1087.84,499.4,5.24
1116,Gulmi,Dhurkot,83.152778,28.1225,1189.09,83.152778,28.125833,1126.18,83.152778,28.1225,1189.09,83.152778,28.125833,1126.18,62.91,56.62,1.359,0.0391,15.22,0.015,79.98,79.98,391.7,16.06
1117,Gulmi,Satyawati,83.485,28.084444,1188.63,83.488056,28.080833,1148.77,83.485,28.084444,1188.63,83.488056,28.080833,1148.77,39.86,35.87,7.728,0.2226,54.83,0.055,288.18,288.18,532.3,7.49
1118,Gulmi,Satyawati,83.488056,28.080833,1148.77,83.492222,28.079722,1119.92,83.488056,28.080833,1148.77,83.492222,28.079722,1119.92,28.85,25.96,11.256,0.3242,57.8,0.058,303.8,303.8,464.8,6.21
1119,Gulmi,Satyawati,83.498056,28.000556,1187.21,83.494444,28.004167,913.99,83.498056,28.000556,1187.21,83.494444,28.004167,913.99,273.22,245.9,0.572,0.0165,27.82,0.028,146.21,146.21,535.9,50.98
1120,Gulmi,Satyawati,83.494444,28.004167,913.99,83.493889,28.004444,882.91,83.494444,28.004167,913.99,83.493889,28.004444,882.91,31.08,27.97,10.266,0.2957,56.79,0.057,298.5,298.5,68.5,45.38
1121,Gulmi,Dhurkot,83.110556,28.108889,1186.53,83.111389,28.110833,1149.63,83.110556,28.108889,1186.53,83.111389,28.110833,1149.63,36.9,33.21,13.58,0.3911,89.19,0.089,468.8,468.8,268.0,13.77
1122,Gulmi,Ruru,83.433889,27.992222,1186.08,83.434722,27.996667,1078.57,83.433889,27.992222,1186.08,83.434722,27.996667,1078.57,107.51,96.76,0.998,0.0287,19.1,0.019,100.38,100.38,525.7,20.45
1123,Gulmi,Ruru,83.434722,27.996667,1078.57,83.437778,28.0,1023.84,83.434722,27.996667,1078.57,83.437778,28.0,1023.84,54.73,49.26,1.634,0.0471,15.92,0.016,83.66,83.66,518.3,10.56
1124,Gulmi,Ruru,83.437778,28.0,1023.84,83.441111,28.0025,997.38,83.437778,28.0,1023.84,83.441111,28.0025,997.38,26.46,23.81,1.894,0.0545,8.92,0.009,46.88,46.88,520.7,5.08
1125,Gulmi,Ruru,83.441111,28.0025,997.38,83.443333,28.006389,786.04,83.441111,28.0025,997.38,83.443333,28.006389,786.04,211.34,190.21,2.235,0.0644,84.07,0.084,441.89,441.89,515.3,41.01
1126,Gulmi,Ruru,83.443333,28.006389,786.04,83.445278,28.010556,546.53,83.443333,28.006389,786.04,83.445278,28.010556,546.53,239.51,215.56,2.363,0.0681,100.74,0.101,529.47,529.47,536.0,44.69
1127,Gulmi,Satyawati,83.445278,28.010556,546.53,83.445833,28.011111,546.51,83.445278,28.010556,546.53,83.445833,28.011111,546.51,0.02,0.02,1964.972,56.5912,7.0,0.007,36.77,36.77,82.5,0.02
1128,Gulmi,Chatrakot,83.378333,27.992778,1185.61,83.378889,27.988611,1098.33,83.378333,27.992778,1185.61,83.378889,27.988611,1098.33,87.28,78.55,1.083,0.0312,16.82,0.017,88.43,88.43,505.0,17.28
1129,Gulmi,Chatrakot,83.378889,27.988611,1098.33,83.378889,27.984722,1036.35,83.378889,27.988611,1098.33,83.378889,27.984722,1036.35,61.98,55.78,1.982,0.0571,21.87,0.022,114.92,114.92,494.7,12.53
1130,Gulmi,Isma,83.2175,28.194722,1185.45,83.219722,28.191944,1075.57,83.2175,28.194722,1185.45,83.219722,28.191944,1075.57,109.88,98.89,2.557,0.0736,50.01,0.05,262.85,262.85,408.6,26.89
1131,Gulmi,Satyawati,83.520556,27.998056,1185.14,83.525278,27.998611,1036.98,83.520556,27.998056,1185.14,83.525278,27.998611,1036.98,148.16,133.34,1.243,0.0358,32.78,0.033,172.29,172.29,519.3,28.53
1132,Gulmi,Satyawati,83.525278,27.998611,1036.98,83.526389,27.998056,1001.71,83.525278,27.998611,1036.98,83.526389,27.998056,1001.71,35.27,31.74,5.355,0.1542,33.62,0.034,176.69,176.69,137.0,25.75
1133,Gulmi,Chandrakot,83.443889,28.125556,1185.06,83.441111,28.128889,1168.35,83.443889,28.125556,1185.06,83.441111,28.128889,1168.35,16.71,15.04,43.553,1.2543,129.54,0.13,680.85,680.85,511.7,3.27
1134,Gulmi,Chandrakot,83.441111,28.128889,1168.35,83.440278,28.129722,1164.47,83.441111,28.128889,1168.35,83.440278,28.129722,1164.47,3.88,3.49,44.261,1.2747,30.57,0.031,160.66,160.66,123.7,3.14
1135,Gulmi,Chatrakot,83.362222,28.015278,1185.01,83.365556,28.017778,1092.41,83.362222,28.015278,1185.01,83.365556,28.017778,1092.41,92.6,83.34,1.861,0.0536,30.67,0.031,161.22,161.22,469.8,19.71
1136,Gulmi,Musikot,83.336944,28.128889,1184.24,83.333056,28.126389,1037.59,83.336944,28.128889,1184.24,83.333056,28.126389,1037.59,146.65,131.99,2.613,0.0753,68.21,0.068,358.49,358.49,507.4,28.9
1137,Gulmi,Musikot,83.333056,28.126389,1037.59,83.329167,28.126389,875.19,83.333056,28.126389,1037.59,83.329167,28.126389,875.19,162.4,146.16,3.275,0.0943,94.67,0.095,497.57,497.57,409.6,39.65
1138,Gulmi,Madane,83.113611,28.125833,1184.24,83.117222,28.128056,1103.87,83.113611,28.125833,1184.24,83.117222,28.128056,1103.87,80.37,72.33,45.001,1.296,643.75,0.644,3383.56,3383.56,466.1,17.24
1139,Gulmi,Isma,83.216667,28.163056,1183.89,83.213611,28.160278,1117.66,83.216667,28.163056,1183.89,83.213611,28.160278,1117.66,66.23,59.61,1.384,0.0399,16.32,0.016,85.75,85.75,524.3,12.63
1140,Gulmi,Isma,83.213611,28.160278,1117.66,83.209444,28.158611,1059.25,83.213611,28.160278,1117.66,83.209444,28.158611,1059.25,58.41,52.57,1.801,0.0519,18.72,0.019,98.41,98.41,537.6,10.86
1141,Gulmi,Isma,83.209444,28.158611,1059.25,83.204444,28.158611,1024.88,83.209444,28.158611,1059.25,83.204444,28.158611,1024.88,34.37,30.93,2.379,0.0685,14.55,0.015,76.49,76.49,518.7,6.63
1142,Gulmi,Isma,83.204444,28.158611,1024.88,83.2,28.1575,995.49,83.204444,28.158611,1024.88,83.2,28.1575,995.49,29.39,26.45,2.705,0.0779,14.15,0.014,74.37,74.37,537.0,5.47
1143,Gulmi,Isma,83.2,28.1575,995.49,83.196389,28.156667,973.88,83.2,28.1575,995.49,83.196389,28.156667,973.88,21.61,19.45,8.797,0.2534,33.84,0.034,177.85,177.85,396.3,5.45
1144,Gulmi,Isma,83.209722,28.1775,1183.53,83.205556,28.175278,1106.85,83.209722,28.1775,1183.53,83.205556,28.175278,1106.85,76.68,69.01,0.727,0.0209,9.92,0.01,52.15,52.15,520.7,14.73
1145,Gulmi,Isma,83.205556,28.175278,1106.85,83.203611,28.173333,1074.02,83.205556,28.175278,1106.85,83.203611,28.173333,1074.02,32.83,29.55,1.822,0.0525,10.65,0.011,55.96,55.96,288.6,11.38
1146,Gulmi,Malika,83.168889,28.258333,1182.71,83.172778,28.261389,1071.71,83.168889,28.258333,1182.71,83.172778,28.261389,1071.71,111.0,99.9,9.002,0.2593,177.85,0.178,934.8,934.8,535.3,20.74
1147,Gulmi,Ruru,83.389167,28.003056,1182.66,83.3925,28.006111,1050.62,83.389167,28.003056,1182.66,83.3925,28.006111,1050.62,132.04,118.84,0.677,0.0195,15.91,0.016,83.63,83.63,514.7,25.66
1148,Gulmi,Ruru,83.3925,28.006111,1050.62,83.392778,28.006389,1037.87,83.3925,28.006111,1050.62,83.392778,28.006389,1037.87,12.75,11.47,2.914,0.0839,6.61,0.007,34.76,34.76,41.2,30.94
1149,Gulmi,Dhurkot,83.105278,28.112778,1181.56,83.109444,28.110833,1150.65,83.105278,28.112778,1181.56,83.109444,28.110833,1150.65,30.91,27.82,12.857,0.3703,70.74,0.071,371.79,371.79,506.7,6.1
1150,Gulmi,Gulmidarbar,83.341944,28.020556,1181.14,83.339444,28.023611,1049.98,83.341944,28.020556,1181.14,83.339444,28.023611,1049.98,131.16,118.04,1.277,0.0368,29.81,0.03,156.69,156.69,500.7,26.19
1151,Gulmi,Gulmidarbar,83.339444,28.023611,1049.98,83.338056,28.027778,957.13,83.339444,28.023611,1049.98,83.338056,28.027778,957.13,92.85,83.57,1.548,0.0446,25.58,0.026,134.47,134.47,515.3,18.02
1152,Gulmi,Kaligandaki,83.556389,28.018056,1179.98,83.558056,28.018889,1110.42,83.556389,28.018056,1179.98,83.558056,28.018889,1110.42,69.56,62.6,2.502,0.0721,30.98,0.031,162.82,162.82,205.5,33.86
1153,Gulmi,Isma,83.221667,28.187222,1179.91,83.222222,28.191111,1072.01,83.221667,28.187222,1179.91,83.222222,28.191111,1072.01,107.9,97.11,1.385,0.0399,26.6,0.027,139.81,139.81,515.3,20.94
1154,Gulmi,Isma,83.222222,28.191111,1072.01,83.223056,28.191944,1047.6,83.222222,28.191111,1072.01,83.223056,28.191944,1047.6,24.41,21.97,4.186,0.1206,18.19,0.018,95.59,95.59,140.6,17.35
1155,Gulmi,Madane,83.113611,28.14,1179.05,83.115278,28.135833,1163.3,83.113611,28.14,1179.05,83.115278,28.135833,1163.3,15.75,14.18,36.385,1.0479,102.0,0.102,536.12,536.12,525.7,3.0
1156,Gulmi,Madane,83.115278,28.135833,1163.3,83.114722,28.132222,1122.08,83.115278,28.135833,1163.3,83.114722,28.132222,1122.08,41.22,37.1,36.943,1.064,271.05,0.271,1424.62,1424.62,501.4,8.22
1157,Gulmi,Madane,83.114722,28.132222,1122.08,83.116111,28.129167,1105.1,83.114722,28.132222,1122.08,83.116111,28.129167,1105.1,16.98,15.28,44.399,1.2787,134.19,0.134,705.29,705.29,412.3,4.12
1158,Gulmi,Satyawati,83.473889,28.016389,1173.82,83.469167,28.015278,1023.28,83.473889,28.016389,1173.82,83.469167,28.015278,1023.28,150.54,135.49,1.607,0.0463,43.06,0.043,226.32,226.32,519.3,28.99
1159,Gulmi,Satyawati,83.469167,28.015278,1023.28,83.465278,28.013611,779.03,83.469167,28.015278,1023.28,83.465278,28.013611,779.03,244.25,219.83,2.407,0.0693,104.64,0.105,550.01,550.01,465.5,52.47
1160,Gulmi,Chandrakot,83.44,28.105556,1172.96,83.439722,28.105556,1169.88,83.44,28.105556,1172.96,83.439722,28.105556,1169.88,3.08,2.77,10.372,0.2987,5.69,0.006,29.89,29.89,27.3,11.3
1161,Gulmi,Resunga,83.242222,28.038056,1172.16,83.2375,28.036944,1065.84,83.242222,28.038056,1172.16,83.2375,28.036944,1065.84,106.32,95.69,1.068,0.0308,20.21,0.02,106.23,106.23,519.3,20.47
1162,Gulmi,Resunga,83.2375,28.036944,1065.84,83.233611,28.034444,1022.55,83.2375,28.036944,1065.84,83.233611,28.034444,1022.55,43.29,38.96,6.729,0.1938,51.85,0.052,272.52,272.52,524.3,8.26
1163,Gulmi,Chandrakot,83.440833,28.128056,1171.82,83.440278,28.129722,1164.47,83.440833,28.128056,1171.82,83.440278,28.129722,1164.47,7.35,6.61,44.261,1.2747,57.9,0.058,304.34,304.34,206.1,3.57
1164,Gulmi,Malika,83.143611,28.189722,1169.93,83.139722,28.187222,1123.1,83.143611,28.189722,1169.93,83.139722,28.187222,1123.1,46.83,42.15,6.224,0.1793,51.88,0.052,272.68,272.68,507.4,9.23
1165,Gulmi,Malika,83.139722,28.187222,1123.1,83.136667,28.184167,1092.66,83.139722,28.187222,1123.1,83.136667,28.184167,1092.66,30.44,27.4,6.729,0.1938,36.46,0.036,191.63,191.63,504.4,6.03
1166,Gulmi,Malika,83.136667,28.184167,1092.66,83.137222,28.18,1065.3,83.136667,28.184167,1092.66,83.137222,28.18,1065.3,27.36,24.62,7.295,0.2101,35.53,0.036,186.72,186.72,505.0,5.42
1167,Gulmi,Malika,83.137222,28.18,1065.3,83.137222,28.175833,1043.06,83.137222,28.18,1065.3,83.137222,28.175833,1043.06,22.24,20.02,7.621,0.2195,30.17,0.03,158.56,158.56,505.0,4.4
1168,Gulmi,Malika,83.137222,28.175833,1043.06,83.138611,28.171667,1020.63,83.137222,28.175833,1043.06,83.138611,28.171667,1020.63,22.43,20.19,8.374,0.2412,33.43,0.033,175.72,175.72,515.3,4.35
1169,Gulmi,Malika,83.138611,28.171667,1020.63,83.138333,28.167778,1002.85,83.138611,28.171667,1020.63,83.138333,28.167778,1002.85,17.78,16.0,8.632,0.2486,27.32,0.027,143.58,143.58,505.0,3.52
1170,Gulmi,Malika,83.138333,28.167778,1002.85,83.138056,28.163611,989.12,83.138333,28.167778,1002.85,83.138056,28.163611,989.12,13.73,12.36,8.794,0.2533,21.49,0.021,112.96,112.96,515.3,2.66
1171,Gulmi,Malika,83.138056,28.163611,989.12,83.138333,28.162778,985.29,83.138056,28.163611,989.12,83.138333,28.162778,985.29,3.83,3.45,34.579,0.9959,23.57,0.024,123.9,123.9,103.1,3.72
1172,Gulmi,Chandrakot,83.439722,28.105556,1169.88,83.435556,28.106111,1145.26,83.439722,28.105556,1169.88,83.435556,28.106111,1145.26,24.62,22.16,12.195,0.3512,53.44,0.053,280.88,280.88,436.9,5.63
1173,Gulmi,Satyawati,83.431389,28.045833,1169.65,83.429722,28.043056,941.33,83.431389,28.045833,1169.65,83.429722,28.043056,941.33,228.32,205.49,3.501,0.1008,142.28,0.142,747.81,747.81,371.0,61.54
1174,Gulmi,Chandrakot,83.355,28.093056,1169.27,83.351111,28.090278,1008.73,83.355,28.093056,1169.27,83.351111,28.090278,1008.73,160.54,144.49,0.841,0.0242,24.03,0.024,126.31,126.31,521.3,30.8
1175,Gulmi,Chandrakot,83.351111,28.090278,1008.73,83.348333,28.086667,848.55,83.351111,28.090278,1008.73,83.348333,28.086667,848.55,160.18,144.16,1.169,0.0337,33.33,0.033,175.18,175.18,522.0,30.69
1176,Gulmi,Chandrakot,83.348333,28.086667,848.55,83.345833,28.083889,682.23,83.348333,28.086667,848.55,83.345833,28.083889,682.23,166.32,149.69,2.239,0.0645,66.28,0.066,348.38,348.38,402.0,41.38
1177,Gulmi,Ruru,83.391944,27.996944,1167.97,83.393056,28.000833,1114.37,83.391944,27.996944,1167.97,83.393056,28.000833,1114.37,53.6,48.24,1.262,0.0363,12.04,0.012,63.28,63.28,515.3,10.4
1178,Gulmi,Ruru,83.393056,28.000833,1114.37,83.393889,28.003889,1065.14,83.393056,28.000833,1114.37,83.393889,28.003889,1065.14,49.23,44.31,2.034,0.0586,17.82,0.018,93.68,93.68,371.1,13.27
1179,Gulmi,Chatrakot,83.362778,28.003333,1167.72,83.364722,28.005556,1116.82,83.362778,28.003333,1167.72,83.364722,28.005556,1116.82,50.9,45.81,2.129,0.0613,19.29,0.019,101.38,101.38,353.4,14.4
1180,Gulmi,Dhurkot,83.199722,28.088056,1166.56,83.203889,28.090278,1012.85,83.199722,28.088056,1166.56,83.203889,28.090278,1012.85,153.71,138.34,3.949,0.1137,108.04,0.108,567.87,567.87,537.6,28.59
1181,Gulmi,Isma,83.200833,28.232778,1164.68,83.205278,28.231667,1162.82,83.200833,28.232778,1164.68,83.205278,28.231667,1162.82,1.86,1.67,39.742,1.1446,13.16,0.013,69.15,69.15,520.0,0.36
1182,Gulmi,Isma,83.205278,28.231667,1162.82,83.203889,28.227778,1149.08,83.205278,28.231667,1162.82,83.203889,28.227778,1149.08,13.74,12.37,40.239,1.1589,98.41,0.098,517.24,517.24,522.0,2.63
1183,Gulmi,Chandrakot,83.440278,28.129722,1164.47,83.439444,28.130556,1159.53,83.440278,28.129722,1164.47,83.439444,28.130556,1159.53,4.94,4.45,46.992,1.3534,41.32,0.041,217.17,217.17,123.7,3.99
1184,Gulmi,Isma,83.193333,28.220556,1163.56,83.196111,28.22,1137.07,83.193333,28.220556,1163.56,83.196111,28.22,1137.07,26.49,23.84,3.488,0.1005,16.45,0.016,86.44,86.44,328.5,8.07
1185,Gulmi,Dhurkot,83.123611,28.107222,1162.55,83.127778,28.1075,1059.67,83.123611,28.107222,1162.55,83.127778,28.1075,1059.67,102.88,92.59,0.616,0.0177,11.28,0.011,59.29,59.29,506.7,20.3
1186,Gulmi,Isma,83.238333,28.128333,1162.04,83.238611,28.123889,974.93,83.238333,28.128333,1162.04,83.238611,28.123889,974.93,187.11,168.4,1.039,0.0299,34.6,0.035,181.87,181.87,525.7,35.6
1187,Gulmi,Isma,83.238611,28.123889,974.93,83.236667,28.119722,887.12,83.238611,28.123889,974.93,83.236667,28.119722,887.12,87.81,79.03,1.347,0.0388,21.05,0.021,110.65,110.65,536.0,16.38
1188,Gulmi,Isma,83.236667,28.119722,887.12,83.236111,28.115278,858.04,83.236667,28.119722,887.12,83.236111,28.115278,858.04,29.08,26.17,1.669,0.0481,8.64,0.009,45.41,45.41,536.0,5.43
1189,Gulmi,Resunga,83.221944,28.085,1160.75,83.223889,28.088889,1071.22,83.221944,28.085,1160.75,83.223889,28.088889,1071.22,89.53,80.58,1.609,0.0463,25.64,0.026,134.77,134.77,505.0,17.73
1190,Gulmi,Resunga,83.223889,28.088889,1071.22,83.226667,28.0925,938.72,83.223889,28.088889,1071.22,83.226667,28.0925,938.72,132.5,119.25,1.751,0.0504,41.3,0.041,217.05,217.05,522.0,25.38
1191,Gulmi,Resunga,83.226667,28.0925,938.72,83.228889,28.096389,893.95,83.226667,28.0925,938.72,83.228889,28.096389,893.95,44.77,40.29,2.24,0.0645,17.85,0.018,93.82,93.82,515.3,8.69
1192,Gulmi,Kaligandaki,83.560278,28.115,1160.29,83.555556,28.114167,995.82,83.560278,28.115,1160.29,83.555556,28.114167,995.82,164.47,148.02,0.696,0.02,20.38,0.02,107.09,107.09,505.4,32.54
1193,Gulmi,Kaligandaki,83.555556,28.114167,995.82,83.554167,28.112778,988.34,83.555556,28.114167,995.82,83.554167,28.112778,988.34,7.48,6.73,22.507,0.6482,29.97,0.03,157.5,157.5,240.1,3.12
1194,Gulmi,Madane,83.099722,28.194722,1160.21,83.100556,28.1925,1144.59,83.099722,28.194722,1160.21,83.100556,28.1925,1144.59,15.62,14.06,7.157,0.2061,19.9,0.02,104.59,104.59,278.3,5.61
1195,Gulmi,Chandrakot,83.439444,28.130556,1159.53,83.435278,28.129444,1145.86,83.439444,28.130556,1159.53,83.435278,28.129444,1145.86,13.67,12.3,47.492,1.3678,115.56,0.116,607.36,607.36,520.7,2.63
1196,Gulmi,Chandrakot,83.435278,28.129444,1145.86,83.430833,28.128889,1134.57,83.435278,28.129444,1145.86,83.430833,28.128889,1134.57,11.29,10.16,48.374,1.3932,97.21,0.097,510.93,510.93,520.0,2.17
1197,Gulmi,Chandrakot,83.426944,28.126111,1122.36,83.423333,28.125,1107.57,83.426944,28.126111,1122.36,83.423333,28.125,1107.57,14.79,13.31,70.081,2.0183,184.49,0.184,969.67,969.67,427.2,3.46
1198,Gulmi,Gulmidarbar,83.314444,28.059444,1158.92,83.316111,28.061667,995.77,83.314444,28.059444,1158.92,83.316111,28.061667,995.77,163.15,146.84,3.426,0.0987,99.49,0.099,522.92,522.92,326.2,50.02
1199,Gulmi,Dhurkot,83.205833,28.084167,1157.0,83.204722,28.087222,1066.16,83.205833,28.084167,1157.0,83.204722,28.087222,1066.16,90.84,81.76,3.17,0.0913,51.26,0.051,269.4,269.4,381.4,23.82
1200,Gulmi,Malika,83.167222,28.19,1155.45,83.167222,28.187222,1126.76,83.167222,28.19,1155.45,83.167222,28.187222,1126.76,28.69,25.82,6.891,0.1985,35.19,0.035,184.96,184.96,329.8,8.7
1201,Gulmi,Kaligandaki,83.494167,28.075556,1155.34,83.496944,28.079167,1072.47,83.494167,28.075556,1155.34,83.496944,28.079167,1072.47,82.87,74.58,1.742,0.0502,25.69,0.026,135.05,135.05,522.0,15.88
1202,Gulmi,Kaligandaki,83.496944,28.079167,1072.47,83.497222,28.079444,1064.0,83.496944,28.079167,1072.47,83.497222,28.079444,1064.0,8.47,7.62,13.699,0.3945,20.65,0.021,108.55,108.55,41.2,20.56
1203,Gulmi,Chandrakot,83.5025,28.090833,1154.48,83.503889,28.091111,1073.74,83.5025,28.090833,1154.48,83.503889,28.091111,1073.74,80.74,72.67,4.229,0.1218,60.78,0.061,319.44,319.44,150.3,53.72
1204,Gulmi,Chatrakot,83.349167,27.991944,1152.19,83.348889,27.988333,1086.08,83.349167,27.991944,1152.19,83.348889,27.988333,1086.08,66.11,59.5,1.26,0.0363,14.83,0.015,77.93,77.93,470.5,14.05
1205,Gulmi,Resunga,83.246111,28.088056,1151.62,83.242778,28.089167,1012.74,83.246111,28.088056,1151.62,83.242778,28.089167,1012.74,138.88,124.99,2.383,0.0686,58.91,0.059,309.61,309.61,383.0,36.26
1206,Gulmi,Kaligandaki,83.561389,28.105833,967.83,83.561389,28.103611,889.87,83.561389,28.105833,967.83,83.561389,28.103611,889.87,77.96,70.16,27.195,0.7832,377.37,0.377,1983.44,1983.44,288.6,27.02
1207,Gulmi,Resunga,83.255,28.041667,1150.31,83.255556,28.0375,1135.09,83.255,28.041667,1150.31,83.255556,28.0375,1135.09,15.22,13.7,5.225,0.1505,14.15,0.014,74.4,74.4,505.0,3.01
1208,Gulmi,Resunga,83.255556,28.0375,1135.09,83.258333,28.034444,1097.15,83.255556,28.0375,1135.09,83.258333,28.034444,1097.15,37.94,34.15,6.02,0.1734,40.65,0.041,213.67,213.67,531.6,7.14
1209,Gulmi,Resunga,83.258333,28.034444,1097.15,83.260556,28.030556,1075.95,83.258333,28.034444,1097.15,83.260556,28.030556,1075.95,21.2,19.08,6.572,0.1893,24.8,0.025,130.34,130.34,515.3,4.11
1210,Gulmi,Resunga,83.260556,28.030556,1075.95,83.261667,28.029444,1052.82,83.260556,28.030556,1075.95,83.261667,28.029444,1052.82,23.13,20.82,7.102,0.2045,29.24,0.029,153.68,153.68,164.9,14.02
1211,Gulmi,Madane,83.111389,28.110833,1149.63,83.115556,28.112778,1129.79,83.111389,28.110833,1149.63,83.115556,28.112778,1129.79,19.84,17.86,13.861,0.3992,48.95,0.049,257.27,257.27,506.7,3.92
1212,Gulmi,Madane,83.115556,28.112778,1129.79,83.119722,28.114722,1092.79,83.115556,28.112778,1129.79,83.119722,28.114722,1092.79,37.0,33.3,14.438,0.4158,95.08,0.095,499.77,499.77,523.7,7.07
1213,Gulmi,Dhurkot,83.119722,28.114722,1092.79,83.123611,28.113056,1085.26,83.119722,28.114722,1092.79,83.123611,28.113056,1085.26,7.53,6.78,14.917,0.4296,19.99,0.02,105.08,105.08,516.4,1.46
1214,Gulmi,Isma,83.203611,28.227222,1149.07,83.201389,28.223333,1145.48,83.203611,28.227222,1149.07,83.201389,28.223333,1145.48,3.59,3.23,41.148,1.1851,26.29,0.026,138.2,138.2,515.3,0.7
1215,Gulmi,Isma,83.201389,28.223333,1145.48,83.198333,28.219722,1123.85,83.201389,28.223333,1145.48,83.198333,28.219722,1123.85,21.63,19.47,45.086,1.2985,173.58,0.174,912.34,912.34,515.3,4.2
1216,Gulmi,Dhurkot,83.121389,28.161111,1148.6,83.122778,28.165278,1077.44,83.121389,28.161111,1148.6,83.122778,28.165278,1077.44,71.16,64.04,0.827,0.0238,10.47,0.01,55.06,55.06,515.3,13.81
1217,Gulmi,Dhurkot,83.122778,28.165278,1077.44,83.123889,28.166667,1043.13,83.122778,28.165278,1077.44,83.123889,28.166667,1043.13,34.31,30.88,1.739,0.0501,10.62,0.011,55.82,55.82,195.8,17.52
1218,Gulmi,Dhurkot,83.129722,28.139167,1147.66,83.134167,28.140556,1096.66,83.129722,28.139167,1147.66,83.134167,28.140556,1096.66,51.0,45.9,0.817,0.0235,7.42,0.007,38.98,38.98,506.0,10.08
1219,Gulmi,Dhurkot,83.134167,28.140556,1096.66,83.135833,28.140278,1070.65,83.134167,28.140556,1096.66,83.135833,28.140278,1070.65,26.01,23.41,2.246,0.0647,10.4,0.01,54.65,54.65,177.5,14.65
1220,Gulmi,Chatrakot,83.388889,27.985833,1146.32,83.384722,27.983889,1046.8,83.388889,27.985833,1146.32,83.384722,27.983889,1046.8,99.52,89.57,1.058,0.0305,18.74,0.019,98.5,98.5,506.7,19.64
1221,Gulmi,Chatrakot,83.384722,27.983889,1046.8,83.382778,27.980278,984.27,83.384722,27.983889,1046.8,83.382778,27.980278,984.27,62.53,56.28,1.239,0.0357,13.79,0.014,72.48,72.48,508.0,12.31
1222,Gulmi,Kaligandaki,83.578333,28.001667,1145.64,83.578889,28.004722,1028.45,83.578333,28.001667,1145.64,83.578889,28.004722,1028.45,117.19,105.47,2.703,0.0778,56.38,0.056,296.34,296.34,381.4,30.73
1223,Gulmi,Chandrakot,83.435556,28.106111,1145.26,83.430833,28.105556,1113.24,83.435556,28.106111,1145.26,83.430833,28.105556,1113.24,32.02,28.82,12.75,0.3672,72.67,0.073,381.93,381.93,519.3,6.17
1224,Gulmi,Chandrakot,83.430833,28.105556,1113.24,83.425833,28.105,1084.29,83.430833,28.105556,1113.24,83.425833,28.105,1084.29,28.95,26.06,13.916,0.4008,71.71,0.072,376.9,376.9,518.7,5.58
1225,Gulmi,Chandrakot,83.425833,28.105,1084.29,83.421111,28.105278,1064.59,83.425833,28.105,1084.29,83.421111,28.105278,1064.59,19.7,17.73,14.41,0.415,50.53,0.051,265.58,265.58,505.4,3.9
1226,Gulmi,Chandrakot,83.421111,28.105278,1064.59,83.416389,28.105556,1047.2,83.421111,28.105278,1064.59,83.416389,28.105556,1047.2,17.39,15.65,14.686,0.423,45.46,0.045,238.92,238.92,505.4,3.44
1227,Gulmi,Ruru,83.436667,27.979722,1145.18,83.431667,27.979722,1065.19,83.436667,27.979722,1145.18,83.431667,27.979722,1065.19,79.99,71.99,0.585,0.0168,8.33,0.008,43.78,43.78,518.7,15.42
1228,Gulmi,Ruru,83.431667,27.979722,1065.19,83.4275,27.978889,875.2,83.431667,27.979722,1065.19,83.4275,27.978889,875.2,189.99,170.99,3.24,0.0933,109.57,0.11,575.88,575.88,478.8,39.68
1229,Gulmi,Madane,83.100556,28.1925,1144.59,83.1025,28.191111,1134.71,83.100556,28.1925,1144.59,83.1025,28.191111,1134.71,9.88,8.89,8.035,0.2314,14.13,0.014,74.27,74.27,277.6,3.56
1230,Gulmi,Satyawati,83.506389,28.008333,1144.27,83.503611,28.009444,1035.52,83.506389,28.008333,1144.27,83.503611,28.009444,1035.52,108.75,97.88,7.621,0.2195,147.52,0.148,775.35,775.35,328.5,33.11
1231,Gulmi,Dhurkot,83.151944,28.104722,1143.4,83.151667,28.100833,1069.25,83.151944,28.104722,1143.4,83.151667,28.100833,1069.25,74.15,66.74,0.919,0.0265,12.13,0.012,63.75,63.75,505.0,14.68
1232,Gulmi,Dhurkot,83.151667,28.100833,1069.25,83.1525,28.098333,1002.08,83.151667,28.100833,1069.25,83.1525,28.098333,1002.08,67.17,60.45,97.867,2.8186,1170.07,1.17,6149.91,6149.91,309.2,21.72
1233,Gulmi,Musikot,83.305556,28.178333,1142.83,83.302222,28.175,925.7,83.305556,28.178333,1142.83,83.302222,28.175,925.7,217.13,195.42,0.621,0.0179,24.0,0.024,126.14,126.14,511.7,42.44
1234,Gulmi,Musikot,83.302222,28.175,925.7,83.301944,28.175,914.69,83.302222,28.175,925.7,83.301944,28.175,914.69,11.01,9.91,4.101,0.1181,8.04,0.008,42.24,42.24,27.3,40.38
1235,Gulmi,Dhurkot,83.121111,28.096389,1141.1,83.125556,28.096944,1116.29,83.121111,28.096389,1141.1,83.125556,28.096944,1116.29,24.81,22.33,24.362,0.7016,107.58,0.108,565.45,565.45,520.0,4.77
1236,Gulmi,Dhurkot,83.125556,28.096944,1116.29,83.128611,28.1,1072.33,83.125556,28.096944,1116.29,83.128611,28.1,1072.33,43.96,39.56,24.974,0.7193,195.41,0.195,1027.08,1027.08,521.3,8.43
1237,Gulmi,Dhurkot,83.128611,28.1,1072.33,83.1325,28.099444,1046.41,83.128611,28.1,1072.33,83.1325,28.099444,1046.41,25.92,23.33,25.521,0.735,117.74,0.118,618.86,618.86,527.3,4.92
1238,Gulmi,Dhurkot,83.1325,28.099444,1046.41,83.135278,28.098889,1041.04,83.1325,28.099444,1046.41,83.135278,28.098889,1041.04,5.37,4.83,26.754,0.7705,25.57,0.026,134.41,134.41,328.5,1.63
1239,Gulmi,Resunga,83.3075,28.080278,1141.04,83.311389,28.083056,1061.41,83.3075,28.080278,1141.04,83.311389,28.083056,1061.41,79.63,71.67,1.863,0.0537,26.41,0.026,138.79,138.79,521.3,15.27
1240,Gulmi,Resunga,83.311389,28.083056,1061.41,83.314444,28.086111,994.94,83.311389,28.083056,1061.41,83.314444,28.086111,994.94,66.47,59.82,2.897,0.0834,34.27,0.034,180.15,180.15,504.4,13.18
1241,Gulmi,Resunga,83.314444,28.086111,994.94,83.3125,28.09,959.75,83.314444,28.086111,994.94,83.3125,28.09,959.75,35.19,31.67,3.537,0.1019,22.15,0.022,116.44,116.44,505.0,6.97
1242,Gulmi,Resunga,83.3125,28.09,959.75,83.313056,28.0925,921.33,83.3125,28.09,959.75,83.313056,28.0925,921.33,38.42,34.58,4.438,0.1278,30.35,0.03,159.52,159.52,298.9,12.85
1243,Gulmi,Chandrakot,83.400278,28.070278,1140.54,83.400278,28.068333,1010.06,83.400278,28.070278,1140.54,83.400278,28.068333,1010.06,130.48,117.43,12.847,0.37,298.36,0.298,1568.21,1568.21,237.1,55.04
1244,Gulmi,Chatrakot,83.352222,27.986944,1138.33,83.348889,27.988333,1086.08,83.352222,27.986944,1138.33,83.348889,27.988333,1086.08,52.25,47.02,1.26,0.0363,11.72,0.012,61.59,61.59,397.0,13.16
1245,Gulmi,Isma,83.196111,28.22,1137.07,83.198333,28.219722,1123.85,83.196111,28.22,1137.07,83.198333,28.219722,1123.85,13.22,11.9,45.086,1.2985,106.09,0.106,557.61,557.61,277.0,4.77
1246,Gulmi,Gulmidarbar,83.328333,28.031389,1136.46,83.331944,28.034444,975.4,83.328333,28.031389,1136.46,83.331944,28.034444,975.4,161.06,144.95,0.745,0.0215,21.36,0.021,112.25,112.25,508.0,31.7
1247,Gulmi,Gulmidarbar,83.331944,28.034444,975.4,83.336667,28.035556,858.49,83.331944,28.034444,975.4,83.336667,28.035556,858.49,116.91,105.22,1.152,0.0332,23.97,0.024,126.0,126.0,519.3,22.51
1248,Gulmi,Malika,83.1025,28.191111,1134.71,83.106667,28.189722,1108.44,83.1025,28.191111,1134.71,83.106667,28.189722,1108.44,26.27,23.64,8.411,0.2422,39.33,0.039,206.71,206.71,534.6,4.91
1249,Gulmi,Malika,83.106667,28.189722,1108.44,83.110833,28.188056,1086.16,83.106667,28.189722,1108.44,83.110833,28.188056,1086.16,22.28,20.05,9.464,0.2726,37.53,0.038,197.26,197.26,537.6,4.14
1250,Gulmi,Madane,83.110833,28.188056,1086.16,83.115,28.186111,1074.01,83.110833,28.188056,1086.16,83.115,28.186111,1074.01,12.15,10.94,10.077,0.2902,21.79,0.022,114.54,114.54,506.7,2.4
1251,Gulmi,Madane,83.115,28.186111,1074.01,83.118056,28.183611,1063.05,83.115,28.186111,1074.01,83.118056,28.183611,1063.05,10.96,9.86,10.668,0.3072,20.81,0.021,109.38,109.38,510.4,2.15
1252,Gulmi,Madane,83.118056,28.183611,1063.05,83.121111,28.180833,1050.62,83.118056,28.183611,1063.05,83.121111,28.180833,1050.62,12.43,11.19,10.947,0.3153,24.22,0.024,127.3,127.3,507.4,2.45
1253,Gulmi,Musikot,83.349722,28.118611,1133.48,83.352222,28.115,1032.19,83.349722,28.118611,1133.48,83.352222,28.115,1032.19,101.29,91.16,9.908,0.2854,178.63,0.179,938.88,938.88,494.7,20.47
1254,Gulmi,Dhurkot,83.127778,28.158056,1132.65,83.130833,28.161389,1033.69,83.127778,28.158056,1132.65,83.130833,28.161389,1033.69,98.96,89.06,0.669,0.0193,11.78,0.012,61.94,61.94,518.3,19.09
1255,Gulmi,Dhurkot,83.130833,28.161389,1033.69,83.135,28.161667,993.99,83.130833,28.161389,1033.69,83.135,28.161667,993.99,39.7,35.73,24.869,0.7162,175.73,0.176,923.65,923.65,422.9,9.39
1256,Gulmi,Resunga,83.279722,28.035,1131.46,83.279444,28.030556,1078.02,83.279722,28.035,1131.46,83.279444,28.030556,1078.02,53.44,48.1,4.818,0.1388,45.83,0.046,240.87,240.87,525.7,10.17
1257,Gulmi,Resunga,83.279444,28.030556,1078.02,83.276944,28.027778,1036.09,83.279444,28.030556,1078.02,83.276944,28.027778,1036.09,41.93,37.74,7.473,0.2152,55.77,0.056,293.14,293.14,435.9,9.62
1258,Gulmi,Satyawati,83.494444,28.016944,1130.59,83.494722,28.015556,1041.89,83.494444,28.016944,1130.59,83.494722,28.015556,1041.89,88.7,79.83,3.107,0.0895,49.05,0.049,257.82,257.82,164.9,53.78
1259,Gulmi,Isma,83.202222,28.176389,1128.48,83.203611,28.173333,1074.02,83.202222,28.176389,1128.48,83.203611,28.173333,1074.02,54.46,49.01,1.822,0.0525,17.66,0.018,92.83,92.83,391.7,13.9
1260,Gulmi,Kaligandaki,83.516944,28.063056,1128.46,83.520278,28.061944,1039.48,83.516944,28.063056,1128.46,83.520278,28.061944,1039.48,88.98,80.08,1.024,0.0295,16.22,0.016,85.24,85.24,383.0,23.23
1261,Gulmi,Gulmidarbar,83.321944,28.033056,1128.1,83.321111,28.036944,1026.45,83.321944,28.033056,1128.1,83.321111,28.036944,1026.45,101.65,91.48,1.2,0.0346,21.71,0.022,114.12,114.12,463.8,21.92
1262,Gulmi,Malika,83.176389,28.171667,1128.04,83.179167,28.168333,1061.71,83.176389,28.171667,1128.04,83.179167,28.168333,1061.71,66.33,59.7,0.66,0.019,7.79,0.008,40.96,40.96,508.0,13.06
1263,Gulmi,Malika,83.179167,28.168333,1061.71,83.180278,28.164444,1006.62,83.179167,28.168333,1061.71,83.180278,28.164444,1006.62,55.09,49.58,7.498,0.2159,73.52,0.074,386.43,386.43,474.1,11.62
1264,Gulmi,Malika,83.167222,28.187222,1126.76,83.166111,28.183056,1104.72,83.167222,28.187222,1126.76,83.166111,28.183056,1104.72,22.04,19.84,7.342,0.2114,28.8,0.029,151.39,151.39,505.0,4.36
1265,Gulmi,Dhurkot,83.152778,28.125833,1126.18,83.154167,28.13,1041.55,83.152778,28.125833,1126.18,83.154167,28.13,1041.55,84.63,76.17,1.663,0.0479,25.05,0.025,131.67,131.67,536.0,15.79
1266,Gulmi,Dhurkot,83.154167,28.13,1041.55,83.156389,28.133889,977.37,83.154167,28.13,1041.55,83.156389,28.133889,977.37,64.18,57.76,2.027,0.0584,23.16,0.023,121.71,121.71,515.3,12.45
1267,Gulmi,Dhurkot,83.156389,28.133889,977.37,83.159722,28.134722,940.36,83.156389,28.133889,977.37,83.159722,28.134722,940.36,37.01,33.31,64.362,1.8536,423.99,0.424,2228.47,2228.47,397.0,9.32
1268,Gulmi,Musikot,83.274167,28.134722,1125.8,83.274444,28.132778,988.77,83.274167,28.134722,1125.8,83.274444,28.132778,988.77,137.03,123.33,1.437,0.0414,35.05,0.035,184.22,184.22,247.4,55.4
1269,Gulmi,Chatrakot,83.374167,27.987778,1125.55,83.378333,27.985278,1048.15,83.374167,27.987778,1125.55,83.378333,27.985278,1048.15,77.4,69.66,0.692,0.0199,9.53,0.01,50.11,50.11,534.6,14.48
1270,Gulmi,Musikot,83.236944,28.228056,906.65,83.233333,28.226111,805.26,83.236944,28.228056,906.65,83.233333,28.226111,805.26,101.39,91.25,802.168,23.1024,14476.46,14.476,76088.3,76088.3,469.1,21.61
1271,Gulmi,Malika,83.149167,28.176389,1124.89,83.152778,28.174722,1065.15,83.149167,28.176389,1124.89,83.152778,28.174722,1065.15,59.74,53.77,1.011,0.0291,10.75,0.011,56.5,56.5,500.0,11.95
1272,Gulmi,Malika,83.152778,28.174722,1065.15,83.1525,28.170833,1025.27,83.152778,28.174722,1065.15,83.1525,28.170833,1025.27,39.88,35.89,1.269,0.0365,9.01,0.009,47.35,47.35,525.6,7.59
1273,Gulmi,Malika,83.1525,28.170833,1025.27,83.151944,28.166389,1006.21,83.1525,28.170833,1025.27,83.151944,28.166389,1006.21,19.06,17.15,1.528,0.044,5.18,0.005,27.25,27.25,536.0,3.56
1274,Gulmi,Malika,83.151944,28.166389,1006.21,83.15,28.1625,987.6,83.151944,28.166389,1006.21,83.15,28.1625,987.6,18.61,16.75,1.611,0.0464,5.34,0.005,28.05,28.05,522.0,3.56
1275,Gulmi,Malika,83.15,28.1625,987.6,83.149722,28.161667,983.4,83.15,28.1625,987.6,83.149722,28.161667,983.4,4.2,3.78,14.893,0.4289,11.13,0.011,58.52,58.52,103.1,4.07
1276,Gulmi,Isma,83.198333,28.219722,1123.85,83.198611,28.215556,1086.54,83.198333,28.219722,1123.85,83.198611,28.215556,1086.54,37.31,33.58,45.362,1.3064,301.24,0.301,1583.34,1583.34,536.0,6.96
1277,Gulmi,Musikot,83.198611,28.215556,1086.54,83.203056,28.214444,1084.12,83.198611,28.215556,1086.54,83.203056,28.214444,1084.12,2.42,2.18,45.764,1.318,19.71,0.02,103.61,103.61,537.0,0.45
1278,Gulmi,Isma,83.203056,28.214444,1084.12,83.205,28.214444,1074.6,83.203056,28.214444,1084.12,83.205,28.214444,1074.6,9.52,8.57,47.141,1.3577,79.88,0.08,419.85,419.85,190.9,4.99
1279,Gulmi,Isma,83.191111,28.181111,1123.68,83.189444,28.177222,1108.64,83.191111,28.181111,1123.68,83.189444,28.177222,1108.64,15.04,13.54,3.936,0.1134,10.54,0.011,55.38,55.38,515.3,2.92
1280,Gulmi,Isma,83.189444,28.177222,1108.64,83.186389,28.174167,1077.86,83.189444,28.177222,1108.64,83.186389,28.174167,1077.86,30.78,27.7,4.48,0.129,24.54,0.025,129.0,129.0,504.4,6.1
1281,Gulmi,Isma,83.186389,28.174167,1077.86,83.186111,28.171111,1050.57,83.186389,28.174167,1077.86,83.186111,28.171111,1050.57,27.29,24.56,4.892,0.1409,23.76,0.024,124.9,124.9,500.7,5.45
1282,Gulmi,Malika,83.186111,28.171111,1050.57,83.183611,28.168056,1029.15,83.186111,28.171111,1050.57,83.183611,28.168056,1029.15,21.42,19.28,5.24,0.1509,19.98,0.02,105.0,105.0,538.3,3.98
1283,Gulmi,Malika,83.183611,28.168056,1029.15,83.181944,28.165833,1017.97,83.183611,28.168056,1029.15,83.181944,28.165833,1017.97,11.18,10.06,5.439,0.1566,10.82,0.011,56.89,56.89,517.7,2.16
1284,Gulmi,Malika,83.158333,28.180278,1123.39,83.160833,28.177222,1073.67,83.158333,28.180278,1123.39,83.160833,28.177222,1073.67,49.72,44.75,0.778,0.0224,6.89,0.007,36.19,36.19,504.4,9.86
1285,Gulmi,Malika,83.160833,28.177222,1073.67,83.161111,28.172778,1031.93,83.160833,28.177222,1073.67,83.161111,28.172778,1031.93,41.74,37.57,0.935,0.0269,6.95,0.007,36.51,36.51,525.7,7.94
1286,Gulmi,Chatrakot,83.345833,28.031111,1122.31,83.343056,28.035,929.43,83.345833,28.031111,1122.31,83.343056,28.035,929.43,192.88,173.59,1.156,0.0333,39.69,0.04,208.59,208.59,535.9,35.99
1287,Gulmi,Chatrakot,83.343056,28.035,929.43,83.340278,28.038611,810.62,83.343056,28.035,929.43,83.340278,28.038611,810.62,118.81,106.93,1.357,0.0391,28.7,0.029,150.83,150.83,522.0,22.76
1288,Gulmi,Gulmidarbar,83.340278,28.038611,810.62,83.34,28.039722,784.41,83.340278,28.038611,810.62,83.34,28.039722,784.41,26.21,23.59,17.528,0.5048,81.77,0.082,429.79,429.79,134.0,19.56
1289,Gulmi,Kaligandaki,83.561111,28.076111,1122.19,83.565556,28.074167,919.49,83.561111,28.076111,1122.19,83.565556,28.074167,919.49,202.7,182.43,0.798,0.023,28.79,0.029,151.33,151.33,534.0,37.96
1290,Gulmi,Kaligandaki,83.565556,28.074167,919.49,83.569444,28.071389,625.25,83.565556,28.074167,919.49,83.569444,28.071389,625.25,294.24,264.82,0.947,0.0273,49.6,0.05,260.68,260.68,521.3,56.44
1291,Gulmi,Kaligandaki,83.569444,28.071389,625.25,83.569444,28.069167,586.05,83.569444,28.071389,625.25,83.569444,28.069167,586.05,39.2,35.28,1226.422,35.321,8557.13,8.557,44976.27,44976.27,305.6,12.83
1292,Gulmi,Chatrakot,83.343333,27.994722,1121.44,83.342222,27.991111,1043.62,83.343333,27.994722,1121.44,83.342222,27.991111,1043.62,77.82,70.04,0.983,0.0283,13.62,0.014,71.57,71.57,501.4,15.52
1293,Gulmi,Chatrakot,83.342222,27.991111,1043.62,83.338333,27.988611,988.98,83.342222,27.991111,1043.62,83.338333,27.988611,988.98,54.64,49.18,1.3,0.0374,12.64,0.013,66.45,66.45,524.3,10.42
1294,Gulmi,Chatrakot,83.338333,27.988611,988.98,83.3375,27.9875,949.53,83.338333,27.988611,988.98,83.3375,27.9875,949.53,39.45,35.51,3.57,0.1028,25.07,0.025,131.76,131.76,171.6,23.0
1295,Gulmi,Kaligandaki,83.557222,28.096667,1119.99,83.561667,28.095,830.39,83.557222,28.096667,1119.99,83.561667,28.095,830.39,289.6,260.64,0.696,0.02,35.88,0.036,188.57,188.57,520.0,55.69
1296,Gulmi,Kaligandaki,83.561667,28.095,830.39,83.5625,28.094167,811.94,83.561667,28.095,830.39,83.5625,28.094167,811.94,18.45,16.6,30.174,0.869,99.09,0.099,520.82,520.82,140.6,13.12
1297,Gulmi,Chandrakot,83.492222,28.079722,1119.92,83.496944,28.079444,1066.69,83.492222,28.079722,1119.92,83.496944,28.079444,1066.69,53.23,47.91,11.951,0.3442,113.23,0.113,595.14,595.14,505.4,10.53
1298,Gulmi,Kaligandaki,83.496944,28.079444,1066.69,83.497222,28.079444,1064.0,83.496944,28.079444,1066.69,83.497222,28.079444,1064.0,2.69,2.42,13.699,0.3945,6.56,0.007,34.47,34.47,27.3,9.87
1299,Gulmi,Dhurkot,83.125278,28.118889,1119.67,83.123611,28.116111,1085.32,83.125278,28.118889,1119.67,83.123611,28.116111,1085.32,34.35,30.92,47.213,1.3597,288.66,0.289,1517.21,1517.21,371.0,9.26
1300,Gulmi,Isma,83.207222,28.171389,1119.38,83.205833,28.171944,1077.71,83.207222,28.171389,1119.38,83.205833,28.171944,1077.71,41.67,37.5,2.013,0.058,14.93,0.015,78.47,78.47,164.2,25.37
1301,Gulmi,Chatrakot,83.335278,28.003611,1119.08,83.330833,28.003333,1023.56,83.335278,28.003611,1119.08,83.330833,28.003333,1023.56,95.52,85.97,1.024,0.0295,17.41,0.017,91.51,91.51,534.0,17.89
1302,Gulmi,Chatrakot,83.330833,28.003333,1023.56,83.327778,28.006389,969.74,83.330833,28.003333,1023.56,83.327778,28.006389,969.74,53.82,48.44,1.263,0.0364,12.1,0.012,63.59,63.59,504.4,10.67
1303,Gulmi,Gulmidarbar,83.327778,28.006389,969.74,83.326944,28.006667,953.47,83.327778,28.006389,969.74,83.326944,28.006667,953.47,16.27,14.64,3.503,0.1009,10.14,0.01,53.32,53.32,95.8,16.99
1304,Gulmi,Kaligandaki,83.518056,28.061389,1117.25,83.520278,28.061944,1039.48,83.518056,28.061389,1117.25,83.520278,28.061944,1039.48,77.77,69.99,1.024,0.0295,14.17,0.014,74.5,74.5,246.0,31.61
1305,Gulmi,Chatrakot,83.364722,28.005556,1116.82,83.364444,28.006111,1108.45,83.364722,28.005556,1116.82,83.364444,28.006111,1108.45,8.37,7.53,4.307,0.124,6.42,0.006,33.73,33.73,72.1,11.6
1306,Gulmi,Chatrakot,83.373333,28.034167,1115.11,83.375556,28.036111,1031.4,83.373333,28.034167,1115.11,83.375556,28.036111,1031.4,83.71,75.34,1.302,0.0375,19.4,0.019,101.96,101.96,315.8,26.5
1307,Gulmi,Chatrakot,83.3075,27.9475,1114.86,83.303889,27.949722,934.32,83.3075,27.9475,1114.86,83.303889,27.949722,934.32,180.54,162.49,0.616,0.0177,19.8,0.02,104.04,104.04,500.0,36.1
1308,Gulmi,Chatrakot,83.303889,27.949722,934.32,83.299444,27.951111,745.61,83.303889,27.949722,934.32,83.299444,27.951111,745.61,188.71,169.84,0.749,0.0216,25.16,0.025,132.23,132.23,506.0,37.29
1309,Gulmi,Kaligandaki,83.575278,28.005278,1114.37,83.578889,28.004722,1028.45,83.575278,28.005278,1114.37,83.578889,28.004722,1028.45,85.92,77.33,2.703,0.0778,41.34,0.041,217.27,217.27,410.3,20.94
1310,Gulmi,Chandrakot,83.406667,28.113333,1112.92,83.411111,28.111667,1075.44,83.406667,28.113333,1112.92,83.411111,28.111667,1075.44,37.48,33.73,7.439,0.2142,49.63,0.05,260.84,260.84,520.0,7.21
1311,Gulmi,Chandrakot,83.411111,28.111667,1075.44,83.414167,28.111111,1057.41,83.411111,28.111667,1075.44,83.414167,28.111111,1057.41,18.03,16.23,92.521,2.6646,296.92,0.297,1560.61,1560.61,355.8,5.07
1312,Gulmi,Ruru,83.400556,27.981111,1112.84,83.403333,27.9775,1069.58,83.400556,27.981111,1112.84,83.403333,27.9775,1069.58,43.26,38.93,1.316,0.0379,10.13,0.01,53.26,53.26,522.0,8.29
1313,Gulmi,Ruru,83.403333,27.9775,1069.58,83.406111,27.973889,963.01,83.403333,27.9775,1069.58,83.406111,27.973889,963.01,106.57,95.91,1.977,0.0569,37.5,0.038,197.11,197.11,538.9,19.77
1314,Gulmi,Ruru,83.406111,27.973889,963.01,83.408056,27.970833,942.63,83.406111,27.973889,963.01,83.408056,27.970833,942.63,20.38,18.34,2.552,0.0735,9.26,0.009,48.66,48.66,538.3,3.79
1315,Gulmi,Ruru,83.408056,27.970833,942.63,83.408333,27.969444,904.04,83.408056,27.970833,942.63,83.408333,27.969444,904.04,38.59,34.73,3.151,0.0907,21.64,0.022,113.76,113.76,185.5,20.8
1316,Gulmi,Musikot,83.360278,28.113333,1110.85,83.355833,28.111944,1017.18,83.360278,28.113333,1110.85,83.355833,28.111944,1017.18,93.67,84.3,4.484,0.1291,74.76,0.075,392.94,392.94,506.0,18.51
1317,Gulmi,Musikot,83.355833,28.111944,1017.18,83.354167,28.110278,948.34,83.355833,28.111944,1017.18,83.354167,28.110278,948.34,68.84,61.96,6.406,0.1845,78.49,0.078,412.56,412.56,264.3,26.04
1318,Gulmi,Kaligandaki,83.558056,28.018889,1110.42,83.561111,28.021944,1033.44,83.558056,28.018889,1110.42,83.561111,28.021944,1033.44,76.98,69.28,3.008,0.0866,41.22,0.041,216.63,216.63,504.4,15.26
1319,Gulmi,Kaligandaki,83.561111,28.021944,1033.44,83.563889,28.023333,975.37,83.561111,28.021944,1033.44,83.563889,28.023333,975.37,58.07,52.26,3.814,0.1098,39.42,0.039,207.2,207.2,342.5,16.96
1320,Gulmi,Gulmidarbar,83.289722,28.014722,1109.55,83.293889,28.0125,968.57,83.289722,28.014722,1109.55,83.293889,28.0125,968.57,140.98,126.88,1.05,0.0302,26.35,0.026,138.49,138.49,520.7,27.08
1321,Gulmi,Gulmidarbar,83.293889,28.0125,968.57,83.296111,28.012778,922.6,83.293889,28.0125,968.57,83.296111,28.012778,922.6,45.97,41.37,9.524,0.2743,77.93,0.078,409.59,409.59,232.1,19.81
1322,Gulmi,Kaligandaki,83.565,28.021389,1108.97,83.563889,28.023333,975.37,83.565,28.021389,1108.97,83.563889,28.023333,975.37,133.6,120.24,3.814,0.1098,90.7,0.091,476.7,476.7,257.7,51.85
1323,Gulmi,Gulmidarbar,83.303333,28.048611,1108.86,83.305833,28.050278,1068.23,83.303333,28.048611,1108.86,83.305833,28.050278,1068.23,40.63,36.57,5.486,0.158,39.67,0.04,208.53,208.53,329.1,12.34
1324,Gulmi,Chatrakot,83.364444,28.006111,1108.45,83.365556,28.006667,1099.95,83.364444,28.006111,1108.45,83.365556,28.006667,1099.95,8.5,7.65,4.991,0.1437,7.55,0.008,39.69,39.69,137.0,6.21
1325,Gulmi,Chandrakot,83.423333,28.125,1107.57,83.423056,28.121111,1095.97,83.423333,28.125,1107.57,83.423056,28.121111,1095.97,11.6,10.44,71.04,2.046,146.68,0.147,770.94,770.94,463.8,2.5
1326,Gulmi,Gulmidarbar,83.303889,28.028056,1107.39,83.302222,28.024722,1053.24,83.303889,28.028056,1107.39,83.302222,28.024722,1053.24,54.15,48.74,3.32,0.0956,32.0,0.032,168.19,168.19,521.3,10.39
1327,Gulmi,Gulmidarbar,83.302222,28.024722,1053.24,83.298333,28.023333,1023.49,83.302222,28.024722,1053.24,83.298333,28.023333,1023.49,29.75,26.78,3.754,0.1081,19.88,0.02,104.48,104.48,507.4,5.86
1328,Gulmi,Gulmidarbar,83.298333,28.023333,1023.49,83.297222,28.021944,999.07,83.298333,28.023333,1023.49,83.297222,28.021944,999.07,24.42,21.98,5.402,0.1556,23.48,0.023,123.41,123.41,212.8,11.48
1329,Gulmi,Dhurkot,83.118889,28.167778,1106.23,83.123333,28.166944,1046.65,83.118889,28.167778,1106.23,83.123333,28.166944,1046.65,59.58,53.62,0.85,0.0245,9.01,0.009,47.38,47.38,506.0,11.77
1330,Gulmi,Gulmidarbar,83.333611,28.011389,1106.01,83.333056,28.010556,1080.44,83.333611,28.011389,1106.01,83.333056,28.010556,1080.44,25.57,23.01,1.334,0.0384,6.07,0.006,31.91,31.91,113.4,22.55
1331,Gulmi,Isma,83.231389,28.150833,1105.36,83.230556,28.146667,1005.43,83.231389,28.150833,1105.36,83.230556,28.146667,1005.43,99.93,89.94,1.036,0.0298,18.43,0.018,96.85,96.85,515.3,19.39
1332,Gulmi,Isma,83.230556,28.146667,1005.43,83.226667,28.144444,954.45,83.230556,28.146667,1005.43,83.226667,28.144444,954.45,50.98,45.88,1.278,0.0368,11.6,0.012,60.95,60.95,510.4,9.99
1333,Gulmi,Isma,83.226667,28.144444,954.45,83.225556,28.142222,937.07,83.226667,28.144444,954.45,83.225556,28.142222,937.07,17.38,15.64,2.347,0.0676,7.26,0.007,38.16,38.16,288.6,6.02
1334,Gulmi,Madane,83.116111,28.129167,1105.1,83.117222,28.128056,1103.87,83.116111,28.129167,1105.1,83.117222,28.128056,1103.87,1.23,1.11,45.001,1.296,9.85,0.01,51.78,51.78,164.9,0.75
1335,Gulmi,Musikot,83.276389,28.134444,1105.07,83.274444,28.132778,988.77,83.276389,28.134444,1105.07,83.274444,28.132778,988.77,116.3,104.67,1.437,0.0414,29.75,0.03,156.35,156.35,274.6,42.35
1336,Gulmi,Malika,83.166111,28.182778,1104.72,83.165,28.178889,1067.16,83.166111,28.182778,1104.72,83.165,28.178889,1067.16,37.56,33.8,8.7,0.2506,58.16,0.058,305.7,305.7,515.3,7.29
1337,Gulmi,Malika,83.165,28.178889,1067.16,83.164444,28.178056,1060.49,83.165,28.178889,1067.16,83.164444,28.178056,1060.49,6.67,6.0,9.395,0.2706,11.15,0.011,58.62,58.62,113.4,5.88
1338,Gulmi,Madane,83.117222,28.128056,1103.87,83.119167,28.124444,1100.89,83.117222,28.128056,1103.87,83.119167,28.124444,1100.89,2.98,2.68,45.98,1.3242,24.39,0.024,128.19,128.19,511.7,0.58
1339,Gulmi,Madane,83.119167,28.124444,1100.89,83.122222,28.121667,1088.79,83.119167,28.124444,1100.89,83.122222,28.121667,1088.79,12.1,10.89,46.26,1.3323,99.63,0.1,523.66,523.66,507.4,2.38
1340,Gulmi,Madane,83.122222,28.121667,1088.79,83.121667,28.118333,1085.38,83.122222,28.121667,1088.79,83.121667,28.118333,1085.38,3.41,3.07,46.637,1.3431,28.31,0.028,148.78,148.78,504.4,0.68
1341,Gulmi,Musikot,83.321944,28.1575,1103.17,83.318056,28.157222,1025.88,83.321944,28.1575,1103.17,83.318056,28.157222,1025.88,77.29,69.56,4.143,0.1193,57.0,0.057,299.57,299.57,395.7,19.53
1342,Gulmi,Malika,83.163611,28.180833,1102.11,83.164444,28.178056,1060.49,83.163611,28.180833,1102.11,83.164444,28.178056,1060.49,41.62,37.46,9.395,0.2706,69.6,0.07,365.81,365.81,377.7,11.02
1343,Gulmi,Musikot,83.264444,28.152222,1101.34,83.260278,28.150833,982.24,83.264444,28.152222,1101.34,83.260278,28.150833,982.24,119.1,107.19,1.161,0.0334,24.61,0.025,129.36,129.36,478.8,24.88
1344,Gulmi,Chatrakot,83.367778,28.010556,1096.1,83.368889,28.014722,1063.16,83.367778,28.010556,1096.1,83.368889,28.014722,1063.16,32.94,29.65,5.897,0.1698,34.57,0.035,181.72,181.72,525.7,6.27
1345,Gulmi,Chatrakot,83.368889,28.014722,1063.16,83.369167,28.016389,1058.5,83.368889,28.014722,1063.16,83.369167,28.016389,1058.5,4.66,4.19,7.966,0.2294,6.61,0.007,34.73,34.73,237.0,1.96
1346,Gulmi,Kaligandaki,83.605833,27.994167,770.9,83.602778,27.997222,553.49,83.605833,27.994167,770.9,83.602778,27.997222,553.49,217.41,195.67,1476.736,42.53,57145.81,57.146,300358.4,300358.4,504.4,43.11
1347,Gulmi,Kaligandaki,83.523333,28.086944,1099.15,83.522222,28.082778,930.23,83.523333,28.086944,1099.15,83.522222,28.082778,930.23,168.92,152.03,0.798,0.023,23.99,0.024,126.11,126.11,525.7,32.13
1348,Gulmi,Kaligandaki,83.522222,28.082778,930.23,83.5225,28.080278,856.6,83.522222,28.082778,930.23,83.5225,28.080278,856.6,73.63,66.27,31.563,0.909,413.65,0.414,2174.15,2174.15,309.2,23.81
1349,Gulmi,Dhurkot,83.1425,28.136111,1098.18,83.144444,28.139167,1012.76,83.1425,28.136111,1098.18,83.144444,28.139167,1012.76,85.42,76.88,3.508,0.101,53.34,0.053,280.33,280.33,412.3,20.72
1350,Gulmi,Dhurkot,83.133056,28.156667,1096.06,83.134444,28.160556,1018.26,83.133056,28.156667,1096.06,83.134444,28.160556,1018.26,77.8,70.02,0.707,0.0204,9.79,0.01,51.46,51.46,505.0,15.41
1351,Gulmi,Dhurkot,83.134444,28.160556,1018.26,83.136111,28.161944,993.96,83.134444,28.160556,1018.26,83.136111,28.161944,993.96,24.3,21.87,25.614,0.7377,110.79,0.111,582.29,582.29,250.4,9.7
1352,Gulmi,Chandrakot,83.423056,28.121111,1095.97,83.419444,28.118333,1082.37,83.423056,28.121111,1095.97,83.419444,28.118333,1082.37,13.6,12.24,71.551,2.0607,173.2,0.173,910.36,910.36,511.0,2.66
1353,Gulmi,Chandrakot,83.419444,28.118333,1082.37,83.415556,28.116111,1069.38,83.419444,28.118333,1082.37,83.415556,28.116111,1069.38,12.99,11.69,71.762,2.0667,165.92,0.166,872.09,872.09,510.4,2.55
1354,Gulmi,Chandrakot,83.415556,28.116111,1069.38,83.414444,28.113889,1063.23,83.415556,28.116111,1069.38,83.414444,28.113889,1063.23,6.15,5.54,84.728,2.4402,92.75,0.093,487.48,487.48,288.6,2.13
1355,Gulmi,Gulmidarbar,83.277778,28.017222,1095.88,83.273611,28.019444,993.81,83.277778,28.017222,1095.88,83.273611,28.019444,993.81,102.07,91.86,0.565,0.0163,10.26,0.01,53.95,53.95,520.7,19.6
1356,Gulmi,Resunga,83.273611,28.019444,993.81,83.272778,28.018889,966.03,83.273611,28.019444,993.81,83.272778,28.018889,966.03,27.78,25.0,17.71,0.51,87.57,0.088,460.27,460.27,126.7,21.93
1357,Gulmi,Resunga,83.280278,28.025278,1095.34,83.276944,28.025,1033.67,83.280278,28.025278,1095.34,83.276944,28.025,1033.67,61.67,55.5,8.148,0.2347,89.44,0.089,470.09,470.09,369.1,16.71
1358,Gulmi,Malika,83.126389,28.187778,1094.97,83.126667,28.183889,1065.95,83.126389,28.187778,1094.97,83.126667,28.183889,1065.95,29.02,26.12,6.908,0.199,35.68,0.036,187.55,187.55,522.0,5.56
1359,Gulmi,Malika,83.126667,28.183889,1065.95,83.127222,28.179722,1044.01,83.126667,28.183889,1065.95,83.127222,28.179722,1044.01,21.94,19.75,7.147,0.2058,27.91,0.028,146.7,146.7,525.7,4.17
1360,Gulmi,Malika,83.127222,28.179722,1044.01,83.13,28.176111,1028.61,83.127222,28.179722,1044.01,83.13,28.176111,1028.61,15.4,13.86,7.525,0.2167,20.63,0.021,108.41,108.41,505.0,3.05
1361,Gulmi,Malika,83.13,28.176111,1028.61,83.129444,28.173333,1018.87,83.13,28.176111,1028.61,83.129444,28.173333,1018.87,9.74,8.77,20.958,0.6036,36.33,0.036,190.97,190.97,329.8,2.95
1362,Gulmi,Satyawati,83.504722,28.0125,1093.96,83.503611,28.009444,1035.52,83.504722,28.0125,1093.96,83.503611,28.009444,1035.52,58.44,52.6,7.621,0.2195,79.27,0.079,416.66,416.66,381.4,15.32
1363,Gulmi,Chatrakot,83.365556,28.017778,1092.41,83.369167,28.016389,1058.5,83.365556,28.017778,1092.41,83.369167,28.016389,1058.5,33.91,30.52,7.966,0.2294,48.08,0.048,252.71,252.71,424.2,7.99
1364,Gulmi,Musikot,83.3425,28.119722,1088.56,83.338333,28.117778,1051.48,83.3425,28.119722,1088.56,83.338333,28.117778,1051.48,37.08,33.37,1.467,0.0422,9.68,0.01,50.89,50.89,506.7,7.32
1365,Gulmi,Musikot,83.338333,28.117778,1051.48,83.335556,28.114167,813.57,83.338333,28.117778,1051.48,83.335556,28.114167,813.57,237.91,214.12,1.707,0.0492,72.29,0.072,379.93,379.93,522.0,45.58
1366,Gulmi,Musikot,83.335556,28.114167,813.57,83.332222,28.110833,664.99,83.335556,28.114167,813.57,83.332222,28.110833,664.99,148.58,133.72,1.826,0.0526,48.29,0.048,253.82,253.82,528.6,28.11
1367,Gulmi,Gulmidarbar,83.332222,28.110833,664.99,83.331944,28.110556,659.96,83.332222,28.110833,664.99,83.331944,28.110556,659.96,5.03,4.53,1658.229,47.757,1484.62,1.485,7803.15,7803.15,58.2,8.65
1368,Gulmi,Chatrakot,83.360833,28.030833,1087.04,83.3625,28.034444,975.76,83.360833,28.030833,1087.04,83.3625,28.034444,975.76,111.28,100.15,1.024,0.0295,20.28,0.02,106.6,106.6,501.4,22.19
1369,Gulmi,Chatrakot,83.3625,28.034444,975.76,83.361944,28.035556,933.37,83.3625,28.034444,975.76,83.361944,28.035556,933.37,42.39,38.15,1.797,0.0518,13.56,0.014,71.26,71.26,144.3,29.38
1370,Gulmi,Musikot,83.325556,28.183889,1086.96,83.327222,28.188056,921.26,83.325556,28.183889,1086.96,83.327222,28.188056,921.26,165.7,149.13,0.626,0.018,18.46,0.018,97.04,97.04,525.7,31.52
1371,Gulmi,Musikot,83.327222,28.188056,921.26,83.3275,28.189167,857.57,83.327222,28.188056,921.26,83.3275,28.189167,857.57,63.69,57.32,265.164,7.6367,3005.99,3.006,15799.5,15799.5,134.0,47.53
1372,Gulmi,Ruru,83.394722,28.003611,1086.62,83.393889,28.003889,1065.14,83.394722,28.003611,1086.62,83.393889,28.003889,1065.14,21.48,19.33,2.034,0.0586,7.78,0.008,40.87,40.87,95.8,22.43
1373,Gulmi,Chatrakot,83.348889,27.988333,1086.08,83.345,27.988611,1050.68,83.348889,27.988333,1086.08,83.345,27.988611,1050.68,35.4,31.86,1.476,0.0425,9.3,0.009,48.88,48.88,524.3,6.75
1374,Gulmi,Chatrakot,83.345,27.988611,1050.68,83.340556,27.987222,975.9,83.345,27.988611,1050.68,83.340556,27.987222,975.9,74.78,67.3,2.127,0.0613,28.31,0.028,148.8,148.8,534.0,14.01
1375,Gulmi,Chatrakot,83.340556,27.987222,975.9,83.3375,27.9875,949.53,83.340556,27.987222,975.9,83.3375,27.9875,949.53,26.37,23.73,3.57,0.1028,16.76,0.017,88.07,88.07,313.9,8.4
1376,Gulmi,Gulmidarbar,83.333889,28.026111,1085.91,83.336667,28.028611,987.22,83.333889,28.026111,1085.91,83.336667,28.028611,987.22,98.69,88.82,0.803,0.0231,14.11,0.014,74.14,74.14,511.0,19.31
1377,Gulmi,Gulmidarbar,83.336667,28.028611,987.22,83.338056,28.028333,950.32,83.336667,28.028611,987.22,83.338056,28.028333,950.32,36.9,33.21,2.399,0.0691,15.76,0.016,82.82,82.82,178.2,20.71
1378,Gulmi,Kaligandaki,83.539722,28.047778,1085.79,83.544444,28.047222,832.12,83.539722,28.047778,1085.79,83.544444,28.047222,832.12,253.67,228.3,0.821,0.0236,37.07,0.037,194.84,194.84,519.3,48.84
1379,Gulmi,Kaligandaki,83.544444,28.047222,832.12,83.549167,28.047778,678.47,83.544444,28.047222,832.12,83.549167,28.047778,678.47,153.65,138.28,0.97,0.0279,26.53,0.027,139.43,139.43,519.3,29.59
1380,Gulmi,Kaligandaki,83.549167,28.047778,678.47,83.550556,28.046389,647.4,83.549167,28.047778,678.47,83.550556,28.046389,647.4,31.07,27.96,5.623,0.1619,31.1,0.031,163.44,163.44,206.1,15.08
1381,Gulmi,Chandrakot,83.415556,28.1175,1072.65,83.413889,28.116111,1067.0,83.415556,28.1175,1072.65,83.413889,28.116111,1067.0,5.65,5.09,12.886,0.3711,12.96,0.013,68.11,68.11,233.4,2.42
1382,Gulmi,Musikot,83.2575,28.173333,1085.41,83.252778,28.173056,954.29,83.2575,28.173333,1085.41,83.252778,28.173056,954.29,131.12,118.01,0.595,0.0171,13.89,0.014,72.99,72.99,505.4,25.94
1383,Gulmi,Isma,83.252778,28.173056,954.29,83.248889,28.171389,874.48,83.252778,28.173056,954.29,83.248889,28.171389,874.48,79.81,71.83,0.9,0.0259,12.79,0.013,67.2,67.2,510.4,15.64
1384,Gulmi,Isma,83.248889,28.171389,874.48,83.248889,28.171111,873.72,83.248889,28.171389,874.48,83.248889,28.171111,873.72,0.76,0.68,68.72,1.9791,9.3,0.009,48.86,48.86,30.9,2.45
1385,Gulmi,Dhurkot,83.123889,28.112778,1085.25,83.125556,28.110556,1059.74,83.123889,28.112778,1085.25,83.125556,28.110556,1059.74,25.51,22.96,62.915,1.812,285.67,0.286,1501.49,1501.49,534.6,4.77
1386,Gulmi,Chandrakot,83.421111,28.098889,1085.07,83.418889,28.098333,1048.51,83.421111,28.098889,1085.07,83.418889,28.098333,1048.51,36.56,32.9,4.7,0.1354,30.58,0.031,160.75,160.75,246.0,14.86
1387,Gulmi,Gulmidarbar,83.323889,28.078056,1085.07,83.328333,28.079444,882.17,83.323889,28.078056,1085.07,83.328333,28.079444,882.17,202.9,182.61,1.295,0.0373,46.77,0.047,245.82,245.82,523.0,38.8
1388,Gulmi,Gulmidarbar,83.328333,28.079444,882.17,83.333056,28.080833,764.67,83.328333,28.079444,882.17,83.333056,28.080833,764.67,117.5,105.75,2.055,0.0592,42.98,0.043,225.9,225.9,533.3,22.03
1389,Gulmi,Gulmidarbar,83.333056,28.080833,764.67,83.337222,28.082778,696.05,83.333056,28.080833,764.67,83.337222,28.082778,696.05,68.62,61.76,2.455,0.0707,29.99,0.03,157.6,157.6,506.7,13.54
1390,Gulmi,Gulmidarbar,83.337222,28.082778,696.05,83.341389,28.083889,639.12,83.337222,28.082778,696.05,83.341389,28.083889,639.12,56.93,51.24,2.516,0.0725,25.49,0.025,134.0,134.0,537.6,10.59
1391,Gulmi,Gulmidarbar,83.344167,28.080278,639.03,83.346944,28.076667,638.94,83.344167,28.080278,639.03,83.346944,28.076667,638.94,0.09,0.08,1689.058,48.6449,27.06,0.027,142.21,142.21,505.0,0.02
1392,Gulmi,Ruru,83.421667,27.988611,1083.9,83.423333,27.987222,1037.25,83.421667,27.988611,1083.9,83.423333,27.987222,1037.25,46.65,41.99,1.039,0.0299,8.63,0.009,45.34,45.34,233.4,19.99
1393,Gulmi,Resunga,83.2175,28.092778,1082.65,83.219722,28.096667,894.12,83.2175,28.092778,1082.65,83.219722,28.096667,894.12,188.53,169.68,0.758,0.0218,25.44,0.025,133.69,133.69,515.3,36.58
1394,Gulmi,Ruru,83.441944,27.968889,1082.6,83.439722,27.968333,1061.49,83.441944,27.968889,1082.6,83.439722,27.968333,1061.49,21.11,19.0,1.568,0.0452,5.89,0.006,30.97,30.97,246.0,8.58
1395,Gulmi,Musikot,83.206389,28.259444,1082.3,83.203611,28.256111,866.04,83.206389,28.259444,1082.3,83.203611,28.256111,866.04,216.26,194.63,779.912,22.4615,30020.91,30.021,157789.9,157789.9,508.0,42.57
1396,Gulmi,Dhurkot,83.181389,28.081667,1054.42,83.178889,28.085,1050.55,83.181389,28.081667,1054.42,83.178889,28.085,1050.55,3.87,3.48,17.139,0.4936,11.81,0.012,62.05,62.05,463.8,0.84
1397,Gulmi,Isma,83.165833,28.143056,1045.83,83.166944,28.139167,1014.16,83.165833,28.143056,1045.83,83.166944,28.139167,1014.16,31.67,28.5,0.993,0.0286,5.6,0.006,29.42,29.42,511.7,6.19
1398,Gulmi,Isma,83.166944,28.135,992.24,83.168333,28.131944,956.32,83.166944,28.135,992.24,83.168333,28.131944,956.32,35.92,32.33,1.461,0.0421,9.34,0.009,49.1,49.1,508.0,7.07
1399,Gulmi,Dhurkot,83.168333,28.131944,956.32,83.17,28.128056,929.89,83.168333,28.131944,956.32,83.17,28.128056,929.89,26.43,23.79,1.717,0.0494,8.08,0.008,42.45,42.45,515.3,5.13
1400,Gulmi,Dhurkot,83.17,28.128056,929.89,83.171944,28.126667,899.44,83.17,28.128056,929.89,83.171944,28.126667,899.44,30.45,27.4,69.781,2.0097,378.2,0.378,1987.84,1987.84,277.6,10.97
1401,Gulmi,Gulmidarbar,83.333056,28.010556,1080.44,83.329444,28.010833,1016.71,83.333056,28.010556,1080.44,83.329444,28.010833,1016.71,63.73,57.36,1.942,0.0559,22.03,0.022,115.78,115.78,424.2,15.02
1402,Gulmi,Resunga,83.261111,28.029167,1079.49,83.261667,28.029444,1052.82,83.261111,28.029167,1079.49,83.261667,28.029444,1052.82,26.67,24.0,7.102,0.2045,33.71,0.034,177.2,177.2,68.5,38.94
1403,Gulmi,Gulmidarbar,83.3125,28.041944,1079.03,83.313611,28.044167,988.44,83.3125,28.041944,1079.03,83.313611,28.044167,988.44,90.59,81.53,7.101,0.2045,114.5,0.114,601.81,601.81,288.6,31.39
1404,Gulmi,Isma,83.205833,28.171944,1077.71,83.202222,28.17,1040.49,83.205833,28.171944,1077.71,83.202222,28.17,1040.49,37.22,33.5,4.194,0.1208,27.78,0.028,146.04,146.04,452.2,8.23
1405,Gulmi,Musikot,83.261667,28.166111,1077.05,83.257222,28.1675,975.66,83.261667,28.166111,1077.05,83.257222,28.1675,975.66,101.39,91.25,1.057,0.0304,19.08,0.019,100.26,100.26,506.0,20.04
1406,Gulmi,Musikot,83.257222,28.1675,975.66,83.2525,28.167222,905.33,83.257222,28.1675,975.66,83.2525,28.167222,905.33,70.33,63.3,1.307,0.0376,16.36,0.016,86.0,86.0,505.4,13.92
1407,Gulmi,Musikot,83.2525,28.167222,905.33,83.249722,28.168611,868.99,83.2525,28.167222,905.33,83.249722,28.168611,868.99,36.34,32.71,70.776,2.0383,457.8,0.458,2406.18,2406.18,359.4,10.11
1408,Gulmi,Isma,83.219722,28.191944,1075.57,83.223056,28.191944,1047.6,83.219722,28.191944,1075.57,83.223056,28.191944,1047.6,27.97,25.17,4.186,0.1206,20.84,0.021,109.53,109.53,383.0,7.3
1409,Gulmi,Kaligandaki,83.499167,28.0775,1075.43,83.5,28.079722,1036.08,83.499167,28.0775,1075.43,83.5,28.079722,1036.08,39.35,35.42,14.469,0.4167,101.34,0.101,532.65,532.65,278.3,14.14
1410,Gulmi,Musikot,83.205,28.214444,1074.6,83.209444,28.216111,1049.16,83.205,28.214444,1074.6,83.209444,28.216111,1049.16,25.44,22.9,47.506,1.3682,215.11,0.215,1130.64,1130.64,520.0,4.89
1411,Gulmi,Musikot,83.209444,28.216111,1049.16,83.211667,28.216944,1044.88,83.209444,28.216111,1049.16,83.211667,28.216944,1044.88,4.28,3.85,48.131,1.3862,36.67,0.037,192.72,192.72,260.0,1.64
1412,Gulmi,Dhurkot,83.158333,28.084722,1074.49,83.161944,28.0875,1050.93,83.158333,28.084722,1074.49,83.161944,28.0875,1050.93,23.56,21.2,6.612,0.1904,27.73,0.028,145.74,145.74,511.0,4.61
1413,Gulmi,Dhurkot,83.161944,28.0875,1050.93,83.164722,28.090833,995.82,83.161944,28.0875,1050.93,83.164722,28.090833,995.82,55.11,49.6,7.107,0.2047,69.71,0.07,366.42,366.42,508.0,10.85
1414,Gulmi,Dhurkot,83.164722,28.090833,995.82,83.164167,28.091944,979.44,83.164722,28.090833,995.82,83.164167,28.091944,979.44,16.38,14.74,106.635,3.0711,310.9,0.311,1634.07,1634.07,198.8,8.24
1415,Gulmi,Isma,83.203611,28.173333,1074.02,83.202222,28.17,1040.49,83.203611,28.173333,1074.02,83.202222,28.17,1040.49,33.53,30.18,4.194,0.1208,25.03,0.025,131.56,131.56,422.6,7.93
1416,Gulmi,Chandrakot,83.503889,28.091111,1073.74,83.507222,28.087778,1006.67,83.503889,28.091111,1073.74,83.507222,28.087778,1006.67,67.07,60.36,4.43,0.1276,52.89,0.053,277.96,277.96,511.7,13.11
1417,Gulmi,Chandrakot,83.507222,28.087778,1006.67,83.5075,28.0875,1002.33,83.507222,28.087778,1006.67,83.5075,28.0875,1002.33,4.34,3.91,12.849,0.3701,9.93,0.01,52.17,52.17,41.2,10.52
1418,Gulmi,Madane,83.120278,28.175,1073.51,83.123889,28.175833,1033.96,83.120278,28.175,1073.51,83.123889,28.175833,1033.96,39.55,35.59,13.026,0.3751,91.7,0.092,481.96,481.96,458.2,8.63
1419,Gulmi,Chatrakot,83.379722,28.037222,1072.72,83.375278,28.038333,995.75,83.379722,28.037222,1072.72,83.375278,28.038333,995.75,76.97,69.27,2.022,0.0582,27.7,0.028,145.6,145.6,492.1,15.64
1420,Gulmi,Gulmidarbar,83.281389,28.005278,1072.14,83.2775,28.003333,986.07,83.281389,28.005278,1072.14,83.2775,28.003333,986.07,86.07,77.46,0.987,0.0284,15.12,0.015,79.47,79.47,507.4,16.96
1421,Gulmi,Gulmidarbar,83.2775,28.003333,986.07,83.274444,28.000833,925.8,83.2775,28.003333,986.07,83.274444,28.000833,925.8,60.27,54.24,1.68,0.0484,18.02,0.018,94.73,94.73,538.3,11.2
1422,Gulmi,Gulmidarbar,83.274444,28.000833,925.8,83.27,28.0025,863.58,83.274444,28.000833,925.8,83.27,28.0025,863.58,62.22,56.0,1.952,0.0562,21.62,0.022,113.62,113.62,520.0,11.97
1423,Gulmi,Resunga,83.27,28.0025,863.58,83.268611,28.000833,839.57,83.27,28.0025,863.58,83.268611,28.000833,839.57,24.01,21.61,23.39,0.6736,99.96,0.1,525.39,525.39,237.0,10.13
1424,Gulmi,Isma,83.2125,28.152778,1071.49,83.208333,28.150278,1016.87,83.2125,28.152778,1071.49,83.208333,28.150278,1016.87,54.62,49.16,0.823,0.0237,8.0,0.008,42.05,42.05,534.6,10.22
1425,Gulmi,Isma,83.208333,28.150278,1016.87,83.203333,28.150278,990.78,83.208333,28.150278,1016.87,83.203333,28.150278,990.78,26.09,23.48,1.232,0.0355,5.72,0.006,30.07,30.07,518.7,5.03
1426,Gulmi,Isma,83.203333,28.150278,990.78,83.199167,28.148056,963.6,83.203333,28.150278,990.78,83.199167,28.148056,963.6,27.18,24.46,1.451,0.0418,7.02,0.007,36.9,36.9,520.7,5.22
1427,Gulmi,Isma,83.199167,28.148056,963.6,83.195,28.145833,944.55,83.199167,28.148056,963.6,83.195,28.145833,944.55,19.05,17.15,1.714,0.0494,5.81,0.006,30.55,30.55,520.7,3.66
1428,Gulmi,Isma,83.195,28.145833,944.55,83.194167,28.145556,938.2,83.195,28.145833,944.55,83.194167,28.145556,938.2,6.35,5.71,12.682,0.3652,14.33,0.014,75.34,75.34,95.8,6.63
1429,Gulmi,Isma,83.221944,28.148056,1070.81,83.224722,28.144444,963.27,83.221944,28.148056,1070.81,83.224722,28.144444,963.27,107.54,96.79,0.943,0.0272,18.05,0.018,94.87,94.87,522.0,20.6
1430,Gulmi,Isma,83.224722,28.144444,963.27,83.225556,28.142222,937.07,83.224722,28.144444,963.27,83.225556,28.142222,937.07,26.2,23.58,2.347,0.0676,10.95,0.011,57.53,57.53,278.3,9.41
1431,Gulmi,Dhurkot,83.135833,28.140278,1070.65,83.140278,28.141667,1039.23,83.135833,28.140278,1070.65,83.140278,28.141667,1039.23,31.42,28.28,2.661,0.0766,14.88,0.015,78.22,78.22,534.0,5.88
1432,Gulmi,Dhurkot,83.140278,28.141667,1039.23,83.144167,28.139444,1014.92,83.140278,28.141667,1039.23,83.144167,28.139444,1014.92,24.31,21.88,2.853,0.0822,12.34,0.012,64.88,64.88,510.4,4.76
1433,Gulmi,Ruru,83.386944,28.011111,1070.42,83.385833,28.015,973.94,83.386944,28.011111,1070.42,83.385833,28.015,973.94,96.48,86.83,0.644,0.0185,11.06,0.011,58.13,58.13,515.3,18.72
1434,Gulmi,Ruru,83.385833,28.015,973.94,83.386111,28.015833,967.09,83.385833,28.015,973.94,83.386111,28.015833,967.09,6.85,6.17,12.055,0.3472,14.7,0.015,77.25,77.25,103.1,6.64
1435,Gulmi,Dhurkot,83.138056,28.1475,1045.23,83.14,28.149444,1017.92,83.138056,28.1475,1045.23,83.14,28.149444,1017.92,27.31,24.58,1.625,0.0468,7.9,0.008,41.52,41.52,305.5,8.94
1436,Gulmi,Isma,83.235556,28.167778,1069.09,83.240556,28.167778,947.25,83.235556,28.167778,1069.09,83.240556,28.167778,947.25,121.84,109.66,2.317,0.0667,50.25,0.05,264.1,264.1,518.7,23.49
1437,Gulmi,Isma,83.240556,28.167778,947.25,83.244722,28.169444,900.26,83.240556,28.167778,947.25,83.244722,28.169444,900.26,46.99,42.29,2.727,0.0785,22.81,0.023,119.88,119.88,509.7,9.22
1438,Gulmi,Isma,83.244722,28.169444,900.26,83.248611,28.1675,866.65,83.244722,28.169444,900.26,83.248611,28.1675,866.65,33.61,30.25,73.709,2.1228,440.95,0.441,2317.64,2317.64,513.4,6.55
1439,Gulmi,Gulmidarbar,83.305833,28.050278,1068.23,83.309722,28.0475,1040.65,83.305833,28.050278,1068.23,83.309722,28.0475,1040.65,27.58,24.82,5.883,0.1694,28.88,0.029,151.79,151.79,538.3,5.12
1440,Gulmi,Gulmidarbar,83.309722,28.0475,1040.65,83.312778,28.044722,998.68,83.309722,28.0475,1040.65,83.312778,28.044722,998.68,41.97,37.77,6.579,0.1895,49.15,0.049,258.32,258.32,524.3,8.0
1441,Gulmi,Gulmidarbar,83.312778,28.044722,998.68,83.313611,28.044167,988.44,83.312778,28.044722,998.68,83.313611,28.044167,988.44,10.24,9.22,7.101,0.2045,12.94,0.013,68.03,68.03,109.7,9.33
1442,Gulmi,Chandrakot,83.413889,28.116111,1067.0,83.414444,28.113889,1063.23,83.413889,28.116111,1067.0,83.414444,28.113889,1063.23,3.77,3.39,84.728,2.4402,56.86,0.057,298.83,298.83,268.0,1.41
1443,Gulmi,Dhurkot,83.204722,28.087222,1066.16,83.203889,28.090278,1012.85,83.204722,28.087222,1066.16,83.203889,28.090278,1012.85,53.31,47.98,3.949,0.1137,37.47,0.037,196.95,196.95,391.7,13.61
1444,Gulmi,Chandrakot,83.4025,28.094722,1065.9,83.402222,28.091667,914.08,83.4025,28.094722,1065.9,83.402222,28.091667,914.08,151.82,136.64,117.92,3.3961,3186.53,3.187,16748.42,16748.42,371.1,40.92
1445,Gulmi,Ruru,83.393889,28.003889,1065.14,83.392778,28.006389,1037.87,83.393889,28.003889,1065.14,83.392778,28.006389,1037.87,27.27,24.54,2.914,0.0839,14.14,0.014,74.34,74.34,319.5,8.53
1446,Gulmi,Musikot,83.283333,28.149167,1064.93,83.285833,28.153056,886.95,83.283333,28.149167,1064.93,83.285833,28.153056,886.95,177.98,160.18,0.868,0.025,27.5,0.027,144.53,144.53,525.6,33.86
1447,Gulmi,Musikot,83.285833,28.153056,886.95,83.288333,28.156667,808.95,83.285833,28.153056,886.95,83.288333,28.156667,808.95,78.0,70.2,1.286,0.037,17.85,0.018,93.84,93.84,528.6,14.75
1448,Gulmi,Musikot,83.288333,28.156667,808.95,83.2925,28.158889,732.59,83.288333,28.156667,808.95,83.2925,28.158889,732.59,76.36,68.72,1.389,0.04,18.88,0.019,99.23,99.23,520.7,14.67
1449,Gulmi,Musikot,83.2925,28.158889,732.59,83.293889,28.159444,698.07,83.2925,28.158889,732.59,83.293889,28.159444,698.07,34.52,31.07,1201.35,34.5989,7381.46,7.381,38796.96,38796.96,164.2,21.01
1450,Gulmi,Chatrakot,83.376667,28.034722,1064.67,83.375556,28.036111,1031.4,83.376667,28.034722,1064.67,83.375556,28.036111,1031.4,33.27,29.94,1.302,0.0375,7.71,0.008,40.52,40.52,195.8,16.99
1451,Gulmi,Chatrakot,83.4,28.025,1064.29,83.405,28.025278,861.66,83.4,28.025,1064.29,83.405,28.025278,861.66,202.63,182.37,0.592,0.017,21.35,0.021,112.22,112.22,504.7,40.15
1452,Gulmi,Chatrakot,83.405,28.025278,861.66,83.406667,28.026111,742.62,83.405,28.025278,861.66,83.406667,28.026111,742.62,119.04,107.14,21.178,0.6099,448.72,0.449,2358.5,2358.5,205.5,57.94
1453,Gulmi,Chatrakot,83.390833,28.035,1064.28,83.392222,28.039167,757.24,83.390833,28.035,1064.28,83.392222,28.039167,757.24,307.04,276.34,0.637,0.0183,34.81,0.035,182.98,182.98,515.3,59.58
1454,Gulmi,Chatrakot,83.392222,28.039167,757.24,83.395833,28.041944,597.03,83.392222,28.039167,757.24,83.395833,28.041944,597.03,160.21,144.19,1890.532,54.4473,53910.79,53.911,283355.11,283355.11,511.0,31.35
1455,Gulmi,Chandrakot,83.497222,28.079444,1064.0,83.5,28.079722,1036.08,83.497222,28.079444,1064.0,83.5,28.079722,1036.08,27.92,25.13,14.469,0.4167,71.9,0.072,377.93,377.93,286.6,9.74
1456,Gulmi,Musikot,83.313056,28.194167,855.78,83.313056,28.193611,839.51,83.313056,28.194167,855.78,83.313056,28.193611,839.51,16.27,14.64,269.182,7.7524,779.53,0.78,4097.24,4097.24,61.8,26.31
1457,Gulmi,Chandrakot,83.414444,28.113889,1063.23,83.414167,28.111111,1057.41,83.414444,28.113889,1063.23,83.414167,28.111111,1057.41,5.82,5.24,92.521,2.6646,95.84,0.096,503.76,503.76,319.5,1.82
1458,Gulmi,Resunga,83.266944,28.093333,1062.64,83.265278,28.0975,983.33,83.266944,28.093333,1062.64,83.265278,28.0975,983.33,79.31,71.38,6.277,0.1808,88.61,0.089,465.73,465.73,525.7,15.09
1459,Gulmi,Resunga,83.265278,28.0975,983.33,83.263611,28.101667,934.26,83.265278,28.0975,983.33,83.263611,28.101667,934.26,49.07,44.16,7.038,0.2027,61.47,0.061,323.09,323.09,525.7,9.33
1460,Gulmi,Ruru,83.439722,27.968333,1061.49,83.440833,27.965556,958.18,83.439722,27.968333,1061.49,83.440833,27.965556,958.18,103.31,92.98,1.921,0.0553,35.32,0.035,185.66,185.66,514.0,20.1
1461,Gulmi,Ruru,83.440833,27.965556,958.18,83.444167,27.962778,869.55,83.440833,27.965556,958.18,83.444167,27.962778,869.55,88.63,79.77,2.277,0.0656,35.92,0.036,188.8,188.8,521.3,17.0
1462,Gulmi,Ruru,83.444167,27.962778,869.55,83.446111,27.959167,807.22,83.444167,27.962778,869.55,83.446111,27.959167,807.22,62.33,56.1,2.692,0.0775,29.87,0.03,156.97,156.97,511.7,12.18
1463,Gulmi,Ruru,83.446111,27.959167,807.22,83.450278,27.956667,716.19,83.446111,27.959167,807.22,83.450278,27.956667,716.19,91.03,81.93,3.173,0.0914,51.41,0.051,270.22,270.22,534.6,17.03
1464,Gulmi,Ruru,83.450278,27.956667,716.19,83.451667,27.9525,570.01,83.450278,27.956667,716.19,83.451667,27.9525,570.01,146.18,131.56,3.349,0.0965,87.14,0.087,457.99,457.99,515.3,28.37
1465,Gulmi,Ruru,83.451667,27.9525,570.01,83.451667,27.948611,463.53,83.451667,27.9525,570.01,83.451667,27.948611,463.53,106.48,95.83,3.445,0.0992,65.29,0.065,343.17,343.17,511.7,20.81
1466,Gulmi,Ruru,83.451667,27.948611,463.53,83.451389,27.948333,463.52,83.451667,27.948611,463.53,83.451389,27.948333,463.52,0.01,0.01,3595.021,103.5366,6.4,0.006,33.63,33.63,41.2,0.02
1467,Gulmi,Malika,83.164444,28.178056,1060.49,83.163056,28.174167,1040.55,83.164444,28.178056,1060.49,83.163056,28.174167,1040.55,19.94,17.95,9.722,0.28,34.51,0.035,181.36,181.36,505.0,3.95
1468,Gulmi,Malika,83.163056,28.174167,1040.55,83.161111,28.172222,1030.2,83.163056,28.174167,1040.55,83.161111,28.172222,1030.2,10.35,9.31,10.802,0.3111,19.9,0.02,104.59,104.59,288.6,3.59
1469,Gulmi,Dhurkot,83.128056,28.1075,1059.67,83.132222,28.105,1045.25,83.128056,28.1075,1059.67,83.132222,28.105,1045.25,14.42,12.98,65.447,1.8849,167.98,0.168,882.9,882.9,534.6,2.7
1470,Gulmi,Dhurkot,83.132222,28.105,1045.25,83.135278,28.104722,1039.71,83.132222,28.105,1045.25,83.135278,28.104722,1039.71,5.54,4.99,66.398,1.9123,65.47,0.065,344.13,344.13,341.8,1.62
1471,Gulmi,Dhurkot,83.143056,28.096111,1059.05,83.143611,28.098056,1015.15,83.143056,28.096111,1059.05,83.143611,28.098056,1015.15,43.9,39.51,95.043,2.7372,742.65,0.743,3903.39,3903.39,237.1,18.52
1472,Gulmi,Chatrakot,83.369167,28.016389,1058.5,83.372222,28.019167,1038.12,83.369167,28.016389,1058.5,83.372222,28.019167,1038.12,20.38,18.34,8.298,0.239,30.1,0.03,158.21,158.21,535.3,3.81
1473,Gulmi,Chatrakot,83.372222,28.019167,1038.12,83.375278,28.017778,1016.79,83.372222,28.019167,1038.12,83.375278,28.017778,1016.79,21.33,19.2,10.3,0.2966,39.1,0.039,205.53,205.53,397.6,5.36
1474,Gulmi,Chandrakot,83.414167,28.111111,1057.41,83.415,28.106944,1047.22,83.414167,28.111111,1057.41,83.415,28.106944,1047.22,10.19,9.17,93.375,2.6892,169.36,0.169,890.15,890.15,515.3,1.98
1475,Gulmi,Kaligandaki,83.5425,28.026389,1057.28,83.546111,28.028611,937.9,83.5425,28.026389,1057.28,83.546111,28.028611,937.9,119.38,107.44,2.592,0.0746,55.08,0.055,289.48,289.48,500.0,23.87
1476,Gulmi,Musikot,83.2525,28.180278,1057.27,83.250833,28.1775,950.27,83.2525,28.180278,1057.27,83.250833,28.1775,950.27,107.0,96.3,1.045,0.0301,19.9,0.02,104.61,104.61,371.0,28.84
1477,Gulmi,Dhurkot,83.152222,28.096389,1055.41,83.151667,28.097778,1006.21,83.152222,28.096389,1055.41,83.151667,28.097778,1006.21,49.2,44.28,96.803,2.7879,847.73,0.848,4455.65,4455.65,175.2,28.08
1478,Gulmi,Kaligandaki,83.569167,28.103056,1055.36,83.565,28.101111,843.68,83.569167,28.103056,1055.36,83.565,28.101111,843.68,211.68,190.51,0.932,0.0268,35.12,0.035,184.57,184.57,506.7,41.78
1479,Gulmi,Kaligandaki,83.565,28.101111,843.68,83.564722,28.101111,839.78,83.565,28.101111,843.68,83.564722,28.101111,839.78,3.9,3.51,28.472,0.82,19.76,0.02,103.88,103.88,27.3,14.33
1480,Gulmi,Resunga,83.261667,28.029444,1052.82,83.265,28.026389,1036.26,83.261667,28.029444,1052.82,83.265,28.026389,1036.26,16.56,14.9,7.54,0.2172,22.22,0.022,116.81,116.81,514.7,3.22
1481,Gulmi,Resunga,83.265,28.026389,1036.26,83.267778,28.022778,993.77,83.265,28.026389,1036.26,83.267778,28.022778,993.77,42.49,38.24,7.884,0.2271,59.63,0.06,313.39,313.39,522.0,8.14
1482,Gulmi,Resunga,83.267778,28.022778,993.77,83.270833,28.020556,966.82,83.267778,28.022778,993.77,83.270833,28.020556,966.82,26.95,24.25,8.12,0.2339,38.95,0.039,204.73,204.73,507.4,5.31
1483,Gulmi,Musikot,83.258056,28.193056,1052.38,83.261944,28.195833,902.7,83.258056,28.193056,1052.38,83.261944,28.195833,902.7,149.68,134.71,0.792,0.0228,21.1,0.021,110.9,110.9,521.3,28.71
1484,Gulmi,Musikot,83.261944,28.195833,902.7,83.265833,28.196667,821.64,83.261944,28.195833,902.7,83.265833,28.196667,821.64,81.06,72.95,0.912,0.0263,13.16,0.013,69.16,69.16,507.4,15.98
1485,Gulmi,Musikot,83.265833,28.196667,821.64,83.269167,28.196944,736.01,83.265833,28.196667,821.64,83.269167,28.196944,736.01,85.63,77.07,842.955,24.2771,12847.91,12.848,67528.6,67528.6,397.0,21.57
1486,Gulmi,Resunga,83.298611,28.11,1051.12,83.295833,28.113611,903.2,83.298611,28.11,1051.12,83.295833,28.113611,903.2,147.92,133.13,1.049,0.0302,27.62,0.028,145.16,145.16,505.0,29.29
1487,Gulmi,Resunga,83.295833,28.113611,903.2,83.291944,28.115833,778.26,83.295833,28.113611,903.2,83.291944,28.115833,778.26,124.94,112.45,3.397,0.0978,75.54,0.076,397.06,397.06,493.4,25.32
1488,Gulmi,Madane,83.121111,28.180556,1050.62,83.123611,28.176667,1038.2,83.121111,28.180556,1050.62,83.123611,28.176667,1038.2,12.42,11.18,12.15,0.3499,26.86,0.027,141.17,141.17,525.6,2.36
1489,Gulmi,Madane,83.123611,28.176667,1038.2,83.123889,28.175833,1033.96,83.123611,28.176667,1038.2,83.123889,28.175833,1033.96,4.24,3.82,13.026,0.3751,9.83,0.01,51.67,51.67,103.1,4.11
1490,Gulmi,Dhurkot,83.182778,28.090833,1050.4,83.182222,28.093611,949.34,83.182778,28.090833,1050.4,83.182222,28.093611,949.34,101.06,90.95,127.179,3.6628,2287.69,2.288,12024.09,12024.09,329.8,30.64
1491,Gulmi,Ruru,83.443889,27.993333,1049.72,83.448056,27.995833,867.46,83.443889,27.993333,1049.72,83.448056,27.995833,867.46,182.26,164.03,0.672,0.0194,21.8,0.022,114.58,114.58,534.6,34.09
1492,Gulmi,Ruru,83.448056,27.995833,867.46,83.451667,27.998611,665.99,83.448056,27.995833,867.46,83.451667,27.998611,665.99,201.47,181.32,0.783,0.0226,28.08,0.028,147.58,147.58,511.0,39.43
1493,Gulmi,Ruru,83.451667,27.998611,665.99,83.455556,27.998611,546.17,83.451667,27.998611,665.99,83.455556,27.998611,546.17,119.82,107.84,1.652,0.0476,35.23,0.035,185.18,185.18,465.5,25.74
1494,Gulmi,Musikot,83.224722,28.217222,1049.48,83.224722,28.215556,999.83,83.224722,28.217222,1049.48,83.224722,28.215556,999.83,49.65,44.68,52.504,1.5121,464.0,0.464,2438.76,2438.76,185.5,26.76
1495,Gulmi,Chandrakot,83.418889,28.098333,1048.51,83.417222,28.098333,1015.36,83.418889,28.098333,1048.51,83.417222,28.098333,1015.36,33.15,29.83,113.82,3.278,671.59,0.672,3529.88,3529.88,163.6,20.27
1496,Gulmi,Isma,83.223056,28.191944,1047.6,83.2275,28.193611,1031.81,83.223056,28.191944,1047.6,83.2275,28.193611,1031.81,15.79,14.21,4.592,0.1322,12.91,0.013,67.83,67.83,520.0,3.04
1497,Gulmi,Isma,83.2275,28.193611,1031.81,83.230278,28.196111,1007.78,83.2275,28.193611,1031.81,83.230278,28.196111,1007.78,24.03,21.63,5.365,0.1545,22.95,0.023,120.61,120.61,432.2,5.56
1498,Gulmi,Chandrakot,83.415,28.104444,1047.17,83.416944,28.100556,1042.23,83.415,28.104444,1047.17,83.416944,28.100556,1042.23,4.94,4.45,108.827,3.1342,95.69,0.096,502.95,502.95,505.0,0.98
1499,Gulmi,Chandrakot,83.416944,28.100556,1042.23,83.417222,28.098333,1015.36,83.416944,28.100556,1042.23,83.417222,28.098333,1015.36,26.87,24.18,113.82,3.278,544.36,0.544,2861.17,2861.17,298.9,8.99
1500,Gulmi,Musikot,83.220556,28.228333,1045.59,83.225278,28.229444,910.21,83.220556,28.228333,1045.59,83.225278,28.229444,910.21,135.38,121.84,0.806,0.0232,19.42,0.019,102.08,102.08,519.3,26.07
1501,Gulmi,Musikot,83.225278,28.229444,910.21,83.228889,28.230556,809.15,83.225278,28.229444,910.21,83.228889,28.230556,809.15,101.06,90.95,799.154,23.0156,14375.13,14.375,75555.69,75555.69,410.3,24.63
1502,Gulmi,Malika,83.171944,28.163333,1019.7,83.174167,28.159444,996.67,83.171944,28.163333,1019.7,83.174167,28.159444,996.67,23.03,20.73,1.48,0.0426,6.07,0.006,31.89,31.89,532.3,4.33
1503,Gulmi,Malika,83.174167,28.159444,996.67,83.175833,28.156667,969.32,83.174167,28.159444,996.67,83.175833,28.156667,969.32,27.35,24.61,2.231,0.0643,10.86,0.011,57.08,57.08,388.0,7.05
1504,Gulmi,Resunga,83.263333,28.019444,1045.36,83.266667,28.016389,937.65,83.263333,28.019444,1045.36,83.266667,28.016389,937.65,107.71,96.94,0.69,0.0199,13.23,0.013,69.53,69.53,514.7,20.93
1505,Gulmi,Resunga,83.266667,28.016389,937.65,83.266944,28.014722,921.9,83.266667,28.016389,937.65,83.266944,28.014722,921.9,15.75,14.18,19.51,0.5619,54.69,0.055,287.47,287.47,195.8,8.04
1506,Gulmi,Isma,83.213889,28.214167,1044.81,83.218056,28.211667,1035.25,83.213889,28.214167,1044.81,83.218056,28.211667,1035.25,9.56,8.6,51.472,1.4824,87.59,0.088,460.35,460.35,534.6,1.79
1507,Gulmi,Musikot,83.218056,28.211667,1035.25,83.2225,28.213056,1008.65,83.218056,28.211667,1035.25,83.2225,28.213056,1008.65,26.6,23.94,51.833,1.4928,245.41,0.245,1289.87,1289.87,523.0,5.09
1508,Gulmi,Musikot,83.2225,28.213056,1008.65,83.224722,28.215556,999.83,83.2225,28.213056,1008.65,83.224722,28.215556,999.83,8.82,7.94,52.504,1.5121,82.43,0.082,433.23,433.23,360.7,2.44
1509,Gulmi,Resunga,83.261944,28.014444,1043.36,83.266667,28.013333,921.87,83.261944,28.014444,1043.36,83.266667,28.013333,921.87,121.49,109.34,20.113,0.5793,434.93,0.435,2285.99,2285.99,519.3,23.39
1510,Gulmi,Dhurkot,83.123889,28.166667,1043.13,83.128056,28.167778,1021.04,83.123889,28.166667,1043.13,83.128056,28.167778,1021.04,22.09,19.88,2.076,0.0598,8.16,0.008,42.9,42.9,509.7,4.33
1511,Gulmi,Dhurkot,83.128056,28.167778,1021.04,83.13,28.1675,1006.57,83.128056,28.167778,1021.04,83.13,28.1675,1006.57,14.47,13.02,23.428,0.6747,60.34,0.06,317.15,317.15,277.6,5.21
1512,Gulmi,Satyawati,83.493056,28.011389,1039.1,83.491111,28.007222,858.24,83.493056,28.011389,1039.1,83.491111,28.007222,858.24,180.86,162.77,4.252,0.1225,136.88,0.137,719.44,719.44,536.0,33.75
1513,Gulmi,Satyawati,83.491111,28.007222,858.24,83.488889,28.005,801.68,83.491111,28.007222,858.24,83.488889,28.005,801.68,56.56,50.9,15.306,0.4408,154.09,0.154,809.89,809.89,414.6,13.64
1514,Gulmi,Dhurkot,83.138333,28.149722,1041.52,83.14,28.149444,1017.92,83.138333,28.149722,1041.52,83.14,28.149444,1017.92,23.6,21.24,1.625,0.0468,6.83,0.007,35.88,35.88,177.5,13.29
1515,Gulmi,Dhurkot,83.135278,28.098889,1041.04,83.139167,28.100278,1022.22,83.135278,28.098889,1041.04,83.139167,28.100278,1022.22,18.82,16.94,27.188,0.783,91.07,0.091,478.69,478.69,513.4,3.67
1516,Gulmi,Dhurkot,83.139167,28.100278,1022.22,83.139722,28.100278,1020.66,83.139167,28.100278,1022.22,83.139722,28.100278,1020.66,1.56,1.4,94.24,2.7141,26.17,0.026,137.54,137.54,54.5,2.86
1517,Gulmi,Isma,83.202222,28.17,1040.49,83.201944,28.166111,1021.6,83.202222,28.17,1040.49,83.201944,28.166111,1021.6,18.89,17.0,4.971,0.1432,16.71,0.017,87.85,87.85,522.0,3.62
1518,Gulmi,Isma,83.201944,28.166111,1021.6,83.199444,28.1625,1002.03,83.201944,28.166111,1021.6,83.199444,28.1625,1002.03,19.57,17.61,5.455,0.1571,19.0,0.019,99.87,99.87,528.6,3.7
1519,Gulmi,Isma,83.199444,28.1625,1002.03,83.197222,28.158611,982.92,83.199444,28.1625,1002.03,83.197222,28.158611,982.92,19.11,17.2,5.859,0.1687,19.93,0.02,104.75,104.75,532.3,3.59
1520,Gulmi,Isma,83.197222,28.158611,982.92,83.196389,28.156667,973.88,83.197222,28.158611,982.92,83.196389,28.156667,973.88,9.04,8.14,8.797,0.2534,14.15,0.014,74.4,74.4,247.4,3.65
1521,Gulmi,Dhurkot,83.135278,28.104722,1039.71,83.139167,28.102222,1025.79,83.135278,28.104722,1039.71,83.139167,28.102222,1025.79,13.92,12.53,66.644,1.9193,165.12,0.165,867.88,867.88,507.4,2.74
1522,Gulmi,Dhurkot,83.139167,28.102222,1025.79,83.139722,28.100278,1020.66,83.139167,28.102222,1025.79,83.139722,28.100278,1020.66,5.13,4.62,94.24,2.7141,86.05,0.086,452.28,452.28,254.0,2.02
1523,Gulmi,Kaligandaki,83.520278,28.061944,1039.48,83.525,28.0625,946.52,83.520278,28.061944,1039.48,83.525,28.0625,946.52,92.96,83.66,5.416,0.156,89.61,0.09,471.01,471.01,519.3,17.9
1524,Gulmi,Dhurkot,83.169167,28.096111,1038.97,83.170278,28.094167,967.91,83.169167,28.096111,1038.97,83.170278,28.094167,967.91,71.06,63.95,107.804,3.1048,1363.52,1.364,7166.67,7166.67,257.7,27.58
1525,Gulmi,Ruru,83.392778,28.006389,1037.87,83.391111,28.010556,1001.67,83.392778,28.006389,1037.87,83.391111,28.010556,1001.67,36.2,32.58,3.279,0.0944,21.13,0.021,111.05,111.05,525.7,6.89
1526,Gulmi,Ruru,83.391111,28.010556,1001.67,83.391389,28.014722,959.98,83.391111,28.010556,1001.67,83.391389,28.014722,959.98,41.69,37.52,3.784,0.109,28.08,0.028,147.58,147.58,515.3,8.09
1527,Gulmi,Ruru,83.391389,28.014722,959.98,83.389444,28.016944,930.08,83.391389,28.014722,959.98,83.389444,28.016944,930.08,29.9,26.91,16.502,0.4753,87.82,0.088,461.6,461.6,336.5,8.89
1528,Gulmi,Chatrakot,83.358889,28.033889,1037.86,83.361944,28.035556,933.37,83.358889,28.033889,1037.86,83.361944,28.035556,933.37,104.49,94.04,1.797,0.0518,33.42,0.033,175.66,175.66,383.7,27.23
1529,Gulmi,Ruru,83.423333,27.987222,1037.25,83.425556,27.983333,953.06,83.423333,27.987222,1037.25,83.425556,27.983333,953.06,84.19,75.77,1.628,0.0469,24.4,0.024,128.22,128.22,515.3,16.34
1530,Gulmi,Ruru,83.425556,27.983333,953.06,83.4275,27.979167,879.8,83.425556,27.983333,953.06,83.4275,27.979167,879.8,73.26,65.93,2.148,0.0619,28.01,0.028,147.22,147.22,536.0,13.67
1531,Gulmi,Isma,83.229722,28.196944,1036.85,83.230278,28.196111,1007.78,83.229722,28.196944,1036.85,83.230278,28.196111,1007.78,29.07,26.16,5.365,0.1545,27.76,0.028,145.91,145.91,130.3,22.3
1532,Gulmi,Ruru,83.411667,27.985278,1036.75,83.413333,27.981667,982.11,83.411667,27.985278,1036.75,83.413333,27.981667,982.11,54.64,49.18,1.183,0.0341,11.51,0.012,60.47,60.47,501.4,10.9
1533,Gulmi,Ruru,83.413333,27.981667,982.11,83.4175,27.979444,910.12,83.413333,27.981667,982.11,83.4175,27.979444,910.12,71.99,64.79,1.608,0.0463,20.6,0.021,108.3,108.3,537.6,13.39
1534,Gulmi,Ruru,83.4175,27.979444,910.12,83.421667,27.9775,832.32,83.4175,27.979444,910.12,83.421667,27.9775,832.32,77.8,70.02,2.156,0.0621,29.86,0.03,156.92,156.92,506.7,15.35
1535,Gulmi,Ruru,83.421667,27.9775,832.32,83.423611,27.973611,796.62,83.421667,27.9775,832.32,83.423611,27.973611,796.62,35.7,32.13,2.409,0.0694,15.31,0.015,80.46,80.46,505.0,7.07
1536,Gulmi,Ruru,83.423611,27.973611,796.62,83.425556,27.969444,762.86,83.423611,27.973611,796.62,83.425556,27.969444,762.86,33.76,30.38,3.092,0.089,18.58,0.019,97.66,97.66,536.0,6.3
1537,Gulmi,Ruru,83.425556,27.969444,762.86,83.426111,27.968889,756.61,83.425556,27.969444,762.86,83.426111,27.968889,756.61,6.25,5.62,7.558,0.2177,8.41,0.008,44.19,44.19,82.5,7.58
1538,Gulmi,Gulmidarbar,83.329444,28.011667,1036.66,83.329444,28.010833,1016.71,83.329444,28.011667,1036.66,83.329444,28.010833,1016.71,19.95,17.96,1.942,0.0559,6.9,0.007,36.25,36.25,92.8,21.5
1539,Gulmi,Chatrakot,83.378889,27.984722,1036.35,83.381667,27.981111,988.2,83.378889,27.984722,1036.35,83.381667,27.981111,988.2,48.15,43.33,2.559,0.0737,21.93,0.022,115.27,115.27,538.9,8.93
1540,Gulmi,Musikot,83.336944,28.185278,1036.28,83.336389,28.189444,873.4,83.336944,28.185278,1036.28,83.336389,28.189444,873.4,162.88,146.59,0.561,0.0162,16.26,0.016,85.48,85.48,505.0,32.25
1541,Gulmi,Musikot,83.336389,28.189444,873.4,83.335556,28.190278,866.14,83.336389,28.189444,873.4,83.335556,28.190278,866.14,7.26,6.53,261.902,7.5428,338.44,0.338,1778.82,1778.82,123.7,5.87
1542,Gulmi,Chandrakot,83.5,28.079722,1036.08,83.504722,28.080556,993.69,83.5,28.079722,1036.08,83.504722,28.080556,993.69,42.39,38.15,14.974,0.4313,112.98,0.113,593.83,593.83,505.4,8.39
1543,Gulmi,Chandrakot,83.504722,28.080556,993.69,83.508611,28.083333,954.66,83.504722,28.080556,993.69,83.508611,28.083333,954.66,39.03,35.13,15.474,0.4457,107.5,0.107,565.01,565.01,538.3,7.25
1544,Gulmi,Chandrakot,83.508611,28.083333,954.66,83.509444,28.083611,947.77,83.508611,28.083333,954.66,83.509444,28.083611,947.77,6.89,6.2,29.032,0.8361,35.6,0.036,187.13,187.13,95.8,7.2
1545,Gulmi,Satyawati,83.503611,28.009444,1035.52,83.502222,28.0075,1001.86,83.503611,28.009444,1035.52,83.502222,28.0075,1001.86,33.66,30.29,8.88,0.2557,53.2,0.053,279.63,279.63,284.9,11.81
1546,Gulmi,Dhurkot,83.123889,28.175833,1033.96,83.128056,28.173889,1022.17,83.123889,28.175833,1033.96,83.128056,28.173889,1022.17,11.79,10.61,13.287,0.3827,27.88,0.028,146.55,146.55,540.6,2.18
1547,Gulmi,Dhurkot,83.128056,28.173889,1022.17,83.129444,28.173333,1018.87,83.128056,28.173889,1022.17,83.129444,28.173333,1018.87,3.3,2.97,20.958,0.6036,12.31,0.012,64.7,64.7,164.2,2.01
1548,Gulmi,Resunga,83.276944,28.025,1033.67,83.275278,28.021667,988.55,83.276944,28.025,1033.67,83.275278,28.021667,988.55,45.12,40.61,8.498,0.2447,68.25,0.068,358.71,358.71,504.4,8.95
1549,Gulmi,Resunga,83.275278,28.021667,988.55,83.272222,28.019722,966.05,83.275278,28.021667,988.55,83.272222,28.019722,966.05,22.5,20.25,8.954,0.2579,35.86,0.036,188.48,188.48,540.6,4.16
1550,Gulmi,Resunga,83.298056,28.097222,1033.22,83.301944,28.097778,934.93,83.298056,28.097222,1033.22,83.301944,28.097778,934.93,98.29,88.46,7.974,0.2297,139.5,0.14,733.23,733.23,409.6,24.0
1551,Gulmi,Musikot,83.352222,28.115,1032.19,83.35,28.111111,934.77,83.352222,28.115,1032.19,83.35,28.111111,934.77,97.42,87.68,10.262,0.2955,177.94,0.178,935.27,935.27,515.3,18.9
1552,Gulmi,Musikot,83.35,28.111111,934.77,83.350278,28.109444,877.51,83.35,28.111111,934.77,83.350278,28.109444,877.51,57.26,51.53,17.032,0.4905,173.59,0.174,912.38,912.38,195.8,29.24
1553,Gulmi,Chatrakot,83.375556,28.036111,1031.4,83.375278,28.038333,995.75,83.375556,28.036111,1031.4,83.375278,28.038333,995.75,35.65,32.09,2.022,0.0582,12.83,0.013,67.44,67.44,278.3,12.81
1554,Gulmi,Musikot,83.260278,28.151944,1031.26,83.260278,28.150833,982.24,83.260278,28.151944,1031.26,83.260278,28.150833,982.24,49.02,44.12,1.161,0.0334,10.13,0.01,53.24,53.24,123.7,39.63
1555,Gulmi,Malika,83.161111,28.172222,1030.2,83.158889,28.168333,1017.29,83.161111,28.172222,1030.2,83.158889,28.168333,1017.29,12.91,11.62,11.292,0.3252,25.95,0.026,136.38,136.38,515.3,2.5
1556,Gulmi,Malika,83.158889,28.168333,1017.29,83.1575,28.166111,1006.22,83.158889,28.168333,1017.29,83.1575,28.166111,1006.22,11.07,9.96,12.022,0.3462,23.69,0.024,124.5,124.5,315.9,3.51
1557,Gulmi,Kaligandaki,83.582222,28.012222,1029.86,83.585833,28.010278,826.44,83.582222,28.012222,1029.86,83.585833,28.010278,826.44,203.42,183.08,4.168,0.12,150.91,0.151,793.19,793.19,452.2,44.99
1558,Gulmi,Malika,83.172222,28.154722,1029.28,83.175833,28.156667,969.32,83.172222,28.154722,1029.28,83.175833,28.156667,969.32,59.96,53.96,2.231,0.0643,23.81,0.024,125.15,125.15,452.2,13.26
1559,Gulmi,Kaligandaki,83.578889,28.004722,1028.45,83.583056,28.007222,934.94,83.578889,28.004722,1028.45,83.583056,28.007222,934.94,93.51,84.16,3.289,0.0947,54.74,0.055,287.73,287.73,534.6,17.49
1560,Gulmi,Kaligandaki,83.583056,28.007222,934.94,83.585833,28.010278,826.44,83.583056,28.007222,934.94,83.585833,28.010278,826.44,108.5,97.65,4.168,0.12,80.49,0.08,423.07,423.07,477.1,22.74
1561,Gulmi,Gulmidarbar,83.321111,28.036944,1026.45,83.322222,28.041111,943.08,83.321111,28.036944,1026.45,83.322222,28.041111,943.08,83.37,75.03,1.714,0.0494,25.43,0.025,133.68,133.68,525.7,15.86
1562,Gulmi,Gulmidarbar,83.322222,28.041111,943.08,83.321944,28.042222,923.64,83.322222,28.041111,943.08,83.321944,28.042222,923.64,19.44,17.5,9.651,0.2779,33.39,0.033,175.52,175.52,134.0,14.51
1563,Gulmi,Musikot,83.318056,28.157222,1025.88,83.314444,28.153889,978.59,83.318056,28.157222,1025.88,83.314444,28.153889,978.59,47.29,42.56,4.613,0.1329,38.83,0.039,204.08,204.08,522.0,9.06
1564,Gulmi,Musikot,83.314444,28.153889,978.59,83.313611,28.15,926.93,83.314444,28.153889,978.59,83.313611,28.15,926.93,51.66,46.49,5.221,0.1504,48.01,0.048,252.33,252.33,501.4,10.3
1565,Gulmi,Musikot,83.313611,28.15,926.93,83.314444,28.148056,879.37,83.313611,28.15,926.93,83.314444,28.148056,879.37,47.56,42.8,5.815,0.1675,49.23,0.049,258.73,258.73,264.3,17.99
1566,Gulmi,Kaligandaki,83.555556,28.121667,1025.71,83.555278,28.117222,991.29,83.555556,28.121667,1025.71,83.555278,28.117222,991.29,34.42,30.98,20.367,0.5866,124.78,0.125,655.84,655.84,525.7,6.55
1567,Gulmi,Kaligandaki,83.555278,28.117222,991.29,83.554167,28.115278,988.39,83.555278,28.117222,991.29,83.554167,28.115278,988.39,2.9,2.61,21.668,0.624,11.18,0.011,58.79,58.79,257.7,1.13
1568,Gulmi,Kaligandaki,83.544167,28.078333,1025.24,83.54,28.075833,896.71,83.544167,28.078333,1025.24,83.54,28.075833,896.71,128.53,115.68,0.855,0.0246,19.56,0.02,102.81,102.81,534.6,24.04
1569,Gulmi,Kaligandaki,83.54,28.075833,896.71,83.538056,28.073889,773.67,83.54,28.075833,896.71,83.538056,28.073889,773.67,123.04,110.74,41.175,1.1858,901.74,0.902,4739.55,4739.55,305.5,40.27
1570,Gulmi,Malika,83.159722,28.165556,1024.43,83.1575,28.166111,1006.22,83.159722,28.165556,1024.43,83.1575,28.166111,1006.22,18.21,16.39,12.022,0.3462,38.97,0.039,204.81,204.81,246.0,7.4
1571,Gulmi,Chandrakot,83.348889,28.096667,1023.82,83.344167,28.095833,868.71,83.348889,28.096667,1023.82,83.344167,28.095833,868.71,155.11,139.6,0.69,0.0199,19.05,0.019,100.13,100.13,505.4,30.69
1572,Gulmi,Chandrakot,83.344167,28.095833,868.71,83.339444,28.094722,738.18,83.344167,28.095833,868.71,83.339444,28.094722,738.18,130.53,117.48,1.069,0.0308,24.84,0.025,130.54,130.54,519.3,25.13
1573,Gulmi,Chandrakot,83.339444,28.094722,738.18,83.338611,28.090556,639.27,83.339444,28.094722,738.18,83.338611,28.090556,639.27,98.91,89.02,1.154,0.0332,20.32,0.02,106.78,106.78,515.3,19.19
1574,Gulmi,Isma,83.231389,28.137222,1023.57,83.227222,28.135556,937.0,83.231389,28.137222,1023.57,83.227222,28.135556,937.0,86.57,77.91,0.991,0.0285,15.27,0.015,80.26,80.26,509.7,16.98
1575,Gulmi,Isma,83.227222,28.135556,937.0,83.223611,28.133889,891.96,83.227222,28.135556,937.0,83.223611,28.133889,891.96,45.04,40.54,5.013,0.1444,40.19,0.04,211.23,211.23,438.2,10.28
1576,Gulmi,Chatrakot,83.386111,28.018056,1022.57,83.388611,28.016667,930.09,83.386111,28.018056,1022.57,83.388611,28.016667,930.09,92.48,83.23,12.588,0.3625,207.21,0.207,1089.09,1089.09,332.1,27.84
1577,Gulmi,Ruru,83.391667,27.973056,1021.85,83.388056,27.97,954.46,83.391667,27.973056,1021.85,83.388056,27.97,954.46,67.39,60.65,0.802,0.0231,9.62,0.01,50.56,50.56,525.0,12.84
1578,Gulmi,Chatrakot,83.388056,27.97,954.46,83.386944,27.968611,925.57,83.388056,27.97,954.46,83.386944,27.968611,925.57,28.89,26.0,6.138,0.1768,31.56,0.032,165.89,165.89,229.7,12.58
1579,Gulmi,Dhurkot,83.158333,28.122778,1021.39,83.161667,28.125556,913.93,83.158333,28.122778,1021.39,83.161667,28.125556,913.93,107.46,96.71,0.709,0.0204,13.56,0.014,71.28,71.28,500.7,21.46
1580,Gulmi,Dhurkot,83.161667,28.125556,913.93,83.161944,28.125833,913.41,83.161667,28.125556,913.93,83.161944,28.125833,913.41,0.52,0.47,66.503,1.9153,6.16,0.006,32.35,32.35,41.2,1.27
1581,Gulmi,Musikot,83.323611,28.186389,1021.22,83.326667,28.189444,854.45,83.323611,28.186389,1021.22,83.326667,28.189444,854.45,166.77,150.09,265.76,7.6539,7888.78,7.889,41463.4,41463.4,504.4,33.07
1582,Gulmi,Dhurkot,83.139722,28.100278,1020.66,83.143056,28.098056,1015.62,83.139722,28.100278,1020.66,83.143056,28.098056,1015.62,5.04,4.54,94.573,2.7237,84.84,0.085,445.92,445.92,500.7,1.01
1583,Gulmi,Dhurkot,83.143056,28.098056,1015.62,83.143611,28.098056,1015.15,83.143056,28.098056,1015.62,83.143611,28.098056,1015.15,0.47,0.42,95.043,2.7372,7.95,0.008,41.79,41.79,54.5,0.86
1584,Gulmi,Dhurkot,83.129444,28.173333,1018.87,83.130278,28.169722,1010.46,83.129444,28.173333,1018.87,83.130278,28.169722,1010.46,8.41,7.57,21.251,0.612,31.81,0.032,167.2,167.2,511.7,1.64
1585,Gulmi,Dhurkot,83.130278,28.169722,1010.46,83.13,28.1675,1006.57,83.130278,28.169722,1010.46,83.13,28.1675,1006.57,3.89,3.5,23.428,0.6747,16.22,0.016,85.26,85.26,278.3,1.4
1586,Gulmi,Malika,83.181667,28.165556,1017.96,83.180278,28.164444,1006.62,83.181667,28.165556,1017.96,83.180278,28.164444,1006.62,11.34,10.21,7.498,0.2159,15.13,0.015,79.55,79.55,260.0,4.36
1587,Gulmi,Dhurkot,83.14,28.149444,1017.92,83.144167,28.151389,987.26,83.14,28.149444,1017.92,83.144167,28.151389,987.26,30.66,27.59,2.18,0.0628,11.9,0.012,62.53,62.53,506.7,6.05
1588,Gulmi,Dhurkot,83.144167,28.151389,987.26,83.148333,28.151667,961.95,83.144167,28.151389,987.26,83.148333,28.151667,961.95,25.31,22.78,53.641,1.5449,241.65,0.242,1270.12,1270.12,495.7,5.11
1589,Gulmi,Chatrakot,83.375278,28.017778,1016.79,83.379167,28.018056,993.63,83.375278,28.017778,1016.79,83.379167,28.018056,993.63,23.16,20.84,10.936,0.315,45.08,0.045,236.95,236.95,530.3,4.37
1590,Gulmi,Ruru,83.379167,28.018056,993.63,83.383611,28.017222,988.77,83.379167,28.018056,993.63,83.383611,28.017222,988.77,4.86,4.37,11.189,0.3222,9.68,0.01,50.87,50.87,506.0,0.96
1591,Gulmi,Ruru,83.383611,28.017222,988.77,83.386111,28.015833,967.09,83.383611,28.017222,988.77,83.386111,28.015833,967.09,21.68,19.51,12.055,0.3472,46.52,0.047,244.5,244.5,377.0,5.75
1592,Gulmi,Gulmidarbar,83.329444,28.010833,1016.71,83.326944,28.006944,957.71,83.329444,28.010833,1016.71,83.326944,28.006944,957.71,59.0,53.1,2.213,0.0637,23.24,0.023,122.15,122.15,525.6,11.22
1593,Gulmi,Satyawati,83.468056,28.025556,1016.36,83.464444,28.023056,929.32,83.468056,28.025556,1016.36,83.464444,28.023056,929.32,87.04,78.34,7.914,0.2279,122.61,0.123,644.42,644.42,514.0,16.93
1594,Gulmi,Satyawati,83.464444,28.023056,929.32,83.46,28.023889,862.09,83.464444,28.023056,929.32,83.46,28.023889,862.09,67.23,60.51,8.559,0.2465,102.42,0.102,538.32,538.32,506.0,13.28
1595,Gulmi,Satyawati,83.46,28.023889,862.09,83.455278,28.024167,781.37,83.46,28.023889,862.09,83.455278,28.024167,781.37,80.72,72.65,9.104,0.2622,130.8,0.131,687.5,687.5,505.4,15.97
1596,Gulmi,Satyawati,83.455278,28.024167,781.37,83.4525,28.024444,735.85,83.455278,28.024167,781.37,83.4525,28.024444,735.85,45.52,40.97,9.792,0.282,79.34,0.079,417.0,417.0,286.6,15.88
1597,Gulmi,Chatrakot,83.385833,27.979722,1015.42,83.382778,27.978333,966.38,83.385833,27.979722,1015.42,83.382778,27.978333,966.38,49.04,44.14,4.421,0.1273,38.59,0.039,202.83,202.83,386.7,12.68
1598,Gulmi,Chandrakot,83.417222,28.098333,1015.36,83.413889,28.095,991.07,83.417222,28.098333,1015.36,83.413889,28.095,991.07,24.29,21.86,114.291,3.2916,494.13,0.494,2597.15,2597.15,528.6,4.59
1599,Gulmi,Chandrakot,83.413889,28.095,991.07,83.4125,28.094167,982.36,83.413889,28.095,991.07,83.4125,28.094167,982.36,8.71,7.84,115.264,3.3196,178.7,0.179,939.22,939.22,178.2,4.89
1600,Gulmi,Gulmidarbar,83.294444,28.0025,1015.15,83.298889,28.001667,919.19,83.294444,28.0025,1015.15,83.298889,28.001667,919.19,95.96,86.36,0.94,0.0271,16.06,0.016,84.39,84.39,506.0,18.96
1601,Gulmi,Gulmidarbar,83.298889,28.001667,919.19,83.301944,27.998333,853.97,83.298889,28.001667,919.19,83.301944,27.998333,853.97,65.22,58.7,1.106,0.0319,12.84,0.013,67.48,67.48,518.3,12.58
1602,Gulmi,Gulmidarbar,83.301944,27.998333,853.97,83.3025,27.997778,827.21,83.301944,27.998333,853.97,83.3025,27.997778,827.21,26.76,24.08,1.629,0.0469,7.76,0.008,40.78,40.78,82.5,32.46
1603,Gulmi,Dhurkot,83.143611,28.098056,1015.15,83.145278,28.098611,1012.85,83.143611,28.098056,1015.15,83.145278,28.098611,1012.85,2.3,2.07,95.851,2.7605,39.24,0.039,206.24,206.24,219.4,1.05
1604,Gulmi,Dhurkot,83.203889,28.090278,1012.85,83.203056,28.094444,938.81,83.203889,28.090278,1012.85,83.203056,28.094444,938.81,74.04,66.64,4.395,0.1266,57.92,0.058,304.43,304.43,515.3,14.37
1605,Gulmi,Dhurkot,83.203056,28.094444,938.81,83.202222,28.096389,927.45,83.203056,28.094444,938.81,83.202222,28.096389,927.45,11.36,10.22,134.915,3.8856,272.8,0.273,1433.82,1433.82,284.9,3.99
1606,Gulmi,Dhurkot,83.145278,28.098611,1012.85,83.149722,28.096944,1007.05,83.145278,28.098611,1012.85,83.149722,28.096944,1007.05,5.8,5.22,96.187,2.7702,99.3,0.099,521.92,521.92,520.0,1.12
1607,Gulmi,Dhurkot,83.149722,28.096944,1007.05,83.151667,28.097778,1006.21,83.149722,28.096944,1007.05,83.151667,28.097778,1006.21,0.84,0.76,96.803,2.7879,14.47,0.014,76.07,76.07,232.7,0.36
1608,Gulmi,Dhurkot,83.144444,28.139167,1012.76,83.148611,28.140556,990.67,83.144444,28.139167,1012.76,83.148611,28.140556,990.67,22.09,19.88,3.867,0.1114,15.2,0.015,79.91,79.91,506.7,4.36
1609,Gulmi,Dhurkot,83.148611,28.140556,990.67,83.151111,28.14,967.28,83.148611,28.140556,990.67,83.151111,28.14,967.28,23.39,21.05,5.065,0.1459,21.09,0.021,110.83,110.83,363.1,6.44
1610,Gulmi,Resunga,83.242778,28.089167,1012.74,83.241111,28.093333,950.29,83.242778,28.089167,1012.74,83.241111,28.093333,950.29,62.45,56.21,2.573,0.0741,28.6,0.029,150.32,150.32,525.7,11.88
1611,Gulmi,Resunga,83.241111,28.093333,950.29,83.242222,28.0975,896.24,83.241111,28.093333,950.29,83.242222,28.0975,896.24,54.05,48.64,3.004,0.0865,28.9,0.029,151.9,151.9,525.7,10.28
1612,Gulmi,Resunga,83.242222,28.0975,896.24,83.240833,28.099167,871.34,83.242222,28.0975,896.24,83.240833,28.099167,871.34,24.9,22.41,13.991,0.4029,62.01,0.062,325.92,325.92,254.0,9.8
1613,Gulmi,Satyawati,83.500833,27.986111,1011.37,83.500278,27.981667,671.86,83.500833,27.986111,1011.37,83.500278,27.981667,671.86,339.51,305.56,0.692,0.0199,41.82,0.042,219.79,219.79,515.4,65.88
1614,Gulmi,Satyawati,83.500278,27.981667,671.86,83.500278,27.978333,546.05,83.500278,27.981667,671.86,83.500278,27.978333,546.05,125.81,113.23,1569.706,45.2075,35150.83,35.151,184752.74,184752.74,371.1,33.91
1615,Gulmi,Chandrakot,83.400278,28.068333,1010.06,83.396389,28.065556,841.64,83.400278,28.068333,1010.06,83.396389,28.065556,841.64,168.42,151.58,13.174,0.3794,394.92,0.395,2075.72,2075.72,521.3,32.31
1616,Gulmi,Chandrakot,83.396389,28.065556,841.64,83.393611,28.063611,776.64,83.396389,28.065556,841.64,83.393611,28.063611,776.64,65.0,58.5,14.129,0.4069,163.47,0.163,859.18,859.18,370.4,17.55
1617,Gulmi,Isma,83.194444,28.158889,1009.79,83.196111,28.155556,969.48,83.194444,28.158889,1009.79,83.196111,28.155556,969.48,40.31,36.28,9.978,0.2874,71.59,0.072,376.28,376.28,449.8,8.96
1618,Gulmi,Isma,83.230278,28.196111,1007.78,83.234444,28.198333,979.87,83.230278,28.196111,1007.78,83.234444,28.198333,979.87,27.91,25.12,5.638,0.1624,28.01,0.028,147.21,147.21,520.7,5.36
1619,Gulmi,Isma,83.234444,28.198333,979.87,83.236111,28.198611,975.64,83.234444,28.198333,979.87,83.236111,28.198611,975.64,4.23,3.81,61.529,1.772,46.33,0.046,243.49,243.49,205.5,2.06
1620,Gulmi,Dhurkot,83.156111,28.147778,966.46,83.153889,28.145,947.25,83.156111,28.147778,966.46,83.153889,28.145,947.25,19.21,17.29,55.935,1.6109,191.26,0.191,1005.24,1005.24,425.6,4.52
1621,Gulmi,Malika,83.180278,28.164444,1006.62,83.178611,28.161667,984.55,83.180278,28.164444,1006.62,83.178611,28.161667,984.55,22.07,19.86,7.85,0.2261,30.84,0.031,162.08,162.08,534.6,4.13
1622,Gulmi,Malika,83.178611,28.161667,984.55,83.176944,28.1575,971.44,83.178611,28.161667,984.55,83.176944,28.1575,971.44,13.11,11.8,8.309,0.2393,19.39,0.019,101.91,101.91,525.7,2.49
1623,Gulmi,Isma,83.176944,28.1575,971.44,83.177222,28.155833,963.29,83.176944,28.1575,971.44,83.177222,28.155833,963.29,8.15,7.34,10.629,0.3061,15.42,0.015,81.04,81.04,216.4,3.76
1624,Gulmi,Dhurkot,83.13,28.1675,1006.57,83.131389,28.163889,1000.87,83.13,28.1675,1006.57,83.131389,28.163889,1000.87,5.7,5.13,23.723,0.6832,24.07,0.024,126.5,126.5,511.7,1.11
1625,Gulmi,Malika,83.131389,28.163889,1000.87,83.134167,28.162778,997.91,83.131389,28.163889,1000.87,83.134167,28.162778,997.91,2.96,2.66,24.086,0.6937,12.69,0.013,66.7,66.7,506.7,0.59
1626,Gulmi,Dhurkot,83.134167,28.162778,997.91,83.135,28.161667,993.99,83.134167,28.162778,997.91,83.135,28.161667,993.99,3.92,3.53,24.869,0.7162,17.35,0.017,91.2,91.2,154.6,2.54
1627,Gulmi,Resunga,83.300833,28.094167,1006.23,83.3,28.095278,962.17,83.300833,28.094167,1006.23,83.3,28.095278,962.17,44.06,39.65,7.207,0.2076,56.52,0.057,297.07,297.07,154.6,28.5
1628,Gulmi,Malika,83.1575,28.166111,1006.22,83.155,28.163056,996.12,83.1575,28.166111,1006.22,83.155,28.163056,996.12,10.1,9.09,12.462,0.3589,22.4,0.022,117.75,117.75,538.3,1.88
1629,Gulmi,Malika,83.155,28.163056,996.12,83.150556,28.161944,985.71,83.155,28.163056,996.12,83.150556,28.161944,985.71,10.41,9.37,12.903,0.3716,23.91,0.024,125.66,125.66,520.0,2.0
1630,Gulmi,Malika,83.150556,28.161944,985.71,83.149722,28.161667,983.4,83.150556,28.161944,985.71,83.149722,28.161667,983.4,2.31,2.08,14.893,0.4289,6.12,0.006,32.18,32.18,95.8,2.41
1631,Gulmi,Dhurkot,83.151667,28.097778,1006.21,83.1525,28.098333,1002.08,83.151667,28.097778,1006.21,83.1525,28.098333,1002.08,4.13,3.72,97.867,2.8186,71.94,0.072,378.13,378.13,109.7,3.76
1632,Gulmi,Chandrakot,83.506389,28.086667,1004.34,83.508056,28.085833,979.37,83.506389,28.086667,1004.34,83.508056,28.085833,979.37,24.97,22.47,13.372,0.3851,59.43,0.059,312.37,312.37,205.5,12.15
1633,Gulmi,Chatrakot,83.366111,27.983333,1002.88,83.362222,27.980833,901.66,83.366111,27.983333,1002.88,83.362222,27.980833,901.66,101.22,91.1,1.018,0.0293,18.34,0.018,96.4,96.4,507.4,19.95
1634,Gulmi,Chatrakot,83.362222,27.980833,901.66,83.359444,27.976944,819.08,83.362222,27.980833,901.66,83.359444,27.976944,819.08,82.58,74.32,1.986,0.0572,29.19,0.029,153.43,153.43,535.9,15.41
1635,Gulmi,Chatrakot,83.359444,27.976944,819.08,83.356944,27.973333,770.43,83.359444,27.976944,819.08,83.356944,27.973333,770.43,48.65,43.79,2.466,0.071,21.35,0.021,112.24,112.24,511.7,9.51
1636,Gulmi,Chatrakot,83.356944,27.973333,770.43,83.354444,27.969444,748.74,83.356944,27.973333,770.43,83.354444,27.969444,748.74,21.69,19.52,2.731,0.0787,10.54,0.011,55.42,55.42,525.6,4.13
1637,Gulmi,Chandrakot,83.5075,28.0875,1002.33,83.508056,28.085833,979.37,83.5075,28.0875,1002.33,83.508056,28.085833,979.37,22.96,20.66,13.372,0.3851,54.65,0.055,287.23,287.23,206.1,11.14
1638,Gulmi,Dhurkot,83.1525,28.098333,1002.08,83.156667,28.097778,999.3,83.1525,28.098333,1002.08,83.156667,28.097778,999.3,2.78,2.5,98.076,2.8246,48.53,0.049,255.07,255.07,520.7,0.53
1639,Gulmi,Dhurkot,83.156667,28.097778,999.3,83.159167,28.095278,989.24,83.156667,28.097778,999.3,83.159167,28.095278,989.24,10.06,9.05,98.893,2.8481,177.08,0.177,930.72,930.72,528.6,1.9
1640,Gulmi,Dhurkot,83.159167,28.095278,989.24,83.1625,28.092778,983.3,83.159167,28.095278,989.24,83.1625,28.092778,983.3,5.94,5.35,99.262,2.8587,104.95,0.105,551.6,551.6,503.7,1.18
1641,Gulmi,Dhurkot,83.1625,28.092778,983.3,83.164167,28.091944,979.44,83.1625,28.092778,983.3,83.164167,28.091944,979.44,3.86,3.47,106.635,3.0711,73.26,0.073,385.07,385.07,250.4,1.54
1642,Gulmi,Satyawati,83.502222,28.0075,1001.86,83.497778,28.005556,933.67,83.502222,28.0075,1001.86,83.497778,28.005556,933.67,68.19,61.37,9.4,0.2707,114.09,0.114,599.66,599.66,534.0,12.77
1643,Gulmi,Satyawati,83.497778,28.005556,933.67,83.493889,28.004444,882.91,83.497778,28.005556,933.67,83.493889,28.004444,882.91,50.76,45.68,10.266,0.2957,92.75,0.093,487.51,487.51,482.4,10.52
1644,Gulmi,Satyawati,83.526389,27.998056,1001.71,83.528611,27.995,947.72,83.526389,27.998056,1001.71,83.528611,27.995,947.72,53.99,48.59,7.119,0.205,68.41,0.068,359.58,359.58,439.5,12.28
1645,Gulmi,Chatrakot,83.327222,27.944722,1000.45,83.329167,27.948611,813.87,83.327222,27.944722,1000.45,83.329167,27.948611,813.87,186.58,167.92,0.835,0.024,27.73,0.028,145.75,145.75,505.0,36.95
1646,Gulmi,Chatrakot,83.329167,27.948611,813.87,83.330278,27.95,765.17,83.329167,27.948611,813.87,83.330278,27.95,765.17,48.7,43.83,3.031,0.0873,26.27,0.026,138.09,138.09,195.8,24.87
1647,Gulmi,Musikot,83.224722,28.215556,999.83,83.2275,28.213056,995.08,83.224722,28.215556,999.83,83.2275,28.213056,995.08,4.75,4.28,52.856,1.5223,44.69,0.045,234.88,234.88,503.7,0.94
1648,Gulmi,Isma,83.2275,28.213056,995.08,83.230278,28.21,987.2,83.2275,28.213056,995.08,83.230278,28.21,987.2,7.88,7.09,54.171,1.5601,75.98,0.076,399.35,399.35,460.1,1.71
1649,Gulmi,Gulmidarbar,83.297222,28.021944,999.07,83.299444,28.018333,974.31,83.297222,28.021944,999.07,83.299444,28.018333,974.31,24.76,22.28,5.709,0.1644,25.16,0.025,132.24,132.24,505.0,4.9
1650,Gulmi,Gulmidarbar,83.299444,28.018333,974.31,83.300556,28.016111,956.31,83.299444,28.018333,974.31,83.300556,28.016111,956.31,18.0,16.2,7.904,0.2276,25.32,0.025,133.1,133.1,288.6,6.24
1651,Gulmi,Isma,83.210556,28.144722,997.01,83.209722,28.140833,933.22,83.210556,28.144722,997.01,83.209722,28.140833,933.22,63.79,57.41,0.999,0.0288,11.34,0.011,59.62,59.62,522.0,12.22
1652,Gulmi,Isma,83.209722,28.140833,933.22,83.210278,28.136389,903.67,83.209722,28.140833,933.22,83.210278,28.136389,903.67,29.55,26.6,1.595,0.0459,8.39,0.008,44.09,44.09,515.4,5.73
1653,Gulmi,Isma,83.210278,28.136389,903.67,83.208333,28.132222,881.25,83.210278,28.136389,903.67,83.208333,28.132222,881.25,22.42,20.18,1.926,0.0555,7.69,0.008,40.4,40.4,536.0,4.18
1654,Gulmi,Isma,83.208333,28.132222,881.25,83.206944,28.128611,865.9,83.208333,28.132222,881.25,83.206944,28.128611,865.9,15.35,13.82,2.242,0.0646,6.13,0.006,32.2,32.2,511.7,3.0
1655,Gulmi,Isma,83.206944,28.128611,865.9,83.208333,28.127778,860.39,83.206944,28.128611,865.9,83.208333,28.127778,860.39,5.51,4.96,109.648,3.1579,107.54,0.108,565.21,565.21,178.2,3.09
1656,Gulmi,Musikot,83.288056,28.145833,996.07,83.289167,28.15,887.35,83.288056,28.145833,996.07,83.289167,28.15,887.35,108.72,97.85,0.95,0.0274,18.38,0.018,96.63,96.63,505.0,21.53
1657,Gulmi,Musikot,83.289167,28.15,887.35,83.292778,28.153333,783.6,83.289167,28.15,887.35,83.292778,28.153333,783.6,103.75,93.38,1.181,0.034,21.81,0.022,114.63,114.63,522.0,19.88
1658,Gulmi,Musikot,83.292778,28.153333,783.6,83.297222,28.1525,706.75,83.292778,28.153333,783.6,83.297222,28.1525,706.75,76.85,69.17,1.263,0.0364,17.28,0.017,90.8,90.8,506.0,15.19
1659,Gulmi,Musikot,83.297222,28.1525,706.75,83.298056,28.1525,696.53,83.297222,28.1525,706.75,83.298056,28.1525,696.53,10.22,9.2,1204.409,34.687,2190.92,2.191,11515.49,11515.49,109.7,9.31
1660,Gulmi,Gulmidarbar,83.313889,28.007778,995.86,83.315,28.003889,910.67,83.313889,28.007778,995.86,83.315,28.003889,910.67,85.19,76.67,0.902,0.026,13.68,0.014,71.89,71.89,515.3,16.53
1661,Gulmi,Gulmidarbar,83.315,28.003889,910.67,83.315833,27.999722,865.54,83.315,28.003889,910.67,83.315833,27.999722,865.54,45.13,40.62,1.273,0.0367,10.23,0.01,53.75,53.75,515.3,8.76
1662,Gulmi,Gulmidarbar,83.315833,27.999722,865.54,83.315556,27.996111,813.04,83.315833,27.999722,865.54,83.315556,27.996111,813.04,52.5,47.25,14.119,0.4066,131.94,0.132,693.46,693.46,432.9,12.13
1663,Gulmi,Gulmidarbar,83.316111,28.061667,995.77,83.320556,28.06,942.94,83.316111,28.061667,995.77,83.320556,28.06,942.94,52.83,47.55,3.807,0.1096,35.8,0.036,188.16,188.16,520.0,10.16
1664,Gulmi,Gulmidarbar,83.320556,28.06,942.94,83.325278,28.059167,899.95,83.320556,28.06,942.94,83.325278,28.059167,899.95,42.99,38.69,4.794,0.1381,36.68,0.037,192.81,192.81,505.4,8.51
1665,Gulmi,Chatrakot,83.375278,28.038333,995.75,83.373611,28.041944,927.97,83.375278,28.038333,995.75,83.373611,28.041944,927.97,67.78,61.0,2.253,0.0649,27.18,0.027,142.86,142.86,522.0,12.99
1666,Gulmi,Chatrakot,83.373611,28.041944,927.97,83.372778,28.046389,744.98,83.373611,28.041944,927.97,83.372778,28.046389,744.98,182.99,164.69,2.533,0.073,82.5,0.083,433.63,433.63,525.7,34.81
1667,Gulmi,Chatrakot,83.372778,28.046389,744.98,83.373611,28.048889,606.57,83.372778,28.046389,744.98,83.373611,28.048889,606.57,138.41,124.57,1867.084,53.772,45997.41,45.997,241762.38,241762.38,367.4,37.67
1668,Gulmi,Chatrakot,83.345278,27.9225,714.83,83.3425,27.926111,642.72,83.345278,27.9225,714.83,83.3425,27.926111,642.72,72.11,64.9,1.061,0.0306,13.62,0.014,71.58,71.58,525.6,13.72
1669,Gulmi,Chandrakot,83.356667,28.086389,995.14,83.351944,28.085556,859.05,83.356667,28.086389,995.14,83.351944,28.085556,859.05,136.09,122.48,0.839,0.0242,20.32,0.02,106.82,106.82,505.4,26.93
1670,Gulmi,Chandrakot,83.351944,28.085556,859.05,83.3475,28.084167,719.15,83.351944,28.085556,859.05,83.3475,28.084167,719.15,139.9,125.91,0.972,0.028,24.2,0.024,127.22,127.22,506.0,27.65
1671,Gulmi,Chandrakot,83.3475,28.084167,719.15,83.345833,28.083889,682.23,83.3475,28.084167,719.15,83.345833,28.083889,682.23,36.92,33.23,2.239,0.0645,14.71,0.015,77.33,77.33,177.5,20.79
1672,Gulmi,Dhurkot,83.169167,28.121944,995.09,83.169444,28.125,905.63,83.169167,28.121944,995.09,83.169444,28.125,905.63,89.46,80.51,67.863,1.9545,1080.6,1.081,5679.62,5679.62,350.4,25.53
1673,Gulmi,Malika,83.136111,28.161944,993.96,83.138333,28.162778,985.29,83.136111,28.161944,993.96,83.138333,28.162778,985.29,8.67,7.8,34.579,0.9959,53.36,0.053,280.47,280.47,260.0,3.33
1674,Gulmi,Musikot,83.252778,28.177778,993.4,83.250833,28.1775,950.27,83.252778,28.177778,993.4,83.250833,28.1775,950.27,43.13,38.82,1.045,0.0301,8.02,0.008,42.17,42.17,204.8,21.06
1675,Gulmi,Isma,83.244722,28.185556,992.31,83.242222,28.183333,939.47,83.244722,28.185556,992.31,83.242222,28.183333,939.47,52.84,47.56,64.365,1.8537,605.36,0.605,3181.78,3181.78,391.0,13.52
1676,Gulmi,Chandrakot,83.404444,28.090556,991.14,83.403056,28.091944,919.98,83.404444,28.090556,991.14,83.403056,28.091944,919.98,71.16,64.04,117.235,3.3764,1484.89,1.485,7804.6,7804.6,206.1,34.52
1677,Gulmi,Resunga,83.245,28.011667,989.56,83.243056,28.01,921.17,83.245,28.011667,989.56,83.243056,28.01,921.17,68.39,61.55,0.552,0.0159,6.72,0.007,35.32,35.32,531.6,12.86
1678,Gulmi,Resunga,83.243056,28.01,921.17,83.243889,28.008333,879.09,83.243056,28.01,921.17,83.243889,28.008333,879.09,42.08,37.87,23.25,0.6696,174.14,0.174,915.28,915.28,216.4,19.44
1679,Gulmi,Musikot,83.274444,28.132778,988.77,83.273056,28.128611,874.48,83.274444,28.132778,988.77,83.273056,28.128611,874.48,114.29,102.86,2.017,0.0581,41.03,0.041,215.66,215.66,515.3,22.18
1680,Gulmi,Musikot,83.273056,28.128611,874.48,83.271944,28.124444,783.86,83.273056,28.128611,874.48,83.271944,28.124444,783.86,90.62,81.56,2.368,0.0682,38.2,0.038,200.75,200.75,505.0,17.94
1681,Gulmi,Gulmidarbar,83.313611,28.044167,988.44,83.318333,28.043056,946.42,83.313611,28.044167,988.44,83.318333,28.043056,946.42,42.02,37.82,7.678,0.2211,57.43,0.057,301.83,301.83,519.3,8.09
1682,Gulmi,Gulmidarbar,83.318333,28.043056,946.42,83.321944,28.042222,923.64,83.318333,28.043056,946.42,83.321944,28.042222,923.64,22.78,20.5,9.651,0.2779,39.13,0.039,205.68,205.68,452.2,5.04
1683,Gulmi,Kaligandaki,83.554167,28.112222,988.33,83.555,28.107778,967.79,83.554167,28.112222,988.33,83.555,28.107778,967.79,20.54,18.49,24.251,0.6984,88.66,0.089,466.0,466.0,525.7,3.91
1684,Gulmi,Kaligandaki,83.555,28.107778,967.79,83.555278,28.106389,929.88,83.555,28.107778,967.79,83.555278,28.106389,929.88,37.91,34.12,25.631,0.7382,172.95,0.173,909.03,909.03,164.9,22.99
1685,Gulmi,Isma,83.230278,28.21,987.2,83.233333,28.206667,985.01,83.230278,28.21,987.2,83.233333,28.206667,985.01,2.19,1.97,54.639,1.5736,21.3,0.021,111.94,111.94,501.4,0.44
1686,Gulmi,Isma,83.233333,28.206667,985.01,83.236389,28.203333,983.92,83.233333,28.206667,985.01,83.236389,28.203333,983.92,1.09,0.98,55.049,1.5854,10.68,0.011,56.13,56.13,501.4,0.22
1687,Gulmi,Isma,83.236389,28.203333,983.92,83.236389,28.199722,975.66,83.236389,28.203333,983.92,83.236389,28.199722,975.66,8.26,7.43,55.784,1.6066,82.01,0.082,431.07,431.07,501.4,1.65
1688,Gulmi,Musikot,83.316667,28.148889,986.99,83.314444,28.148056,879.37,83.316667,28.148889,986.99,83.314444,28.148056,879.37,107.62,96.86,5.815,0.1675,111.39,0.111,585.46,585.46,260.0,41.39
1689,Gulmi,Malika,83.138333,28.162778,985.29,83.142778,28.161111,978.48,83.138333,28.162778,985.29,83.142778,28.161111,978.48,6.81,6.13,35.383,1.019,42.89,0.043,225.42,225.42,520.0,1.31
1690,Gulmi,Dhurkot,83.142778,28.161111,978.48,83.145278,28.158333,969.31,83.142778,28.161111,978.48,83.145278,28.158333,969.31,9.17,8.25,35.613,1.0257,58.13,0.058,305.52,305.52,503.7,1.82
1691,Gulmi,Dhurkot,83.145278,28.158333,969.31,83.146111,28.156111,965.91,83.145278,28.158333,969.31,83.146111,28.156111,965.91,3.4,3.06,50.964,1.4678,30.84,0.031,162.11,162.11,278.3,1.22
1692,Gulmi,Chatrakot,83.382778,27.98,984.27,83.382778,27.978333,966.38,83.382778,27.98,984.27,83.382778,27.978333,966.38,17.89,16.1,4.421,0.1273,14.08,0.014,73.99,73.99,185.5,9.64
1693,Gulmi,Malika,83.149722,28.161667,983.4,83.147778,28.158611,973.81,83.149722,28.161667,983.4,83.147778,28.158611,973.81,9.59,8.63,15.079,0.4343,25.74,0.026,135.28,135.28,538.3,1.78
1694,Gulmi,Dhurkot,83.147778,28.158611,973.81,83.146111,28.156111,965.91,83.147778,28.158611,973.81,83.146111,28.156111,965.91,7.9,7.11,50.964,1.4678,71.66,0.072,376.66,376.66,340.1,2.32
1695,Gulmi,Chandrakot,83.4125,28.094167,982.36,83.407778,28.093333,953.19,83.4125,28.094167,982.36,83.407778,28.093333,953.19,29.17,26.25,115.847,3.3364,601.48,0.601,3161.39,3161.39,505.4,5.77
1696,Gulmi,Chandrakot,83.407778,28.093333,953.19,83.403611,28.091944,928.59,83.407778,28.093333,953.19,83.403611,28.091944,928.59,24.6,22.14,116.602,3.3581,510.56,0.511,2683.48,2683.48,506.7,4.85
1697,Gulmi,Chandrakot,83.403611,28.091944,928.59,83.403056,28.091944,919.98,83.403611,28.091944,928.59,83.403056,28.091944,919.98,8.61,7.75,117.235,3.3764,179.66,0.18,944.32,944.32,54.5,15.79
1698,Gulmi,Musikot,83.260278,28.150833,982.24,83.257222,28.147778,910.4,83.260278,28.150833,982.24,83.257222,28.147778,910.4,71.84,64.66,1.512,0.0435,19.33,0.019,101.62,101.62,521.3,13.78
1699,Gulmi,Musikot,83.257222,28.147778,910.4,83.253611,28.145833,883.6,83.257222,28.147778,910.4,83.253611,28.145833,883.6,26.8,24.12,1.839,0.053,8.77,0.009,46.11,46.11,503.0,5.33
1700,Gulmi,Musikot,83.253611,28.145833,883.6,83.252222,28.144444,850.0,83.253611,28.145833,883.6,83.252222,28.144444,850.0,33.6,30.24,81.006,2.333,484.46,0.484,2546.33,2546.33,257.0,13.07
1701,Gulmi,Chandrakot,83.369167,28.081944,980.85,83.368333,28.0775,763.08,83.369167,28.081944,980.85,83.368333,28.0775,763.08,217.77,195.99,0.604,0.0174,23.41,0.023,123.05,123.05,525.7,41.43
1702,Gulmi,Chandrakot,83.368333,28.0775,763.08,83.367222,28.075,693.76,83.368333,28.0775,763.08,83.367222,28.075,693.76,69.32,62.39,128.704,3.7067,1588.01,1.588,8346.57,8346.57,319.5,21.69
1703,Gulmi,Dhurkot,83.164167,28.091944,979.44,83.1675,28.092222,973.87,83.164167,28.091944,979.44,83.1675,28.092222,973.87,5.57,5.01,106.845,3.0771,105.93,0.106,556.76,556.76,520.7,1.07
1704,Gulmi,Dhurkot,83.1675,28.092222,973.87,83.170278,28.094167,967.91,83.1675,28.092222,973.87,83.170278,28.094167,967.91,5.96,5.36,107.804,3.1048,114.36,0.114,601.09,601.09,370.4,1.61
1705,Gulmi,Chandrakot,83.508056,28.085833,979.37,83.509444,28.083611,947.77,83.508056,28.085833,979.37,83.509444,28.083611,947.77,31.6,28.44,29.032,0.8361,163.29,0.163,858.27,858.27,298.9,10.57
1706,Gulmi,Chatrakot,83.328611,27.918611,703.25,83.328333,27.921389,651.44,83.328611,27.918611,703.25,83.328333,27.921389,651.44,51.81,46.63,478.588,13.7833,4413.44,4.413,23197.05,23197.05,319.5,16.21
1707,Gulmi,Isma,83.229722,28.144167,977.84,83.226111,28.141389,931.79,83.229722,28.144167,977.84,83.226111,28.141389,931.79,46.05,41.45,0.789,0.0227,6.47,0.006,33.99,33.99,511.0,9.01
1708,Gulmi,Isma,83.236111,28.198611,975.64,83.236111,28.195,969.72,83.236111,28.198611,975.64,83.236111,28.195,969.72,5.92,5.33,61.72,1.7775,65.04,0.065,341.83,341.83,501.4,1.18
1709,Gulmi,Isma,83.236111,28.195,969.72,83.238333,28.191389,963.13,83.236111,28.195,969.72,83.238333,28.191389,963.13,6.59,5.93,62.491,1.7997,73.3,0.073,385.27,385.27,501.4,1.31
1710,Gulmi,Isma,83.238333,28.191389,963.13,83.240833,28.187778,939.56,83.238333,28.191389,963.13,83.240833,28.187778,939.56,23.57,21.21,62.981,1.8139,264.22,0.264,1388.76,1388.76,528.6,4.46
1711,Gulmi,Kaligandaki,83.563889,28.023333,975.37,83.566111,28.026667,896.76,83.563889,28.023333,975.37,83.566111,28.026667,896.76,78.61,70.75,4.158,0.1198,58.18,0.058,305.79,305.79,504.4,15.59
1712,Gulmi,Kaligandaki,83.566111,28.026667,896.76,83.569722,28.029722,743.41,83.566111,28.026667,896.76,83.569722,28.029722,743.41,153.35,138.02,4.55,0.131,124.19,0.124,652.76,652.76,508.0,30.18
1713,Gulmi,Kaligandaki,83.569722,28.029722,743.41,83.571667,28.033333,580.48,83.569722,28.029722,743.41,83.571667,28.033333,580.48,162.93,146.64,1313.748,37.8359,38099.14,38.099,200249.08,200249.08,474.1,34.37
1714,Gulmi,Musikot,83.2225,28.244167,895.76,83.220833,28.240556,832.06,83.2225,28.244167,895.76,83.220833,28.240556,832.06,63.7,57.33,792.837,22.8337,8989.29,8.989,47247.71,47247.71,497.7,12.8
1715,Gulmi,Dhurkot,83.191111,28.093889,974.01,83.191944,28.096944,942.6,83.191111,28.093889,974.01,83.191944,28.096944,942.6,31.41,28.27,129.08,3.7175,721.65,0.722,3793.01,3793.01,449.8,6.98
1716,Gulmi,Isma,83.196389,28.156667,973.88,83.196111,28.155556,969.48,83.196389,28.156667,973.88,83.196111,28.155556,969.48,4.4,3.96,9.978,0.2874,7.81,0.008,41.07,41.07,134.0,3.29
1717,Gulmi,Isma,83.196111,28.155556,969.48,83.194167,28.151667,954.67,83.196111,28.155556,969.48,83.194167,28.151667,954.67,14.81,13.33,10.355,0.2982,27.3,0.027,143.47,143.47,522.0,2.84
1718,Gulmi,Isma,83.194167,28.151667,954.67,83.194167,28.1475,942.33,83.194167,28.151667,954.67,83.194167,28.1475,942.33,12.34,11.11,10.917,0.3144,23.98,0.024,126.03,126.03,505.0,2.44
1719,Gulmi,Isma,83.194167,28.1475,942.33,83.194167,28.145556,938.2,83.194167,28.1475,942.33,83.194167,28.145556,938.2,4.13,3.72,12.682,0.3652,9.32,0.009,49.0,49.0,216.5,1.91
1720,Gulmi,Isma,83.175833,28.156667,969.32,83.177222,28.155833,963.29,83.175833,28.156667,969.32,83.177222,28.155833,963.29,6.03,5.43,10.629,0.3061,11.41,0.011,59.96,59.96,178.2,3.38
1721,Gulmi,Isma,83.1975,28.143333,969.26,83.193889,28.140556,923.9,83.1975,28.143333,969.26,83.193889,28.140556,923.9,45.36,40.82,0.637,0.0183,5.14,0.005,27.03,27.03,528.0,8.59
1722,Gulmi,Dhurkot,83.170278,28.094167,967.91,83.174722,28.094444,962.01,83.170278,28.094167,967.91,83.174722,28.094444,962.01,5.9,5.31,108.403,3.122,113.84,0.114,598.34,598.34,534.0,1.1
1723,Gulmi,Dhurkot,83.174722,28.094444,962.01,83.179444,28.094444,955.69,83.174722,28.094444,962.01,83.179444,28.094444,955.69,6.32,5.69,108.725,3.1313,122.31,0.122,642.84,642.84,519.3,1.22
1724,Gulmi,Dhurkot,83.179444,28.094444,955.69,83.182222,28.093611,949.34,83.179444,28.094444,955.69,83.182222,28.093611,949.34,6.35,5.72,127.179,3.6628,143.74,0.144,755.52,755.52,342.5,1.85
1725,Gulmi,Dhurkot,83.151111,28.14,967.28,83.155833,28.139444,943.49,83.151111,28.14,967.28,83.155833,28.139444,943.49,23.79,21.41,5.472,0.1576,23.17,0.023,121.79,121.79,519.3,4.58
1726,Gulmi,Dhurkot,83.155833,28.139444,943.49,83.156389,28.138889,940.47,83.155833,28.139444,943.49,83.156389,28.138889,940.47,3.02,2.72,62.009,1.7859,33.33,0.033,175.19,175.19,99.4,3.04
1727,Gulmi,Chatrakot,83.386111,28.015833,967.09,83.388611,28.016667,930.09,83.386111,28.015833,967.09,83.388611,28.016667,930.09,37.0,33.3,12.588,0.3625,82.9,0.083,435.73,435.73,287.3,12.88
1728,Gulmi,Chatrakot,83.3675,27.949722,698.12,83.364722,27.953333,592.88,83.3675,27.949722,698.12,83.364722,27.953333,592.88,105.24,94.72,2.136,0.0615,40.01,0.04,210.3,210.3,522.0,20.16
1729,Gulmi,Chatrakot,83.364722,27.953333,592.88,83.365278,27.954167,590.16,83.364722,27.953333,592.88,83.365278,27.954167,590.16,2.72,2.45,518.062,14.9202,250.81,0.251,1318.28,1318.28,113.4,2.4
1730,Gulmi,Chatrakot,83.382778,27.978333,966.38,83.383333,27.973889,937.45,83.382778,27.978333,966.38,83.383333,27.973889,937.45,28.93,26.04,4.994,0.1438,25.72,0.026,135.16,135.16,536.0,5.4
1731,Gulmi,Chatrakot,83.385833,27.97,936.88,83.386944,27.968611,925.57,83.385833,27.97,936.88,83.386944,27.968611,925.57,11.31,10.18,6.138,0.1768,12.36,0.012,64.95,64.95,195.8,5.78
1732,Gulmi,Resunga,83.272778,28.018889,966.03,83.271389,28.015278,951.0,83.272778,28.018889,966.03,83.271389,28.015278,951.0,15.03,13.53,18.253,0.5257,48.83,0.049,256.66,256.66,521.4,2.88
1733,Gulmi,Gulmidarbar,83.271389,28.015278,951.0,83.268056,28.015556,921.93,83.271389,28.015278,951.0,83.268056,28.015556,921.93,29.07,26.16,18.742,0.5398,96.98,0.097,509.7,509.7,503.7,5.77
1734,Gulmi,Dhurkot,83.146111,28.156111,965.91,83.148056,28.152222,961.96,83.146111,28.156111,965.91,83.148056,28.152222,961.96,3.95,3.55,51.228,1.4754,36.02,0.036,189.3,189.3,505.0,0.78
1735,Gulmi,Musikot,83.253889,28.156944,964.53,83.249722,28.155556,874.4,83.253889,28.156944,964.53,83.249722,28.155556,874.4,90.13,81.12,1.009,0.0291,16.19,0.016,85.08,85.08,506.7,17.79
1736,Gulmi,Isma,83.249722,28.155556,874.4,83.247778,28.154167,850.22,83.249722,28.155556,874.4,83.247778,28.154167,850.22,24.18,21.76,77.03,2.2185,331.53,0.332,1742.5,1742.5,277.6,8.71
1737,Gulmi,Isma,83.180278,28.152778,960.96,83.183056,28.148889,949.92,83.180278,28.152778,960.96,83.183056,28.148889,949.92,11.04,9.94,11.537,0.3323,22.67,0.023,119.16,119.16,535.9,2.06
1738,Gulmi,Isma,83.183056,28.148889,949.92,83.183056,28.144722,937.92,83.183056,28.148889,949.92,83.183056,28.144722,937.92,12.0,10.8,11.879,0.3421,25.37,0.025,133.36,133.36,505.0,2.38
1739,Gulmi,Isma,83.183056,28.144722,937.92,83.1825,28.140556,928.54,83.183056,28.144722,937.92,83.1825,28.140556,928.54,9.38,8.44,12.051,0.3471,20.12,0.02,105.75,105.75,522.0,1.8
1740,Gulmi,Resunga,83.3,28.095278,962.17,83.301944,28.097778,934.93,83.3,28.095278,962.17,83.301944,28.097778,934.93,27.24,24.52,7.974,0.2297,38.66,0.039,203.21,203.21,367.4,7.42
1741,Gulmi,Musikot,83.277222,28.158889,962.13,83.278611,28.161111,876.64,83.277222,28.158889,962.13,83.278611,28.161111,876.64,85.49,76.94,1.299,0.0374,19.77,0.02,103.89,103.89,298.9,28.6
1742,Gulmi,Dhurkot,83.148333,28.151667,961.95,83.151944,28.148333,954.64,83.148333,28.151667,961.95,83.151944,28.148333,954.64,7.31,6.58,54.106,1.5583,70.4,0.07,370.02,370.02,538.9,1.36
1743,Gulmi,Dhurkot,83.151944,28.148333,954.64,83.153889,28.145,947.25,83.151944,28.148333,954.64,83.153889,28.145,947.25,7.39,6.65,55.935,1.6109,73.57,0.074,386.71,386.71,443.2,1.67
1744,Gulmi,Isma,83.241111,28.157222,961.21,83.245556,28.158611,865.0,83.241111,28.157222,961.21,83.245556,28.158611,865.0,96.21,86.59,0.846,0.0244,14.49,0.014,76.15,76.15,506.0,19.01
1745,Gulmi,Isma,83.245556,28.158611,865.0,83.246389,28.158889,854.0,83.245556,28.158611,865.0,83.246389,28.158889,854.0,11.0,9.9,75.664,2.1791,148.14,0.148,778.64,778.64,95.8,11.48
1746,Gulmi,Resunga,83.251389,28.098611,958.49,83.251111,28.102778,869.79,83.251389,28.098611,958.49,83.251111,28.102778,869.79,88.7,79.83,0.947,0.0273,14.95,0.015,78.58,78.58,515.3,17.21
1747,Gulmi,Resunga,83.251111,28.102778,869.79,83.251667,28.104167,811.08,83.251111,28.102778,869.79,83.251667,28.104167,811.08,58.71,52.84,291.743,8.4022,3048.7,3.049,16023.96,16023.96,192.2,30.55
1748,Gulmi,Gulmidarbar,83.300556,28.016111,956.31,83.296667,28.013611,926.49,83.300556,28.016111,956.31,83.296667,28.013611,926.49,29.82,26.84,8.186,0.2358,43.45,0.043,228.37,228.37,507.4,5.88
1749,Gulmi,Gulmidarbar,83.296667,28.013611,926.49,83.296111,28.012778,922.6,83.296667,28.013611,926.49,83.296111,28.012778,922.6,3.89,3.5,9.524,0.2743,6.59,0.007,34.66,34.66,113.4,3.43
1750,Gulmi,Isma,83.244722,28.146111,955.73,83.249167,28.148056,853.68,83.244722,28.146111,955.73,83.249167,28.148056,853.68,102.05,91.85,0.556,0.016,10.1,0.01,53.08,53.08,534.0,19.11
1751,Gulmi,Isma,83.249167,28.148056,853.68,83.250833,28.146111,850.04,83.249167,28.148056,853.68,83.250833,28.146111,850.04,3.64,3.28,79.078,2.2774,51.23,0.051,269.29,269.29,312.2,1.17
1752,Gulmi,Resunga,83.248611,28.008611,955.72,83.244167,28.008611,879.09,83.248611,28.008611,955.72,83.244167,28.008611,879.09,76.63,68.97,0.76,0.0219,10.37,0.01,54.48,54.48,520.0,14.74
1753,Gulmi,Musikot,83.275278,28.161111,955.23,83.278611,28.161111,876.64,83.275278,28.161111,955.23,83.278611,28.161111,876.64,78.59,70.73,1.299,0.0374,18.17,0.018,95.51,95.51,355.1,22.13
1754,Gulmi,Musikot,83.329722,28.127778,954.15,83.329167,28.126389,875.19,83.329722,28.127778,954.15,83.329167,28.126389,875.19,78.96,71.06,3.275,0.0943,46.03,0.046,241.92,241.92,175.2,45.07
1755,Gulmi,Kaligandaki,83.536667,28.086111,953.66,83.536111,28.081944,919.95,83.536667,28.086111,953.66,83.536111,28.081944,919.95,33.71,30.34,5.877,0.1693,35.26,0.035,185.34,185.34,505.0,6.67
1756,Gulmi,Kaligandaki,83.536111,28.081944,919.95,83.535833,28.078056,851.73,83.536111,28.081944,919.95,83.535833,28.078056,851.73,68.22,61.4,6.305,0.1816,76.56,0.077,402.4,402.4,522.0,13.07
1757,Gulmi,Kaligandaki,83.535833,28.078056,851.73,83.535,28.075278,782.88,83.535833,28.078056,851.73,83.535,28.075278,782.88,68.85,61.97,40.038,1.1531,490.66,0.491,2578.9,2578.9,340.1,20.24
1758,Gulmi,Gulmidarbar,83.326944,28.006667,953.47,83.324167,28.003333,922.85,83.326944,28.006667,953.47,83.324167,28.003333,922.85,30.62,27.56,3.688,0.1062,20.1,0.02,105.65,105.65,525.0,5.83
1759,Gulmi,Gulmidarbar,83.324167,28.003333,922.85,83.323333,28.001667,913.89,83.324167,28.003333,922.85,83.323333,28.001667,913.89,8.96,8.06,5.547,0.1598,8.85,0.009,46.5,46.5,216.4,4.14
1760,Gulmi,Gulmidarbar,83.338056,28.028333,950.32,83.338056,28.0325,885.44,83.338056,28.028333,950.32,83.338056,28.0325,885.44,64.88,58.39,2.847,0.082,32.88,0.033,172.8,172.8,505.0,12.85
1761,Gulmi,Gulmidarbar,83.338056,28.0325,885.44,83.3375,28.036111,857.07,83.338056,28.0325,885.44,83.3375,28.036111,857.07,28.37,25.53,4.352,0.1253,21.98,0.022,115.51,115.51,463.8,6.12
1762,Gulmi,Musikot,83.250833,28.1775,950.27,83.248333,28.175,882.33,83.250833,28.1775,950.27,83.248333,28.175,882.33,67.94,61.15,67.591,1.9466,817.37,0.817,4296.07,4296.07,388.0,17.51
1763,Gulmi,Chatrakot,83.3375,27.9875,949.53,83.332778,27.988889,917.76,83.3375,27.9875,949.53,83.332778,27.988889,917.76,31.77,28.59,4.177,0.1203,23.62,0.024,124.15,124.15,533.3,5.96
1764,Gulmi,Chatrakot,83.332778,27.988889,917.76,83.328889,27.991389,881.73,83.332778,27.988889,917.76,83.328889,27.991389,881.73,36.03,32.43,4.918,0.1416,31.54,0.032,165.77,165.77,524.3,6.87
1765,Gulmi,Chatrakot,83.328889,27.991389,881.73,83.327778,27.9925,871.62,83.328889,27.991389,881.73,83.327778,27.9925,871.62,10.11,9.1,5.513,0.1588,9.92,0.01,52.14,52.14,181.9,5.56
1766,Gulmi,Dhurkot,83.182222,28.093611,949.34,83.184167,28.096111,942.76,83.182222,28.093611,949.34,83.184167,28.096111,942.76,6.58,5.92,127.761,3.6795,149.63,0.15,786.47,786.47,506.7,1.3
1767,Gulmi,Musikot,83.356667,28.1975,948.58,83.351944,28.1975,930.87,83.356667,28.1975,948.58,83.351944,28.1975,930.87,17.71,15.94,248.58,7.1591,783.59,0.784,4118.53,4118.53,519.3,3.41
1768,Gulmi,Isma,83.250278,28.140278,948.48,83.253056,28.1425,849.96,83.250278,28.140278,948.48,83.253056,28.1425,849.96,98.52,88.67,81.786,2.3554,1434.19,1.434,7538.08,7538.08,429.2,22.96
1769,Gulmi,Musikot,83.354167,28.110278,948.34,83.350278,28.109444,877.51,83.354167,28.110278,948.34,83.350278,28.109444,877.51,70.83,63.75,17.032,0.4905,214.73,0.215,1128.6,1128.6,451.5,15.69
1770,Gulmi,Kaligandaki,83.509444,28.083611,947.77,83.513889,28.082222,914.94,83.509444,28.083611,947.77,83.513889,28.082222,914.94,32.83,29.55,29.466,0.8486,172.18,0.172,905.0,905.0,506.0,6.49
1771,Gulmi,Kaligandaki,83.513889,28.082222,914.94,83.518333,28.081111,884.44,83.513889,28.082222,914.94,83.518333,28.081111,884.44,30.5,27.45,30.01,0.8643,162.92,0.163,856.29,856.29,520.0,5.86
1772,Gulmi,Kaligandaki,83.518333,28.081111,884.44,83.5225,28.080278,856.6,83.518333,28.081111,884.44,83.5225,28.080278,856.6,27.84,25.06,31.563,0.909,156.4,0.156,822.06,822.06,450.9,6.18
1773,Gulmi,Satyawati,83.528611,27.995,947.72,83.528333,27.990833,904.65,83.528611,27.995,947.72,83.528333,27.990833,904.65,43.07,38.76,7.66,0.2206,58.72,0.059,308.65,308.65,515.3,8.36
1774,Gulmi,Satyawati,83.528333,27.990833,904.65,83.532222,27.988056,840.54,83.528333,27.990833,904.65,83.532222,27.988056,840.54,64.11,57.7,8.501,0.2448,97.01,0.097,509.86,509.86,538.3,11.91
1775,Gulmi,Dhurkot,83.153889,28.145,947.25,83.156389,28.141111,942.35,83.153889,28.145,947.25,83.156389,28.141111,942.35,4.9,4.41,56.319,1.622,49.12,0.049,258.17,258.17,525.6,0.93
1776,Gulmi,Dhurkot,83.156389,28.141111,942.35,83.156389,28.138889,940.47,83.156389,28.141111,942.35,83.156389,28.138889,940.47,1.88,1.69,62.009,1.7859,20.75,0.021,109.06,109.06,346.8,0.54
1777,Gulmi,Kaligandaki,83.525,28.0625,946.52,83.529722,28.063889,893.27,83.525,28.0625,946.52,83.529722,28.063889,893.27,53.25,47.93,5.921,0.1705,56.12,0.056,294.97,294.97,533.3,9.99
1778,Gulmi,Kaligandaki,83.529722,28.063889,893.27,83.530278,28.064444,882.9,83.529722,28.063889,893.27,83.530278,28.064444,882.9,10.37,9.33,11.452,0.3298,21.14,0.021,111.1,111.1,82.5,12.57
1779,Gulmi,Resunga,83.259722,28.002222,945.04,83.262222,27.998889,855.94,83.259722,28.002222,945.04,83.262222,27.998889,855.94,89.1,80.19,0.658,0.019,10.44,0.01,54.85,54.85,514.7,17.31
1780,Gulmi,Resunga,83.262222,27.998889,855.94,83.263611,27.996111,804.8,83.262222,27.998889,855.94,83.263611,27.996111,804.8,51.14,46.03,25.669,0.7393,233.65,0.234,1228.08,1228.08,394.7,12.96
1781,Gulmi,Resunga,83.311111,28.1025,943.78,83.312222,28.100556,883.33,83.311111,28.1025,943.78,83.312222,28.100556,883.33,60.45,54.4,9.581,0.2759,103.09,0.103,541.83,541.83,257.7,23.46
1782,Gulmi,Gulmidarbar,83.286389,27.992222,942.91,83.284444,27.988333,865.18,83.286389,27.992222,942.91,83.284444,27.988333,865.18,77.73,69.96,1.606,0.0463,22.22,0.022,116.79,116.79,505.0,15.39
1783,Gulmi,Gulmidarbar,83.325556,28.0575,942.84,83.325556,28.059167,897.74,83.325556,28.0575,942.84,83.325556,28.059167,897.74,45.1,40.59,5.367,0.1546,43.08,0.043,226.45,226.45,206.1,21.88
1784,Gulmi,Dhurkot,83.196944,28.096389,942.51,83.200833,28.095,927.49,83.196944,28.096389,942.51,83.200833,28.095,927.49,15.02,13.52,130.212,3.7501,348.12,0.348,1829.69,1829.69,507.4,2.96
1785,Gulmi,Resunga,83.265,28.011667,941.47,83.266389,28.011111,911.86,83.265,28.011667,941.47,83.266389,28.011111,911.86,29.61,26.65,20.627,0.5941,108.71,0.109,571.39,571.39,164.2,18.03
1786,Gulmi,Satyawati,83.429722,28.043056,941.33,83.425,28.042222,787.94,83.429722,28.043056,941.33,83.425,28.042222,787.94,153.39,138.05,4.268,0.1229,116.53,0.117,612.46,612.46,505.4,30.35
1787,Gulmi,Satyawati,83.425,28.042222,787.94,83.421389,28.039444,689.6,83.425,28.042222,787.94,83.421389,28.039444,689.6,98.34,88.51,4.909,0.1414,85.93,0.086,451.63,451.63,511.0,19.24
1788,Gulmi,Satyawati,83.421389,28.039444,689.6,83.4175,28.037222,636.16,83.421389,28.039444,689.6,83.4175,28.037222,636.16,53.44,48.1,5.417,0.156,51.53,0.052,270.82,270.82,510.4,10.47
1789,Gulmi,Satyawati,83.4175,28.037222,636.16,83.413333,28.034722,592.77,83.4175,28.037222,636.16,83.413333,28.034722,592.77,43.39,39.05,5.58,0.1607,43.09,0.043,226.51,226.51,534.6,8.12
1790,Gulmi,Chatrakot,83.413333,28.034722,592.77,83.413056,28.033333,582.5,83.413333,28.034722,592.77,83.413056,28.033333,582.5,10.27,9.24,1925.558,55.4561,3519.89,3.52,18500.54,18500.54,164.9,6.23
1791,Gulmi,Isma,83.205278,28.129167,883.63,83.2075,28.127222,860.73,83.205278,28.129167,883.63,83.2075,28.127222,860.73,22.9,20.61,107.392,3.0929,437.73,0.438,2300.73,2300.73,349.8,6.55
1792,Gulmi,Dhurkot,83.159722,28.134722,940.36,83.161389,28.130833,929.19,83.159722,28.134722,940.36,83.161389,28.130833,929.19,11.17,10.05,64.876,1.8684,128.99,0.129,677.95,677.95,511.7,2.18
1793,Gulmi,Dhurkot,83.161389,28.130833,929.19,83.1625,28.128889,921.92,83.161389,28.130833,929.19,83.1625,28.128889,921.92,7.27,6.54,65.254,1.8793,84.44,0.084,443.81,443.81,530.3,1.37
1794,Gulmi,Dhurkot,83.1625,28.128889,921.92,83.160556,28.126944,914.73,83.1625,28.128889,921.92,83.160556,28.126944,914.73,7.19,6.47,65.47,1.8855,83.79,0.084,440.38,440.38,503.0,1.43
1795,Gulmi,Dhurkot,83.160556,28.126944,914.73,83.161944,28.125833,913.41,83.160556,28.126944,914.73,83.161944,28.125833,913.41,1.32,1.19,66.503,1.9153,15.62,0.016,82.12,82.12,192.2,0.68
1796,Gulmi,Isma,83.242222,28.183333,939.47,83.242222,28.179167,932.95,83.242222,28.183333,939.47,83.242222,28.179167,932.95,6.52,5.87,65.193,1.8776,75.66,0.076,397.65,397.65,505.0,1.29
1797,Gulmi,Dhurkot,83.204722,28.108889,939.46,83.2075,28.110556,900.4,83.204722,28.108889,939.46,83.2075,28.110556,900.4,39.06,35.15,6.707,0.1932,46.63,0.047,245.09,245.09,373.4,10.46
1798,Gulmi,Isma,83.194167,28.145556,938.2,83.193611,28.141389,925.95,83.194167,28.145556,938.2,83.193611,28.141389,925.95,12.25,11.03,13.198,0.3801,28.78,0.029,151.25,151.25,505.0,2.43
1799,Gulmi,Isma,83.193611,28.141389,925.95,83.193889,28.140278,922.3,83.193611,28.141389,925.95,83.193889,28.140278,922.3,3.65,3.29,13.858,0.3991,9.0,0.009,47.32,47.32,134.0,2.73
1800,Gulmi,Kaligandaki,83.546389,28.028889,937.9,83.550833,28.030278,872.1,83.546389,28.028889,937.9,83.550833,28.030278,872.1,65.8,59.22,3.935,0.1133,46.09,0.046,242.23,242.23,506.0,13.0
1801,Gulmi,Kaligandaki,83.550833,28.030278,872.1,83.554444,28.033056,738.35,83.550833,28.030278,872.1,83.554444,28.033056,738.35,133.75,120.38,4.381,0.1262,104.3,0.104,548.18,548.18,528.0,25.33
1802,Gulmi,Kaligandaki,83.554444,28.033056,738.35,83.556389,28.036944,658.22,83.554444,28.033056,738.35,83.556389,28.036944,658.22,80.13,72.12,4.684,0.1349,66.81,0.067,351.13,351.13,505.0,15.87
1803,Gulmi,Kaligandaki,83.556389,28.036944,658.22,83.556667,28.037778,634.64,83.556389,28.036944,658.22,83.556667,28.037778,634.64,23.58,21.22,5.191,0.1495,21.79,0.022,114.51,114.51,103.1,22.88
1804,Gulmi,Musikot,83.304444,28.161667,935.85,83.300833,28.158889,808.54,83.304444,28.161667,935.85,83.300833,28.158889,808.54,127.31,114.58,0.829,0.0239,18.79,0.019,98.74,98.74,511.0,24.91
1805,Gulmi,Musikot,83.300833,28.158889,808.54,83.297222,28.156944,727.33,83.300833,28.158889,808.54,83.297222,28.156944,727.33,81.21,73.09,0.971,0.028,14.04,0.014,73.77,73.77,523.7,15.51
1806,Gulmi,Musikot,83.297222,28.156944,727.33,83.296667,28.156111,696.61,83.297222,28.156944,727.33,83.296667,28.156111,696.61,30.72,27.65,1202.699,34.6377,6576.28,6.576,34564.92,34564.92,130.3,23.57
1807,Gulmi,Resunga,83.306389,28.099167,934.3,83.311111,28.100278,899.36,83.306389,28.099167,934.3,83.311111,28.100278,899.36,34.94,31.45,9.002,0.2593,55.98,0.056,294.25,294.25,519.3,6.73
1808,Gulmi,Resunga,83.311111,28.100278,899.36,83.312222,28.100556,883.33,83.311111,28.100278,899.36,83.312222,28.100556,883.33,16.03,14.43,9.581,0.2759,27.34,0.027,143.68,143.68,123.0,13.03
1809,Gulmi,Resunga,83.313611,28.092222,934.25,83.313056,28.0925,921.33,83.313611,28.092222,934.25,83.313056,28.0925,921.33,12.92,11.63,4.438,0.1278,10.21,0.01,53.64,53.64,68.5,18.86
1810,Gulmi,Resunga,83.263333,28.102778,934.23,83.259444,28.105278,851.27,83.263333,28.102778,934.23,83.259444,28.105278,851.27,82.96,74.66,10.173,0.293,150.22,0.15,789.54,789.54,524.3,15.82
1811,Gulmi,Resunga,83.259444,28.105278,851.27,83.256111,28.1075,804.01,83.259444,28.105278,851.27,83.256111,28.1075,804.01,47.26,42.53,302.515,8.7124,2544.74,2.545,13375.13,13375.13,472.8,9.99
1812,Gulmi,Chatrakot,83.361944,28.035556,933.37,83.363889,28.039444,845.0,83.361944,28.035556,933.37,83.363889,28.039444,845.0,88.37,79.53,2.514,0.0724,39.54,0.04,207.84,207.84,505.0,17.5
1813,Gulmi,Chatrakot,83.363889,28.039444,845.0,83.366389,28.043056,786.99,83.363889,28.039444,845.0,83.366389,28.043056,786.99,58.01,52.21,3.302,0.0951,34.09,0.034,179.2,179.2,528.6,10.97
1814,Gulmi,Chatrakot,83.366389,28.043056,786.99,83.368056,28.046944,714.53,83.366389,28.043056,786.99,83.368056,28.046944,714.53,72.46,65.21,3.669,0.1057,47.32,0.047,248.72,248.72,532.3,13.61
1815,Gulmi,Gulmidarbar,83.368056,28.046944,714.53,83.366667,28.049722,627.4,83.368056,28.046944,714.53,83.366667,28.049722,627.4,87.13,78.42,26.222,0.7552,406.66,0.407,2137.43,2137.43,398.3,21.87
1816,Gulmi,Isma,83.2425,28.178611,932.93,83.246667,28.176389,887.22,83.2425,28.178611,932.93,83.246667,28.176389,887.22,45.71,41.14,66.351,1.9109,539.83,0.54,2837.37,2837.37,520.7,8.78
1817,Gulmi,Isma,83.246667,28.176389,887.22,83.248333,28.175,882.33,83.246667,28.176389,887.22,83.248333,28.175,882.33,4.89,4.4,67.591,1.9466,58.83,0.059,309.21,309.21,233.4,2.09
1818,Gulmi,Chatrakot,83.3175,27.930833,932.32,83.315833,27.926667,742.25,83.3175,27.930833,932.32,83.315833,27.926667,742.25,190.07,171.06,0.807,0.0232,27.3,0.027,143.5,143.5,525.7,36.16
1819,Gulmi,Chatrakot,83.315833,27.926667,742.25,83.315833,27.924444,665.88,83.315833,27.926667,742.25,83.315833,27.924444,665.88,76.37,68.73,473.376,13.6332,6434.74,6.435,33821.0,33821.0,247.4,30.87
1820,Gulmi,Musikot,83.196389,28.2575,931.43,83.1975,28.258889,880.56,83.196389,28.2575,931.43,83.1975,28.258889,880.56,50.87,45.78,776.927,22.3755,7034.67,7.035,36974.25,36974.25,212.8,23.9
1821,Gulmi,Chatrakot,83.389444,28.016944,930.08,83.392778,28.018056,918.93,83.389444,28.016944,930.08,83.392778,28.018056,918.93,11.15,10.04,17.354,0.4998,34.44,0.034,181.02,181.02,506.7,2.2
1822,Gulmi,Chatrakot,83.392778,28.018056,918.93,83.3975,28.0175,890.47,83.392778,28.018056,918.93,83.3975,28.0175,890.47,28.46,25.61,17.616,0.5073,89.24,0.089,469.03,469.03,519.3,5.48
1823,Gulmi,Chatrakot,83.3975,28.0175,890.47,83.398056,28.017778,876.34,83.3975,28.0175,890.47,83.398056,28.017778,876.34,14.13,12.72,18.953,0.5458,47.67,0.048,250.54,250.54,68.5,20.64
1824,Gulmi,Kaligandaki,83.555278,28.106389,929.88,83.559722,28.104722,902.58,83.555278,28.106389,929.88,83.559722,28.104722,902.58,27.3,24.57,26.143,0.7529,127.03,0.127,667.69,667.69,520.0,5.25
1825,Gulmi,Kaligandaki,83.559722,28.104722,902.58,83.561389,28.103611,889.87,83.559722,28.104722,902.58,83.561389,28.103611,889.87,12.71,11.44,27.195,0.7832,61.52,0.062,323.36,323.36,219.4,5.8
1826,Gulmi,Isma,83.225833,28.140833,929.19,83.224444,28.136944,908.3,83.225833,28.140833,929.19,83.224444,28.136944,908.3,20.89,18.8,3.462,0.0997,12.87,0.013,67.66,67.66,505.0,4.14
1827,Gulmi,Isma,83.224444,28.136944,908.3,83.223611,28.133889,891.96,83.224444,28.136944,908.3,83.223611,28.133889,891.96,16.34,14.71,5.013,0.1444,14.58,0.015,76.63,76.63,371.1,4.4
1828,Gulmi,Dhurkot,83.179167,28.134167,928.36,83.18,28.130278,899.86,83.179167,28.134167,928.36,83.18,28.130278,899.86,28.5,25.65,15.025,0.4327,76.22,0.076,400.61,400.61,505.0,5.64
1829,Gulmi,Isma,83.18,28.130278,899.86,83.181944,28.126389,895.0,83.18,28.130278,899.86,83.181944,28.126389,895.0,4.86,4.37,15.245,0.4391,13.19,0.013,69.31,69.31,505.0,0.96
1830,Gulmi,Dhurkot,83.181944,28.126389,895.0,83.181667,28.123889,887.14,83.181944,28.126389,895.0,83.181667,28.123889,887.14,7.86,7.07,86.468,2.4903,120.97,0.121,635.82,635.82,367.4,2.14
1831,Gulmi,Chatrakot,83.331667,27.976389,927.51,83.333889,27.9725,864.35,83.331667,27.976389,927.51,83.333889,27.9725,864.35,63.16,56.84,1.21,0.0348,13.6,0.014,71.5,71.5,532.3,11.87
1832,Gulmi,Dhurkot,83.202222,28.096389,927.45,83.202778,28.100556,918.88,83.202222,28.096389,927.45,83.202778,28.100556,918.88,8.57,7.71,135.136,3.8919,206.14,0.206,1083.45,1083.45,525.7,1.63
1833,Gulmi,Dhurkot,83.210556,28.103333,918.7,83.210556,28.107778,894.41,83.210556,28.103333,918.7,83.210556,28.107778,894.41,24.29,21.86,136.42,3.9289,589.8,0.59,3100.01,3100.01,536.0,4.53
1834,Gulmi,Satyawati,83.450556,28.043333,926.84,83.450556,28.039444,872.93,83.450556,28.043333,926.84,83.450556,28.039444,872.93,53.91,48.52,8.673,0.2498,83.22,0.083,437.42,437.42,511.7,10.54
1835,Gulmi,Musikot,83.261667,28.139722,926.0,83.257778,28.137222,851.99,83.261667,28.139722,926.0,83.257778,28.137222,851.99,74.01,66.61,1.159,0.0334,15.27,0.015,80.25,80.25,507.4,14.59
1836,Gulmi,Isma,83.257778,28.137222,851.99,83.256389,28.136389,840.05,83.257778,28.137222,851.99,83.256389,28.136389,840.05,11.94,10.75,84.725,2.4401,180.06,0.18,946.4,946.4,178.2,6.7
1837,Gulmi,Chatrakot,83.386944,27.968611,925.57,83.389722,27.965,916.52,83.386944,27.968611,925.57,83.389722,27.965,916.52,9.05,8.15,6.465,0.1862,10.41,0.01,54.74,54.74,505.0,1.79
1838,Gulmi,Gulmidarbar,83.321944,28.042222,923.64,83.325833,28.044444,902.36,83.321944,28.042222,923.64,83.325833,28.044444,902.36,21.28,19.15,9.998,0.2879,37.87,0.038,199.04,199.04,510.4,4.17
1839,Gulmi,Gulmidarbar,83.325833,28.044444,902.36,83.330556,28.043611,866.65,83.325833,28.044444,902.36,83.330556,28.043611,866.65,35.71,32.14,10.805,0.3112,68.68,0.069,360.97,360.97,505.4,7.07
1840,Gulmi,Gulmidarbar,83.330556,28.043611,866.65,83.335278,28.0425,842.95,83.330556,28.043611,866.65,83.335278,28.0425,842.95,23.7,21.33,11.254,0.3241,47.47,0.047,249.52,249.52,519.3,4.56
1841,Gulmi,Gulmidarbar,83.335278,28.0425,842.95,83.338889,28.039444,791.65,83.335278,28.0425,842.95,83.338889,28.039444,791.65,51.3,46.17,16.137,0.4647,147.35,0.147,774.46,774.46,508.0,10.1
1842,Gulmi,Gulmidarbar,83.296111,28.012778,922.6,83.299167,28.009444,891.16,83.296111,28.012778,922.6,83.299167,28.009444,891.16,31.44,28.3,9.776,0.2815,54.71,0.055,287.54,287.54,518.3,6.07
1843,Gulmi,Gulmidarbar,83.299167,28.009444,891.16,83.301944,28.005833,874.99,83.299167,28.009444,891.16,83.301944,28.005833,874.99,16.17,14.55,10.242,0.295,29.48,0.029,154.94,154.94,522.0,3.1
1844,Gulmi,Gulmidarbar,83.301944,28.005833,874.99,83.303333,28.001667,845.2,83.301944,28.005833,874.99,83.303333,28.001667,845.2,29.79,26.81,11.07,0.3188,58.7,0.059,308.51,308.51,515.3,5.78
1845,Gulmi,Gulmidarbar,83.303333,28.001667,845.2,83.303333,27.997222,821.26,83.303333,28.001667,845.2,83.303333,27.997222,821.26,23.94,21.55,13.056,0.376,55.63,0.056,292.41,292.41,515.4,4.65
1846,Gulmi,Isma,83.193889,28.140278,922.3,83.192778,28.136389,911.95,83.193889,28.140278,922.3,83.192778,28.136389,911.95,10.35,9.31,14.358,0.4135,26.45,0.026,139.02,139.02,528.7,1.96
1847,Gulmi,Isma,83.192778,28.136389,911.95,83.195,28.1325,899.26,83.192778,28.136389,911.95,83.195,28.1325,899.26,12.69,11.42,14.962,0.4309,33.8,0.034,177.63,177.63,515.3,2.46
1848,Gulmi,Isma,83.195,28.1325,899.26,83.193611,28.128333,888.73,83.195,28.1325,899.26,83.193611,28.128333,888.73,10.53,9.48,15.352,0.4421,28.77,0.029,151.23,151.23,515.3,2.04
1849,Gulmi,Isma,83.193611,28.128333,888.73,83.192222,28.124167,880.83,83.193611,28.128333,888.73,83.192222,28.124167,880.83,7.9,7.11,15.67,0.4513,22.03,0.022,115.81,115.81,536.0,1.47
1850,Gulmi,Isma,83.192222,28.124167,880.83,83.195556,28.1225,872.1,83.192222,28.124167,880.83,83.195556,28.1225,872.1,8.73,7.86,105.026,3.0247,163.2,0.163,857.77,857.77,427.9,2.04
1851,Gulmi,Dhurkot,83.176111,28.121944,922.09,83.178611,28.124444,889.99,83.176111,28.121944,922.09,83.178611,28.124444,889.99,32.1,28.89,70.861,2.0408,404.87,0.405,2127.99,2127.99,388.0,8.27
1852,Gulmi,Chandrakot,83.380556,28.074722,922.02,83.377222,28.077778,733.51,83.380556,28.074722,922.02,83.377222,28.077778,733.51,188.51,169.66,126.851,3.6533,4256.28,4.256,22371.02,22371.02,531.6,35.46
1853,Gulmi,Resunga,83.266667,28.013333,921.87,83.266389,28.011111,911.86,83.266667,28.013333,921.87,83.266389,28.011111,911.86,10.01,9.01,20.627,0.5941,36.75,0.037,193.16,193.16,257.7,3.89
1854,Gulmi,Resunga,83.313056,28.0925,921.33,83.312778,28.096667,883.6,83.313056,28.0925,921.33,83.312778,28.096667,883.6,37.73,33.96,4.824,0.1389,32.4,0.032,170.28,170.28,515.3,7.32
1855,Gulmi,Resunga,83.312778,28.096667,883.6,83.315278,28.099722,821.81,83.312778,28.096667,883.6,83.315278,28.099722,821.81,61.79,55.61,14.769,0.4253,162.43,0.162,853.74,853.74,483.8,12.77
1856,Gulmi,Satyawati,83.400833,28.055556,921.33,83.396111,28.054167,805.21,83.400833,28.055556,921.33,83.396111,28.054167,805.21,116.12,104.51,1.061,0.0306,21.93,0.022,115.26,115.26,533.3,21.77
1857,Gulmi,Satyawati,83.396111,28.054167,805.21,83.391667,28.0525,720.48,83.396111,28.054167,805.21,83.391667,28.0525,720.48,84.73,76.26,1.822,0.0525,27.48,0.027,144.43,144.43,520.0,16.29
1858,Gulmi,Satyawati,83.391667,28.0525,720.48,83.389722,28.049444,666.07,83.391667,28.0525,720.48,83.389722,28.049444,666.07,54.41,48.97,2.073,0.0597,20.08,0.02,105.52,105.52,521.3,10.44
1859,Gulmi,Satyawati,83.389722,28.049444,666.07,83.390833,28.045556,598.52,83.389722,28.049444,666.07,83.390833,28.045556,598.52,67.55,60.8,1888.755,54.3961,22709.26,22.709,119359.88,119359.88,511.7,13.2
1860,Gulmi,Isma,83.225833,28.130833,920.47,83.223056,28.1275,858.39,83.225833,28.130833,920.47,83.223056,28.1275,858.39,62.08,55.87,0.733,0.0211,8.1,0.008,42.57,42.57,525.0,11.82
1861,Gulmi,Chandrakot,83.403056,28.091944,919.98,83.402222,28.091667,914.08,83.403056,28.091944,919.98,83.402222,28.091667,914.08,5.9,5.31,117.92,3.3961,123.83,0.124,650.87,650.87,95.8,6.16
1862,Gulmi,Chatrakot,83.3225,27.949722,919.71,83.324722,27.953333,874.05,83.3225,27.949722,919.71,83.324722,27.953333,874.05,45.66,41.09,1.056,0.0304,8.58,0.009,45.11,45.11,522.0,8.75
1863,Gulmi,Chatrakot,83.324722,27.953333,874.05,83.328333,27.954167,823.13,83.324722,27.953333,874.05,83.328333,27.954167,823.13,50.92,45.83,1.84,0.053,16.68,0.017,87.65,87.65,531.0,9.59
1864,Gulmi,Chatrakot,83.328333,27.954167,823.13,83.33,27.950278,767.42,83.328333,27.954167,823.13,83.33,27.950278,767.42,55.71,50.14,2.152,0.062,21.34,0.021,112.16,112.16,511.7,10.89
1865,Gulmi,Musikot,83.239722,28.222222,819.53,83.238056,28.220833,793.4,83.239722,28.222222,819.53,83.238056,28.220833,793.4,26.13,23.52,833.751,24.012,3877.73,3.878,20381.36,20381.36,304.9,8.57
1866,Gulmi,Chatrakot,83.39,27.964722,916.52,83.391944,27.961111,860.62,83.39,27.964722,916.52,83.391944,27.961111,860.62,55.9,50.31,7.471,0.2152,74.33,0.074,390.7,390.7,508.0,11.0
1867,Gulmi,Chatrakot,83.391944,27.961111,860.62,83.393611,27.958333,845.78,83.391944,27.961111,860.62,83.393611,27.958333,845.78,14.84,13.36,8.079,0.2327,21.34,0.021,112.16,112.16,388.0,3.82
1868,Gulmi,Musikot,83.348889,28.194722,915.13,83.345556,28.193333,901.08,83.348889,28.194722,915.13,83.345556,28.193333,901.08,14.05,12.64,259.939,7.4862,650.05,0.65,3416.69,3416.69,413.9,3.39
1869,Gulmi,Musikot,83.301944,28.175,914.69,83.297222,28.175278,846.52,83.301944,28.175,914.69,83.297222,28.175278,846.52,68.17,61.35,4.483,0.1291,54.4,0.054,285.9,285.9,533.3,12.78
1870,Gulmi,Musikot,83.297222,28.175278,846.52,83.295278,28.176944,826.17,83.297222,28.175278,846.52,83.295278,28.176944,826.17,20.35,18.32,5.834,0.168,21.13,0.021,111.07,111.07,291.6,6.98
1871,Gulmi,Chandrakot,83.402222,28.091667,914.08,83.397222,28.091389,885.47,83.402222,28.091667,914.08,83.397222,28.091389,885.47,28.61,25.75,118.637,3.4167,604.14,0.604,3175.38,3175.38,532.6,5.37
1872,Gulmi,Chandrakot,83.397222,28.091389,885.47,83.396667,28.091389,881.67,83.397222,28.091389,885.47,83.396667,28.091389,881.67,3.8,3.42,119.484,3.4411,80.82,0.081,424.77,424.77,54.5,6.96
1873,Gulmi,Gulmidarbar,83.323333,28.001667,913.89,83.321111,27.997778,853.68,83.323333,28.001667,913.89,83.321111,27.997778,853.68,60.21,54.19,5.928,0.1707,63.53,0.064,333.91,333.91,532.3,11.31
1874,Gulmi,Gulmidarbar,83.321111,27.997778,853.68,83.32,27.995,829.16,83.321111,27.997778,853.68,83.32,27.995,829.16,24.52,22.07,12.373,0.3563,54.0,0.054,283.83,283.83,350.4,7.0
1875,Gulmi,Dhurkot,83.161944,28.125833,913.41,83.166389,28.125556,906.65,83.161944,28.125833,913.41,83.166389,28.125556,906.65,6.76,6.08,67.085,1.932,80.72,0.081,424.26,424.26,534.0,1.27
1876,Gulmi,Dhurkot,83.166389,28.125556,906.65,83.169444,28.125,905.63,83.166389,28.125556,906.65,83.169444,28.125,905.63,1.02,0.92,67.863,1.9545,12.32,0.012,64.76,64.76,327.8,0.31
1877,Gulmi,Dhurkot,83.186111,28.118333,912.3,83.186111,28.119722,880.5,83.186111,28.118333,912.3,83.186111,28.119722,880.5,31.8,28.62,87.85,2.5301,497.25,0.497,2613.52,2613.52,154.6,20.57
1878,Gulmi,Malika,83.184167,28.270833,912.17,83.186667,28.267222,904.7,83.184167,28.270833,912.17,83.186667,28.267222,904.7,7.47,6.72,771.799,22.2278,1026.19,1.026,5393.64,5393.64,528.6,1.41
1879,Gulmi,Malika,83.186667,28.267222,904.7,83.188333,28.266667,898.09,83.186667,28.267222,904.7,83.188333,28.266667,898.09,6.61,5.95,772.927,22.2603,909.37,0.909,4779.66,4779.66,236.4,2.79
1880,Gulmi,Resunga,83.266389,28.011111,911.86,83.2675,28.006944,861.97,83.266389,28.011111,911.86,83.2675,28.006944,861.97,49.89,44.9,21.031,0.6057,186.76,0.187,981.59,981.59,525.7,9.49
1881,Gulmi,Resunga,83.2675,28.006944,861.97,83.268056,28.0025,854.86,83.2675,28.006944,861.97,83.268056,28.0025,854.86,7.11,6.4,21.327,0.6142,26.99,0.027,141.86,141.86,515.4,1.38
1882,Gulmi,Resunga,83.268056,28.0025,854.86,83.268611,28.000833,839.57,83.268056,28.0025,854.86,83.268611,28.000833,839.57,15.29,13.76,23.39,0.6736,63.66,0.064,334.58,334.58,206.1,7.42
1883,Gulmi,Musikot,83.300556,28.136389,908.83,83.304722,28.138611,723.59,83.300556,28.136389,908.83,83.304722,28.138611,723.59,185.24,166.72,0.556,0.016,18.33,0.018,96.35,96.35,520.7,35.58
1884,Gulmi,Musikot,83.304722,28.138611,723.59,83.306389,28.14,681.31,83.304722,28.138611,723.59,83.306389,28.14,681.31,42.28,38.05,1214.933,34.9901,9143.01,9.143,48055.68,48055.68,233.4,18.12
1885,Gulmi,Chandrakot,83.388333,28.064722,905.72,83.389167,28.060833,723.0,83.388333,28.064722,905.72,83.389167,28.060833,723.0,182.72,164.45,0.551,0.0159,17.92,0.018,94.19,94.19,501.4,36.44
1886,Gulmi,Chandrakot,83.389167,28.060833,723.0,83.389167,28.060556,717.97,83.389167,28.060833,723.0,83.389167,28.060556,717.97,5.03,4.53,15.293,0.4404,13.69,0.014,71.96,71.96,30.9,16.3
1887,Gulmi,Dhurkot,83.169444,28.125,905.63,83.171944,28.126667,899.44,83.169444,28.125,905.63,83.171944,28.126667,899.44,6.19,5.57,69.781,2.0097,76.88,0.077,404.1,404.1,346.1,1.79
1888,Gulmi,Ruru,83.468056,27.956944,731.54,83.464167,27.957778,545.22,83.468056,27.956944,731.54,83.464167,27.957778,545.22,186.32,167.69,0.771,0.0222,25.57,0.026,134.39,134.39,524.3,35.54
1889,Gulmi,Ruru,83.464167,27.957778,545.22,83.463333,27.956944,545.2,83.464167,27.957778,545.22,83.463333,27.956944,545.2,0.02,0.02,3587.446,103.3184,12.77,0.013,67.12,67.12,123.7,0.02
1890,Gulmi,Ruru,83.408333,27.969444,904.04,83.411389,27.966389,876.96,83.408333,27.969444,904.04,83.411389,27.966389,876.96,27.08,24.37,3.5,0.1008,16.87,0.017,88.67,88.67,504.4,5.37
1891,Gulmi,Ruru,83.411389,27.966389,876.96,83.412222,27.964722,835.05,83.411389,27.966389,876.96,83.412222,27.964722,835.05,41.91,37.72,4.086,0.1177,30.48,0.03,160.2,160.2,216.4,19.36
1892,Gulmi,Isma,83.223333,28.116944,903.46,83.226389,28.118056,858.23,83.223333,28.116944,903.46,83.226389,28.118056,858.23,45.23,40.71,0.852,0.0245,6.86,0.007,36.05,36.05,501.4,9.02
1893,Gulmi,Kaligandaki,83.562778,28.088889,903.26,83.565278,28.090556,765.58,83.562778,28.088889,903.26,83.565278,28.090556,765.58,137.68,123.91,32.169,0.9265,788.33,0.788,4143.49,4143.49,363.1,37.92
1894,Gulmi,Ruru,83.449167,27.988333,902.8,83.451944,27.991944,728.5,83.449167,27.988333,902.8,83.451944,27.991944,728.5,174.3,156.87,0.958,0.0276,29.72,0.03,156.21,156.21,522.0,33.39
1895,Gulmi,Ruru,83.451944,27.991944,728.5,83.454722,27.995278,635.58,83.451944,27.991944,728.5,83.454722,27.995278,635.58,92.92,83.63,1.248,0.0359,20.64,0.021,108.49,108.49,508.0,18.29
1896,Gulmi,Ruru,83.454722,27.995278,635.58,83.456389,27.998611,546.16,83.454722,27.995278,635.58,83.456389,27.998611,546.16,89.42,80.48,1974.191,56.8567,31421.43,31.421,165151.01,165151.01,487.4,18.35
1897,Gulmi,Musikot,83.3175,28.138611,902.08,83.313889,28.136389,802.85,83.3175,28.138611,902.08,83.313889,28.136389,802.85,99.23,89.31,0.595,0.0171,10.51,0.011,55.24,55.24,500.0,19.84
1898,Gulmi,Musikot,83.313889,28.136389,802.85,83.309444,28.136667,718.41,83.313889,28.136389,802.85,83.309444,28.136667,718.41,84.44,76.0,0.867,0.025,13.03,0.013,68.49,68.49,506.0,16.69
1899,Gulmi,Musikot,83.309444,28.136667,718.41,83.308333,28.135833,680.79,83.309444,28.136667,718.41,83.308333,28.135833,680.79,37.62,33.86,1216.692,35.0407,8147.07,8.147,42821.0,42821.0,184.9,20.35
1900,Gulmi,Musikot,83.341389,28.191944,884.68,83.337222,28.19,872.6,83.341389,28.191944,884.68,83.337222,28.19,872.6,12.08,10.87,261.161,7.5214,561.54,0.562,2951.43,2951.43,506.7,2.38
1901,Gulmi,Musikot,83.337222,28.19,872.6,83.335556,28.190278,866.14,83.337222,28.19,872.6,83.335556,28.190278,866.14,6.46,5.81,261.902,7.5428,301.14,0.301,1582.81,1582.81,177.5,3.64
1902,Gulmi,Ruru,83.455556,27.976944,901.06,83.459722,27.979167,670.9,83.455556,27.976944,901.06,83.459722,27.979167,670.9,230.16,207.14,0.846,0.0244,34.66,0.035,182.16,182.16,520.7,44.21
1903,Gulmi,Ruru,83.459722,27.979167,670.9,83.463056,27.981944,545.77,83.459722,27.979167,670.9,83.463056,27.981944,545.77,125.13,112.62,1.175,0.0338,26.17,0.026,137.55,137.55,500.7,24.99
1904,Gulmi,Kaligandaki,83.577778,28.023611,900.98,83.581389,28.026944,589.08,83.577778,28.023611,900.98,83.581389,28.026944,589.08,311.9,280.71,0.717,0.0206,39.8,0.04,209.21,209.21,522.0,59.76
1905,Gulmi,Dhurkot,83.2075,28.110556,900.4,83.210833,28.108056,894.4,83.2075,28.110556,900.4,83.210833,28.108056,894.4,6.0,5.4,143.487,4.1324,153.24,0.153,805.42,805.42,452.8,1.32
1906,Gulmi,Dhurkot,83.171944,28.126667,899.44,83.175556,28.125833,893.95,83.171944,28.126667,899.44,83.175556,28.125833,893.95,5.49,4.94,70.012,2.0163,68.41,0.068,359.59,359.59,514.0,1.07
1907,Gulmi,Dhurkot,83.175556,28.125833,893.95,83.178611,28.124444,889.99,83.175556,28.125833,893.95,83.178611,28.124444,889.99,3.96,3.56,70.861,2.0408,49.95,0.05,262.52,262.52,414.6,0.95
1908,Gulmi,Musikot,83.268056,28.115278,899.06,83.265833,28.118611,785.8,83.268056,28.115278,899.06,83.265833,28.118611,785.8,113.26,101.93,0.97,0.0279,19.55,0.02,102.78,102.78,525.0,21.57
1909,Gulmi,Musikot,83.265833,28.118611,785.8,83.267778,28.120278,783.93,83.265833,28.118611,785.8,83.267778,28.120278,783.93,1.87,1.68,395.235,11.3828,131.55,0.132,691.44,691.44,274.6,0.68
1910,Gulmi,Musikot,83.188333,28.266667,898.09,83.191111,28.264167,892.38,83.188333,28.266667,898.09,83.191111,28.264167,892.38,5.71,5.14,774.298,22.2998,786.95,0.787,4136.2,4136.2,449.2,1.27
1911,Gulmi,Gulmidarbar,83.325556,28.059167,897.74,83.328889,28.06,879.58,83.325556,28.059167,897.74,83.328889,28.06,879.58,18.16,16.34,6.735,0.194,21.77,0.022,114.42,114.42,369.1,4.92
1912,Gulmi,Isma,83.230556,28.099167,893.88,83.231111,28.103611,858.32,83.230556,28.099167,893.88,83.231111,28.103611,858.32,35.56,32.0,150.063,4.3218,949.81,0.95,4992.21,4992.21,515.4,6.9
1913,Gulmi,Gulmidarbar,83.283333,27.989444,893.5,83.284444,27.988333,865.18,83.283333,27.989444,893.5,83.284444,27.988333,865.18,28.32,25.49,1.606,0.0463,8.1,0.008,42.55,42.55,181.9,15.57
1914,Gulmi,Musikot,83.191111,28.264167,892.38,83.195,28.261389,885.14,83.191111,28.264167,892.38,83.195,28.261389,885.14,7.24,6.52,775.317,22.3291,999.13,0.999,5251.4,5251.4,538.3,1.35
1915,Gulmi,Musikot,83.195,28.261389,885.14,83.196667,28.259722,880.59,83.195,28.261389,885.14,83.196667,28.259722,880.59,4.55,4.09,776.425,22.361,628.8,0.629,3304.98,3304.98,247.4,1.84
1916,Gulmi,Ruru,83.411111,27.963889,892.38,83.412222,27.964722,835.05,83.411111,27.963889,892.38,83.412222,27.964722,835.05,57.33,51.6,4.086,0.1177,41.69,0.042,219.15,219.15,150.9,37.98
1917,Gulmi,Isma,83.223611,28.133889,891.96,83.221944,28.133333,884.25,83.223611,28.133889,891.96,83.221944,28.133333,884.25,7.71,6.94,5.6,0.1613,7.69,0.008,40.39,40.39,191.5,4.03
1918,Gulmi,Gulmidarbar,83.335833,28.072222,890.49,83.340833,28.072778,716.2,83.335833,28.072222,890.49,83.340833,28.072778,716.2,174.29,156.86,0.76,0.0219,23.58,0.024,123.92,123.92,518.7,33.6
1919,Gulmi,Gulmidarbar,83.340833,28.072778,716.2,83.345,28.072778,638.88,83.340833,28.072778,716.2,83.345,28.072778,638.88,77.32,69.59,0.981,0.0283,13.5,0.014,70.96,70.96,537.6,14.38
1920,Gulmi,Gulmidarbar,83.345,28.072778,638.88,83.3475,28.069444,638.8,83.345,28.072778,638.88,83.3475,28.069444,638.8,0.08,0.07,1691.3,48.7094,24.08,0.024,126.58,126.58,463.8,0.02
1921,Gulmi,Dhurkot,83.178611,28.124444,889.99,83.181667,28.123889,887.14,83.178611,28.124444,889.99,83.181667,28.123889,887.14,2.85,2.57,86.468,2.4903,43.86,0.044,230.55,230.55,355.8,0.8
1922,Gulmi,Kaligandaki,83.566389,28.098889,889.95,83.565,28.099167,827.07,83.566389,28.098889,889.95,83.565,28.099167,827.07,62.88,56.59,28.983,0.8347,324.38,0.324,1704.96,1704.96,150.3,41.84
1923,Gulmi,Kaligandaki,83.561389,28.103611,889.87,83.564722,28.101111,839.78,83.561389,28.103611,889.87,83.564722,28.101111,839.78,50.09,45.08,28.472,0.82,253.85,0.254,1334.22,1334.22,452.8,11.06
1924,Gulmi,Chatrakot,83.334444,27.973333,888.61,83.333889,27.9725,864.35,83.334444,27.973333,888.61,83.333889,27.9725,864.35,24.26,21.83,1.21,0.0348,5.22,0.005,27.46,27.46,113.4,21.4
1925,Gulmi,Chatrakot,83.306944,27.933333,888.14,83.306389,27.930278,725.46,83.306944,27.933333,888.14,83.306389,27.930278,725.46,162.68,146.41,1.646,0.0474,47.66,0.048,250.51,250.51,360.8,45.09
1926,Gulmi,Dhurkot,83.181667,28.123889,887.14,83.183611,28.12,882.7,83.181667,28.123889,887.14,83.183611,28.12,882.7,4.44,4.0,87.158,2.5102,68.88,0.069,362.03,362.03,522.0,0.85
1927,Gulmi,Dhurkot,83.183611,28.12,882.7,83.186111,28.119722,880.5,83.183611,28.12,882.7,83.186111,28.119722,880.5,2.2,1.98,87.85,2.5301,34.4,0.034,180.81,180.81,287.3,0.77
1928,Gulmi,Chatrakot,83.328333,27.993056,886.89,83.327778,27.9925,871.62,83.328333,27.993056,886.89,83.327778,27.9925,871.62,15.27,13.74,5.513,0.1588,14.98,0.015,78.76,78.76,82.5,18.52
1929,Gulmi,Gulmidarbar,83.273333,27.995278,885.84,83.27,27.997222,822.19,83.273333,27.995278,885.84,83.27,27.997222,822.19,63.65,57.28,24.192,0.6967,274.08,0.274,1440.55,1440.55,424.9,14.98
1930,Gulmi,Chatrakot,83.322778,27.978333,885.2,83.3175,27.978056,817.84,83.322778,27.978333,885.2,83.3175,27.978056,817.84,67.36,60.62,1.029,0.0296,12.34,0.012,64.84,64.84,532.0,12.66
1931,Gulmi,Chatrakot,83.3175,27.978056,817.84,83.3125,27.977778,767.48,83.3175,27.978056,817.84,83.3125,27.977778,767.48,50.36,45.32,1.172,0.0338,10.51,0.011,55.22,55.22,504.7,9.98
1932,Gulmi,Gulmidarbar,83.3125,27.977778,767.48,83.310833,27.9775,754.01,83.3125,27.977778,767.48,83.310833,27.9775,754.01,13.47,12.12,32.594,0.9387,78.15,0.078,410.74,410.74,177.5,7.59
1933,Gulmi,Satyawati,83.490833,27.9875,884.29,83.489444,27.983333,581.17,83.490833,27.9875,884.29,83.489444,27.983333,581.17,303.12,272.81,0.781,0.0225,42.14,0.042,221.47,221.47,515.3,58.82
1934,Gulmi,Satyawati,83.489444,27.983333,581.17,83.485833,27.98,545.81,83.489444,27.983333,581.17,83.485833,27.98,545.81,35.36,31.82,0.819,0.0236,5.15,0.005,27.09,27.09,538.9,6.56
1935,Gulmi,Isma,83.221944,28.133333,884.25,83.218889,28.130278,869.28,83.221944,28.133333,884.25,83.218889,28.130278,869.28,14.97,13.47,5.816,0.1675,15.5,0.015,81.45,81.45,504.4,2.97
1936,Gulmi,Isma,83.218889,28.130278,869.28,83.216389,28.1275,858.48,83.218889,28.130278,869.28,83.216389,28.1275,858.48,10.8,9.72,6.111,0.176,11.75,0.012,61.74,61.74,528.0,2.04
1937,Gulmi,Satyawati,83.42,28.045,883.92,83.418056,28.041111,754.98,83.42,28.045,883.92,83.418056,28.041111,754.98,128.94,116.05,0.631,0.0182,14.48,0.014,76.12,76.12,505.0,25.53
1938,Gulmi,Satyawati,83.418056,28.041111,754.98,83.414167,28.038889,678.72,83.418056,28.041111,754.98,83.414167,28.038889,678.72,76.26,68.63,0.86,0.0248,11.67,0.012,61.36,61.36,510.4,14.94
1939,Gulmi,Satyawati,83.414167,28.038889,678.72,83.411389,28.035556,585.67,83.414167,28.038889,678.72,83.411389,28.035556,585.67,93.05,83.75,1897.817,54.6571,31432.05,31.432,165206.87,165206.87,525.0,17.72
1940,Gulmi,Resunga,83.312222,28.100556,883.33,83.315278,28.099722,821.81,83.312222,28.100556,883.33,83.315278,28.099722,821.81,61.52,55.37,14.769,0.4253,161.72,0.162,850.01,850.01,369.7,16.64
1941,Gulmi,Satyawati,83.453611,28.031667,883.11,83.451389,28.031111,748.45,83.453611,28.031667,883.11,83.451389,28.031111,748.45,134.66,121.19,9.975,0.2873,239.09,0.239,1256.63,1256.63,246.0,54.73
1942,Gulmi,Gulmidarbar,83.300278,27.996944,883.04,83.3025,27.997778,827.21,83.300278,27.996944,883.04,83.3025,27.997778,827.21,55.83,50.25,1.629,0.0469,16.19,0.016,85.08,85.08,260.0,21.47
1943,Gulmi,Satyawati,83.493889,28.004444,882.91,83.489722,28.005278,815.76,83.493889,28.004444,882.91,83.489722,28.005278,815.76,67.15,60.43,10.86,0.3128,129.8,0.13,682.23,682.23,523.7,12.82
1944,Gulmi,Satyawati,83.489722,28.005278,815.76,83.488889,28.005,801.68,83.489722,28.005278,815.76,83.488889,28.005,801.68,14.08,12.67,15.306,0.4408,38.36,0.038,201.61,201.61,95.8,14.7
1945,Gulmi,Kaligandaki,83.530278,28.064444,882.9,83.534722,28.064722,856.14,83.530278,28.064444,882.9,83.534722,28.064722,856.14,26.76,24.08,11.815,0.3403,56.28,0.056,295.79,295.79,506.0,5.29
1946,Gulmi,Kaligandaki,83.534722,28.064722,856.14,83.538611,28.0625,818.76,83.534722,28.064722,856.14,83.538611,28.0625,818.76,37.38,33.64,12.182,0.3508,81.05,0.081,426.01,426.01,510.4,7.32
1947,Gulmi,Kaligandaki,83.538611,28.0625,818.76,83.541389,28.058889,774.94,83.538611,28.0625,818.76,83.541389,28.058889,774.94,43.82,39.44,12.434,0.3581,96.98,0.097,509.73,509.73,522.0,8.4
1948,Gulmi,Kaligandaki,83.541389,28.058889,774.94,83.541667,28.058333,766.93,83.541389,28.058889,774.94,83.541667,28.058333,766.93,8.01,7.21,14.017,0.4037,19.98,0.02,105.04,105.04,72.1,11.1
1949,Gulmi,Resunga,83.240556,28.008333,882.54,83.243889,28.008333,879.09,83.240556,28.008333,882.54,83.243889,28.008333,879.09,3.45,3.1,23.25,0.6696,14.28,0.014,75.04,75.04,383.0,0.9
1950,Gulmi,Isma,83.248333,28.175,882.33,83.248889,28.171111,873.72,83.248333,28.175,882.33,83.248889,28.171111,873.72,8.61,7.75,68.72,1.9791,105.31,0.105,553.53,553.53,511.7,1.68
1951,Gulmi,Satyawati,83.466944,28.013056,881.76,83.465278,28.013611,779.03,83.466944,28.013056,881.76,83.465278,28.013611,779.03,102.73,92.46,2.407,0.0693,44.01,0.044,231.33,231.33,191.5,53.64
1952,Gulmi,Chandrakot,83.396667,28.091389,881.67,83.3925,28.090556,855.23,83.396667,28.091389,881.67,83.3925,28.090556,855.23,26.44,23.8,120.62,3.4739,567.65,0.568,2983.58,2983.58,450.9,5.87
1953,Gulmi,Musikot,83.295556,28.141944,881.19,83.299444,28.144167,688.46,83.295556,28.141944,881.19,83.299444,28.144167,688.46,192.73,173.46,0.562,0.0162,19.28,0.019,101.33,101.33,510.4,37.76
1954,Gulmi,Musikot,83.299444,28.144167,688.46,83.300278,28.144722,682.01,83.299444,28.144167,688.46,83.300278,28.144722,682.01,6.45,5.81,1213.522,34.9494,1393.19,1.393,7322.59,7322.59,109.7,5.88
1955,Gulmi,Musikot,83.1975,28.258889,880.56,83.199444,28.258056,874.87,83.1975,28.258889,880.56,83.199444,28.258056,874.87,5.69,5.12,778.556,22.4224,788.5,0.789,4144.38,4144.38,232.7,2.45
1956,Gulmi,Isma,83.186111,28.119722,880.5,83.190556,28.120556,876.69,83.186111,28.119722,880.5,83.190556,28.120556,876.69,3.81,3.43,88.018,2.5349,59.69,0.06,313.73,313.73,506.0,0.75
1957,Gulmi,Isma,83.190556,28.120556,876.69,83.193333,28.121389,874.04,83.190556,28.120556,876.69,83.193333,28.121389,874.04,2.65,2.39,88.91,2.5606,41.94,0.042,220.42,220.42,331.5,0.8
1958,Gulmi,Chatrakot,83.395,27.959444,879.59,83.393611,27.958333,845.78,83.395,27.959444,879.59,83.393611,27.958333,845.78,33.81,30.43,8.079,0.2327,48.62,0.049,255.54,255.54,192.2,17.59
1959,Gulmi,Gulmidarbar,83.328889,28.06,879.58,83.333333,28.058889,849.37,83.328889,28.06,879.58,83.333333,28.058889,849.37,30.21,27.19,7.435,0.2141,39.98,0.04,210.13,210.13,520.0,5.81
1960,Gulmi,Gulmidarbar,83.333333,28.058889,849.37,83.336111,28.061667,806.2,83.333333,28.058889,849.37,83.336111,28.061667,806.2,43.17,38.85,7.895,0.2274,60.66,0.061,318.85,318.85,514.0,8.4
1961,Gulmi,Gulmidarbar,83.336111,28.061667,806.2,83.34,28.0625,762.77,83.336111,28.061667,806.2,83.34,28.0625,762.77,43.43,39.09,8.574,0.2469,66.28,0.066,348.36,348.36,507.4,8.56
1962,Gulmi,Gulmidarbar,83.34,28.0625,762.77,83.3425,28.066389,673.66,83.34,28.0625,762.77,83.3425,28.066389,673.66,89.11,80.2,9.348,0.2692,148.27,0.148,779.3,779.3,525.6,16.95
1963,Gulmi,Gulmidarbar,83.3425,28.066389,673.66,83.346667,28.068056,638.78,83.3425,28.066389,673.66,83.346667,28.068056,638.78,34.88,31.39,9.734,0.2803,60.43,0.06,317.63,317.63,520.7,6.7
1964,Gulmi,Gulmidarbar,83.346667,28.068056,638.78,83.348333,28.066111,638.73,83.346667,28.068056,638.78,83.348333,28.066111,638.73,0.05,0.04,1701.269,48.9965,15.14,0.015,79.58,79.58,278.3,0.02
1965,Gulmi,Musikot,83.314444,28.148056,879.37,83.310833,28.146389,817.52,83.314444,28.148056,879.37,83.310833,28.146389,817.52,61.85,55.67,6.117,0.1762,67.34,0.067,353.94,353.94,534.0,11.58
1966,Gulmi,Musikot,83.310833,28.146389,817.52,83.306667,28.147778,769.88,83.310833,28.146389,817.52,83.306667,28.147778,769.88,47.64,42.88,6.438,0.1854,54.59,0.055,286.93,286.93,523.7,9.1
1967,Gulmi,Musikot,83.306667,28.147778,769.88,83.301944,28.1475,718.12,83.306667,28.147778,769.88,83.301944,28.1475,718.12,51.76,46.58,6.692,0.1927,61.65,0.062,324.05,324.05,533.3,9.71
1968,Gulmi,Musikot,83.301944,28.1475,718.12,83.299167,28.148056,696.44,83.301944,28.1475,718.12,83.299167,28.148056,696.44,21.68,19.51,1212.513,34.9204,4678.94,4.679,24592.52,24592.52,463.1,4.68
1969,Gulmi,Satyawati,83.450833,28.039444,878.55,83.450556,28.039444,872.93,83.450833,28.039444,878.55,83.450556,28.039444,872.93,5.62,5.06,8.673,0.2498,8.68,0.009,45.6,45.6,27.3,20.59
1970,Gulmi,Isma,83.248889,28.120833,878.26,83.253611,28.12,792.77,83.248889,28.120833,878.26,83.253611,28.12,792.77,85.49,76.94,1.266,0.0365,19.26,0.019,101.25,101.25,505.4,16.91
1971,Gulmi,Isma,83.190556,28.118889,877.66,83.193333,28.121389,874.04,83.190556,28.118889,877.66,83.193333,28.121389,874.04,3.62,3.26,88.91,2.5606,57.29,0.057,301.1,301.1,415.3,0.87
1972,Gulmi,Musikot,83.350278,28.109444,877.51,83.345833,28.107778,855.35,83.350278,28.109444,877.51,83.345833,28.107778,855.35,22.16,19.94,17.426,0.5019,68.73,0.069,361.26,361.26,520.0,4.26
1973,Gulmi,Musikot,83.345833,28.107778,855.35,83.341389,28.106111,776.29,83.345833,28.107778,855.35,83.341389,28.106111,776.29,79.06,71.15,17.871,0.5147,251.48,0.251,1321.79,1321.79,520.0,15.2
1974,Gulmi,Musikot,83.341389,28.106111,776.29,83.339722,28.105,762.22,83.341389,28.106111,776.29,83.339722,28.105,762.22,14.07,12.66,18.569,0.5348,46.5,0.047,244.42,244.42,219.4,6.41
1975,Gulmi,Musikot,83.252222,28.205,877.2,83.254722,28.206111,757.79,83.252222,28.205,877.2,83.254722,28.206111,757.79,119.41,107.47,838.512,24.1491,17821.82,17.822,93671.48,93671.48,301.2,39.64
1976,Gulmi,Musikot,83.278611,28.161111,876.64,83.283056,28.161944,812.36,83.278611,28.161111,876.64,83.283056,28.161944,812.36,64.28,57.85,1.73,0.0498,19.79,0.02,104.03,104.03,523.0,12.29
1977,Gulmi,Musikot,83.283056,28.161944,812.36,83.287222,28.163889,737.79,83.283056,28.161944,812.36,83.287222,28.163889,737.79,74.57,67.11,1.969,0.0567,26.13,0.026,137.36,137.36,506.7,14.72
1978,Gulmi,Musikot,83.287222,28.163889,737.79,83.289167,28.165833,700.5,83.287222,28.163889,737.79,83.289167,28.165833,700.5,37.29,33.56,1198.54,34.518,7955.12,7.955,41812.13,41812.13,305.5,12.2
1979,Gulmi,Chatrakot,83.398056,28.017778,876.34,83.402222,28.019722,861.77,83.398056,28.017778,876.34,83.402222,28.019722,861.77,14.57,13.11,19.429,0.5596,50.39,0.05,264.83,264.83,506.7,2.87
1980,Gulmi,Chatrakot,83.402222,28.019722,861.77,83.405833,28.021944,806.04,83.402222,28.019722,861.77,83.405833,28.021944,806.04,55.73,50.16,20.16,0.5806,199.98,0.2,1051.08,1051.08,517.0,10.78
1981,Gulmi,Chatrakot,83.405833,28.021944,806.04,83.406667,28.026111,742.62,83.405833,28.021944,806.04,83.406667,28.026111,742.62,63.42,57.08,21.178,0.6099,239.06,0.239,1256.52,1256.52,515.3,12.31
1982,Gulmi,Chatrakot,83.330833,27.969444,875.94,83.334167,27.966667,807.46,83.330833,27.969444,875.94,83.334167,27.966667,807.46,68.48,61.63,0.873,0.0251,10.64,0.011,55.93,55.93,517.7,13.23
1983,Gulmi,Chatrakot,83.334167,27.966667,807.46,83.335,27.966389,794.53,83.334167,27.966667,807.46,83.335,27.966389,794.53,12.93,11.64,2.477,0.0713,5.7,0.006,29.96,29.96,95.8,13.51
1984,Gulmi,Ruru,83.4275,27.978889,875.2,83.426667,27.974444,816.88,83.4275,27.978889,875.2,83.426667,27.974444,816.88,58.32,52.49,3.721,0.1072,38.63,0.039,203.02,203.02,525.7,11.09
1985,Gulmi,Ruru,83.426667,27.974444,816.88,83.426111,27.97,767.87,83.426667,27.974444,816.88,83.426111,27.97,767.87,49.01,44.11,3.966,0.1142,34.6,0.035,181.84,181.84,536.0,9.14
1986,Gulmi,Musikot,83.329167,28.126389,875.19,83.326389,28.1225,771.28,83.329167,28.126389,875.19,83.326389,28.1225,771.28,103.91,93.52,3.59,0.1034,66.4,0.066,348.99,348.99,535.9,19.39
1987,Gulmi,Musikot,83.326389,28.1225,771.28,83.321944,28.121111,662.51,83.326389,28.1225,771.28,83.321944,28.121111,662.51,108.77,97.89,1227.688,35.3574,23768.36,23.768,124926.49,124926.49,506.0,21.49
1988,Gulmi,Isma,83.256389,28.123333,874.97,83.258056,28.1225,826.68,83.256389,28.123333,874.97,83.258056,28.1225,826.68,48.29,43.46,87.206,2.5115,749.56,0.75,3939.68,3939.68,239.4,20.17
1989,Gulmi,Musikot,83.199444,28.258056,874.87,83.203611,28.256111,866.04,83.199444,28.258056,874.87,83.203611,28.256111,866.04,8.83,7.95,779.912,22.4615,1225.77,1.226,6442.64,6442.64,506.7,1.74
1990,Gulmi,Isma,83.193333,28.121389,874.04,83.195556,28.1225,872.1,83.193333,28.121389,874.04,83.195556,28.1225,872.1,1.94,1.75,105.026,3.0247,36.27,0.036,190.61,190.61,274.0,0.71
1991,Gulmi,Isma,83.248889,28.171111,873.72,83.249722,28.168611,868.99,83.248889,28.171111,873.72,83.249722,28.168611,868.99,4.73,4.26,70.776,2.0383,59.59,0.06,313.19,313.19,329.8,1.43
1992,Gulmi,Chandrakot,83.393333,28.066111,873.33,83.393611,28.063611,776.64,83.393333,28.066111,873.33,83.393611,28.063611,776.64,96.69,87.02,14.129,0.4069,243.16,0.243,1278.06,1278.06,309.2,31.27
1993,Gulmi,Satyawati,83.450556,28.039444,872.93,83.45,28.035278,827.96,83.450556,28.039444,872.93,83.45,28.035278,827.96,44.97,40.47,9.189,0.2646,73.55,0.074,386.59,386.59,525.7,8.56
1994,Gulmi,Satyawati,83.45,28.035278,827.96,83.451389,28.031389,762.3,83.45,28.035278,827.96,83.451389,28.031389,762.3,65.66,59.09,9.469,0.2727,110.66,0.111,581.65,581.65,501.4,13.1
1995,Gulmi,Satyawati,83.451389,28.031389,762.3,83.451389,28.031111,748.45,83.451389,28.031389,762.3,83.451389,28.031111,748.45,13.85,12.46,9.975,0.2873,24.59,0.025,129.25,129.25,30.9,44.78
1996,Gulmi,Isma,83.195556,28.1225,872.1,83.199722,28.123611,868.3,83.195556,28.1225,872.1,83.199722,28.123611,868.3,3.8,3.42,105.269,3.0317,71.2,0.071,374.23,374.23,509.7,0.75
1997,Gulmi,Isma,83.199722,28.123611,868.3,83.204167,28.125,864.26,83.199722,28.123611,868.3,83.204167,28.125,864.26,4.04,3.64,105.82,3.0476,76.09,0.076,399.95,399.95,534.0,0.76
1998,Gulmi,Isma,83.204167,28.125,864.26,83.2075,28.127222,860.73,83.204167,28.125,864.26,83.2075,28.127222,860.73,3.53,3.18,107.392,3.0929,67.48,0.067,354.65,354.65,455.8,0.78
1999,Gulmi,Chatrakot,83.327778,27.9925,871.62,83.323056,27.993611,846.81,83.327778,27.9925,871.62,83.323056,27.993611,846.81,24.81,22.33,5.967,0.1718,26.35,0.026,138.5,138.5,519.3,4.78
2000,Gulmi,Chatrakot,83.323056,27.993611,846.81,83.32,27.995,829.16,83.323056,27.993611,846.81,83.32,27.995,829.16,17.65,15.88,12.373,0.3563,38.87,0.039,204.3,204.3,397.6,4.44
2001,Gulmi,Resunga,83.240833,28.099167,871.34,83.241389,28.103333,836.23,83.240833,28.099167,871.34,83.241389,28.103333,836.23,35.11,31.6,14.204,0.4091,88.77,0.089,466.55,466.55,525.7,6.68
2002,Gulmi,Resunga,83.241389,28.103333,836.23,83.241944,28.104722,823.56,83.241389,28.103333,836.23,83.241944,28.104722,823.56,12.67,11.4,289.893,8.3489,653.76,0.654,3436.15,3436.15,195.8,6.47
2003,Gulmi,Isma,83.249722,28.168611,868.99,83.248611,28.1675,866.65,83.249722,28.168611,868.99,83.248611,28.1675,866.65,2.34,2.11,73.709,2.1228,30.7,0.031,161.36,161.36,164.9,1.42
2004,Gulmi,Satyawati,83.442778,28.036389,867.5,83.444722,28.032222,757.05,83.442778,28.036389,867.5,83.444722,28.032222,757.05,110.45,99.41,1.258,0.0362,24.73,0.025,129.99,129.99,536.0,20.61
2005,Gulmi,Satyawati,83.444722,28.032222,757.05,83.446667,28.028333,700.91,83.444722,28.032222,757.05,83.446667,28.028333,700.91,56.14,50.53,1.413,0.0407,14.12,0.014,74.21,74.21,522.0,10.75
2006,Gulmi,Satyawati,83.446667,28.028333,700.91,83.446389,28.0275,692.32,83.446667,28.028333,700.91,83.446389,28.0275,692.32,8.59,7.73,11.598,0.334,17.73,0.018,93.2,93.2,103.1,8.34
2007,Gulmi,Isma,83.248611,28.1675,866.65,83.246111,28.164167,861.08,83.248611,28.1675,866.65,83.246111,28.164167,861.08,5.57,5.01,74.194,2.1368,73.56,0.074,386.62,386.62,501.4,1.11
2008,Gulmi,Isma,83.246111,28.164167,861.08,83.245833,28.16,855.48,83.246111,28.164167,861.08,83.245833,28.16,855.48,5.6,5.04,74.773,2.1535,74.53,0.075,391.73,391.73,515.3,1.09
2009,Gulmi,Isma,83.245833,28.16,855.48,83.246389,28.158889,854.0,83.245833,28.16,855.48,83.246389,28.158889,854.0,1.48,1.33,75.664,2.1791,19.93,0.02,104.76,104.76,144.3,1.02
2010,Gulmi,Resunga,83.305556,28.116389,866.23,83.305556,28.119167,685.31,83.305556,28.116389,866.23,83.305556,28.119167,685.31,180.92,162.83,408.613,11.7681,13158.33,13.158,69160.19,69160.19,329.8,54.85
2011,Gulmi,Musikot,83.203611,28.256111,866.04,83.206111,28.252222,862.68,83.203611,28.256111,866.04,83.206111,28.252222,862.68,3.36,3.02,781.045,22.4941,467.11,0.467,2455.12,2455.12,525.6,0.64
2012,Gulmi,Musikot,83.206111,28.252222,862.68,83.210278,28.25,856.22,83.206111,28.252222,862.68,83.210278,28.25,856.22,6.46,5.81,781.928,22.5195,899.09,0.899,4725.6,4725.6,520.7,1.24
2013,Gulmi,Musikot,83.210278,28.25,856.22,83.213611,28.248889,856.15,83.210278,28.25,856.22,83.213611,28.248889,856.15,0.07,0.06,783.293,22.5588,9.76,0.01,51.3,51.3,383.0,0.02
2014,Gulmi,Gulmidarbar,83.284444,27.988333,865.18,83.285833,27.984167,837.69,83.284444,27.988333,865.18,83.285833,27.984167,837.69,27.49,24.74,2.073,0.0597,10.14,0.01,53.31,53.31,515.3,5.33
2015,Gulmi,Gulmidarbar,83.285833,27.984167,837.69,83.286111,27.98,799.04,83.285833,27.984167,837.69,83.286111,27.98,799.04,38.65,34.79,2.447,0.0705,16.83,0.017,88.48,88.48,515.3,7.5
2016,Gulmi,Gulmidarbar,83.286111,27.98,799.04,83.287778,27.976111,768.85,83.286111,27.98,799.04,83.287778,27.976111,768.85,30.19,27.17,2.705,0.0779,14.54,0.015,76.4,76.4,515.3,5.86
2017,Gulmi,Gulmidarbar,83.287778,27.976111,768.85,83.289167,27.974167,760.22,83.287778,27.976111,768.85,83.289167,27.974167,760.22,8.63,7.77,3.764,0.1084,5.78,0.006,30.39,30.39,384.3,2.25
2018,Gulmi,Chatrakot,83.334722,27.968333,847.67,83.335,27.966389,794.53,83.334722,27.968333,847.67,83.335,27.966389,794.53,53.14,47.83,2.477,0.0713,23.43,0.023,123.14,123.14,226.8,23.44
2019,Gulmi,Musikot,83.296389,28.122778,863.52,83.297222,28.120278,685.85,83.296389,28.122778,863.52,83.297222,28.120278,685.85,177.67,159.9,406.884,11.7183,12867.28,12.867,67630.42,67630.42,309.2,57.46
2020,Gulmi,Musikot,83.331111,28.189167,862.6,83.3275,28.189167,857.57,83.331111,28.189167,862.6,83.3275,28.189167,857.57,5.03,4.53,265.164,7.6367,237.4,0.237,1247.79,1247.79,354.4,1.42
2021,Gulmi,Kaligandaki,83.551667,27.984722,862.02,83.555,27.981944,767.56,83.551667,27.984722,862.02,83.555,27.981944,767.56,94.46,85.01,3.084,0.0888,51.85,0.052,272.53,272.53,517.7,18.25
2022,Gulmi,Kaligandaki,83.555,27.981944,767.56,83.559722,27.980833,688.99,83.555,27.981944,767.56,83.559722,27.980833,688.99,78.57,70.71,3.531,0.1017,49.38,0.049,259.54,259.54,519.3,15.13
2023,Gulmi,Isma,83.2075,28.127222,860.73,83.208333,28.127778,860.39,83.2075,28.127222,860.73,83.208333,28.127778,860.39,0.34,0.31,109.648,3.1579,6.64,0.007,34.88,34.88,109.7,0.31
2024,Gulmi,Isma,83.208333,28.127778,860.39,83.212778,28.126944,858.55,83.208333,28.127778,860.39,83.212778,28.126944,858.55,1.84,1.66,110.617,3.1858,36.23,0.036,190.41,190.41,506.0,0.36
2025,Gulmi,Musikot,83.273611,28.175,858.66,83.275,28.175556,823.25,83.273611,28.175,858.66,83.275,28.175556,823.25,35.41,31.87,1.139,0.0328,7.18,0.007,37.73,37.73,164.2,21.56
2026,Gulmi,Resunga,83.236944,28.114444,858.02,83.237778,28.110556,845.1,83.236944,28.114444,858.02,83.237778,28.110556,845.1,12.92,11.63,274.682,7.9108,631.68,0.632,3320.09,3320.09,501.4,2.58
2027,Gulmi,Resunga,83.237778,28.110556,845.1,83.238889,28.106389,828.44,83.237778,28.110556,845.1,83.238889,28.106389,828.44,16.66,14.99,275.187,7.9254,816.03,0.816,4289.04,4289.04,505.0,3.3
2028,Gulmi,Resunga,83.238889,28.106389,828.44,83.241944,28.104722,823.56,83.238889,28.106389,828.44,83.241944,28.104722,823.56,4.88,4.39,289.893,8.3489,251.8,0.252,1323.47,1323.47,462.5,1.06
2029,Gulmi,Musikot,83.3275,28.189167,857.57,83.326667,28.189444,854.45,83.3275,28.189167,857.57,83.326667,28.189444,854.45,3.12,2.81,265.76,7.6539,147.59,0.148,775.71,775.71,95.8,3.27
2030,Gulmi,Gulmidarbar,83.3375,28.036111,857.07,83.338889,28.039444,791.65,83.3375,28.036111,857.07,83.338889,28.039444,791.65,65.42,58.88,16.137,0.4647,187.9,0.188,987.62,987.62,422.6,15.48
2031,Gulmi,Kaligandaki,83.5225,28.080278,856.6,83.526667,28.078333,828.78,83.5225,28.080278,856.6,83.526667,28.078333,828.78,27.82,25.04,32.287,0.9299,159.88,0.16,840.32,840.32,523.7,5.31
2032,Gulmi,Kaligandaki,83.526667,28.078333,828.78,83.531389,28.076944,809.45,83.526667,28.078333,828.78,83.531389,28.076944,809.45,19.33,17.4,33.125,0.954,113.97,0.114,599.03,599.03,533.3,3.62
2033,Gulmi,Kaligandaki,83.531389,28.076944,809.45,83.535,28.075278,782.88,83.531389,28.076944,809.45,83.535,28.075278,782.88,26.57,23.91,40.038,1.1531,189.35,0.189,995.23,995.23,489.1,5.43
2034,Gulmi,Musikot,83.213611,28.248889,856.15,83.215556,28.246111,844.53,83.213611,28.248889,856.15,83.215556,28.246111,844.53,11.62,10.46,783.762,22.5723,1621.03,1.621,8520.16,8520.16,524.3,2.22
2035,Gulmi,Musikot,83.215556,28.246111,844.53,83.216389,28.243333,833.82,83.215556,28.246111,844.53,83.216389,28.243333,833.82,10.71,9.64,784.67,22.5985,1495.82,1.496,7862.02,7862.02,340.1,3.15
2036,Gulmi,Musikot,83.260278,28.205556,855.5,83.258611,28.204167,753.75,83.260278,28.205556,855.5,83.258611,28.204167,753.75,101.75,91.58,839.855,24.1878,15210.4,15.21,79945.89,79945.89,233.4,43.6
2037,Gulmi,Chandrakot,83.3925,28.090556,855.23,83.389444,28.087778,830.51,83.3925,28.090556,855.23,83.389444,28.087778,830.51,24.72,22.25,121.512,3.4995,534.65,0.535,2810.12,2810.12,507.4,4.87
2038,Gulmi,Chandrakot,83.389444,28.087778,830.51,83.389167,28.087222,825.95,83.389444,28.087778,830.51,83.389167,28.087222,825.95,4.56,4.1,122.334,3.5232,99.29,0.099,521.88,521.88,72.1,6.32
2039,Gulmi,Musikot,83.326667,28.189444,854.45,83.324167,28.190278,848.51,83.326667,28.189444,854.45,83.324167,28.190278,848.51,5.94,5.35,266.817,7.6843,282.1,0.282,1482.71,1482.71,287.3,2.07
2040,Gulmi,Isma,83.246389,28.158889,854.0,83.247222,28.154722,850.23,83.246389,28.158889,854.0,83.247222,28.154722,850.23,3.77,3.39,75.943,2.1872,50.96,0.051,267.85,267.85,515.3,0.73
2041,Gulmi,Kaligandaki,83.593056,28.005278,851.92,83.598056,28.005833,749.19,83.593056,28.005278,851.92,83.598056,28.005833,749.19,102.73,92.46,0.535,0.0154,9.78,0.01,51.42,51.42,518.7,19.81
2042,Gulmi,Kaligandaki,83.598056,28.005833,749.19,83.6025,28.004722,588.37,83.598056,28.005833,749.19,83.6025,28.004722,588.37,160.82,144.74,0.717,0.0206,20.52,0.021,107.87,107.87,509.0,31.59
2043,Gulmi,Kaligandaki,83.6025,28.004722,588.37,83.603333,28.004167,579.58,83.6025,28.004722,588.37,83.603333,28.004167,579.58,8.79,7.91,1473.041,42.4236,2304.65,2.305,12113.26,12113.26,109.7,8.01
2044,Gulmi,Chatrakot,83.343056,27.968611,851.9,83.345278,27.964722,801.87,83.343056,27.968611,851.9,83.345278,27.964722,801.87,50.03,45.03,0.638,0.0184,5.68,0.006,29.86,29.86,515.3,9.71
2045,Gulmi,Chatrakot,83.345278,27.964722,801.87,83.3475,27.961111,674.6,83.345278,27.964722,801.87,83.3475,27.961111,674.6,127.27,114.54,0.81,0.0233,18.35,0.018,96.44,96.44,522.0,24.38
2046,Gulmi,Chatrakot,83.3475,27.961111,674.6,83.3475,27.960556,649.71,83.3475,27.961111,674.6,83.3475,27.960556,649.71,24.89,22.4,5.147,0.1482,22.8,0.023,119.85,119.85,61.8,40.25
2047,Gulmi,Satyawati,83.533889,27.987222,851.48,83.533611,27.986667,840.5,83.533889,27.987222,851.48,83.533611,27.986667,840.5,10.98,9.88,9.172,0.2642,17.93,0.018,94.22,94.22,72.1,15.21
2048,Gulmi,Chatrakot,83.319167,27.964444,850.7,83.314444,27.965278,781.75,83.319167,27.964444,850.7,83.314444,27.965278,781.75,68.95,62.06,1.001,0.0288,12.28,0.012,64.57,64.57,505.4,13.64
2049,Gulmi,Chatrakot,83.314444,27.965278,781.75,83.310278,27.967222,748.2,83.314444,27.965278,781.75,83.310278,27.967222,748.2,33.55,30.19,1.271,0.0366,7.59,0.008,39.89,39.89,506.7,6.62
2050,Gulmi,Gulmidarbar,83.310278,27.967222,748.2,83.309444,27.968333,735.61,83.310278,27.967222,748.2,83.309444,27.968333,735.61,12.59,11.33,36.019,1.0373,80.72,0.081,424.24,424.24,154.6,8.14
2051,Gulmi,Isma,83.253056,28.1425,849.96,83.255556,28.139167,840.11,83.253056,28.1425,849.96,83.255556,28.139167,840.11,9.85,8.87,83.325,2.3998,146.09,0.146,767.84,767.84,463.8,2.12
2052,Gulmi,Musikot,83.275278,28.174444,849.04,83.275,28.175556,823.25,83.275278,28.174444,849.04,83.275,28.175556,823.25,25.79,23.21,1.139,0.0328,5.23,0.005,27.48,27.48,134.0,19.24
2053,Gulmi,Satyawati,83.511944,27.983056,848.66,83.512222,27.981111,754.05,83.511944,27.983056,848.66,83.512222,27.981111,754.05,94.61,85.15,1.73,0.0498,29.13,0.029,153.12,153.12,247.4,38.25
2054,Gulmi,Musikot,83.324167,28.190278,848.51,83.319444,28.190833,844.04,83.324167,28.190278,848.51,83.319444,28.190833,844.04,4.47,4.02,267.28,7.6977,212.66,0.213,1117.72,1117.72,508.4,0.88
2055,Gulmi,Musikot,83.319444,28.190833,844.04,83.315,28.191944,840.7,83.319444,28.190833,844.04,83.315,28.191944,840.7,3.34,3.01,268.164,7.7231,159.42,0.159,837.92,837.92,509.0,0.66
2056,Gulmi,Musikot,83.315,28.191944,840.7,83.313056,28.193611,839.51,83.315,28.191944,840.7,83.313056,28.193611,839.51,1.19,1.07,269.182,7.7524,57.02,0.057,299.67,299.67,274.6,0.43
2057,Gulmi,Musikot,83.215833,28.243611,847.91,83.216389,28.243333,833.82,83.215833,28.243611,847.91,83.216389,28.243333,833.82,14.09,12.68,784.67,22.5985,1967.89,1.968,10343.21,10343.21,68.5,20.57
2058,Gulmi,Musikot,83.267778,28.187778,846.3,83.270833,28.191389,732.44,83.267778,28.187778,846.3,83.270833,28.191389,732.44,113.86,102.47,844.448,24.3201,17113.79,17.114,89950.07,89950.07,532.3,21.39
2059,Gulmi,Chatrakot,83.393611,27.958333,845.78,83.396389,27.954722,831.92,83.393611,27.958333,845.78,83.396389,27.954722,831.92,13.86,12.47,8.563,0.2466,21.12,0.021,111.03,111.03,538.9,2.57
2060,Gulmi,Chatrakot,83.396389,27.954722,831.92,83.396667,27.950833,684.56,83.396389,27.954722,831.92,83.396667,27.950833,684.56,147.36,132.62,9.214,0.2654,241.67,0.242,1270.24,1270.24,505.0,29.18
2061,Gulmi,Chatrakot,83.396667,27.950833,684.56,83.393611,27.9475,586.31,83.396667,27.950833,684.56,83.393611,27.9475,586.31,98.25,88.42,9.625,0.2772,168.32,0.168,884.69,884.69,518.3,18.96
2062,Gulmi,Musikot,83.323611,28.128889,845.6,83.321111,28.125833,714.45,83.323611,28.128889,845.6,83.321111,28.125833,714.45,131.15,118.03,0.641,0.0185,14.96,0.015,78.65,78.65,500.7,26.19
2063,Gulmi,Musikot,83.321111,28.125833,714.45,83.318611,28.125833,669.56,83.321111,28.125833,714.45,83.318611,28.125833,669.56,44.89,40.4,1223.322,35.2317,9774.45,9.774,51374.52,51374.52,245.4,18.29
2064,Gulmi,Chandrakot,83.360833,28.081111,844.74,83.360556,28.076944,712.95,83.360833,28.081111,844.74,83.360556,28.076944,712.95,131.79,118.61,0.58,0.0167,13.61,0.014,71.51,71.51,536.0,24.59
2065,Gulmi,Chandrakot,83.360556,28.076944,712.95,83.361667,28.075,675.36,83.360556,28.076944,712.95,83.361667,28.075,675.36,37.59,33.83,129.852,3.7397,868.81,0.869,4566.45,4566.45,257.7,14.59
2066,Gulmi,Chatrakot,83.346667,27.974722,843.99,83.349444,27.970833,760.62,83.346667,27.974722,843.99,83.349444,27.970833,760.62,83.37,75.03,0.815,0.0235,12.09,0.012,63.57,63.57,535.9,15.56
2067,Gulmi,Chatrakot,83.349444,27.970833,760.62,83.352778,27.9675,748.69,83.349444,27.970833,760.62,83.352778,27.9675,748.69,11.93,10.74,4.81,0.1385,10.21,0.01,53.68,53.68,494.7,2.41
2068,Gulmi,Satyawati,83.533611,27.986667,840.5,83.537222,27.983611,780.52,83.533611,27.986667,840.5,83.537222,27.983611,780.52,59.98,53.98,9.588,0.2761,102.36,0.102,538.01,538.01,508.0,11.81
2069,Gulmi,Satyawati,83.537222,27.983611,780.52,83.54,27.98,671.3,83.537222,27.983611,780.52,83.54,27.98,671.3,109.22,98.3,10.272,0.2958,199.69,0.2,1049.58,1049.58,522.0,20.93
2070,Gulmi,Satyawati,83.54,27.98,671.3,83.541944,27.976111,583.47,83.54,27.98,671.3,83.541944,27.976111,583.47,87.83,79.05,10.888,0.3136,170.21,0.17,894.64,894.64,505.0,17.39
2071,Gulmi,Satyawati,83.541944,27.976111,583.47,83.539722,27.9725,546.9,83.541944,27.976111,583.47,83.539722,27.9725,546.9,36.57,32.91,11.097,0.3196,72.23,0.072,379.65,379.65,522.0,7.01
2072,Gulmi,Satyawati,83.532222,27.966389,546.71,83.531389,27.965556,546.69,83.532222,27.966389,546.71,83.531389,27.965556,546.69,0.02,0.02,1553.205,44.7323,5.53,0.006,29.06,29.06,123.7,0.02
2073,Gulmi,Musikot,83.288611,28.181389,840.08,83.283889,28.18,798.93,83.288611,28.181389,840.08,83.283889,28.18,798.93,41.15,37.04,0.847,0.0244,6.2,0.006,32.61,32.61,533.3,7.72
2074,Gulmi,Musikot,83.283889,28.18,798.93,83.280833,28.179444,715.18,83.283889,28.18,798.93,83.280833,28.179444,715.18,83.75,75.38,1186.153,34.1612,17681.84,17.682,92935.78,92935.78,417.6,20.05
2075,Gulmi,Isma,83.258889,28.128056,839.87,83.258611,28.123611,826.7,83.258889,28.128056,839.87,83.258611,28.123611,826.7,13.17,11.85,86.58,2.4935,202.96,0.203,1066.75,1066.75,505.1,2.61
2076,Gulmi,Resunga,83.245556,27.999167,839.93,83.249167,27.9975,829.63,83.245556,27.999167,839.93,83.249167,27.9975,829.63,10.3,9.27,25.865,0.7449,47.42,0.047,249.23,249.23,517.0,1.99
2077,Gulmi,Resunga,83.249167,27.9975,829.63,83.251667,27.994444,816.64,83.249167,27.9975,829.63,83.251667,27.994444,816.64,12.99,11.69,26.565,0.7651,61.42,0.061,322.83,322.83,504.4,2.57
2078,Gulmi,Kaligandaki,83.564722,28.101111,839.78,83.565,28.099167,827.07,83.564722,28.101111,839.78,83.565,28.099167,827.07,12.71,11.44,28.983,0.8347,65.57,0.066,344.62,344.62,226.8,5.61
2079,Gulmi,Resunga,83.268611,28.000833,839.57,83.270556,27.997778,825.58,83.268611,28.000833,839.57,83.270556,27.997778,825.58,13.99,12.59,23.609,0.6799,58.79,0.059,309.0,309.0,528.6,2.65
2080,Gulmi,Resunga,83.270556,27.997778,825.58,83.27,27.997222,822.19,83.270556,27.997778,825.58,83.27,27.997222,822.19,3.39,3.05,24.192,0.6967,14.6,0.015,76.72,76.72,82.5,4.12
2081,Gulmi,Musikot,83.313056,28.193611,839.51,83.309444,28.196111,826.25,83.313056,28.193611,839.51,83.309444,28.196111,826.25,13.26,11.93,269.964,7.775,637.16,0.637,3348.94,3348.94,531.0,2.5
2082,Gulmi,Musikot,83.309444,28.196111,826.25,83.306667,28.198056,806.0,83.309444,28.196111,826.25,83.306667,28.198056,806.0,20.25,18.23,271.143,7.8089,977.29,0.977,5136.66,5136.66,370.4,5.47
2083,Gulmi,Kaligandaki,83.577222,28.089722,838.62,83.575278,28.086944,698.69,83.577222,28.089722,838.62,83.575278,28.086944,698.69,139.93,125.94,34.468,0.9927,858.48,0.858,4512.16,4512.16,473.4,29.56
2084,Gulmi,Kaligandaki,83.578889,28.071389,752.98,83.5775,28.075278,586.25,83.578889,28.071389,752.98,83.5775,28.075278,586.25,166.73,150.06,1223.501,35.2368,36309.49,36.309,190842.67,190842.67,505.0,33.01
2085,Gulmi,Musikot,83.255556,28.211667,837.66,83.253889,28.211389,767.93,83.255556,28.211667,837.66,83.253889,28.211389,767.93,69.73,62.76,837.305,24.1144,10392.15,10.392,54621.14,54621.14,177.5,39.27
2086,Gulmi,Ruru,83.467778,27.952778,693.04,83.463056,27.953611,517.45,83.467778,27.952778,693.04,83.463056,27.953611,517.45,175.59,158.03,1.941,0.0559,60.66,0.061,318.85,318.85,505.4,34.75
2087,Gulmi,Ruru,83.463056,27.953611,517.45,83.461944,27.953889,464.17,83.463056,27.953611,517.45,83.461944,27.953889,464.17,53.28,47.95,3589.649,103.3819,34042.25,34.042,178926.06,178926.06,123.0,43.31
2088,Gulmi,Ruru,83.412222,27.964722,835.05,83.416111,27.962222,796.26,83.412222,27.964722,835.05,83.416111,27.962222,796.26,38.79,34.91,5.041,0.1452,34.8,0.035,182.93,182.93,507.4,7.65
2089,Gulmi,Musikot,83.216389,28.243333,833.82,83.220556,28.240833,832.06,83.216389,28.243333,833.82,83.220556,28.240833,832.06,1.76,1.58,785.174,22.613,245.97,0.246,1292.81,1292.81,534.6,0.33
2090,Gulmi,Musikot,83.220833,28.240556,832.06,83.222778,28.236667,820.52,83.220833,28.240556,832.06,83.222778,28.236667,820.52,11.54,10.39,793.807,22.8616,1630.51,1.631,8569.95,8569.95,505.0,2.29
2091,Gulmi,Musikot,83.222778,28.236667,820.52,83.223611,28.236389,820.4,83.222778,28.236667,820.52,83.223611,28.236389,820.4,0.12,0.11,797.235,22.9604,17.03,0.017,89.5,89.5,95.8,0.12
2092,Gulmi,Gulmidarbar,83.29,27.976944,801.3,83.289167,27.974167,760.22,83.29,27.976944,801.3,83.289167,27.974167,760.22,41.08,36.97,3.764,0.1084,27.52,0.028,144.66,144.66,377.7,10.88
2093,Gulmi,Gulmidarbar,83.32,27.995,829.16,83.315556,27.996111,813.04,83.32,27.995,829.16,83.315556,27.996111,813.04,16.12,14.51,14.119,0.4066,40.51,0.041,212.92,212.92,492.1,3.28
2094,Gulmi,Chatrakot,83.317778,27.973056,829.14,83.313889,27.975556,772.36,83.317778,27.973056,829.14,83.313889,27.975556,772.36,56.78,51.1,0.694,0.02,7.01,0.007,36.86,36.86,507.4,11.19
2095,Gulmi,Gulmidarbar,83.313889,27.975556,772.36,83.310556,27.973056,744.72,83.313889,27.975556,772.36,83.310556,27.973056,744.72,27.64,24.88,34.284,0.9874,168.67,0.169,886.52,886.52,503.7,5.49
2096,Gulmi,Gulmidarbar,83.3025,27.997778,827.21,83.303333,27.997222,821.26,83.3025,27.997778,827.21,83.303333,27.997222,821.26,5.95,5.36,13.056,0.376,13.83,0.014,72.67,72.67,109.7,5.42
2097,Gulmi,Kaligandaki,83.565,28.099167,827.07,83.562222,28.095278,811.96,83.565,28.099167,827.07,83.562222,28.095278,811.96,15.11,13.6,29.402,0.8468,79.08,0.079,415.62,415.62,535.9,2.82
2098,Gulmi,Isma,83.258056,28.1225,826.68,83.255,28.12,792.78,83.258056,28.1225,826.68,83.255,28.12,792.78,33.9,30.51,87.368,2.5162,527.17,0.527,2770.83,2770.83,510.4,6.64
2099,Gulmi,Kaligandaki,83.585833,28.010278,826.44,83.588611,28.013611,794.05,83.585833,28.010278,826.44,83.588611,28.013611,794.05,32.39,29.15,4.457,0.1284,25.7,0.026,135.06,135.06,525.0,6.17
2100,Gulmi,Kaligandaki,83.588611,28.013611,794.05,83.591111,28.017222,658.95,83.588611,28.013611,794.05,83.591111,28.017222,658.95,135.1,121.59,4.869,0.1402,117.08,0.117,615.39,615.39,511.7,26.4
2101,Gulmi,Kaligandaki,83.591111,28.017222,658.95,83.593056,28.02,580.0,83.591111,28.017222,658.95,83.593056,28.02,580.0,78.95,71.06,5.94,0.1711,83.47,0.083,438.73,438.73,398.3,19.82
2102,Gulmi,Musikot,83.295278,28.176944,826.17,83.290556,28.176944,792.55,83.295278,28.176944,826.17,83.290556,28.176944,792.55,33.62,30.26,6.191,0.1783,37.05,0.037,194.72,194.72,519.3,6.47
2103,Gulmi,Musikot,83.290556,28.176944,792.55,83.288333,28.173889,768.25,83.290556,28.176944,792.55,83.288333,28.173889,768.25,24.3,21.87,6.557,0.1888,28.36,0.028,149.06,149.06,528.0,4.6
2104,Gulmi,Musikot,83.288333,28.173889,768.25,83.286944,28.170833,714.12,83.288333,28.173889,768.25,83.286944,28.170833,714.12,54.13,48.72,6.698,0.1929,64.53,0.065,339.19,339.19,500.7,10.81
2105,Gulmi,Musikot,83.286944,28.170833,714.12,83.286111,28.169722,704.5,83.286944,28.170833,714.12,83.286111,28.169722,704.5,9.62,8.66,1195.228,34.4226,2046.58,2.047,10756.8,10756.8,171.6,5.61
2106,Gulmi,Chandrakot,83.389167,28.087222,825.95,83.386389,28.083889,790.46,83.389167,28.087222,825.95,83.386389,28.083889,790.46,35.49,31.94,122.989,3.5421,776.92,0.777,4083.47,4083.47,508.0,6.98
2107,Gulmi,Chandrakot,83.386389,28.083889,790.46,83.383333,28.081667,769.11,83.386389,28.083889,790.46,83.383333,28.081667,769.11,21.35,19.22,125.185,3.6053,475.72,0.476,2500.39,2500.39,411.6,5.19
2108,Gulmi,Resunga,83.241944,28.104722,823.56,83.245833,28.1025,817.35,83.241944,28.104722,823.56,83.245833,28.1025,817.35,6.21,5.59,290.203,8.3578,320.77,0.321,1685.97,1685.97,538.3,1.15
2109,Gulmi,Resunga,83.245833,28.1025,817.35,83.248889,28.103889,812.41,83.245833,28.1025,817.35,83.248889,28.103889,812.41,4.94,4.45,290.564,8.3682,255.49,0.255,1342.85,1342.85,521.3,0.95
2110,Gulmi,Isma,83.248889,28.103889,812.41,83.251667,28.104167,811.08,83.248889,28.103889,812.41,83.251667,28.104167,811.08,1.33,1.2,291.743,8.4022,69.06,0.069,363.0,363.0,314.5,0.42
2111,Gulmi,Musikot,83.275,28.175556,823.25,83.279444,28.176389,721.12,83.275,28.175556,823.25,83.279444,28.176389,721.12,102.13,91.92,1.278,0.0368,23.23,0.023,122.11,122.11,523.0,19.53
2112,Gulmi,Musikot,83.279444,28.176389,721.12,83.280556,28.176111,713.24,83.279444,28.176389,721.12,83.280556,28.176111,713.24,7.88,7.09,1187.608,34.2031,1665.72,1.666,8755.01,8755.01,150.9,5.22
2113,Gulmi,Resunga,83.27,27.997222,822.19,83.265278,27.996389,808.66,83.27,27.997222,822.19,83.265278,27.996389,808.66,13.53,12.18,24.624,0.7092,59.3,0.059,311.68,311.68,533.3,2.54
2114,Gulmi,Resunga,83.265278,27.996389,808.66,83.263611,27.996111,804.8,83.265278,27.996389,808.66,83.263611,27.996111,804.8,3.86,3.47,25.669,0.7393,17.64,0.018,92.69,92.69,177.5,2.17
2115,Gulmi,Chatrakot,83.371111,27.972778,821.98,83.371111,27.968611,737.66,83.371111,27.972778,821.98,83.371111,27.968611,737.66,84.32,75.89,1.118,0.0322,16.78,0.017,88.19,88.19,505.0,16.69
2116,Gulmi,Chatrakot,83.371111,27.968611,737.66,83.373333,27.966111,710.75,83.371111,27.968611,737.66,83.373333,27.966111,710.75,26.91,24.22,1.825,0.0526,8.74,0.009,45.94,45.94,360.7,7.46
2117,Gulmi,Resunga,83.315278,28.099722,821.81,83.319167,28.101944,796.25,83.315278,28.099722,821.81,83.319167,28.101944,796.25,25.56,23.0,15.433,0.4445,70.21,0.07,369.04,369.04,510.4,5.01
2118,Gulmi,Resunga,83.319167,28.101944,796.25,83.321111,28.105833,767.69,83.319167,28.101944,796.25,83.321111,28.105833,767.69,28.56,25.7,15.855,0.4566,80.6,0.081,423.63,423.63,505.0,5.65
2119,Gulmi,Resunga,83.321111,28.105833,767.69,83.323056,28.109444,726.09,83.321111,28.105833,767.69,83.323056,28.109444,726.09,41.6,37.44,16.424,0.473,121.61,0.122,639.19,639.19,511.7,8.13
2120,Gulmi,Resunga,83.323056,28.109444,726.09,83.326389,28.112222,684.73,83.323056,28.109444,726.09,83.326389,28.112222,684.73,41.36,37.22,16.845,0.4851,124.01,0.124,651.79,651.79,517.7,7.99
2121,Gulmi,Resunga,83.326389,28.112222,684.73,83.326944,28.115833,660.11,83.326389,28.112222,684.73,83.326944,28.115833,660.11,24.62,22.16,1655.461,47.6773,7254.53,7.255,38129.79,38129.79,443.2,5.56
2122,Gulmi,Chatrakot,83.353611,27.976389,821.61,83.354722,27.972222,754.65,83.353611,27.976389,821.61,83.354722,27.972222,754.65,66.96,60.26,0.865,0.0249,10.31,0.01,54.19,54.19,505.0,13.26
2123,Gulmi,Gulmidarbar,83.303333,27.997222,821.26,83.303056,27.993333,801.49,83.303333,27.997222,821.26,83.303056,27.993333,801.49,19.77,17.79,13.558,0.3905,47.71,0.048,250.76,250.76,501.4,3.94
2124,Gulmi,Gulmidarbar,83.303056,27.993333,801.49,83.304444,27.990278,791.82,83.303056,27.993333,801.49,83.304444,27.990278,791.82,9.67,8.7,14.119,0.4066,24.3,0.024,127.73,127.73,429.2,2.25
2125,Gulmi,Musikot,83.223611,28.236389,820.4,83.225833,28.233333,813.1,83.223611,28.236389,820.4,83.225833,28.233333,813.1,7.3,6.57,797.853,22.9782,1036.69,1.037,5448.83,5448.83,528.0,1.38
2126,Gulmi,Musikot,83.225833,28.233333,813.1,83.228889,28.230556,809.15,83.225833,28.233333,813.1,83.228889,28.230556,809.15,3.95,3.56,799.154,23.0156,561.86,0.562,2953.15,2953.15,456.5,0.87
2127,Gulmi,Musikot,83.298333,28.166111,819.35,83.295,28.163333,762.01,83.298333,28.166111,819.35,83.295,28.163333,762.01,57.34,51.61,0.594,0.0171,6.06,0.006,31.86,31.86,500.7,11.45
2128,Gulmi,Musikot,83.295,28.163333,762.01,83.293056,28.161667,698.95,83.295,28.163333,762.01,83.293056,28.161667,698.95,63.06,56.75,1199.49,34.5453,13463.33,13.463,70763.29,70763.29,291.6,21.63
2129,Gulmi,Gulmidarbar,83.273333,27.9825,818.62,83.270556,27.980278,764.67,83.273333,27.9825,818.62,83.270556,27.980278,764.67,53.95,48.56,61.209,1.7628,587.77,0.588,3089.33,3089.33,418.3,12.9
2130,Gulmi,Satyawati,83.4525,28.0275,814.52,83.4525,28.024444,735.85,83.4525,28.0275,814.52,83.4525,28.024444,735.85,78.67,70.8,9.792,0.282,137.11,0.137,720.67,720.67,435.9,18.05
2131,Gulmi,Gulmidarbar,83.315556,27.996111,813.04,83.311944,27.993611,800.26,83.315556,27.996111,813.04,83.311944,27.993611,800.26,12.78,11.5,14.624,0.4212,33.27,0.033,174.85,174.85,514.0,2.49
2132,Gulmi,Gulmidarbar,83.311944,27.993611,800.26,83.31,27.990278,785.55,83.311944,27.993611,800.26,83.31,27.990278,785.55,14.71,13.24,14.97,0.4311,39.2,0.039,206.01,206.01,511.0,2.88
2133,Gulmi,Gulmidarbar,83.31,27.990278,785.55,83.309444,27.987778,778.55,83.31,27.990278,785.55,83.309444,27.987778,778.55,7.0,6.3,29.707,0.8556,37.01,0.037,194.54,194.54,319.5,2.19
2134,Gulmi,Kaligandaki,83.5625,28.094167,811.94,83.562778,28.0925,797.79,83.5625,28.094167,811.94,83.562778,28.0925,797.79,14.15,12.74,31.293,0.9012,78.81,0.079,414.25,414.25,216.4,6.54
2135,Gulmi,Isma,83.251667,28.104167,811.08,83.254444,28.106944,804.05,83.251667,28.104167,811.08,83.254444,28.106944,804.05,7.03,6.33,292.047,8.411,365.43,0.365,1920.73,1920.73,500.7,1.41
2136,Gulmi,Gulmidarbar,83.311667,27.988889,810.33,83.310833,27.986389,774.39,83.311667,27.988889,810.33,83.310833,27.986389,774.39,35.94,32.35,30.229,0.8706,193.38,0.193,1016.39,1016.39,346.8,10.36
2137,Gulmi,Musikot,83.228889,28.230556,809.15,83.229167,28.230278,808.07,83.228889,28.230556,809.15,83.229167,28.230278,808.07,1.08,0.97,800.323,23.0493,153.85,0.154,808.62,808.62,41.2,2.62
2138,Gulmi,Musikot,83.338889,28.106944,809.13,83.339722,28.105,762.22,83.338889,28.106944,809.13,83.339722,28.105,762.22,46.91,42.22,18.569,0.5348,155.04,0.155,814.91,814.91,247.4,18.97
2139,Gulmi,Musikot,83.229167,28.230278,808.07,83.2325,28.226944,805.29,83.229167,28.230278,808.07,83.2325,28.226944,805.29,2.78,2.5,801.108,23.0719,396.4,0.396,2083.5,2083.5,511.7,0.54
2140,Gulmi,Musikot,83.298333,28.193333,777.78,83.293889,28.193056,768.3,83.298333,28.193333,777.78,83.293889,28.193056,768.3,9.48,8.53,272.953,7.861,460.57,0.461,2420.77,2420.77,523.0,1.81
2141,Gulmi,Musikot,83.293889,28.193056,768.3,83.289167,28.192778,761.56,83.293889,28.193056,768.3,83.289167,28.192778,761.56,6.74,6.07,273.542,7.878,328.16,0.328,1724.81,1724.81,505.4,1.33
2142,Gulmi,Musikot,83.233333,28.226111,805.26,83.234444,28.221944,799.05,83.233333,28.226111,805.26,83.234444,28.221944,799.05,6.21,5.59,802.949,23.1249,887.53,0.888,4664.84,4664.84,505.0,1.23
2143,Gulmi,Musikot,83.234444,28.221944,799.05,83.238056,28.220833,793.4,83.234444,28.221944,799.05,83.238056,28.220833,793.4,5.65,5.08,833.751,24.012,838.47,0.838,4406.99,4406.99,438.2,1.29
2144,Gulmi,Ruru,83.415833,27.962222,804.91,83.416111,27.962222,796.26,83.415833,27.962222,804.91,83.416111,27.962222,796.26,8.65,7.78,5.041,0.1452,7.76,0.008,40.79,40.79,27.3,31.73
2145,Gulmi,Resunga,83.263611,27.996111,804.8,83.2625,27.991944,793.31,83.263611,27.996111,804.8,83.2625,27.991944,793.31,11.49,10.34,26.082,0.7512,53.34,0.053,280.36,280.36,525.7,2.19
2146,Gulmi,Resunga,83.2625,27.991944,793.31,83.263056,27.989444,784.1,83.2625,27.991944,793.31,83.263056,27.989444,784.1,9.21,8.29,58.895,1.6962,96.55,0.097,507.45,507.45,298.9,3.08
2147,Gulmi,Isma,83.256111,28.1075,804.01,83.255,28.111389,792.88,83.256111,28.1075,804.01,83.255,28.111389,792.88,11.13,10.02,303.045,8.7277,600.35,0.6,3155.44,3155.44,535.9,2.08
2148,Gulmi,Satyawati,83.488889,28.005,801.68,83.484444,28.004167,738.9,83.488889,28.005,801.68,83.484444,28.004167,738.9,62.78,56.5,16.142,0.4649,180.38,0.18,948.06,948.06,506.0,12.41
2149,Gulmi,Satyawati,83.484444,28.004167,738.9,83.480278,28.002778,706.0,83.484444,28.004167,738.9,83.480278,28.002778,706.0,32.9,29.61,16.906,0.4869,99.0,0.099,520.35,520.35,523.7,6.28
2150,Gulmi,Satyawati,83.480278,28.002778,706.0,83.475833,28.001111,699.59,83.480278,28.002778,706.0,83.475833,28.001111,699.59,6.41,5.77,17.471,0.5032,19.93,0.02,104.77,104.77,520.0,1.23
2151,Gulmi,Satyawati,83.475833,28.001111,699.59,83.471389,28.0,599.53,83.475833,28.001111,699.59,83.471389,28.0,599.53,100.06,90.05,17.754,0.5113,316.2,0.316,1661.94,1661.94,520.0,19.24
2152,Gulmi,Satyawati,83.471389,28.0,599.53,83.469167,27.997778,569.45,83.471389,28.0,599.53,83.469167,27.997778,569.45,30.08,27.07,18.83,0.5423,100.82,0.101,529.89,529.89,346.8,8.67
2153,Gulmi,Gulmidarbar,83.303889,27.990278,799.65,83.304444,27.990278,791.82,83.303889,27.990278,799.65,83.304444,27.990278,791.82,7.83,7.05,14.119,0.4066,19.68,0.02,103.42,103.42,54.5,14.36
2154,Gulmi,Resunga,83.254167,27.986389,799.64,83.258056,27.988056,792.24,83.254167,27.986389,799.64,83.258056,27.988056,792.24,7.4,6.66,32.31,0.9305,42.56,0.043,223.68,223.68,510.4,1.45
2155,Gulmi,Resunga,83.258056,27.988056,792.24,83.262222,27.989722,786.43,83.258056,27.988056,792.24,83.262222,27.989722,786.43,5.81,5.23,32.702,0.9418,33.82,0.034,177.75,177.75,537.6,1.08
2156,Gulmi,Resunga,83.262222,27.989722,786.43,83.263056,27.989444,784.1,83.262222,27.989722,786.43,83.263056,27.989444,784.1,2.33,2.1,58.895,1.6962,24.43,0.024,128.38,128.38,95.8,2.43
2157,Gulmi,Kaligandaki,83.579722,27.989444,799.16,83.584167,27.988056,562.62,83.579722,27.989444,799.16,83.584167,27.988056,562.62,236.54,212.89,0.715,0.0206,30.1,0.03,158.22,158.22,506.0,46.74
2158,Gulmi,Gulmidarbar,83.309167,27.975833,761.51,83.310556,27.975833,750.27,83.309167,27.975833,761.51,83.310556,27.975833,750.27,11.24,10.12,33.379,0.9613,66.78,0.067,350.99,350.99,136.3,8.24
2159,Gulmi,Kaligandaki,83.562778,28.0925,797.79,83.565278,28.090556,765.58,83.562778,28.0925,797.79,83.565278,28.090556,765.58,32.21,28.99,32.169,0.9265,184.43,0.184,969.36,969.36,360.1,8.94
2160,Gulmi,Chatrakot,83.325556,27.925,797.61,83.325556,27.920833,654.47,83.325556,27.925,797.61,83.325556,27.920833,654.47,143.14,128.83,475.042,13.6812,12103.06,12.103,63613.67,63613.67,484.4,29.55
2161,Gulmi,Gulmidarbar,83.296667,27.975556,797.4,83.297778,27.971389,759.74,83.296667,27.975556,797.4,83.297778,27.971389,759.74,37.66,33.89,0.79,0.0228,5.3,0.005,27.83,27.83,525.7,7.16
2162,Gulmi,Gulmidarbar,83.297778,27.971389,759.74,83.3,27.968333,728.09,83.297778,27.971389,759.74,83.3,27.968333,728.09,31.65,28.48,71.011,2.0451,400.04,0.4,2102.6,2102.6,473.5,6.68
2163,Gulmi,Chatrakot,83.314167,27.955,796.51,83.309444,27.955556,752.35,83.314167,27.955,796.51,83.309444,27.955556,752.35,44.16,39.74,0.993,0.0286,7.81,0.008,41.02,41.02,519.3,8.5
2164,Gulmi,Chatrakot,83.309444,27.955556,752.35,83.305,27.956389,728.34,83.309444,27.955556,752.35,83.305,27.956389,728.34,24.01,21.61,1.755,0.0505,7.5,0.008,39.42,39.42,506.0,4.74
2165,Gulmi,Chatrakot,83.305,27.956389,728.34,83.3025,27.955556,717.33,83.305,27.956389,728.34,83.3025,27.955556,717.33,11.01,9.91,111.02,3.1974,217.57,0.218,1143.53,1143.53,315.2,3.49
2166,Gulmi,Ruru,83.416111,27.962222,796.26,83.420556,27.960556,750.0,83.416111,27.962222,796.26,83.420556,27.960556,750.0,46.26,41.63,5.504,0.1585,45.32,0.045,238.2,238.2,520.0,8.9
2167,Gulmi,Ruru,83.420556,27.960556,750.0,83.424722,27.960278,719.75,83.420556,27.960556,750.0,83.424722,27.960278,719.75,30.25,27.23,6.032,0.1737,32.48,0.032,170.7,170.7,506.7,5.97
2168,Gulmi,Ruru,83.424722,27.960278,719.75,83.429167,27.959444,696.4,83.424722,27.960278,719.75,83.429167,27.959444,696.4,23.35,21.02,6.406,0.1845,26.62,0.027,139.94,139.94,506.0,4.61
2169,Gulmi,Ruru,83.429167,27.959444,696.4,83.430556,27.958611,691.78,83.429167,27.959444,696.4,83.430556,27.958611,691.78,4.62,4.16,15.07,0.434,12.39,0.012,65.13,65.13,195.2,2.37
2170,Gulmi,Chatrakot,83.335,27.966389,794.53,83.337778,27.963056,774.06,83.335,27.966389,794.53,83.337778,27.963056,774.06,20.47,18.42,2.676,0.0771,9.75,0.01,51.25,51.25,508.0,4.03
2171,Gulmi,Chatrakot,83.337778,27.963056,774.06,83.341389,27.961389,750.64,83.337778,27.963056,774.06,83.341389,27.961389,750.64,23.42,21.08,3.967,0.1142,16.54,0.017,86.92,86.92,500.0,4.68
2172,Gulmi,Chatrakot,83.341389,27.961389,750.64,83.346111,27.961111,682.67,83.341389,27.961389,750.64,83.346111,27.961111,682.67,67.97,61.17,4.212,0.1213,50.96,0.051,267.83,267.83,533.3,12.74
2173,Gulmi,Chatrakot,83.346111,27.961111,682.67,83.3475,27.960556,649.71,83.346111,27.961111,682.67,83.3475,27.960556,649.71,32.96,29.66,5.147,0.1482,30.2,0.03,158.71,158.71,164.2,20.07
2174,Gulmi,Musikot,83.238056,28.220833,793.4,83.2425,28.219444,793.19,83.238056,28.220833,793.4,83.2425,28.219444,793.19,0.21,0.19,834.316,24.0283,31.19,0.031,163.91,163.91,523.0,0.04
2175,Gulmi,Musikot,83.2425,28.219444,793.19,83.244722,28.217222,784.88,83.2425,28.219444,793.19,83.244722,28.217222,784.88,8.31,7.48,835.026,24.0487,1235.1,1.235,6491.7,6491.7,329.8,2.52
2176,Gulmi,Isma,83.254167,28.119167,792.76,83.257778,28.118056,792.68,83.254167,28.119167,792.76,83.257778,28.118056,792.68,0.08,0.07,393.446,11.3312,5.6,0.006,29.45,29.45,455.2,0.02
2177,Gulmi,Musikot,83.257778,28.118056,792.68,83.261667,28.119722,784.04,83.257778,28.118056,792.68,83.261667,28.119722,784.04,8.64,7.78,393.672,11.3378,605.41,0.605,3182.04,3182.04,521.3,1.66
2178,Gulmi,Musikot,83.261667,28.119722,784.04,83.266667,28.120278,783.95,83.261667,28.119722,784.04,83.266667,28.120278,783.95,0.09,0.08,394.01,11.3475,6.31,0.006,33.17,33.17,518.7,0.02
2179,Gulmi,Gulmidarbar,83.304444,27.990278,791.82,83.308611,27.988056,780.26,83.304444,27.990278,791.82,83.308611,27.988056,780.26,11.56,10.4,14.411,0.415,29.65,0.03,155.85,155.85,520.7,2.22
2180,Gulmi,Gulmidarbar,83.308611,27.988056,780.26,83.309444,27.987778,778.55,83.308611,27.988056,780.26,83.309444,27.987778,778.55,1.71,1.54,29.707,0.8556,9.04,0.009,47.52,47.52,95.8,1.79
2181,Gulmi,Gulmidarbar,83.338889,28.039444,791.65,83.34,28.039722,784.41,83.338889,28.039444,791.65,83.34,28.039722,784.41,7.24,6.52,17.528,0.5048,22.59,0.023,118.72,118.72,123.0,5.88
2182,Gulmi,Chandrakot,83.384722,28.0625,790.47,83.385556,28.058056,675.4,83.384722,28.0625,790.47,83.385556,28.058056,675.4,115.07,103.56,0.982,0.0283,20.11,0.02,105.71,105.71,525.7,21.89
2183,Gulmi,Chandrakot,83.385556,28.058056,675.4,83.385556,28.057778,673.04,83.385556,28.058056,675.4,83.385556,28.057778,673.04,2.36,2.12,16.413,0.4727,6.89,0.007,36.24,36.24,30.9,7.63
2184,Gulmi,Chatrakot,83.4,28.033889,787.64,83.401944,28.037222,596.05,83.4,28.033889,787.64,83.401944,28.037222,596.05,191.59,172.43,1893.655,54.5373,64576.68,64.577,339415.05,339415.05,443.2,43.23
2185,Gulmi,Ruru,83.454722,27.983056,787.47,83.4575,27.986389,625.9,83.454722,27.983056,787.47,83.4575,27.986389,625.9,161.57,145.41,0.725,0.0209,20.85,0.021,109.59,109.59,508.0,31.8
2186,Gulmi,Ruru,83.4575,27.986389,625.9,83.460833,27.985278,545.84,83.4575,27.986389,625.9,83.460833,27.985278,545.84,80.06,72.05,1.132,0.0326,16.13,0.016,84.79,84.79,528.6,15.15
2187,Gulmi,Chandrakot,83.371111,28.06,785.52,83.367222,28.062778,654.7,83.371111,28.06,785.52,83.367222,28.062778,654.7,130.82,117.74,0.656,0.0189,15.27,0.015,80.29,80.29,521.3,25.09
2188,Gulmi,Musikot,83.244722,28.217222,784.88,83.248889,28.215833,773.11,83.244722,28.217222,784.88,83.248889,28.215833,773.11,11.77,10.59,835.605,24.0654,1750.57,1.751,9201.0,9201.0,506.7,2.32
2189,Gulmi,Musikot,83.248889,28.215833,773.11,83.252778,28.213056,773.02,83.248889,28.215833,773.11,83.252778,28.213056,773.02,0.09,0.08,836.512,24.0915,13.4,0.013,70.43,70.43,521.3,0.02
2190,Gulmi,Musikot,83.252778,28.213056,773.02,83.253889,28.211389,767.93,83.252778,28.213056,773.02,83.253889,28.211389,767.93,5.09,4.58,837.305,24.1144,758.58,0.759,3987.12,3987.12,226.7,2.25
2191,Gulmi,Gulmidarbar,83.34,28.039722,784.41,83.3425,28.043333,770.91,83.34,28.039722,784.41,83.3425,28.043333,770.91,13.5,12.15,17.908,0.5158,43.03,0.043,226.17,226.17,511.7,2.64
2192,Gulmi,Gulmidarbar,83.3425,28.043333,770.91,83.345833,28.046111,723.8,83.3425,28.043333,770.91,83.345833,28.046111,723.8,47.11,42.4,18.705,0.5387,156.85,0.157,824.38,824.38,500.7,9.41
2193,Gulmi,Resunga,83.263056,27.989444,784.1,83.264444,27.985556,776.69,83.263056,27.989444,784.1,83.264444,27.985556,776.69,7.41,6.67,59.251,1.7064,78.15,0.078,410.74,410.74,522.0,1.42
2194,Gulmi,Gulmidarbar,83.268056,27.983333,770.69,83.270556,27.980278,764.67,83.268056,27.983333,770.69,83.270556,27.980278,764.67,6.02,5.42,61.209,1.7628,65.59,0.066,344.72,344.72,504.4,1.19
2195,Gulmi,Musikot,83.267778,28.120278,783.93,83.271667,28.122778,783.84,83.267778,28.120278,783.93,83.271667,28.122778,783.84,0.09,0.08,395.741,11.3973,6.34,0.006,33.32,33.32,535.3,0.02
2196,Gulmi,Musikot,83.271667,28.122778,783.84,83.275556,28.120556,783.75,83.271667,28.122778,783.84,83.275556,28.120556,783.75,0.09,0.08,398.931,11.4892,6.39,0.006,33.59,33.59,493.4,0.02
2197,Gulmi,Musikot,83.278333,28.118056,783.68,83.282222,28.117222,705.89,83.278333,28.118056,783.68,83.282222,28.117222,705.89,77.79,70.01,401.209,11.5548,5555.16,5.555,29197.91,29197.91,513.4,15.15
2198,Gulmi,Musikot,83.282222,28.117222,705.89,83.286944,28.118056,695.07,83.282222,28.117222,705.89,83.286944,28.118056,695.07,10.82,9.74,401.774,11.5711,773.77,0.774,4066.93,4066.93,505.4,2.14
2199,Gulmi,Musikot,83.286944,28.118056,695.07,83.291389,28.119444,694.98,83.286944,28.118056,695.07,83.291389,28.119444,694.98,0.09,0.08,405.557,11.68,6.5,0.006,34.15,34.15,506.0,0.02
2200,Gulmi,Kaligandaki,83.535,28.075278,782.88,83.538056,28.073889,773.67,83.535,28.075278,782.88,83.538056,28.073889,773.67,9.21,8.29,41.175,1.1858,67.5,0.067,354.77,354.77,369.7,2.49
2201,Gulmi,Ruru,83.456667,27.9625,780.72,83.460556,27.96,590.84,83.456667,27.9625,780.72,83.460556,27.96,590.84,189.88,170.89,0.837,0.0241,28.29,0.028,148.68,148.68,507.4,37.43
2202,Gulmi,Ruru,83.460556,27.96,590.84,83.463333,27.9575,545.21,83.460556,27.96,590.84,83.463333,27.9575,545.21,45.63,41.07,3586.634,103.2951,29129.94,29.13,153106.96,153106.96,432.2,10.56
2203,Gulmi,Kaligandaki,83.568889,28.06,744.94,83.565,28.058056,687.44,83.568889,28.06,744.94,83.565,28.058056,687.44,57.5,51.75,1.449,0.0417,14.83,0.015,77.95,77.95,507.4,11.33
2204,Gulmi,Kaligandaki,83.565,28.058056,687.44,83.5625,28.055833,585.69,83.565,28.058056,687.44,83.5625,28.055833,585.69,101.75,91.58,1275.439,36.7326,23099.16,23.099,121409.18,121409.18,391.0,26.02
2205,Gulmi,Satyawati,83.465278,28.013611,779.03,83.462222,28.010278,696.54,83.465278,28.013611,779.03,83.462222,28.010278,696.54,82.49,74.24,2.835,0.0816,41.63,0.042,218.78,218.78,518.3,15.91
2206,Gulmi,Satyawati,83.462222,28.010278,696.54,83.458889,28.007778,596.36,83.462222,28.010278,696.54,83.458889,28.007778,596.36,100.18,90.16,3.13,0.0901,55.81,0.056,293.35,293.35,503.7,19.89
2207,Gulmi,Satyawati,83.458889,28.007778,596.36,83.455556,28.005833,546.33,83.458889,28.007778,596.36,83.455556,28.005833,546.33,50.03,45.03,3.522,0.1014,31.36,0.031,164.85,164.85,503.7,9.93
2208,Gulmi,Satyawati,83.455556,28.005833,546.33,83.454167,28.004444,546.28,83.455556,28.005833,546.33,83.454167,28.004444,546.28,0.05,0.05,1970.427,56.7483,17.54,0.018,92.17,92.17,240.1,0.02
2209,Gulmi,Gulmidarbar,83.309444,27.987778,778.55,83.310833,27.986389,774.39,83.309444,27.987778,778.55,83.310833,27.986389,774.39,4.16,3.74,30.229,0.8706,22.38,0.022,117.65,117.65,223.1,1.86
2210,Gulmi,Musikot,83.291944,28.115833,778.26,83.291389,28.119444,694.98,83.291944,28.115833,778.26,83.291389,28.119444,694.98,83.28,74.95,405.557,11.68,6011.66,6.012,31597.3,31597.3,480.8,17.32
2211,Gulmi,Kaligandaki,83.564444,28.043889,696.02,83.564167,28.04,580.71,83.564444,28.043889,696.02,83.564167,28.04,580.71,115.31,103.78,1.064,0.0306,21.84,0.022,114.78,114.78,501.4,23.0
2212,Gulmi,Kaligandaki,83.564167,28.04,580.71,83.564167,28.0375,580.66,83.564167,28.04,580.71,83.564167,28.0375,580.66,0.05,0.05,1301.772,37.491,11.59,0.012,60.89,60.89,278.3,0.02
2213,Gulmi,Satyawati,83.474444,27.994444,777.05,83.470556,27.9975,613.32,83.474444,27.994444,777.05,83.470556,27.9975,613.32,163.73,147.36,0.599,0.0173,17.46,0.017,91.75,91.75,535.3,30.59
2214,Gulmi,Satyawati,83.470556,27.9975,613.32,83.469167,27.997778,569.45,83.470556,27.9975,613.32,83.469167,27.997778,569.45,43.87,39.48,18.83,0.5423,147.03,0.147,772.81,772.81,178.2,24.62
2215,Gulmi,Chandrakot,83.393611,28.063611,776.64,83.389722,28.061111,730.32,83.393611,28.063611,776.64,83.389722,28.061111,730.32,46.32,41.69,14.716,0.4238,121.33,0.121,637.7,637.7,524.3,8.83
2216,Gulmi,Chandrakot,83.389722,28.061111,730.32,83.389167,28.060556,717.97,83.389722,28.061111,730.32,83.389167,28.060556,717.97,12.35,11.12,15.293,0.4404,33.62,0.034,176.69,176.69,82.5,14.98
2217,Gulmi,Gulmidarbar,83.310833,27.986389,774.39,83.309444,27.9825,765.25,83.310833,27.986389,774.39,83.309444,27.9825,765.25,9.14,8.23,30.505,0.8785,49.63,0.05,260.84,260.84,522.0,1.75
2218,Gulmi,Gulmidarbar,83.309444,27.9825,765.25,83.311111,27.978889,757.94,83.309444,27.9825,765.25,83.311111,27.978889,757.94,7.31,6.58,31.318,0.902,40.75,0.041,214.18,214.18,538.9,1.36
2219,Gulmi,Gulmidarbar,83.311111,27.978889,757.94,83.310833,27.9775,754.01,83.311111,27.978889,757.94,83.310833,27.9775,754.01,3.93,3.54,32.594,0.9387,22.8,0.023,119.84,119.84,185.5,2.12
2220,Gulmi,Kaligandaki,83.538056,28.073889,773.67,83.540833,28.070278,750.16,83.538056,28.073889,773.67,83.540833,28.070278,750.16,23.51,21.16,41.542,1.1964,173.84,0.174,913.69,913.69,522.0,4.5
2221,Gulmi,Kaligandaki,83.540833,28.070278,750.16,83.544722,28.068889,692.09,83.540833,28.070278,750.16,83.544722,28.068889,692.09,58.07,52.26,42.076,1.2118,434.9,0.435,2285.83,2285.83,502.4,11.56
2222,Gulmi,Kaligandaki,83.544722,28.068889,692.09,83.547778,28.068889,671.2,83.544722,28.068889,692.09,83.547778,28.068889,671.2,20.89,18.8,43.27,1.2462,160.89,0.161,845.63,845.63,327.8,6.37
2223,Gulmi,Satyawati,83.522778,27.973611,770.44,83.521944,27.969167,688.75,83.522778,27.973611,770.44,83.521944,27.969167,688.75,81.69,73.52,0.556,0.016,8.08,0.008,42.49,42.49,525.7,15.54
2224,Gulmi,Satyawati,83.521944,27.969167,688.75,83.523889,27.966667,546.57,83.521944,27.969167,688.75,83.523889,27.966667,546.57,142.18,127.96,0.992,0.0286,25.1,0.025,131.95,131.95,510.4,27.86
2225,Gulmi,Satyawati,83.523889,27.966667,546.57,83.522778,27.965556,546.54,83.523889,27.966667,546.57,83.522778,27.965556,546.54,0.03,0.03,1562.276,44.9935,8.34,0.008,43.85,43.85,164.9,0.02
2226,Gulmi,Kaligandaki,83.578333,27.9725,631.59,83.575833,27.975556,549.7,83.578333,27.9725,631.59,83.575833,27.975556,549.7,81.89,73.7,1528.642,44.0249,22281.21,22.281,117110.02,117110.02,449.8,18.21
2227,Gulmi,Chandrakot,83.383333,28.081667,769.11,83.38,28.078889,748.13,83.383333,28.081667,769.11,83.38,28.078889,748.13,20.98,18.88,125.886,3.6255,470.09,0.47,2470.82,2470.82,517.7,4.05
2228,Gulmi,Chandrakot,83.38,28.078889,748.13,83.377222,28.077778,733.51,83.38,28.078889,748.13,83.377222,28.077778,733.51,14.62,13.16,126.851,3.6533,330.1,0.33,1735.0,1735.0,328.5,4.45
2229,Gulmi,Musikot,83.253889,28.211389,767.93,83.254444,28.206944,759.67,83.253889,28.211389,767.93,83.254444,28.206944,759.67,8.26,7.43,837.996,24.1343,1232.04,1.232,6475.59,6475.59,515.4,1.6
2230,Gulmi,Musikot,83.254444,28.206944,759.67,83.254722,28.206111,757.79,83.254444,28.206944,759.67,83.254722,28.206111,757.79,1.88,1.69,838.512,24.1491,280.59,0.281,1474.77,1474.77,103.1,1.82
2231,Gulmi,Ruru,83.410556,27.9475,738.94,83.415556,27.948056,696.79,83.410556,27.9475,738.94,83.415556,27.948056,696.79,42.15,37.94,1.738,0.0501,13.04,0.013,68.53,68.53,518.7,8.13
2232,Gulmi,Ruru,83.415556,27.948056,696.79,83.420278,27.946944,669.36,83.415556,27.948056,696.79,83.420278,27.946944,669.36,27.43,24.69,2.597,0.0748,12.68,0.013,66.64,66.64,519.3,5.28
2233,Gulmi,Ruru,83.420278,27.946944,669.36,83.424444,27.944722,578.75,83.420278,27.946944,669.36,83.424444,27.944722,578.75,90.61,81.55,3.074,0.0885,49.58,0.05,260.58,260.58,520.7,17.4
2234,Gulmi,Ruru,83.424444,27.944722,578.75,83.427222,27.941389,495.84,83.424444,27.944722,578.75,83.427222,27.941389,495.84,82.91,74.62,3.681,0.106,54.32,0.054,285.52,285.52,508.0,16.32
2235,Gulmi,Ruru,83.427222,27.941389,495.84,83.428333,27.94,472.73,83.427222,27.941389,495.84,83.428333,27.94,472.73,23.11,20.8,596.96,17.1924,2455.54,2.456,12906.32,12906.32,212.8,10.86
2236,Gulmi,Kaligandaki,83.541667,28.058333,766.93,83.545556,28.055833,723.96,83.541667,28.058333,766.93,83.545556,28.055833,723.96,42.97,38.67,14.396,0.4146,110.11,0.11,578.71,578.71,507.4,8.47
2237,Gulmi,Kaligandaki,83.545556,28.055833,723.96,83.549722,28.054722,685.06,83.545556,28.055833,723.96,83.549722,28.054722,685.06,38.9,35.01,15.131,0.4358,104.77,0.105,550.65,550.65,509.7,7.63
2238,Gulmi,Kaligandaki,83.549722,28.054722,685.06,83.553056,28.051944,675.08,83.549722,28.054722,685.06,83.553056,28.051944,675.08,9.98,8.98,15.503,0.4465,27.54,0.028,144.75,144.75,534.6,1.87
2239,Gulmi,Kaligandaki,83.553056,28.051944,675.08,83.5575,28.051389,606.44,83.553056,28.051944,675.08,83.5575,28.051389,606.44,68.64,61.78,15.883,0.4574,194.05,0.194,1019.92,1019.92,520.0,13.2
2240,Gulmi,Kaligandaki,83.5575,28.051389,606.44,83.560833,28.048611,585.54,83.5575,28.051389,606.44,83.560833,28.048611,585.54,20.9,18.81,1293.107,37.2415,4810.42,4.81,25283.56,25283.56,500.7,4.17
2241,Gulmi,Kaligandaki,83.565278,28.090556,765.58,83.569722,28.089167,711.56,83.565278,28.090556,765.58,83.569722,28.089167,711.56,54.02,48.62,32.873,0.9467,316.08,0.316,1661.31,1661.31,506.0,10.68
2242,Gulmi,Kaligandaki,83.569722,28.089167,711.56,83.574167,28.087778,698.72,83.569722,28.089167,711.56,83.574167,28.087778,698.72,12.84,11.56,33.324,0.9597,76.16,0.076,400.29,400.29,534.0,2.4
2243,Gulmi,Ruru,83.426111,27.969722,765.23,83.426111,27.968889,756.61,83.426111,27.969722,765.23,83.426111,27.968889,756.61,8.62,7.76,7.558,0.2177,11.6,0.012,60.95,60.95,92.8,9.3
2244,Gulmi,Chatrakot,83.330278,27.95,765.17,83.335,27.95,712.34,83.330278,27.95,765.17,83.335,27.95,712.34,52.83,47.55,3.46,0.0996,32.54,0.033,171.01,171.01,519.3,10.17
2245,Gulmi,Chatrakot,83.335,27.95,712.34,83.34,27.949444,674.44,83.335,27.95,712.34,83.34,27.949444,674.44,37.9,34.11,3.953,0.1138,26.67,0.027,140.16,140.16,518.7,7.31
2246,Gulmi,Chatrakot,83.34,27.949444,674.44,83.344167,27.948889,605.28,83.34,27.949444,674.44,83.344167,27.948889,605.28,69.16,62.24,4.164,0.1199,51.26,0.051,269.42,269.42,520.7,13.28
2247,Gulmi,Chatrakot,83.344167,27.948889,605.28,83.344444,27.948889,604.17,83.344167,27.948889,605.28,83.344444,27.948889,604.17,1.11,1.0,499.88,14.3965,98.76,0.099,519.09,519.09,27.3,4.06
2248,Gulmi,Musikot,83.290556,28.167778,762.38,83.2875,28.166944,702.01,83.290556,28.167778,762.38,83.2875,28.166944,702.01,60.37,54.33,1196.401,34.4563,12855.83,12.856,67570.22,67570.22,386.7,15.61
2249,Gulmi,Musikot,83.339722,28.105,762.22,83.337222,28.101667,717.31,83.339722,28.105,762.22,83.337222,28.101667,717.31,44.91,40.42,19.195,0.5528,153.44,0.153,806.47,806.47,518.3,8.66
2250,Gulmi,Chandrakot,83.337222,28.101667,717.31,83.333056,28.103056,692.86,83.337222,28.101667,717.31,83.333056,28.103056,692.86,24.45,22.0,19.357,0.5575,84.24,0.084,442.77,442.77,506.7,4.83
2251,Gulmi,Musikot,83.333056,28.103056,692.86,83.328889,28.1025,653.13,83.333056,28.103056,692.86,83.328889,28.1025,653.13,39.73,35.76,19.422,0.5594,137.35,0.137,721.89,721.89,509.7,7.79
2252,Gulmi,Gulmidarbar,83.328889,28.1025,653.13,83.328889,28.102222,651.71,83.328889,28.1025,653.13,83.328889,28.102222,651.71,1.42,1.28,1678.72,48.3471,424.3,0.424,2230.1,2230.1,30.9,4.6
2253,Gulmi,Chatrakot,83.349722,27.936667,760.53,83.346389,27.936389,630.86,83.349722,27.936667,760.53,83.346389,27.936389,630.86,129.67,116.7,493.056,14.2,11379.88,11.38,59812.67,59812.67,341.1,38.01
2254,Gulmi,Gulmidarbar,83.289167,27.974167,760.22,83.290556,27.97,744.48,83.289167,27.974167,760.22,83.290556,27.97,744.48,15.74,14.17,4.027,0.116,11.28,0.011,59.3,59.3,536.0,2.94
2255,Gulmi,Gulmidarbar,83.290556,27.97,744.48,83.291667,27.967222,734.45,83.290556,27.97,744.48,83.291667,27.967222,734.45,10.03,9.03,69.472,2.0008,124.03,0.124,651.88,651.88,350.4,2.86
2256,Gulmi,Kaligandaki,83.609444,28.000278,758.04,83.605,28.001667,582.03,83.609444,28.000278,758.04,83.605,28.001667,582.03,176.01,158.41,0.72,0.0207,22.56,0.023,118.56,118.56,506.0,34.78
2257,Gulmi,Kaligandaki,83.605,28.001667,582.03,83.603333,28.0,579.49,83.605,28.001667,582.03,83.603333,28.0,579.49,2.54,2.29,1474.705,42.4715,666.72,0.667,3504.26,3504.26,264.3,0.96
2258,Gulmi,Musikot,83.254722,28.206111,757.79,83.258611,28.204167,753.75,83.254722,28.206111,757.79,83.258611,28.204167,753.75,4.04,3.64,839.855,24.1878,603.93,0.604,3174.26,3174.26,479.4,0.84
2259,Gulmi,Ruru,83.426111,27.968889,756.61,83.428056,27.965,726.3,83.426111,27.968889,756.61,83.428056,27.965,726.3,30.31,27.28,7.873,0.2267,42.47,0.042,223.25,223.25,505.0,6.0
2260,Gulmi,Ruru,83.428056,27.965,726.3,83.429167,27.960833,700.69,83.428056,27.965,726.3,83.429167,27.960833,700.69,25.61,23.05,8.443,0.2432,38.49,0.038,202.29,202.29,525.7,4.87
2261,Gulmi,Ruru,83.429167,27.960833,700.69,83.430556,27.958611,691.78,83.429167,27.960833,700.69,83.430556,27.958611,691.78,8.91,8.02,15.07,0.434,23.9,0.024,125.62,125.62,298.9,2.98
2262,Gulmi,Satyawati,83.512222,27.981111,754.05,83.511389,27.976667,634.7,83.512222,27.981111,754.05,83.511389,27.976667,634.7,119.35,107.41,1.989,0.0573,42.25,0.042,222.08,222.08,525.7,22.7
2263,Gulmi,Satyawati,83.511389,27.976667,634.7,83.509444,27.973611,546.26,83.511389,27.976667,634.7,83.509444,27.973611,546.26,88.44,79.6,2.533,0.073,39.87,0.04,209.58,209.58,412.3,21.45
2264,Gulmi,Gulmidarbar,83.310833,27.9775,754.01,83.310556,27.975833,750.27,83.310833,27.9775,754.01,83.310556,27.975833,750.27,3.74,3.37,33.379,0.9613,22.22,0.022,116.79,116.79,195.8,1.91
2265,Gulmi,Musikot,83.258611,28.204167,753.75,83.259722,28.199722,750.15,83.258611,28.204167,753.75,83.259722,28.199722,750.15,3.6,3.24,840.787,24.2147,538.75,0.539,2831.69,2831.69,536.0,0.67
2266,Gulmi,Musikot,83.259722,28.199722,750.15,83.264722,28.199722,742.5,83.259722,28.199722,750.15,83.264722,28.199722,742.5,7.65,6.88,841.241,24.2277,1145.47,1.145,6020.59,6020.59,518.7,1.47
2267,Gulmi,Musikot,83.264722,28.199722,742.5,83.268333,28.1975,737.5,83.264722,28.199722,742.5,83.268333,28.1975,737.5,5.0,4.5,841.871,24.2459,749.23,0.749,3937.98,3937.98,500.0,1.0
2268,Gulmi,Musikot,83.268333,28.1975,737.5,83.269167,28.196944,736.01,83.268333,28.1975,737.5,83.269167,28.196944,736.01,1.49,1.34,842.955,24.2771,223.56,0.224,1175.03,1175.03,109.7,1.36
2269,Gulmi,Ruru,83.431111,28.010278,752.36,83.433333,28.010833,651.95,83.431111,28.010278,752.36,83.433333,28.010833,651.95,100.41,90.37,1.031,0.0297,18.43,0.018,96.85,96.85,246.0,40.81
2270,Gulmi,Kaligandaki,83.596944,28.019444,579.93,83.597778,28.018333,579.9,83.596944,28.019444,579.93,83.597778,28.018333,579.9,0.03,0.03,1331.041,38.334,7.11,0.007,37.36,37.36,154.6,0.02
2271,Gulmi,Musikot,83.282222,28.190278,751.22,83.279167,28.190278,747.0,83.282222,28.190278,751.22,83.279167,28.190278,747.0,4.22,3.8,338.129,9.7381,253.98,0.254,1334.91,1334.91,327.8,1.29
2272,Gulmi,Gulmidarbar,83.310556,27.975833,750.27,83.310556,27.973056,744.72,83.310556,27.975833,750.27,83.310556,27.973056,744.72,5.55,4.99,34.284,0.9874,33.87,0.034,178.01,178.01,329.8,1.68
2273,Gulmi,Gulmidarbar,83.280833,27.968056,747.34,83.285278,27.9675,741.14,83.280833,27.968056,747.34,83.285278,27.9675,741.14,6.2,5.58,64.757,1.865,71.46,0.071,375.61,375.61,537.0,1.15
2274,Gulmi,Gulmidarbar,83.285278,27.9675,741.14,83.289722,27.9675,736.32,83.285278,27.9675,741.14,83.289722,27.9675,736.32,4.82,4.34,65.337,1.8817,56.05,0.056,294.62,294.62,520.0,0.93
2275,Gulmi,Gulmidarbar,83.289722,27.9675,736.32,83.291667,27.967222,734.45,83.289722,27.9675,736.32,83.291667,27.967222,734.45,1.87,1.68,69.472,2.0008,23.12,0.023,121.54,121.54,204.8,0.91
2276,Gulmi,Chatrakot,83.352778,27.966944,748.68,83.352778,27.962778,669.45,83.352778,27.966944,748.68,83.352778,27.962778,669.45,79.23,71.31,5.714,0.1646,80.58,0.081,423.53,423.53,505.0,15.69
2277,Gulmi,Chatrakot,83.352778,27.962778,669.45,83.3525,27.958889,639.8,83.352778,27.962778,669.45,83.3525,27.958889,639.8,29.65,26.69,6.301,0.1815,33.25,0.033,174.78,174.78,505.0,5.87
2278,Gulmi,Chatrakot,83.3525,27.958889,639.8,83.349722,27.957222,622.55,83.3525,27.958889,639.8,83.349722,27.957222,622.55,17.25,15.53,11.769,0.3389,36.14,0.036,189.93,189.93,356.4,4.84
2279,Gulmi,Satyawati,83.451389,28.031111,748.45,83.447778,28.028611,708.96,83.451389,28.031111,748.45,83.447778,28.028611,708.96,39.49,35.54,10.136,0.2919,71.25,0.071,374.46,374.46,514.0,7.68
2280,Gulmi,Satyawati,83.447778,28.028611,708.96,83.446389,28.0275,692.32,83.447778,28.028611,708.96,83.446389,28.0275,692.32,16.64,14.98,11.598,0.334,34.35,0.034,180.55,180.55,209.1,7.96
2281,Gulmi,Kaligandaki,83.569444,28.054722,747.44,83.564722,28.055556,684.35,83.569444,28.054722,747.44,83.564722,28.055556,684.35,63.09,56.78,0.522,0.015,5.86,0.006,30.81,30.81,505.4,12.48
2282,Gulmi,Kaligandaki,83.564722,28.055556,684.35,83.561389,28.053056,585.63,83.564722,28.055556,684.35,83.561389,28.053056,585.63,98.72,88.85,0.565,0.0163,9.93,0.01,52.18,52.18,503.7,19.6
2283,Gulmi,Chatrakot,83.339722,27.939444,747.19,83.3425,27.940556,630.75,83.339722,27.939444,747.19,83.3425,27.940556,630.75,116.44,104.8,494.91,14.2534,10257.24,10.257,53912.05,53912.05,328.5,35.45
2284,Gulmi,Musikot,83.276111,28.188889,731.5,83.273611,28.187222,726.72,83.276111,28.188889,731.5,83.273611,28.187222,726.72,4.78,4.3,1183.311,34.0794,1006.77,1.007,5291.57,5291.57,329.1,1.45
2285,Gulmi,Satyawati,83.479167,27.989444,746.75,83.478056,27.985833,684.65,83.479167,27.989444,746.75,83.478056,27.985833,684.65,62.1,55.89,0.754,0.0217,8.33,0.008,43.8,43.8,505.0,12.3
2286,Gulmi,Satyawati,83.478056,27.985833,684.65,83.478611,27.981667,643.52,83.478056,27.985833,684.65,83.478611,27.981667,643.52,41.13,37.02,0.898,0.0259,6.57,0.007,34.55,34.55,525.7,7.82
2287,Gulmi,Satyawati,83.478611,27.981667,643.52,83.478333,27.977778,545.7,83.478611,27.981667,643.52,83.478333,27.977778,545.7,97.82,88.04,1.092,0.0314,19.01,0.019,99.93,99.93,505.0,19.37
2288,Gulmi,Ruru,83.463889,27.959722,545.26,83.463333,27.958889,545.24,83.463889,27.959722,545.26,83.463333,27.958889,545.24,0.02,0.02,2003.836,57.7105,7.13,0.007,37.49,37.49,113.4,0.02
2289,Gulmi,Gulmidarbar,83.310556,27.973056,744.72,83.309722,27.969167,737.42,83.310556,27.973056,744.72,83.309722,27.969167,737.42,7.3,6.57,34.672,0.9986,45.05,0.045,236.79,236.79,505.0,1.45
2290,Gulmi,Gulmidarbar,83.309722,27.969167,737.42,83.309444,27.968333,735.61,83.309722,27.969167,737.42,83.309444,27.968333,735.61,1.81,1.63,36.019,1.0373,11.6,0.012,60.99,60.99,103.1,1.76
2291,Gulmi,Chatrakot,83.406667,28.026111,742.62,83.406667,28.030278,666.7,83.406667,28.026111,742.62,83.406667,28.030278,666.7,75.92,68.33,21.7,0.625,293.24,0.293,1541.25,1541.25,505.0,15.03
2292,Gulmi,Chatrakot,83.406667,28.030278,666.7,83.410556,28.032778,594.82,83.406667,28.030278,666.7,83.410556,28.032778,594.82,71.88,64.69,21.952,0.6322,280.86,0.281,1476.18,1476.18,507.4,14.17
2293,Gulmi,Chatrakot,83.410556,28.032778,594.82,83.411944,28.034167,584.3,83.410556,28.032778,594.82,83.411944,28.034167,584.3,10.52,9.47,1919.936,55.2942,3595.05,3.595,18895.57,18895.57,240.1,4.39
2294,Gulmi,Musikot,83.269167,28.196944,736.01,83.270833,28.193056,734.23,83.269167,28.196944,736.01,83.270833,28.193056,734.23,1.78,1.6,843.459,24.2916,267.23,0.267,1404.56,1404.56,532.3,0.33
2295,Gulmi,Musikot,83.270833,28.193056,734.23,83.270833,28.191389,732.44,83.270833,28.193056,734.23,83.270833,28.191389,732.44,1.79,1.61,844.448,24.3201,269.05,0.269,1414.11,1414.11,206.1,0.87
2296,Gulmi,Satyawati,83.4525,28.024444,735.85,83.449444,28.021389,680.66,83.4525,28.024444,735.85,83.449444,28.021389,680.66,55.19,49.67,10.18,0.2932,100.0,0.1,525.61,525.61,504.4,10.94
2297,Gulmi,Satyawati,83.449444,28.021389,680.66,83.445,28.020556,643.54,83.449444,28.021389,680.66,83.445,28.020556,643.54,37.12,33.41,10.287,0.2963,67.97,0.068,357.24,357.24,523.0,7.1
2298,Gulmi,Satyawati,83.445,28.020556,643.54,83.440833,28.018889,613.76,83.445,28.020556,643.54,83.440833,28.018889,613.76,29.78,26.8,10.774,0.3103,57.11,0.057,300.16,300.16,520.7,5.72
2299,Gulmi,Satyawati,83.440833,28.018889,613.76,83.439444,28.018333,599.32,83.440833,28.018889,613.76,83.439444,28.018333,599.32,14.44,13.0,23.409,0.6742,60.17,0.06,316.23,316.23,164.2,8.79
2300,Gulmi,Gulmidarbar,83.309444,27.968333,735.61,83.305,27.966944,729.31,83.309444,27.968333,735.61,83.305,27.966944,729.31,6.3,5.67,36.451,1.0498,40.87,0.041,214.84,214.84,523.0,1.21
2301,Gulmi,Gulmidarbar,83.305,27.966944,729.31,83.301667,27.964722,724.02,83.305,27.966944,729.31,83.301667,27.964722,724.02,5.29,4.76,108.006,3.1106,101.7,0.102,534.52,534.52,506.7,1.04
2302,Gulmi,Gulmidarbar,83.291667,27.967222,734.45,83.295833,27.968056,730.54,83.291667,27.967222,734.45,83.295833,27.968056,730.54,3.91,3.52,69.765,2.0092,48.55,0.049,255.19,255.19,506.7,0.77
2303,Gulmi,Gulmidarbar,83.295833,27.968056,730.54,83.3,27.968333,728.09,83.295833,27.968056,730.54,83.3,27.968333,728.09,2.45,2.2,71.011,2.0451,30.97,0.031,162.76,162.76,478.8,0.51
2304,Gulmi,Chandrakot,83.377222,28.077778,733.51,83.373611,28.075,717.14,83.377222,28.077778,733.51,83.373611,28.075,717.14,16.37,14.73,127.512,3.6723,371.54,0.372,1952.8,1952.8,511.0,3.2
2305,Gulmi,Chandrakot,83.373611,28.075,717.14,83.368889,28.075,698.91,83.373611,28.075,717.14,83.368889,28.075,698.91,18.23,16.41,127.736,3.6788,414.48,0.414,2178.5,2178.5,519.3,3.51
2306,Gulmi,Chandrakot,83.368889,28.075,698.91,83.367222,28.075,693.76,83.368889,28.075,698.91,83.367222,28.075,693.76,5.15,4.63,128.704,3.7067,117.98,0.118,620.09,620.09,163.6,3.15
2307,Gulmi,Ruru,83.423333,27.932222,529.1,83.423056,27.934167,480.99,83.423333,27.932222,529.1,83.423056,27.934167,480.99,48.11,43.3,592.302,17.0583,5072.02,5.072,26658.52,26658.52,226.8,21.22
2308,Gulmi,Musikot,83.270833,28.191389,732.44,83.273611,28.188056,726.74,83.270833,28.191389,732.44,83.273611,28.188056,726.74,5.7,5.13,844.76,24.3291,857.06,0.857,4504.7,4504.7,508.0,1.12
2309,Gulmi,Kaligandaki,83.574167,28.068333,730.04,83.572222,28.071944,586.12,83.574167,28.068333,730.04,83.572222,28.071944,586.12,143.92,129.53,0.627,0.0181,16.06,0.016,84.42,84.42,515.3,27.93
2310,Gulmi,Gulmidarbar,83.330833,28.097222,729.09,83.333056,28.098333,646.0,83.330833,28.097222,729.09,83.333056,28.098333,646.0,83.09,74.78,1679.722,48.376,24842.09,24.842,130570.05,130570.05,290.9,28.56
2311,Gulmi,Gulmidarbar,83.3,27.968333,728.09,83.301667,27.964722,724.02,83.3,27.968333,728.09,83.301667,27.964722,724.02,4.07,3.66,108.006,3.1106,78.24,0.078,411.24,411.24,518.3,0.79
2312,Gulmi,Musikot,83.273611,28.187222,726.72,83.274444,28.183333,722.35,83.273611,28.187222,726.72,83.274444,28.183333,722.35,4.37,3.93,1184.095,34.1019,921.02,0.921,4840.89,4840.89,525.6,0.83
2313,Gulmi,Musikot,83.274444,28.183333,722.35,83.279167,28.181944,718.18,83.274444,28.183333,722.35,83.279167,28.181944,718.18,4.17,3.75,1184.704,34.1195,879.32,0.879,4621.72,4621.72,533.3,0.78
2314,Gulmi,Musikot,83.279167,28.181944,718.18,83.280833,28.179444,715.18,83.279167,28.181944,718.18,83.280833,28.179444,715.18,3.0,2.7,1186.153,34.1612,633.38,0.633,3329.04,3329.04,411.6,0.73
2315,Gulmi,Chatrakot,83.306389,27.930278,725.46,83.307222,27.928056,675.01,83.306389,27.930278,725.46,83.307222,27.928056,675.01,50.45,45.41,471.044,13.5661,4229.85,4.23,22232.08,22232.08,278.3,18.13
2316,Gulmi,Kaligandaki,83.554167,28.037222,723.98,83.556667,28.037778,634.64,83.554167,28.037222,723.98,83.556667,28.037778,634.64,89.34,80.41,5.191,0.1495,82.55,0.083,433.86,433.86,273.3,32.69
2317,Gulmi,Gulmidarbar,83.346111,28.046389,723.79,83.349444,28.049167,707.75,83.346111,28.046389,723.79,83.349444,28.049167,707.75,16.04,14.44,19.967,0.575,57.01,0.057,299.62,299.62,500.7,3.2
2318,Gulmi,Gulmidarbar,83.349444,28.049167,707.75,83.353611,28.050833,696.8,83.349444,28.049167,707.75,83.353611,28.050833,696.8,10.95,9.86,20.741,0.5973,40.42,0.04,212.47,212.47,520.7,2.1
2319,Gulmi,Chatrakot,83.353611,28.050833,696.8,83.358056,28.048889,659.72,83.353611,28.050833,696.8,83.358056,28.048889,659.72,37.08,33.37,21.161,0.6094,139.66,0.14,734.06,734.06,534.0,6.94
2320,Gulmi,Chatrakot,83.358056,28.048889,659.72,83.363056,28.048333,642.79,83.358056,28.048889,659.72,83.363056,28.048333,642.79,16.93,15.24,22.184,0.6389,66.85,0.067,351.36,351.36,518.7,3.26
2321,Gulmi,Gulmidarbar,83.363056,28.048333,642.79,83.366667,28.049722,627.4,83.363056,28.048333,642.79,83.366667,28.049722,627.4,15.39,13.85,26.222,0.7552,71.83,0.072,377.54,377.54,452.2,3.4
2322,Gulmi,Chandrakot,83.389167,28.060556,717.97,83.385556,28.057778,673.04,83.389167,28.060556,717.97,83.385556,28.057778,673.04,44.93,40.44,16.413,0.4727,131.26,0.131,689.89,689.89,511.0,8.79
2323,Gulmi,Ruru,83.433333,28.009167,715.91,83.433333,28.010833,651.95,83.433333,28.009167,715.91,83.433333,28.010833,651.95,63.96,57.56,1.031,0.0297,11.74,0.012,61.69,61.69,185.5,34.48
2324,Gulmi,Musikot,83.280833,28.179444,715.18,83.280556,28.176111,713.24,83.280833,28.179444,715.18,83.280556,28.176111,713.24,1.94,1.75,1187.608,34.2031,410.09,0.41,2155.42,2155.42,422.6,0.46
2325,Gulmi,Musikot,83.280556,28.176111,713.24,83.282778,28.1725,707.5,83.280556,28.176111,713.24,83.282778,28.1725,707.5,5.74,5.17,1187.907,34.2117,1213.66,1.214,6378.99,6378.99,518.3,1.11
2326,Gulmi,Musikot,83.282778,28.1725,707.5,83.286111,28.17,704.51,83.282778,28.1725,707.5,83.286111,28.17,704.51,2.99,2.69,1188.499,34.2288,632.52,0.633,3324.51,3324.51,520.7,0.58
2327,Gulmi,Chatrakot,83.373333,27.966111,710.75,83.371944,27.964722,676.16,83.373333,27.966111,710.75,83.371944,27.964722,676.16,34.59,31.13,2.301,0.0663,14.17,0.014,74.46,74.46,223.1,15.5
2328,Gulmi,Satyawati,83.465,28.003611,708.87,83.464722,27.999722,659.46,83.465,28.003611,708.87,83.464722,27.999722,659.46,49.41,44.47,0.97,0.0279,8.53,0.009,44.84,44.84,501.4,9.85
2329,Gulmi,Ruru,83.464722,27.999722,659.46,83.461667,27.996111,546.03,83.464722,27.999722,659.46,83.461667,27.996111,546.03,113.43,102.09,1975.676,56.8995,39888.32,39.888,209652.99,209652.99,532.3,21.31
2330,Gulmi,Kaligandaki,83.547778,28.069722,707.15,83.547778,28.068889,671.2,83.547778,28.069722,707.15,83.547778,28.068889,671.2,35.95,32.35,43.27,1.2462,276.88,0.277,1455.27,1455.27,92.8,38.75
2331,Gulmi,Chatrakot,83.370833,27.965556,706.34,83.371944,27.964722,676.16,83.370833,27.965556,706.34,83.371944,27.964722,676.16,30.18,27.16,2.301,0.0663,12.36,0.012,64.97,64.97,167.9,17.97
2332,Gulmi,Musikot,83.286111,28.169722,704.5,83.2875,28.166944,702.01,83.286111,28.169722,704.5,83.2875,28.166944,702.01,2.49,2.24,1196.401,34.4563,530.25,0.53,2786.98,2786.98,377.7,0.66
2333,Gulmi,Chatrakot,83.293333,27.923611,682.82,83.292778,27.925,677.5,83.293333,27.923611,682.82,83.292778,27.925,677.5,5.32,4.79,466.788,13.4435,442.01,0.442,2323.21,2323.21,175.2,3.03
2334,Gulmi,Musikot,83.2875,28.166944,702.01,83.289167,28.165833,700.5,83.2875,28.166944,702.01,83.289167,28.165833,700.5,1.51,1.36,1198.54,34.518,322.13,0.322,1693.12,1693.12,219.4,0.68
2335,Gulmi,Musikot,83.289167,28.165833,700.5,83.2925,28.163056,698.98,83.289167,28.165833,700.5,83.2925,28.163056,698.98,1.52,1.37,1198.817,34.5259,324.34,0.324,1704.72,1704.72,500.7,0.3
2336,Gulmi,Musikot,83.2925,28.163056,698.98,83.293056,28.161667,698.95,83.2925,28.163056,698.98,83.293056,28.161667,698.95,0.03,0.03,1199.49,34.5453,6.41,0.006,33.66,33.66,175.2,0.02
2337,Gulmi,Chandrakot,83.368056,28.068056,700.49,83.363611,28.066667,650.91,83.368056,28.068056,700.49,83.363611,28.066667,650.91,49.58,44.62,0.804,0.0232,7.1,0.007,37.29,37.29,506.0,9.8
2338,Gulmi,Chatrakot,83.286944,27.924722,682.0,83.291944,27.925,678.01,83.286944,27.924722,682.0,83.291944,27.925,678.01,3.99,3.59,415.765,11.974,295.27,0.295,1551.95,1551.95,504.7,0.79
2339,Gulmi,Chatrakot,83.291944,27.925,678.01,83.292778,27.925,677.5,83.291944,27.925,678.01,83.292778,27.925,677.5,0.51,0.46,466.788,13.4435,42.37,0.042,222.71,222.71,81.8,0.62
2340,Gulmi,Musikot,83.293056,28.161667,698.95,83.293889,28.159444,698.07,83.293056,28.161667,698.95,83.293889,28.159444,698.07,0.88,0.79,1201.35,34.5989,188.17,0.188,989.03,989.03,298.9,0.29
2341,Gulmi,Kaligandaki,83.575278,28.086944,698.69,83.576389,28.0825,676.7,83.575278,28.086944,698.69,83.576389,28.0825,676.7,21.99,19.79,34.985,1.0076,136.93,0.137,719.72,719.72,536.0,4.1
2342,Gulmi,Kaligandaki,83.576389,28.0825,676.7,83.578889,28.078889,608.69,83.576389,28.0825,676.7,83.578889,28.078889,608.69,68.01,61.21,35.113,1.0113,425.05,0.425,2234.08,2234.08,511.7,13.29
2343,Gulmi,Kaligandaki,83.578889,28.078889,608.69,83.580278,28.0775,586.32,83.578889,28.078889,608.69,83.580278,28.0775,586.32,22.37,20.13,1217.472,35.0632,4847.6,4.848,25479.0,25479.0,240.1,9.32
2344,Gulmi,Musikot,83.293889,28.159444,698.07,83.296667,28.156111,696.61,83.293889,28.159444,698.07,83.296667,28.156111,696.61,1.46,1.31,1202.699,34.6377,312.54,0.313,1642.73,1642.73,491.1,0.3
2345,Gulmi,Musikot,83.296667,28.156111,696.61,83.298056,28.1525,696.53,83.296667,28.156111,696.61,83.298056,28.1525,696.53,0.08,0.07,1204.409,34.687,17.15,0.017,90.14,90.14,453.5,0.02
2346,Gulmi,Musikot,83.298056,28.1525,696.53,83.299167,28.148333,696.44,83.298056,28.1525,696.53,83.299167,28.148333,696.44,0.09,0.08,1205.441,34.7167,19.31,0.019,101.5,101.5,505.0,0.02
2347,Gulmi,Musikot,83.299167,28.148056,696.44,83.300278,28.144722,682.01,83.299167,28.148056,696.44,83.300278,28.144722,682.01,14.43,12.99,1213.522,34.9494,3116.85,3.117,16382.17,16382.17,432.9,3.33
2348,Gulmi,Resunga,83.291389,28.119444,694.98,83.296111,28.12,689.16,83.291389,28.119444,694.98,83.296111,28.12,689.16,5.82,5.24,406.324,11.7021,420.92,0.421,2212.35,2212.35,519.3,1.12
2349,Gulmi,Musikot,83.296111,28.12,689.16,83.297222,28.120278,685.85,83.296111,28.12,689.16,83.297222,28.120278,685.85,3.31,2.98,406.884,11.7183,239.72,0.24,1259.96,1259.96,123.0,2.69
2350,Gulmi,Chandrakot,83.367222,28.075,693.76,83.362778,28.075556,678.48,83.367222,28.075,693.76,83.362778,28.075556,678.48,15.28,13.75,129.202,3.721,351.39,0.351,1846.93,1846.93,520.0,2.94
2351,Gulmi,Chandrakot,83.362778,28.075556,678.48,83.361667,28.075,675.36,83.362778,28.075556,678.48,83.361667,28.075,675.36,3.12,2.81,129.852,3.7397,72.11,0.072,379.02,379.02,137.0,2.28
2352,Gulmi,Satyawati,83.446389,28.0275,692.32,83.444722,28.023889,656.54,83.446389,28.0275,692.32,83.444722,28.023889,656.54,35.78,32.2,12.272,0.3534,78.16,0.078,410.78,410.78,501.4,7.14
2353,Gulmi,Satyawati,83.444722,28.023889,656.54,83.440833,28.021667,626.98,83.444722,28.023889,656.54,83.440833,28.021667,626.98,29.56,26.6,12.536,0.361,65.96,0.066,346.67,346.67,510.4,5.79
2354,Gulmi,Satyawati,83.440833,28.021667,626.98,83.439444,28.018333,599.32,83.440833,28.021667,626.98,83.439444,28.018333,599.32,27.66,24.89,23.409,0.6742,115.25,0.115,605.75,605.75,463.8,5.96
2355,Gulmi,Ruru,83.430556,27.958611,691.78,83.435,27.957222,678.54,83.430556,27.958611,691.78,83.435,27.957222,678.54,13.24,11.92,15.798,0.455,37.23,0.037,195.68,195.68,506.0,2.62
2356,Gulmi,Ruru,83.435,27.957222,678.54,83.438333,27.954444,638.66,83.435,27.957222,678.54,83.438333,27.954444,638.66,39.88,35.89,16.262,0.4683,115.43,0.115,606.72,606.72,500.7,7.96
2357,Gulmi,Ruru,83.438333,27.954444,638.66,83.441111,27.950556,596.27,83.438333,27.954444,638.66,83.441111,27.950556,596.27,42.39,38.15,16.906,0.4869,127.56,0.128,670.44,670.44,535.9,7.91
2358,Gulmi,Ruru,83.441111,27.950556,596.27,83.445278,27.948611,533.1,83.441111,27.950556,596.27,83.445278,27.948611,533.1,63.17,56.85,17.164,0.4943,192.99,0.193,1014.35,1014.35,506.7,12.47
2359,Gulmi,Ruru,83.445278,27.948611,533.1,83.446667,27.946389,462.51,83.445278,27.948611,533.1,83.446667,27.946389,462.51,70.59,63.53,3613.21,104.0604,45398.18,45.398,238612.83,238612.83,298.9,23.62
2360,Gulmi,Satyawati,83.520278,27.969444,691.57,83.519167,27.967222,546.47,83.520278,27.969444,691.57,83.519167,27.967222,546.47,145.1,130.59,1562.85,45.0101,40363.31,40.363,212149.55,212149.55,288.6,50.28
2361,Gulmi,Kaligandaki,83.560556,27.980556,688.98,83.562778,27.976667,549.5,83.560556,27.980556,688.98,83.562778,27.976667,549.5,139.48,125.53,5.879,0.1693,145.95,0.146,767.14,767.14,515.3,27.07
2362,Gulmi,Kaligandaki,83.562778,27.976667,549.5,83.561944,27.974722,549.45,83.562778,27.976667,549.5,83.561944,27.974722,549.45,0.05,0.04,1538.038,44.2955,13.69,0.014,71.94,71.94,268.0,0.02
2363,Gulmi,Musikot,83.297222,28.120278,685.85,83.301944,28.119167,685.38,83.297222,28.120278,685.85,83.301944,28.119167,685.38,0.47,0.42,407.68,11.7412,34.11,0.034,179.26,179.26,519.3,0.09
2364,Gulmi,Musikot,83.301944,28.119167,685.38,83.305556,28.119167,685.31,83.301944,28.119167,685.38,83.305556,28.119167,685.31,0.07,0.06,408.613,11.7681,5.09,0.005,26.76,26.76,382.4,0.02
2365,Gulmi,Musikot,83.305556,28.119167,685.31,83.31,28.118333,680.22,83.305556,28.119167,685.31,83.31,28.118333,680.22,5.09,4.58,408.997,11.7791,370.54,0.371,1947.58,1947.58,506.0,1.01
2366,Gulmi,Resunga,83.31,28.118333,680.22,83.314444,28.118056,671.01,83.31,28.118333,680.22,83.314444,28.118056,671.01,9.21,8.29,409.527,11.7944,671.34,0.671,3528.58,3528.58,506.0,1.82
2367,Gulmi,Musikot,83.314444,28.118056,671.01,83.317778,28.12,666.06,83.314444,28.118056,671.01,83.317778,28.12,666.06,4.95,4.46,409.898,11.8051,361.15,0.361,1898.18,1898.18,520.7,0.95
2368,Gulmi,Musikot,83.317778,28.12,666.06,83.321667,28.119722,661.0,83.317778,28.12,666.06,83.321667,28.119722,661.0,5.06,4.55,410.038,11.8091,369.3,0.369,1941.03,1941.03,513.4,0.99
2369,Gulmi,Resunga,83.321667,28.119722,661.0,83.323056,28.118889,660.5,83.321667,28.119722,661.0,83.323056,28.118889,660.5,0.5,0.45,1637.821,47.1692,145.76,0.146,766.11,766.11,178.2,0.28
2370,Gulmi,Kaligandaki,83.601111,28.008333,683.02,83.604444,28.006667,579.63,83.601111,28.008333,683.02,83.604444,28.006667,579.63,103.39,93.05,1472.116,42.3969,27090.85,27.091,142389.5,142389.5,444.9,23.24
2371,Gulmi,Chandrakot,83.345833,28.083889,682.23,83.345556,28.080278,639.02,83.345833,28.083889,682.23,83.345556,28.080278,639.02,43.21,38.89,2.354,0.0678,18.1,0.018,95.16,95.16,511.7,8.44
2372,Gulmi,Gulmidarbar,83.345556,28.080278,639.02,83.346944,28.0775,638.96,83.345556,28.080278,639.02,83.346944,28.0775,638.96,0.06,0.05,1686.45,48.5698,18.01,0.018,94.66,94.66,360.7,0.02
2373,Gulmi,Musikot,83.300278,28.144722,682.01,83.304167,28.141944,681.36,83.300278,28.144722,682.01,83.304167,28.141944,681.36,0.65,0.58,1213.922,34.961,140.44,0.14,738.18,738.18,521.3,0.12
2374,Gulmi,Musikot,83.304167,28.141944,681.36,83.306389,28.14,681.31,83.304167,28.141944,681.36,83.306389,28.14,681.31,0.05,0.05,1214.933,34.9901,10.81,0.011,56.83,56.83,315.8,0.02
2375,Gulmi,Musikot,83.306389,28.14,681.31,83.308333,28.136111,680.8,83.306389,28.14,681.31,83.308333,28.136111,680.8,0.51,0.46,1215.814,35.0154,110.37,0.11,580.09,580.09,522.0,0.1
2376,Gulmi,Musikot,83.308333,28.135833,680.79,83.310278,28.131944,680.12,83.308333,28.135833,680.79,83.310278,28.131944,680.12,0.67,0.6,1217.366,35.0601,145.18,0.145,763.05,763.05,505.0,0.13
2377,Gulmi,Musikot,83.310278,28.131944,680.12,83.313611,28.13,680.04,83.310278,28.131944,680.12,83.313611,28.13,680.04,0.08,0.07,1221.898,35.1907,17.4,0.017,91.45,91.45,424.9,0.02
2378,Gulmi,Musikot,83.313611,28.13,680.04,83.3175,28.127222,669.6,83.313611,28.13,680.04,83.3175,28.127222,669.6,10.44,9.4,1222.501,35.208,2271.7,2.272,11940.08,11940.08,538.3,1.94
2379,Gulmi,Musikot,83.3175,28.127222,669.6,83.318611,28.125833,669.56,83.3175,28.127222,669.6,83.318611,28.125833,669.56,0.04,0.04,1223.322,35.2317,8.71,0.009,45.78,45.78,195.8,0.02
2380,Gulmi,Chatrakot,83.292778,27.925,677.5,83.296944,27.926944,676.19,83.292778,27.925,677.5,83.296944,27.926944,676.19,1.31,1.18,467.73,13.4706,109.06,0.109,573.22,573.22,506.7,0.26
2381,Gulmi,Chatrakot,83.296944,27.926944,676.19,83.301667,27.927222,675.11,83.296944,27.926944,676.19,83.301667,27.927222,675.11,1.08,0.97,468.073,13.4805,89.98,0.09,472.93,472.93,533.3,0.2
2382,Gulmi,Chatrakot,83.301667,27.927222,675.11,83.306389,27.928056,675.02,83.301667,27.927222,675.11,83.306389,27.928056,675.02,0.09,0.08,469.116,13.5105,7.51,0.008,39.5,39.5,505.4,0.02
2383,Gulmi,Chatrakot,83.371944,27.964722,676.16,83.373333,27.960833,608.21,83.371944,27.964722,676.16,83.373333,27.960833,608.21,67.95,61.15,3.261,0.0939,39.44,0.039,207.3,207.3,501.4,13.55
2384,Gulmi,Chatrakot,83.373333,27.960833,608.21,83.374167,27.958056,586.72,83.373333,27.960833,608.21,83.374167,27.958056,586.72,21.49,19.34,522.263,15.0412,1997.69,1.998,10499.85,10499.85,340.1,6.32
2385,Gulmi,Chandrakot,83.361667,28.075,675.36,83.3575,28.074167,661.2,83.361667,28.075,675.36,83.3575,28.074167,661.2,14.16,12.74,130.018,3.7445,327.69,0.328,1722.36,1722.36,506.7,2.79
2386,Gulmi,Chandrakot,83.3575,28.074167,661.2,83.356944,28.074167,660.35,83.3575,28.074167,661.2,83.356944,28.074167,660.35,0.85,0.77,130.608,3.7615,19.76,0.02,103.86,103.86,54.5,1.58
2387,Gulmi,Chandrakot,83.385556,28.057778,673.04,83.383889,28.053889,638.14,83.385556,28.057778,673.04,83.383889,28.053889,638.14,34.9,31.41,17.012,0.4899,105.68,0.106,555.44,555.44,511.7,6.82
2388,Gulmi,Chandrakot,83.383889,28.053889,638.14,83.383611,28.049722,611.52,83.383889,28.053889,638.14,83.383611,28.049722,611.52,26.62,23.96,17.351,0.4997,82.21,0.082,432.11,432.11,515.3,5.17
2389,Gulmi,Chandrakot,83.383611,28.049722,611.52,83.384167,28.0475,600.02,83.383611,28.049722,611.52,83.384167,28.0475,600.02,11.5,10.35,1885.911,54.3142,3860.3,3.86,20289.74,20289.74,284.9,4.04
2390,Gulmi,Chatrakot,83.349444,27.928611,671.53,83.346111,27.931111,640.87,83.349444,27.928611,671.53,83.346111,27.931111,640.87,30.66,27.59,491.904,14.1668,2684.45,2.684,14109.44,14109.44,486.7,6.3
2391,Gulmi,Kaligandaki,83.547778,28.068889,671.2,83.551667,28.066389,640.01,83.547778,28.068889,671.2,83.551667,28.066389,640.01,31.19,28.07,43.77,1.2606,242.99,0.243,1277.17,1277.17,524.3,5.95
2392,Gulmi,Kaligandaki,83.551667,28.066389,640.01,83.556111,28.064722,608.03,83.551667,28.066389,640.01,83.556111,28.064722,608.03,31.98,28.78,44.595,1.2843,253.84,0.254,1334.2,1334.2,520.0,6.15
2393,Gulmi,Kaligandaki,83.556111,28.064722,608.03,83.560556,28.063611,585.86,83.556111,28.064722,608.03,83.560556,28.063611,585.86,22.17,19.95,44.983,1.2955,177.51,0.178,932.98,932.98,520.0,4.26
2394,Gulmi,Kaligandaki,83.560556,28.063611,585.86,83.561944,28.061944,585.82,83.560556,28.063611,585.86,83.561944,28.061944,585.82,0.04,0.04,1273.145,36.6666,9.06,0.009,47.64,47.64,237.0,0.02
2395,Gulmi,Musikot,83.318611,28.125833,669.56,83.319444,28.122222,665.77,83.318611,28.125833,669.56,83.319444,28.122222,665.77,3.79,3.41,1223.842,35.2466,825.59,0.826,4339.32,4339.32,525.0,0.72
2396,Gulmi,Musikot,83.319444,28.122222,665.77,83.321944,28.121111,662.51,83.319444,28.122222,665.77,83.321944,28.121111,662.51,3.26,2.93,1227.688,35.3574,712.37,0.712,3744.23,3744.23,397.0,0.82
2397,Gulmi,Musikot,83.321944,28.121111,662.51,83.323056,28.118889,660.5,83.321944,28.121111,662.51,83.323056,28.118889,660.5,2.01,1.81,1637.821,47.1692,585.96,0.586,3079.78,3079.78,288.6,0.7
2398,Gulmi,Chandrakot,83.3575,28.074444,661.86,83.356944,28.074167,660.35,83.3575,28.074444,661.86,83.356944,28.074167,660.35,1.51,1.36,130.608,3.7615,35.1,0.035,184.5,184.5,68.5,2.21
2399,Gulmi,Resunga,83.323056,28.118889,660.5,83.325833,28.115278,660.13,83.323056,28.118889,660.5,83.325833,28.115278,660.13,0.37,0.33,1638.451,47.1874,107.9,0.108,567.14,567.14,505.0,0.07
2400,Gulmi,Resunga,83.325833,28.115278,660.13,83.326944,28.115833,660.11,83.325833,28.115278,660.13,83.326944,28.115833,660.11,0.02,0.02,1655.461,47.6773,5.89,0.006,30.97,30.97,137.0,0.02
2401,Gulmi,Chandrakot,83.356944,28.074167,660.35,83.353333,28.071389,648.28,83.356944,28.074167,660.35,83.353333,28.071389,648.28,12.07,10.86,130.968,3.7719,281.37,0.281,1478.87,1478.87,528.0,2.29
2402,Gulmi,Chandrakot,83.353333,28.071389,648.28,83.351944,28.0675,633.4,83.353333,28.071389,648.28,83.351944,28.0675,633.4,14.88,13.39,131.143,3.7769,347.34,0.347,1825.6,1825.6,501.4,2.97
2403,Gulmi,Gulmidarbar,83.326944,28.115833,660.11,83.330556,28.113056,660.02,83.326944,28.115833,660.11,83.330556,28.113056,660.02,0.09,0.08,1655.658,47.683,26.52,0.027,139.4,139.4,511.0,0.02
2404,Gulmi,Gulmidarbar,83.330556,28.113056,660.02,83.331111,28.112222,660.0,83.330556,28.113056,660.02,83.331111,28.112222,660.0,0.02,0.02,1656.314,47.7018,5.9,0.006,30.99,30.99,113.4,0.02
2405,Gulmi,Gulmidarbar,83.331111,28.112222,660.0,83.331944,28.110556,659.96,83.331111,28.112222,660.0,83.331944,28.110556,659.96,0.04,0.04,1658.229,47.757,11.81,0.012,62.05,62.05,216.4,0.02
2406,Gulmi,Gulmidarbar,83.331944,28.110556,659.96,83.33,28.106389,659.86,83.331944,28.110556,659.96,83.33,28.106389,659.86,0.1,0.09,1658.859,47.7751,29.53,0.03,155.19,155.19,536.0,0.02
2407,Gulmi,Gulmidarbar,83.33,28.106389,659.86,83.328889,28.102222,651.71,83.33,28.106389,659.86,83.328889,28.102222,651.71,8.15,7.33,1678.72,48.3471,2435.22,2.435,12799.51,12799.51,525.7,1.55
2408,Gulmi,Kaligandaki,83.585278,27.990833,657.31,83.584444,27.987778,550.03,83.585278,27.990833,657.31,83.584444,27.987778,550.03,107.28,96.55,1.553,0.0447,29.65,0.03,155.86,155.86,391.7,27.39
2409,Gulmi,Chatrakot,83.326389,27.920833,654.46,83.328333,27.921389,651.44,83.326389,27.920833,654.46,83.328333,27.921389,651.44,3.02,2.72,478.588,13.7833,257.26,0.257,1352.15,1352.15,218.8,1.38
2410,Gulmi,Ruru,83.433333,28.010833,651.95,83.436111,28.012778,558.66,83.433333,28.010833,651.95,83.436111,28.012778,558.66,93.29,83.96,1961.583,56.4936,32571.96,32.572,171198.2,171198.2,370.4,25.19
2411,Gulmi,Gulmidarbar,83.328889,28.102222,651.71,83.332222,28.099167,647.0,83.328889,28.102222,651.71,83.332222,28.099167,647.0,4.71,4.24,1679.153,48.3596,1407.71,1.408,7398.92,7398.92,514.7,0.92
2412,Gulmi,Gulmidarbar,83.332222,28.099167,647.0,83.333056,28.098333,646.0,83.332222,28.099167,647.0,83.333056,28.098333,646.0,1.0,0.9,1679.722,48.376,298.98,0.299,1571.43,1571.43,123.7,0.81
2413,Gulmi,Chatrakot,83.328333,27.921389,651.44,83.332778,27.922778,648.98,83.328333,27.921389,651.44,83.332778,27.922778,648.98,2.46,2.21,479.035,13.7962,209.75,0.21,1102.45,1102.45,506.0,0.49
2414,Gulmi,Chatrakot,83.332778,27.922778,648.98,83.3375,27.922778,643.49,83.332778,27.922778,648.98,83.3375,27.922778,643.49,5.49,4.94,479.693,13.8152,468.75,0.469,2463.73,2463.73,519.3,1.06
2415,Gulmi,Chatrakot,83.3375,27.922778,643.49,83.340278,27.926389,642.76,83.3375,27.922778,643.49,83.340278,27.926389,642.76,0.73,0.66,480.619,13.8418,62.45,0.062,328.23,328.23,522.0,0.14
2416,Gulmi,Kaligandaki,83.5775,28.077778,651.19,83.577222,28.075278,586.24,83.5775,28.077778,651.19,83.577222,28.075278,586.24,64.95,58.46,1223.944,35.2496,14149.55,14.15,74370.06,74370.06,371.0,17.5
2417,Gulmi,Chatrakot,83.3475,27.960556,649.71,83.349722,27.957222,622.55,83.3475,27.960556,649.71,83.349722,27.957222,622.55,27.16,24.44,11.769,0.3389,56.89,0.057,299.04,299.04,504.4,5.39
2418,Gulmi,Kaligandaki,83.550556,28.046389,647.4,83.554444,28.043611,611.74,83.550556,28.046389,647.4,83.554444,28.043611,611.74,35.66,32.09,6.64,0.1912,42.15,0.042,221.52,221.52,521.3,6.84
2419,Gulmi,Kaligandaki,83.554444,28.043611,611.74,83.558056,28.045833,582.86,83.554444,28.043611,611.74,83.558056,28.045833,582.86,28.88,25.99,6.863,0.1977,35.28,0.035,185.43,185.43,500.0,5.78
2420,Gulmi,Kaligandaki,83.558056,28.045833,582.86,83.559722,28.044444,580.83,83.558056,28.045833,582.86,83.559722,28.044444,580.83,2.03,1.83,1300.305,37.4488,469.83,0.47,2469.44,2469.44,250.4,0.81
2421,Gulmi,Gulmidarbar,83.333056,28.098333,646.0,83.335833,28.096389,644.93,83.333056,28.098333,646.0,83.335833,28.096389,644.93,1.07,0.96,1680.093,48.3867,319.98,0.32,1681.8,1681.8,534.0,0.2
2422,Gulmi,Gulmidarbar,83.335833,28.096389,644.93,83.333056,28.093056,642.17,83.335833,28.096389,644.93,83.333056,28.093056,642.17,2.76,2.48,1680.354,48.3942,825.49,0.825,4338.78,4338.78,508.0,0.54
2423,Gulmi,Gulmidarbar,83.333056,28.093056,642.17,83.336111,28.090556,639.31,83.333056,28.093056,642.17,83.336111,28.090556,639.31,2.86,2.57,1681.079,48.4151,855.77,0.856,4497.92,4497.92,510.4,0.56
2424,Gulmi,Chandrakot,83.336111,28.090556,639.31,83.338889,28.090278,639.26,83.336111,28.090556,639.31,83.338889,28.090278,639.26,0.05,0.04,1682.375,48.4524,14.97,0.015,78.7,78.7,286.6,0.02
2425,Gulmi,Chatrakot,83.343056,27.926667,642.71,83.345833,27.930278,642.38,83.343056,27.926667,642.71,83.345833,27.930278,642.38,0.33,0.3,482.392,13.8929,28.33,0.028,148.93,148.93,522.0,0.06
2426,Gulmi,Chatrakot,83.345833,27.930278,642.38,83.346111,27.931111,640.87,83.345833,27.930278,642.38,83.346111,27.931111,640.87,1.51,1.36,491.904,14.1668,132.21,0.132,694.89,694.89,103.1,1.47
2427,Gulmi,Satyawati,83.506667,27.979444,642.48,83.503889,27.976389,546.13,83.506667,27.979444,642.48,83.503889,27.976389,546.13,96.35,86.72,3.625,0.1044,62.17,0.062,326.75,326.75,494.1,19.5
2428,Gulmi,Chatrakot,83.346111,27.931111,640.87,83.346389,27.935556,630.88,83.346111,27.931111,640.87,83.346389,27.935556,630.88,9.99,8.99,492.406,14.1813,875.57,0.876,4602.0,4602.0,505.1,1.98
2429,Gulmi,Gulmidarbar,83.338889,28.090278,639.26,83.341667,28.086667,639.17,83.338889,28.090278,639.26,83.341667,28.086667,639.17,0.09,0.08,1682.887,48.4671,26.96,0.027,141.7,141.7,522.0,0.02
2430,Gulmi,Gulmidarbar,83.341667,28.086667,639.17,83.342778,28.0825,639.08,83.341667,28.086667,639.17,83.342778,28.0825,639.08,0.09,0.08,1683.537,48.4859,26.97,0.027,141.75,141.75,505.0,0.02
2431,Gulmi,Gulmidarbar,83.342778,28.0825,639.08,83.345833,28.078889,638.99,83.342778,28.0825,639.08,83.345833,28.078889,638.99,0.09,0.08,1683.564,48.4866,26.97,0.027,141.75,141.75,515.3,0.02
2432,Gulmi,Gulmidarbar,83.345833,28.078889,638.99,83.346944,28.0775,638.96,83.345833,28.078889,638.99,83.346944,28.0775,638.96,0.03,0.03,1686.45,48.5698,9.01,0.009,47.33,47.33,195.8,0.02
2433,Gulmi,Gulmidarbar,83.346944,28.0775,638.96,83.346944,28.076667,638.94,83.346944,28.0775,638.96,83.346944,28.076667,638.94,0.02,0.02,1689.058,48.6449,6.01,0.006,31.6,31.6,92.8,0.02
2434,Gulmi,Gulmidarbar,83.346944,28.076667,638.94,83.3475,28.072222,638.85,83.346944,28.076667,638.94,83.3475,28.072222,638.85,0.09,0.08,1690.012,48.6723,27.07,0.027,142.3,142.3,515.4,0.02
2435,Gulmi,Gulmidarbar,83.3475,28.072222,638.85,83.3475,28.069444,638.8,83.3475,28.072222,638.85,83.3475,28.069444,638.8,0.05,0.05,1691.3,48.7094,15.05,0.015,79.11,79.11,309.2,0.02
2436,Gulmi,Gulmidarbar,83.3475,28.069444,638.8,83.348333,28.066111,638.73,83.3475,28.069444,638.8,83.348333,28.066111,638.73,0.07,0.06,1701.269,48.9965,21.2,0.021,111.41,111.41,402.0,0.02
2437,Gulmi,Gulmidarbar,83.348333,28.066111,638.73,83.352778,28.064722,633.36,83.348333,28.066111,638.73,83.352778,28.064722,633.36,5.37,4.83,1701.671,49.0081,1626.49,1.626,8548.84,8548.84,506.0,1.06
2438,Gulmi,Gulmidarbar,83.352778,28.064722,633.36,83.355278,28.063889,633.31,83.352778,28.064722,633.36,83.355278,28.063889,633.31,0.05,0.05,1833.281,52.7985,16.32,0.016,85.75,85.75,287.3,0.02
2439,Gulmi,Kaligandaki,83.586111,28.023889,637.8,83.590278,28.022778,580.07,83.586111,28.023889,637.8,83.590278,28.022778,580.07,57.73,51.96,0.494,0.0142,5.08,0.005,26.68,26.68,520.7,11.09
2440,Gulmi,Kaligandaki,83.556667,28.037778,634.64,83.560556,28.040556,580.75,83.556667,28.037778,634.64,83.560556,28.040556,580.75,53.89,48.5,5.479,0.1578,52.55,0.053,276.23,276.23,538.3,10.01
2441,Gulmi,Gulmidarbar,83.355278,28.063889,633.31,83.359167,28.061389,633.22,83.355278,28.063889,633.31,83.359167,28.061389,633.22,0.09,0.08,1833.533,52.8058,29.37,0.029,154.38,154.38,507.4,0.02
2442,Gulmi,Gulmidarbar,83.359167,28.061389,633.22,83.363333,28.059167,633.13,83.359167,28.061389,633.22,83.363333,28.059167,633.13,0.09,0.08,1834.149,52.8235,29.38,0.029,154.43,154.43,537.6,0.02
2443,Gulmi,Gulmidarbar,83.363333,28.059167,633.13,83.366111,28.055556,633.04,83.363333,28.059167,633.13,83.366111,28.055556,633.04,0.09,0.08,1837.458,52.9188,29.43,0.029,154.71,154.71,505.0,0.02
2444,Gulmi,Gulmidarbar,83.365833,28.058611,633.1,83.366111,28.055556,633.04,83.365833,28.058611,633.1,83.366111,28.055556,633.04,0.06,0.05,1837.458,52.9188,19.62,0.02,103.14,103.14,350.4,0.02
2445,Gulmi,Gulmidarbar,83.366111,28.055556,633.04,83.367222,28.051389,623.8,83.366111,28.055556,633.04,83.367222,28.051389,623.8,9.24,8.32,1837.874,52.9308,3022.66,3.023,15887.12,15887.12,522.0,1.77
2446,Gulmi,Chatrakot,83.344722,27.938056,630.82,83.3425,27.940556,630.75,83.344722,27.938056,630.82,83.3425,27.940556,630.75,0.07,0.06,494.91,14.2534,6.17,0.006,32.41,32.41,394.6,0.02
2447,Gulmi,Chatrakot,83.3425,27.940556,630.75,83.343056,27.944722,608.02,83.3425,27.940556,630.75,83.343056,27.944722,608.02,22.73,20.46,495.323,14.2653,2003.96,2.004,10532.84,10532.84,505.0,4.5
2448,Gulmi,Chatrakot,83.343056,27.944722,608.02,83.344444,27.948889,604.17,83.343056,27.944722,608.02,83.344444,27.948889,604.17,3.85,3.47,499.88,14.3965,342.55,0.343,1800.46,1800.46,536.0,0.72
2449,Gulmi,Gulmidarbar,83.366667,28.049722,627.4,83.3675,28.051111,623.79,83.366667,28.049722,627.4,83.3675,28.051111,623.79,3.61,3.25,1864.136,53.6871,1197.81,1.198,6295.67,6295.67,202.5,1.78
2450,Gulmi,Chatrakot,83.3675,28.051111,623.79,83.371944,28.049444,606.61,83.3675,28.051111,623.79,83.371944,28.049444,606.61,17.18,15.46,1864.37,53.6939,5701.08,5.701,29964.89,29964.89,520.0,3.31
2451,Gulmi,Chatrakot,83.371944,28.049444,606.61,83.373611,28.048889,606.57,83.371944,28.049444,606.61,83.373611,28.048889,606.57,0.04,0.04,1867.084,53.772,13.29,0.013,69.87,69.87,191.5,0.02
2452,Gulmi,Chatrakot,83.349722,27.957222,622.55,83.350556,27.953333,604.88,83.349722,27.957222,622.55,83.350556,27.953333,604.88,17.67,15.9,12.314,0.3546,38.73,0.039,203.56,203.56,539.0,3.28
2453,Gulmi,Chatrakot,83.350556,27.953333,604.88,83.353889,27.953889,597.81,83.350556,27.953333,604.88,83.353889,27.953889,597.81,7.07,6.36,513.118,14.7778,645.71,0.646,3393.86,3393.86,438.9,1.61
2454,Gulmi,Ruru,83.451389,28.000556,622.51,83.455556,27.998611,546.17,83.451389,28.000556,622.51,83.455556,27.998611,546.17,76.34,68.71,1.652,0.0476,22.45,0.022,117.98,117.98,534.6,14.28
2455,Gulmi,Chatrakot,83.373611,28.048889,606.57,83.378056,28.0475,601.51,83.373611,28.048889,606.57,83.378056,28.0475,601.51,5.06,4.55,1867.716,53.7902,1682.14,1.682,8841.35,8841.35,523.0,0.97
2456,Gulmi,Chatrakot,83.378056,28.0475,601.51,83.382778,28.046667,600.51,83.378056,28.0475,601.51,83.382778,28.046667,600.51,1.0,0.9,1868.424,53.8106,332.57,0.333,1747.97,1747.97,505.4,0.2
2457,Gulmi,Chandrakot,83.382778,28.046667,600.51,83.384167,28.0475,600.02,83.382778,28.046667,600.51,83.384167,28.0475,600.02,0.49,0.44,1885.911,54.3142,164.48,0.164,864.52,864.52,178.2,0.28
2458,Gulmi,Chatrakot,83.344444,27.948889,604.17,83.348056,27.950833,602.14,83.344444,27.948889,604.17,83.348056,27.950833,602.14,2.03,1.83,500.447,14.4129,180.82,0.181,950.41,950.41,531.0,0.38
2459,Gulmi,Chatrakot,83.348056,27.950833,602.14,83.352222,27.952222,597.95,83.348056,27.950833,602.14,83.352222,27.952222,597.95,4.19,3.77,500.709,14.4204,373.42,0.373,1962.71,1962.71,523.7,0.8
2460,Gulmi,Chatrakot,83.352222,27.952222,597.95,83.353889,27.953889,597.81,83.352222,27.952222,597.95,83.353889,27.953889,597.81,0.14,0.13,513.118,14.7778,12.79,0.013,67.21,67.21,247.4,0.05
2461,Gulmi,Chatrakot,83.384167,28.0475,600.02,83.388889,28.046389,599.02,83.384167,28.0475,600.02,83.388889,28.046389,599.02,1.0,0.9,1886.444,54.3296,335.77,0.336,1764.82,1764.82,519.3,0.19
2462,Gulmi,Chatrakot,83.388889,28.046389,599.02,83.390833,28.045556,598.52,83.388889,28.046389,599.02,83.390833,28.045556,598.52,0.5,0.45,1888.755,54.3961,168.09,0.168,883.49,883.49,232.7,0.21
2463,Gulmi,Ruru,83.439444,28.018333,599.32,83.435833,28.016944,566.34,83.439444,28.018333,599.32,83.435833,28.016944,566.34,32.98,29.68,1959.96,56.4468,11505.35,11.505,60472.13,60472.13,441.2,7.48
2464,Gulmi,Chatrakot,83.390833,28.045556,598.52,83.394444,28.042222,597.51,83.390833,28.045556,598.52,83.394444,28.042222,597.51,1.01,0.91,1889.325,54.4126,339.65,0.34,1785.19,1785.19,538.9,0.19
2465,Gulmi,Chatrakot,83.394444,28.042222,597.51,83.395833,28.041944,597.03,83.394444,28.042222,597.51,83.395833,28.041944,597.03,0.48,0.43,1890.532,54.4473,161.52,0.162,848.95,848.95,150.3,0.32
2466,Gulmi,Chatrakot,83.353889,27.953889,597.81,83.3575,27.952222,595.47,83.353889,27.953889,597.81,83.3575,27.952222,595.47,2.34,2.11,515.101,14.8349,214.54,0.215,1127.63,1127.63,438.2,0.54
2467,Gulmi,Chatrakot,83.395833,28.041944,597.03,83.399722,28.039444,596.1,83.395833,28.041944,597.03,83.399722,28.039444,596.1,0.93,0.84,1891.021,54.4614,313.03,0.313,1645.27,1645.27,507.4,0.18
2468,Gulmi,Chatrakot,83.399722,28.039444,596.1,83.400556,28.038611,596.08,83.399722,28.039444,596.1,83.400556,28.038611,596.08,0.02,0.02,1893.002,54.5185,6.74,0.007,35.42,35.42,123.7,0.02
2469,Gulmi,Ruru,83.471111,27.980833,596.33,83.468333,27.978333,545.65,83.471111,27.980833,596.33,83.468333,27.978333,545.65,50.68,45.61,1999.876,57.5964,18040.22,18.04,94819.37,94819.37,432.2,11.73
2470,Gulmi,Chatrakot,83.400556,28.038611,596.08,83.401944,28.037222,596.05,83.400556,28.038611,596.08,83.401944,28.037222,596.05,0.03,0.03,1893.655,54.5373,10.11,0.01,53.15,53.15,206.1,0.02
2471,Gulmi,Chatrakot,83.401944,28.037222,596.05,83.406667,28.0375,595.96,83.401944,28.037222,596.05,83.406667,28.0375,595.96,0.09,0.08,1894.039,54.5483,30.34,0.03,159.47,159.47,505.4,0.02
2472,Gulmi,Satyawati,83.406667,28.0375,595.96,83.407222,28.037222,594.04,83.406667,28.0375,595.96,83.407222,28.037222,594.04,1.92,1.73,1896.387,54.6159,648.08,0.648,3406.32,3406.32,68.5,2.8
2473,Gulmi,Kaligandaki,83.581944,28.081111,595.65,83.580278,28.0775,586.32,83.581944,28.081111,595.65,83.580278,28.0775,586.32,9.33,8.4,1217.472,35.0632,2021.82,2.022,10626.69,10626.69,480.8,1.94
2474,Gulmi,Chatrakot,83.3575,27.952222,595.47,83.361944,27.9525,590.97,83.3575,27.952222,595.47,83.361944,27.9525,590.97,4.5,4.05,515.617,14.8498,412.99,0.413,2170.69,2170.69,506.0,0.89
2475,Gulmi,Chatrakot,83.361944,27.9525,590.97,83.365278,27.954167,590.16,83.361944,27.9525,590.97,83.365278,27.954167,590.16,0.81,0.73,518.062,14.9202,74.69,0.075,392.58,392.58,410.9,0.2
2476,Gulmi,Chatrakot,83.407222,28.037222,594.04,83.411389,28.035556,585.67,83.407222,28.037222,594.04,83.411389,28.035556,585.67,8.37,7.53,1897.817,54.6571,2827.36,2.827,14860.63,14860.63,492.7,1.7
2477,Gulmi,Satyawati,83.411944,28.0375,590.54,83.411389,28.035556,585.67,83.411944,28.0375,590.54,83.411389,28.035556,585.67,4.87,4.38,1897.817,54.6571,1645.07,1.645,8646.51,8646.51,237.1,2.05
2478,Gulmi,Chatrakot,83.365278,27.954167,590.16,83.369167,27.956667,589.89,83.365278,27.954167,590.16,83.369167,27.956667,589.89,0.27,0.24,518.572,14.9349,24.92,0.025,130.99,130.99,507.4,0.05
2479,Gulmi,Chatrakot,83.369167,27.956667,589.89,83.373611,27.958056,586.73,83.369167,27.956667,589.89,83.373611,27.958056,586.73,3.16,2.84,518.926,14.9451,291.87,0.292,1534.09,1534.09,506.0,0.62
2480,Gulmi,Satyawati,83.533056,27.962222,589.17,83.530556,27.965556,546.68,83.533056,27.962222,589.17,83.530556,27.965556,546.68,42.49,38.24,1559.455,44.9123,11794.01,11.794,61989.34,61989.34,497.7,8.54
2481,Gulmi,Satyawati,83.513889,27.967778,546.37,83.513056,27.968611,546.35,83.513889,27.967778,546.37,83.513056,27.968611,546.35,0.02,0.02,1564.336,45.0529,5.57,0.006,29.27,29.27,123.7,0.02
2482,Gulmi,Chatrakot,83.374167,27.958056,586.72,83.378056,27.956111,586.63,83.374167,27.958056,586.72,83.378056,27.956111,586.63,0.09,0.08,522.688,15.0534,8.37,0.008,44.01,44.01,524.3,0.02
2483,Gulmi,Kaligandaki,83.580278,28.0775,586.32,83.5775,28.075278,586.25,83.580278,28.0775,586.32,83.5775,28.075278,586.25,0.07,0.06,1223.501,35.2368,15.24,0.015,80.12,80.12,384.3,0.02
2484,Gulmi,Kaligandaki,83.577222,28.075278,586.24,83.572778,28.073333,586.15,83.577222,28.075278,586.24,83.572778,28.073333,586.15,0.09,0.08,1224.197,35.2569,19.61,0.02,103.07,103.07,534.0,0.02
2485,Gulmi,Kaligandaki,83.572778,28.073333,586.15,83.571111,28.071111,586.1,83.572778,28.073333,586.15,83.571111,28.071111,586.1,0.05,0.04,1224.882,35.2766,10.9,0.011,57.3,57.3,309.2,0.02
2486,Gulmi,Kaligandaki,83.571111,28.071111,586.1,83.569444,28.069167,586.05,83.571111,28.071111,586.1,83.569444,28.069167,586.05,0.05,0.05,1226.422,35.321,10.91,0.011,57.37,57.37,278.3,0.02
2487,Gulmi,Kaligandaki,83.569444,28.069167,586.05,83.566944,28.065278,585.96,83.569444,28.069167,586.05,83.566944,28.065278,585.96,0.09,0.08,1227.188,35.343,19.66,0.02,103.33,103.33,525.6,0.02
2488,Gulmi,Kaligandaki,83.566944,28.065278,585.96,83.562222,28.064167,585.87,83.566944,28.065278,585.96,83.562222,28.064167,585.87,0.09,0.08,1227.624,35.3556,19.67,0.02,103.36,103.36,519.3,0.02
2489,Gulmi,Kaligandaki,83.562222,28.064167,585.87,83.561944,28.061944,585.82,83.562222,28.064167,585.87,83.561944,28.061944,585.82,0.05,0.04,1273.145,36.6666,11.33,0.011,59.55,59.55,257.7,0.02
2490,Gulmi,Kaligandaki,83.561944,28.061944,585.82,83.563056,28.057778,585.73,83.561944,28.061944,585.82,83.563056,28.057778,585.73,0.09,0.08,1273.68,36.682,20.4,0.02,107.24,107.24,505.0,0.02
2491,Gulmi,Kaligandaki,83.563056,28.057778,585.73,83.5625,28.055833,585.69,83.563056,28.057778,585.73,83.5625,28.055833,585.69,0.04,0.04,1275.439,36.7326,9.08,0.009,47.73,47.73,237.1,0.02
2492,Gulmi,Kaligandaki,83.5625,28.055833,585.69,83.561111,28.052778,585.62,83.5625,28.055833,585.69,83.561111,28.052778,585.62,0.07,0.06,1276.217,36.755,15.9,0.016,83.58,83.58,391.7,0.02
2493,Gulmi,Chatrakot,83.411389,28.035556,585.67,83.411944,28.034167,584.3,83.411389,28.035556,585.67,83.411944,28.034167,584.3,1.37,1.23,1919.936,55.2942,468.18,0.468,2460.73,2460.73,175.2,0.78
2494,Gulmi,Kaligandaki,83.561111,28.052778,585.62,83.560833,28.049167,585.55,83.561111,28.052778,585.62,83.560833,28.049167,585.55,0.07,0.06,1277.018,36.7781,15.91,0.016,83.63,83.63,412.3,0.02
2495,Gulmi,Kaligandaki,83.560833,28.048611,585.54,83.559722,28.044444,580.83,83.560833,28.048611,585.54,83.559722,28.044444,580.83,4.71,4.24,1300.305,37.4488,1090.1,1.09,5729.59,5729.59,505.0,0.93
2496,Gulmi,Chatrakot,83.411944,28.034167,584.3,83.413056,28.033333,582.5,83.411944,28.034167,584.3,83.413056,28.033333,582.5,1.8,1.62,1925.558,55.4561,616.92,0.617,3242.55,3242.55,167.9,1.07
2497,Gulmi,Ruru,83.413056,28.033333,582.5,83.417222,28.031944,579.01,83.413056,28.033333,582.5,83.417222,28.031944,579.01,3.49,3.14,1925.815,55.4635,1196.31,1.196,6287.78,6287.78,506.7,0.69
2498,Gulmi,Ruru,83.417222,28.031944,579.01,83.420556,28.029167,575.5,83.417222,28.031944,579.01,83.420556,28.029167,575.5,3.51,3.16,1926.771,55.491,1203.76,1.204,6326.95,6326.95,517.7,0.68
2499,Gulmi,Ruru,83.420556,28.029167,575.5,83.423056,28.025556,572.0,83.420556,28.029167,575.5,83.423056,28.025556,572.0,3.5,3.15,1927.071,55.4996,1200.52,1.201,6309.91,6309.91,528.6,0.66
2500,Gulmi,Ruru,83.423056,28.025556,572.0,83.424722,28.023889,570.5,83.423056,28.025556,572.0,83.424722,28.023889,570.5,1.5,1.35,1933.62,55.6883,516.26,0.516,2713.44,2713.44,247.4,0.61
2501,Gulmi,Kaligandaki,83.559722,28.044444,580.83,83.561667,28.040556,580.74,83.559722,28.044444,580.83,83.561667,28.040556,580.74,0.09,0.08,1300.382,37.451,20.83,0.021,109.49,109.49,505.0,0.02
2502,Gulmi,Kaligandaki,83.561667,28.040556,580.74,83.564167,28.0375,580.66,83.561667,28.040556,580.74,83.564167,28.0375,580.66,0.08,0.07,1301.772,37.491,18.54,0.019,97.43,97.43,432.9,0.02
2503,Gulmi,Kaligandaki,83.564167,28.036944,580.65,83.566667,28.033333,580.57,83.564167,28.036944,580.65,83.566667,28.033333,580.57,0.08,0.07,1308.45,37.6834,18.63,0.019,97.93,97.93,494.7,0.02
2504,Gulmi,Kaligandaki,83.566667,28.033333,580.57,83.571667,28.033333,580.48,83.566667,28.033333,580.57,83.571667,28.033333,580.48,0.09,0.08,1313.748,37.8359,21.05,0.021,110.61,110.61,490.8,0.02
2505,Gulmi,Kaligandaki,83.576944,28.033333,580.39,83.580833,28.030278,580.3,83.576944,28.033333,580.39,83.580833,28.030278,580.3,0.09,0.08,1315.12,37.8755,21.07,0.021,110.73,110.73,535.3,0.02
2506,Gulmi,Kaligandaki,83.580833,28.030278,580.3,83.584444,28.027222,580.21,83.580833,28.030278,580.3,83.584444,28.027222,580.21,0.09,0.08,1315.145,37.8762,21.07,0.021,110.73,110.73,508.0,0.02
2507,Gulmi,Kaligandaki,83.584444,28.027222,580.21,83.586111,28.025556,580.16,83.584444,28.027222,580.21,83.586111,28.025556,580.16,0.05,0.05,1316.382,37.9118,11.72,0.012,61.58,61.58,247.4,0.02
2508,Gulmi,Kaligandaki,83.583611,28.028333,580.23,83.586944,28.025556,580.15,83.583611,28.028333,580.23,83.586944,28.025556,580.15,0.08,0.07,1317.22,37.9359,18.76,0.019,98.58,98.58,466.8,0.02
2509,Gulmi,Kaligandaki,83.587778,28.025556,580.14,83.591389,28.0225,580.05,83.587778,28.025556,580.14,83.591389,28.0225,580.05,0.09,0.08,1323.4,38.1139,21.2,0.021,111.43,111.43,508.0,0.02
2510,Gulmi,Kaligandaki,83.591389,28.0225,580.05,83.593889,28.02,579.98,83.591389,28.0225,580.05,83.593889,28.02,579.98,0.07,0.06,1329.404,38.2868,16.56,0.017,87.06,87.06,371.0,0.02
2511,Gulmi,Kaligandaki,83.591944,28.022778,580.04,83.594722,28.02,579.97,83.591944,28.022778,580.04,83.594722,28.02,579.97,0.07,0.06,1329.982,38.3035,16.57,0.017,87.1,87.1,412.3,0.02
2512,Gulmi,Kaligandaki,83.594722,28.02,579.97,83.597778,28.018333,579.9,83.594722,28.02,579.97,83.597778,28.018333,579.9,0.07,0.06,1331.041,38.334,16.58,0.017,87.17,87.17,383.7,0.02
2513,Gulmi,Kaligandaki,83.597778,28.018333,579.9,83.600278,28.015833,579.84,83.597778,28.018333,579.9,83.600278,28.015833,579.84,0.06,0.05,1331.675,38.3522,14.22,0.014,74.75,74.75,371.0,0.02
2514,Gulmi,Kaligandaki,83.598889,28.017778,579.88,83.600278,28.015833,579.84,83.598889,28.017778,579.88,83.600278,28.015833,579.84,0.04,0.04,1331.675,38.3522,9.48,0.009,49.83,49.83,268.0,0.02
2515,Gulmi,Kaligandaki,83.605278,28.008611,579.67,83.604444,28.0075,579.65,83.605278,28.008611,579.67,83.604444,28.0075,579.65,0.02,0.02,1471.537,42.3803,5.24,0.005,27.53,27.53,154.6,0.02
2516,Gulmi,Kaligandaki,83.600278,28.015833,579.84,83.603333,28.012778,579.76,83.600278,28.015833,579.84,83.603333,28.012778,579.76,0.08,0.07,1332.598,38.3788,18.98,0.019,99.73,99.73,453.5,0.02
2517,Gulmi,Kaligandaki,83.599444,28.013889,579.83,83.603333,28.012778,579.76,83.599444,28.013889,579.83,83.603333,28.012778,579.76,0.07,0.06,1332.598,38.3788,16.6,0.017,87.27,87.27,437.5,0.02
2518,Gulmi,Kaligandaki,83.603333,28.012778,579.76,83.604444,28.008611,579.67,83.603333,28.012778,579.76,83.604444,28.008611,579.67,0.09,0.08,1333.051,38.3919,21.35,0.021,112.24,112.24,505.0,0.02
2519,Gulmi,Kaligandaki,83.604444,28.008611,579.67,83.604444,28.0075,579.65,83.604444,28.008611,579.67,83.604444,28.0075,579.65,0.02,0.02,1471.537,42.3803,5.24,0.005,27.53,27.53,123.7,0.02
2520,Gulmi,Kaligandaki,83.604444,28.0075,579.65,83.604444,28.006667,579.63,83.604444,28.0075,579.65,83.604444,28.006667,579.63,0.02,0.02,1472.116,42.3969,5.24,0.005,27.54,27.54,92.8,0.02
2521,Gulmi,Kaligandaki,83.604444,28.006667,579.63,83.603333,28.004167,579.58,83.604444,28.006667,579.63,83.603333,28.004167,579.58,0.05,0.04,1473.041,42.4236,13.11,0.013,68.9,68.9,319.5,0.02
2522,Gulmi,Kaligandaki,83.603333,28.004167,579.58,83.603333,28.0,579.49,83.603333,28.004167,579.58,83.603333,28.0,579.49,0.09,0.08,1474.705,42.4715,23.62,0.024,124.17,124.17,463.8,0.02
2523,Gulmi,Kaligandaki,83.603333,28.0,579.49,83.602778,27.997222,553.49,83.603333,28.0,579.49,83.602778,27.997222,553.49,26.0,23.4,1476.736,42.53,6834.05,6.834,35919.78,35919.78,329.8,7.89
2524,Gulmi,Ruru,83.424722,28.023889,570.5,83.429167,28.022222,569.1,83.424722,28.023889,570.5,83.429167,28.022222,569.1,1.4,1.26,1934.516,55.7141,482.06,0.482,2533.72,2533.72,520.0,0.27
2525,Gulmi,Ruru,83.429167,28.022222,569.1,83.433333,28.02,569.01,83.429167,28.022222,569.1,83.433333,28.02,569.01,0.09,0.08,1935.454,55.7411,31.0,0.031,162.96,162.96,520.7,0.02
2526,Gulmi,Ruru,83.433333,28.02,569.01,83.435,28.018889,568.97,83.433333,28.02,569.01,83.435,28.018889,568.97,0.04,0.04,1936.372,55.7675,13.79,0.014,72.46,72.46,219.4,0.02
2527,Gulmi,Satyawati,83.469167,27.997778,569.45,83.464722,27.995833,546.06,83.469167,27.997778,569.45,83.464722,27.995833,546.06,23.39,21.05,19.096,0.55,79.5,0.08,417.86,417.86,534.0,4.38
2528,Gulmi,Ruru,83.464722,27.995833,546.06,83.461667,27.993611,545.99,83.464722,27.995833,546.06,83.461667,27.993611,545.99,0.07,0.06,1994.937,57.4542,24.86,0.025,130.64,130.64,428.6,0.02
2529,Gulmi,Ruru,83.433889,28.02,569.0,83.435,28.018889,568.97,83.433889,28.02,569.0,83.435,28.018889,568.97,0.03,0.03,1936.372,55.7675,10.34,0.01,54.35,54.35,164.9,0.02
2530,Gulmi,Ruru,83.435,28.018889,568.97,83.435833,28.016944,566.34,83.435,28.018889,568.97,83.435833,28.016944,566.34,2.63,2.37,1959.96,56.4468,917.5,0.917,4822.37,4822.37,247.4,1.07
2531,Gulmi,Ruru,83.435833,28.016944,566.34,83.436111,28.012778,558.66,83.435833,28.016944,566.34,83.436111,28.012778,558.66,7.68,6.91,1961.583,56.4936,2681.45,2.681,14093.71,14093.71,474.1,1.62
2532,Gulmi,Ruru,83.398611,27.936389,544.87,83.402222,27.934444,538.84,83.398611,27.936389,544.87,83.402222,27.934444,538.84,6.03,5.43,586.453,16.8898,629.44,0.629,3308.32,3308.32,503.0,1.2
2533,Gulmi,Ruru,83.402222,27.934444,538.84,83.406944,27.933333,525.0,83.402222,27.934444,538.84,83.406944,27.933333,525.0,13.84,12.46,587.268,16.9133,1446.69,1.447,7603.78,7603.78,519.3,2.66
2534,Gulmi,Ruru,83.410833,27.930833,501.46,83.415556,27.930833,494.4,83.410833,27.930833,501.46,83.415556,27.930833,494.4,7.06,6.35,588.781,16.9569,739.88,0.74,3888.8,3888.8,519.3,1.36
2535,Gulmi,Ruru,83.415556,27.930833,494.4,83.418611,27.930278,489.13,83.415556,27.930833,494.4,83.418611,27.930278,489.13,5.27,4.74,590.982,17.0203,554.35,0.554,2913.68,2913.68,355.8,1.48
2536,Gulmi,Satyawati,83.536389,27.964167,560.51,83.533889,27.965556,546.73,83.536389,27.964167,560.51,83.533889,27.965556,546.73,13.78,12.4,1541.659,44.3998,3781.29,3.781,19874.44,19874.44,315.2,4.37
2537,Gulmi,Ruru,83.436111,28.012778,558.66,83.440556,28.012778,546.62,83.436111,28.012778,558.66,83.440556,28.012778,546.62,12.04,10.84,1962.185,56.5109,4205.02,4.205,22101.61,22101.61,520.0,2.31
2538,Gulmi,Ruru,83.440556,28.012778,546.62,83.444722,28.010833,546.54,83.440556,28.012778,546.62,83.444722,28.010833,546.54,0.08,0.07,1962.562,56.5218,27.95,0.028,146.88,146.88,506.7,0.02
2539,Gulmi,Satyawati,83.444722,28.010833,546.54,83.445833,28.011111,546.51,83.444722,28.010833,546.54,83.445833,28.011111,546.51,0.03,0.03,1964.972,56.5912,10.49,0.01,55.15,55.15,123.0,0.02
2540,Gulmi,Kaligandaki,83.602778,27.997222,553.49,83.599167,27.994167,550.33,83.602778,27.997222,553.49,83.599167,27.994167,550.33,3.16,2.84,1476.961,42.5365,830.73,0.831,4366.3,4366.3,525.0,0.6
2541,Gulmi,Kaligandaki,83.599167,27.994167,550.33,83.595556,27.991111,550.24,83.599167,27.994167,550.33,83.595556,27.991111,550.24,0.09,0.08,1477.331,42.5471,23.67,0.024,124.39,124.39,508.0,0.02
2542,Gulmi,Kaligandaki,83.595556,27.991111,550.24,83.592222,27.988611,550.16,83.595556,27.991111,550.24,83.592222,27.988611,550.16,0.08,0.07,1478.759,42.5883,21.06,0.021,110.67,110.67,452.8,0.02
2543,Gulmi,Kaligandaki,83.593056,27.988889,550.18,83.592222,27.988611,550.16,83.593056,27.988889,550.18,83.592222,27.988611,550.16,0.02,0.02,1478.759,42.5883,5.26,0.005,27.67,27.67,95.8,0.02
2544,Gulmi,Kaligandaki,83.592222,27.988611,550.16,83.5875,27.987778,550.07,83.592222,27.988611,550.16,83.5875,27.987778,550.07,0.09,0.08,1479.271,42.603,23.7,0.024,124.55,124.55,505.4,0.02
2545,Gulmi,Kaligandaki,83.5875,27.987778,550.07,83.584444,27.986389,550.0,83.5875,27.987778,550.07,83.584444,27.986389,550.0,0.07,0.06,1481.147,42.657,18.45,0.018,97.0,97.0,386.7,0.02
2546,Gulmi,Kaligandaki,83.584444,27.987778,550.03,83.584444,27.986389,550.0,83.584444,27.987778,550.03,83.584444,27.986389,550.0,0.03,0.03,1481.147,42.657,7.91,0.008,41.57,41.57,154.6,0.02
2547,Gulmi,Kaligandaki,83.584444,27.986389,550.0,83.584444,27.981667,549.91,83.584444,27.986389,550.0,83.584444,27.981667,549.91,0.09,0.08,1481.566,42.6691,23.73,0.024,124.74,124.74,525.7,0.02
2548,Gulmi,Kaligandaki,83.584444,27.981667,549.91,83.582222,27.978333,549.83,83.584444,27.981667,549.91,83.582222,27.978333,549.83,0.08,0.07,1526.604,43.9662,21.74,0.022,114.25,114.25,470.5,0.02
2549,Gulmi,Kaligandaki,83.582222,27.978333,549.83,83.578056,27.975833,549.74,83.582222,27.978333,549.83,83.578056,27.975833,549.74,0.09,0.08,1526.695,43.9688,24.46,0.024,128.54,128.54,534.6,0.02
2550,Gulmi,Kaligandaki,83.578056,27.975833,549.74,83.576667,27.975556,549.71,83.578056,27.975833,549.74,83.576667,27.975556,549.71,0.03,0.03,1527.549,43.9934,8.16,0.008,42.87,42.87,150.3,0.02
2551,Gulmi,Kaligandaki,83.5775,27.976389,549.73,83.576667,27.975556,549.71,83.5775,27.976389,549.73,83.576667,27.975556,549.71,0.02,0.02,1527.549,43.9934,5.44,0.005,28.58,28.58,123.7,0.02
2552,Gulmi,Kaligandaki,83.575833,27.975556,549.7,83.573611,27.975556,549.66,83.575833,27.975556,549.7,83.573611,27.975556,549.66,0.04,0.04,1530.425,44.0762,10.9,0.011,57.27,57.27,218.1,0.02
2553,Gulmi,Kaligandaki,83.568611,27.975278,549.57,83.563611,27.974722,549.48,83.568611,27.975278,549.57,83.563611,27.974722,549.48,0.09,0.08,1531.883,44.1182,24.54,0.025,128.98,128.98,518.7,0.02
2554,Gulmi,Kaligandaki,83.563611,27.974722,549.48,83.561944,27.974722,549.45,83.563611,27.974722,549.48,83.561944,27.974722,549.45,0.03,0.03,1538.038,44.2955,8.21,0.008,43.17,43.17,163.6,0.02
2555,Gulmi,Kaligandaki,83.561944,27.974722,549.45,83.557222,27.975556,549.36,83.561944,27.974722,549.45,83.557222,27.975556,549.36,0.09,0.08,1538.67,44.3137,24.65,0.025,129.55,129.55,505.4,0.02
2556,Gulmi,Satyawati,83.552222,27.976111,549.27,83.548056,27.974722,549.19,83.552222,27.976111,549.27,83.548056,27.974722,549.19,0.08,0.07,1540.02,44.3526,21.93,0.022,115.26,115.26,478.8,0.02
2557,Gulmi,Satyawati,83.548056,27.975556,549.21,83.548056,27.974722,549.19,83.548056,27.975556,549.21,83.548056,27.974722,549.19,0.02,0.02,1540.02,44.3526,5.48,0.005,28.81,28.81,92.8,0.02
2558,Gulmi,Satyawati,83.548056,27.974722,549.19,83.545278,27.971111,546.98,83.548056,27.974722,549.19,83.545278,27.971111,546.98,2.21,1.99,1540.512,44.3667,605.98,0.606,3185.04,3185.04,522.0,0.42
2559,Gulmi,Satyawati,83.545278,27.971111,546.98,83.540556,27.97,546.89,83.545278,27.971111,546.98,83.540556,27.97,546.89,0.09,0.08,1540.815,44.3755,24.68,0.025,129.73,129.73,519.3,0.02
2560,Gulmi,Satyawati,83.540556,27.97,546.89,83.536389,27.968056,546.8,83.540556,27.97,546.89,83.536389,27.968056,546.8,0.09,0.08,1541.09,44.3834,24.69,0.025,129.76,129.76,506.7,0.02
2561,Gulmi,Satyawati,83.536389,27.968056,546.8,83.533889,27.965556,546.73,83.536389,27.968056,546.8,83.533889,27.965556,546.73,0.07,0.06,1541.659,44.3998,19.21,0.019,100.96,100.96,371.0,0.02
2562,Gulmi,Satyawati,83.533889,27.965556,546.73,83.531389,27.965556,546.69,83.533889,27.965556,546.73,83.531389,27.965556,546.69,0.04,0.04,1553.205,44.7323,11.06,0.011,58.12,58.12,245.4,0.02
2563,Gulmi,Satyawati,83.5325,27.967778,546.73,83.529722,27.965556,546.66,83.5325,27.967778,546.73,83.529722,27.965556,546.66,0.07,0.06,1560.093,44.9307,19.44,0.019,102.17,102.17,384.3,0.02
2564,Gulmi,Satyawati,83.530556,27.965556,546.68,83.529722,27.965556,546.66,83.530556,27.965556,546.68,83.529722,27.965556,546.66,0.02,0.02,1560.093,44.9307,5.55,0.006,29.19,29.19,81.8,0.02
2565,Gulmi,Satyawati,83.529722,27.965556,546.66,83.524444,27.965556,546.57,83.529722,27.965556,546.66,83.524444,27.965556,546.57,0.09,0.08,1560.86,44.9528,25.0,0.025,131.42,131.42,518.0,0.02
2566,Gulmi,Satyawati,83.524444,27.965556,546.57,83.522778,27.965556,546.54,83.524444,27.965556,546.57,83.522778,27.965556,546.54,0.03,0.03,1562.276,44.9935,8.34,0.008,43.85,43.85,163.6,0.02
2567,Gulmi,Satyawati,83.522778,27.965556,546.54,83.519167,27.967222,546.47,83.522778,27.965556,546.54,83.519167,27.967222,546.47,0.07,0.06,1562.85,45.0101,19.47,0.019,102.35,102.35,438.2,0.02
2568,Gulmi,Satyawati,83.516944,27.966944,546.43,83.515,27.968333,546.39,83.516944,27.966944,546.43,83.515,27.968333,546.39,0.04,0.04,1563.697,45.0345,11.13,0.011,58.52,58.52,260.7,0.02
2569,Gulmi,Satyawati,83.445833,28.011111,546.51,83.45,28.010278,546.42,83.445833,28.011111,546.51,83.45,28.010278,546.42,0.09,0.08,1965.254,56.5993,31.48,0.031,165.47,165.47,523.7,0.02
2570,Gulmi,Ruru,83.45,28.010278,546.42,83.451667,28.008333,546.37,83.45,28.010278,546.42,83.451667,28.008333,546.37,0.05,0.04,1966.71,56.6412,17.5,0.018,92.0,92.0,278.3,0.02
2571,Gulmi,Satyawati,83.519167,27.967222,546.47,83.515,27.968333,546.39,83.519167,27.967222,546.47,83.515,27.968333,546.39,0.08,0.07,1563.697,45.0345,22.27,0.022,117.03,117.03,464.8,0.02
2572,Gulmi,Satyawati,83.515,27.968333,546.39,83.513056,27.968611,546.35,83.515,27.968333,546.39,83.513056,27.968611,546.35,0.04,0.04,1564.336,45.0529,11.14,0.011,58.54,58.54,204.8,0.02
2573,Gulmi,Satyawati,83.451667,28.008333,546.37,83.454167,28.004444,546.28,83.451667,28.008333,546.37,83.454167,28.004444,546.28,0.09,0.08,1970.427,56.7483,31.56,0.032,165.91,165.91,525.6,0.02
2574,Gulmi,Satyawati,83.513056,27.968611,546.35,83.509167,27.971667,546.26,83.513056,27.968611,546.35,83.509167,27.971667,546.26,0.09,0.08,1564.405,45.0549,25.06,0.025,131.72,131.72,535.3,0.02
2575,Gulmi,Satyawati,83.509167,27.971667,546.26,83.505278,27.974167,546.17,83.509167,27.971667,546.26,83.505278,27.974167,546.17,0.09,0.08,1564.686,45.063,25.07,0.025,131.74,131.74,507.4,0.02
2576,Gulmi,Satyawati,83.505278,27.974167,546.17,83.501389,27.977222,546.08,83.505278,27.974167,546.17,83.501389,27.977222,546.08,0.09,0.08,1564.883,45.0686,25.07,0.025,131.76,131.76,535.3,0.02
2577,Gulmi,Satyawati,83.501389,27.977222,546.08,83.500556,27.978056,546.05,83.501389,27.977222,546.08,83.500556,27.978056,546.05,0.03,0.03,1568.819,45.182,8.38,0.008,44.03,44.03,123.7,0.02
2578,Gulmi,Ruru,83.454167,28.004444,546.28,83.455,28.0,546.19,83.454167,28.004444,546.28,83.455,28.0,546.19,0.09,0.08,1971.176,56.7699,31.58,0.032,165.97,165.97,525.7,0.02
2579,Gulmi,Ruru,83.455,28.0,546.19,83.456389,27.998611,546.16,83.455,28.0,546.19,83.456389,27.998611,546.16,0.03,0.03,1974.191,56.8567,10.54,0.011,55.41,55.41,206.1,0.02
2580,Gulmi,Satyawati,83.456389,27.998611,546.16,83.461111,27.9975,546.06,83.456389,27.998611,546.16,83.461111,27.9975,546.06,0.1,0.09,1974.495,56.8655,35.14,0.035,184.72,184.72,519.3,0.02
2581,Gulmi,Ruru,83.461111,27.9975,546.06,83.461667,27.996111,546.03,83.461111,27.9975,546.06,83.461667,27.996111,546.03,0.03,0.03,1975.676,56.8995,10.55,0.011,55.45,55.45,175.2,0.02
2582,Gulmi,Satyawati,83.503889,27.976389,546.13,83.500556,27.978056,546.05,83.503889,27.976389,546.13,83.500556,27.978056,546.05,0.08,0.07,1568.819,45.182,22.34,0.022,117.41,117.41,410.9,0.02
2583,Gulmi,Satyawati,83.500278,27.978333,546.05,83.496667,27.978611,545.98,83.500278,27.978333,546.05,83.496667,27.978611,545.98,0.07,0.06,1572.144,45.2777,19.59,0.02,102.96,102.96,368.4,0.02
2584,Gulmi,Ruru,83.461667,27.996111,546.03,83.461667,27.993611,545.99,83.461667,27.996111,546.03,83.461667,27.993611,545.99,0.04,0.04,1994.937,57.4542,14.2,0.014,74.65,74.65,278.3,0.02
2585,Gulmi,Satyawati,83.497778,27.9775,546.01,83.496667,27.978611,545.98,83.497778,27.9775,546.01,83.496667,27.978611,545.98,0.03,0.03,1572.144,45.2777,8.39,0.008,44.12,44.12,164.9,0.02
2586,Gulmi,Ruru,83.461667,27.993611,545.99,83.462222,27.989167,545.9,83.461667,27.993611,545.99,83.462222,27.989167,545.9,0.09,0.08,1995.685,57.4757,31.97,0.032,168.03,168.03,515.4,0.02
2587,Gulmi,Satyawati,83.462222,27.989167,545.9,83.463611,27.985,545.81,83.462222,27.989167,545.9,83.463611,27.985,545.81,0.09,0.08,1996.093,57.4875,31.98,0.032,168.07,168.07,515.3,0.02
2588,Gulmi,Ruru,83.463611,27.985,545.81,83.466111,27.981111,545.71,83.463611,27.985,545.81,83.466111,27.981111,545.71,0.1,0.09,1996.343,57.4947,35.53,0.036,186.76,186.76,525.6,0.02
2589,Gulmi,Ruru,83.466111,27.981111,545.71,83.467778,27.978889,545.66,83.466111,27.981111,545.71,83.467778,27.978889,545.66,0.05,0.05,1999.193,57.5768,17.79,0.018,93.52,93.52,309.2,0.02
2590,Gulmi,Satyawati,83.496667,27.978611,545.98,83.491667,27.978611,545.9,83.496667,27.978611,545.98,83.491667,27.978611,545.9,0.08,0.07,1573.173,45.3074,22.4,0.022,117.74,117.74,490.8,0.02
2591,Gulmi,Ruru,83.468333,27.978333,545.65,83.468333,27.973611,545.55,83.468333,27.978333,545.65,83.468333,27.973611,545.55,0.1,0.09,2000.228,57.6066,35.6,0.036,187.13,187.13,525.7,0.02
2592,Gulmi,Ruru,83.468333,27.973611,545.55,83.468333,27.969167,545.47,83.468333,27.973611,545.55,83.468333,27.969167,545.47,0.08,0.07,2001.33,57.6383,28.5,0.028,149.78,149.78,494.8,0.02
2593,Gulmi,Ruru,83.4725,27.968333,545.48,83.468889,27.964722,545.38,83.4725,27.968333,545.48,83.468889,27.964722,545.38,0.1,0.09,1580.568,45.5204,28.13,0.028,147.87,147.87,535.9,0.02
2594,Gulmi,Ruru,83.468333,27.969167,545.47,83.466389,27.965278,545.38,83.468333,27.969167,545.47,83.466389,27.965278,545.38,0.09,0.08,2001.688,57.6486,32.07,0.032,168.54,168.54,505.0,0.02
2595,Gulmi,Ruru,83.468333,27.967222,545.43,83.466389,27.964722,545.37,83.468333,27.967222,545.43,83.466389,27.964722,545.37,0.06,0.05,2002.131,57.6614,21.38,0.021,112.38,112.38,350.4,0.02
2596,Gulmi,Ruru,83.468889,27.964722,545.38,83.465556,27.961111,545.29,83.468889,27.964722,545.38,83.465556,27.961111,545.29,0.09,0.08,1581.395,45.5442,25.33,0.025,133.15,133.15,525.6,0.02
2597,Gulmi,Ruru,83.465556,27.961111,545.29,83.463333,27.958333,545.22,83.465556,27.961111,545.29,83.463333,27.958333,545.22,0.07,0.06,3585.567,103.2643,44.67,0.045,234.81,234.81,391.6,0.02
2598,Gulmi,Ruru,83.466389,27.964722,545.37,83.463611,27.961111,545.28,83.466389,27.964722,545.37,83.463611,27.961111,545.28,0.09,0.08,2002.279,57.6656,32.08,0.032,168.59,168.59,505.0,0.02
2599,Gulmi,Ruru,83.463611,27.961111,545.28,83.463333,27.958889,545.24,83.463611,27.961111,545.28,83.463333,27.958889,545.24,0.04,0.04,2003.836,57.7105,14.27,0.014,74.99,74.99,257.7,0.02
2600,Gulmi,Ruru,83.463333,27.958889,545.24,83.463333,27.958333,545.22,83.463333,27.958889,545.24,83.463333,27.958333,545.22,0.02,0.02,3585.567,103.2643,12.76,0.013,67.09,67.09,61.8,0.02
2601,Gulmi,Ruru,83.463333,27.958333,545.22,83.463333,27.9575,545.21,83.463333,27.958333,545.22,83.463333,27.9575,545.21,0.01,0.01,3586.634,103.2951,6.38,0.006,33.55,33.55,92.8,0.02
2602,Gulmi,Ruru,83.463333,27.9575,545.21,83.463333,27.956944,545.2,83.463333,27.9575,545.21,83.463333,27.956944,545.2,0.01,0.01,3587.446,103.3184,6.39,0.006,33.56,33.56,61.8,0.02
2603,Gulmi,Ruru,83.463333,27.956944,545.2,83.461944,27.953889,464.17,83.463333,27.956944,545.2,83.461944,27.953889,464.17,81.03,72.93,3589.649,103.3819,51772.59,51.773,272116.72,272116.72,429.2,18.88
2604,Gulmi,Ruru,83.459722,27.95,541.11,83.458333,27.951389,464.04,83.459722,27.95,541.11,83.458333,27.951389,464.04,77.07,69.36,3590.425,103.4042,49253.07,49.253,258874.11,258874.11,223.1,34.55
2605,Gulmi,Ruru,83.418611,27.930278,489.13,83.421944,27.933611,481.62,83.418611,27.930278,489.13,83.421944,27.933611,481.62,7.51,6.76,591.282,17.0289,790.38,0.79,4154.24,4154.24,511.7,1.47
2606,Gulmi,Ruru,83.421944,27.933611,481.62,83.423056,27.934167,480.99,83.421944,27.933611,481.62,83.423056,27.934167,480.99,0.63,0.57,592.302,17.0583,66.42,0.066,349.09,349.09,137.0,0.46
2607,Gulmi,Ruru,83.423056,27.934167,480.99,83.425278,27.937778,474.71,83.423056,27.934167,480.99,83.425278,27.937778,474.71,6.28,5.65,592.871,17.0747,662.71,0.663,3483.19,3483.19,518.3,1.21
2608,Gulmi,Ruru,83.425278,27.937778,474.71,83.428333,27.94,472.73,83.425278,27.937778,474.71,83.428333,27.94,472.73,1.98,1.78,596.96,17.1924,210.38,0.21,1105.78,1105.78,445.5,0.45
2609,Gulmi,Ruru,83.428333,27.94,472.73,83.433056,27.938611,471.16,83.428333,27.94,472.73,83.433056,27.938611,471.16,1.57,1.41,597.723,17.2144,167.03,0.167,877.92,877.92,533.3,0.29
2610,Gulmi,Ruru,83.435278,27.935278,464.59,83.44,27.935833,461.13,83.435278,27.935278,464.59,83.44,27.935833,461.13,3.46,3.11,598.673,17.2418,368.7,0.369,1937.86,1937.86,519.3,0.67
2611,Gulmi,Ruru,83.44,27.935833,461.13,83.440278,27.935556,459.51,83.44,27.935833,461.13,83.440278,27.935556,459.51,1.62,1.46,4213.148,121.3387,1214.85,1.215,6385.27,6385.27,58.2,2.79
2612,Gulmi,Ruru,83.461944,27.953889,464.17,83.458333,27.951389,464.04,83.461944,27.953889,464.17,83.458333,27.951389,464.04,0.13,0.12,3590.425,103.4042,83.08,0.083,436.66,436.66,480.1,0.03
2613,Gulmi,Ruru,83.458333,27.951389,464.04,83.454167,27.949167,463.58,83.458333,27.951389,464.04,83.454167,27.949167,463.58,0.46,0.41,3591.236,103.4276,294.04,0.294,1545.47,1545.47,520.7,0.09
2614,Gulmi,Ruru,83.454167,27.949167,463.58,83.451389,27.948333,463.52,83.454167,27.949167,463.58,83.451389,27.948333,463.52,0.06,0.05,3595.021,103.5366,38.39,0.038,201.79,201.79,314.5,0.02
2615,Gulmi,Ruru,83.451389,27.948333,463.52,83.447222,27.946389,462.52,83.451389,27.948333,463.52,83.447222,27.946389,462.52,1.0,0.9,3595.799,103.559,640.03,0.64,3363.98,3363.98,506.7,0.2
2616,Gulmi,Ruru,83.447222,27.946389,462.52,83.446667,27.946389,462.51,83.447222,27.946389,462.52,83.446667,27.946389,462.51,0.01,0.01,3613.21,104.0604,6.43,0.006,33.8,33.8,54.5,0.02
2617,Gulmi,Ruru,83.446667,27.946389,462.51,83.443056,27.943611,461.52,83.446667,27.946389,462.51,83.443056,27.943611,461.52,0.99,0.89,3613.423,104.0666,636.73,0.637,3346.66,3346.66,528.0,0.19
2618,Gulmi,Ruru,83.443056,27.943611,461.52,83.444722,27.939444,460.51,83.443056,27.943611,461.52,83.444722,27.939444,460.51,1.01,0.91,3614.109,104.0863,649.72,0.65,3414.92,3414.92,525.7,0.19
2619,Gulmi,Ruru,83.444722,27.939444,460.51,83.441389,27.936667,459.54,83.444722,27.939444,460.51,83.441389,27.936667,459.54,0.97,0.87,3614.354,104.0934,624.03,0.624,3279.89,3279.89,534.6,0.18
2620,Gulmi,Ruru,83.441389,27.936667,459.54,83.440278,27.935556,459.51,83.441389,27.936667,459.54,83.440278,27.935556,459.51,0.03,0.03,4213.148,121.3387,22.5,0.022,118.25,118.25,164.9,0.02
