reach_id,strahler_ord,Z_u_m,Z_d_m,H_gross_m,A_u_km2,A_d_km2,length_m,slope_pct,mid_lon,mid_lat,is_ror,is_microhydro,hydro_method,Q_mean_m3s,Q40_m3s,Q65_m3s,Q80_m3s,Q90_m3s,Q_jan_m3s,Q_feb_m3s,Q_mar_m3s,Q_apr_m3s,Q_may_m3s,Q_jun_m3s,Q_jul_m3s,Q_aug_m3s,Q_sep_m3s,Q_oct_m3s,Q_nov_m3s,Q_dec_m3s,Q_env_m3s,Q_design_m3s,Q_net_m3s,eta,scale_type,H_net_m,P_inst_kW,annual_energy_MWh,dry_energy_MWh,wet_energy_MWh,E_jan_MWh,E_feb_MWh,E_mar_MWh,E_apr_MWh,E_may_MWh,E_jun_MWh,E_jul_MWh,E_aug_MWh,E_sep_MWh,E_oct_MWh,E_nov_MWh,E_dec_MWh,palika,is_border_river,apportion_factor,capacity_class,cultural_excluded,slope_viable,screened_viable
1623,1,2270.0,2143.2,126.7,0.63,1.85,536.0,23.64,83.089167,28.238056,0,1,WECS_NEA_MIP,0.0735,0.0497,0.0256,0.0148,0.0107,0.0162,0.0147,0.0162,0.0221,0.0405,0.1287,0.2501,0.2685,0.1545,0.0699,0.0309,0.0191,0.0015,0.0256,0.0241,0.65,Micro/Mini Hydro (<1 MW),114.0,17.52,138.23,56.49,81.73,7.95,6.45,7.95,10.78,13.85,13.4,13.85,13.85,13.4,13.85,13.4,9.52,Malika,0,1.0,Micro (5-100 kW),0,1,1
1823,1,2212.5,2143.2,69.2,0.59,1.85,328.5,21.07,83.088056,28.240556,0,1,WECS_NEA_MIP,0.0735,0.0497,0.0256,0.0148,0.0107,0.0162,0.0147,0.0162,0.0221,0.0405,0.1287,0.2501,0.2685,0.1545,0.0699,0.0309,0.0191,0.0015,0.0256,0.0241,0.65,Micro/Mini Hydro (<1 MW),62.3,9.57,75.54,30.87,44.67,4.34,3.52,4.34,5.89,7.57,7.32,7.57,7.57,7.32,7.57,7.32,5.2,Malika,0,1.0,Micro (5-100 kW),0,1,1
1855,1,2206.5,2106.5,100.1,0.52,0.89,505.4,19.81,83.098889,28.250556,0,1,WECS_NEA_MIP,0.0359,0.0241,0.0122,0.007,0.005,0.0079,0.0072,0.0079,0.0108,0.0197,0.0628,0.1221,0.1311,0.0754,0.0341,0.0151,0.0093,0.0007,0.0122,0.0115,0.65,Micro/Mini Hydro (<1 MW),90.1,6.61,52.52,21.73,30.78,3.08,2.51,3.08,4.18,5.21,5.05,5.21,5.21,5.05,5.21,5.05,3.68,Malika,0,1.0,Micro (5-100 kW),0,1,1
1856,1,2106.5,2038.2,68.3,0.89,1.24,561.2,12.16,83.103611,28.249722,0,1,WECS_NEA_MIP,0.0497,0.0334,0.0171,0.0098,0.0071,0.0109,0.0099,0.0109,0.0149,0.0273,0.087,0.169,0.1814,0.1044,0.0472,0.0209,0.0129,0.001,0.0171,0.0161,0.65,Micro/Mini Hydro (<1 MW),61.5,6.31,49.96,20.51,29.45,2.89,2.35,2.89,3.92,4.99,4.83,4.99,4.99,4.83,4.99,4.83,3.47,Malika,0,1.0,Micro (5-100 kW),0,1,1
1857,1,2038.2,1801.9,236.3,1.24,1.48,597.8,39.52,83.106667,28.246667,0,1,WECS_NEA_MIP,0.0591,0.0398,0.0204,0.0118,0.0085,0.013,0.0118,0.013,0.0177,0.0325,0.1034,0.2009,0.2157,0.1241,0.0561,0.0248,0.0154,0.0012,0.0204,0.0192,0.65,Micro/Mini Hydro (<1 MW),212.7,26.04,206.02,84.5,121.52,11.91,9.66,11.91,16.11,20.59,19.92,20.59,20.59,19.92,20.59,19.92,14.33,Malika,0,1.0,Micro (5-100 kW),0,1,1
1858,1,1801.9,1728.9,73.0,1.48,5.79,195.8,37.29,83.1075,28.243611,0,1,WECS_NEA_MIP,0.225,0.1538,0.081,0.048,0.0352,0.0495,0.045,0.0495,0.0675,0.1237,0.3937,0.765,0.8212,0.4725,0.2137,0.0945,0.0585,0.0045,0.081,0.0765,0.65,Micro/Mini Hydro (<1 MW),65.7,32.05,249.57,100.53,149.04,14.03,11.4,14.03,19.0,25.25,24.43,25.25,25.25,24.43,25.25,24.43,16.83,Malika,0,1.0,Micro (5-100 kW),0,1,1
2069,2,2143.2,2016.2,127.0,1.85,2.3,561.2,22.63,83.091944,28.241944,0,1,WECS_NEA_MIP,0.091,0.0616,0.0319,0.0185,0.0135,0.02,0.0182,0.02,0.0273,0.0501,0.1593,0.3095,0.3323,0.1912,0.0865,0.0382,0.0237,0.0018,0.0319,0.0301,0.65,Micro/Mini Hydro (<1 MW),114.3,21.94,172.44,70.32,102.11,9.87,8.03,9.87,13.38,17.3,16.74,17.3,17.3,16.74,17.3,16.74,11.88,Malika,0,1.0,Micro (5-100 kW),0,1,1
2070,2,2016.2,1882.4,133.8,2.3,3.11,547.3,24.45,83.096667,28.241667,0,1,WECS_NEA_MIP,0.1224,0.0831,0.0433,0.0253,0.0184,0.0269,0.0245,0.0269,0.0367,0.0673,0.2141,0.416,0.4466,0.257,0.1162,0.0514,0.0318,0.0025,0.0433,0.0408,0.65,Micro/Mini Hydro (<1 MW),120.4,31.32,245.6,99.6,146.0,13.94,11.35,13.94,18.9,24.73,23.93,24.73,24.73,23.93,24.73,23.93,16.74,Malika,0,1.0,Micro (5-100 kW),0,1,1
2071,2,1882.4,1778.5,103.9,3.11,3.74,519.3,20.01,83.101389,28.241667,0,1,WECS_NEA_MIP,0.1466,0.0998,0.0521,0.0306,0.0223,0.0323,0.0293,0.0323,0.044,0.0806,0.2566,0.4985,0.5351,0.3079,0.1393,0.0616,0.0381,0.0029,0.0521,0.0492,0.65,Micro/Mini Hydro (<1 MW),93.5,29.33,229.45,93.03,136.43,13.04,10.58,13.04,17.64,23.11,22.36,23.11,23.11,22.36,23.11,22.36,15.61,Malika,0,1.0,Micro (5-100 kW),0,1,1
2072,2,1778.5,1728.9,49.6,3.74,5.79,409.6,12.11,83.105556,28.242222,0,1,WECS_NEA_MIP,0.225,0.1538,0.081,0.048,0.0352,0.0495,0.045,0.0495,0.0675,0.1237,0.3937,0.765,0.8212,0.4725,0.2137,0.0945,0.0585,0.0045,0.081,0.0765,0.65,Micro/Mini Hydro (<1 MW),44.6,21.76,169.42,68.25,101.17,9.52,7.74,9.52,12.9,17.14,16.59,17.14,17.14,16.59,17.14,16.59,11.43,Malika,0,1.0,Micro (5-100 kW),0,1,1
2214,1,2103.9,1940.2,163.7,0.5,1.09,587.5,27.87,83.074722,28.224444,0,1,WECS_NEA_MIP,0.0438,0.0294,0.015,0.0086,0.0062,0.0096,0.0088,0.0096,0.0131,0.0241,0.0766,0.1489,0.1599,0.092,0.0416,0.0184,0.0114,0.0009,0.015,0.0141,0.65,Micro/Mini Hydro (<1 MW),147.3,13.24,105.09,43.22,61.88,6.08,4.99,6.08,8.25,10.48,10.14,10.48,10.48,10.14,10.48,10.14,7.34,Madane,0,1.0,Micro (5-100 kW),0,1,1
2215,1,1940.2,1838.8,101.4,1.09,1.78,604.4,16.77,83.074444,28.219722,0,1,WECS_NEA_MIP,0.0708,0.0478,0.0246,0.0142,0.0103,0.0156,0.0142,0.0156,0.0212,0.039,0.1239,0.2408,0.2585,0.1487,0.0673,0.0297,0.0184,0.0014,0.0246,0.0232,0.65,Micro/Mini Hydro (<1 MW),91.3,13.51,106.53,43.63,62.9,6.15,5.01,6.15,8.3,10.66,10.31,10.66,10.66,10.31,10.66,10.31,7.36,Madane,0,1.0,Micro (5-100 kW),0,1,1
2216,2,1838.8,1745.5,93.3,1.78,2.85,583.2,16.0,83.078056,28.215833,0,1,WECS_NEA_MIP,0.1123,0.0762,0.0396,0.0231,0.0168,0.0247,0.0225,0.0247,0.0337,0.0618,0.1966,0.3819,0.41,0.2359,0.1067,0.0472,0.0292,0.0022,0.0396,0.0374,0.65,Micro/Mini Hydro (<1 MW),84.0,20.03,157.09,63.93,93.16,8.97,7.31,8.97,12.15,15.78,15.27,15.78,15.78,15.27,15.78,15.27,10.76,Madane,0,1.0,Micro (5-100 kW),0,1,1
2217,2,1745.5,1654.8,90.7,2.85,4.31,492.1,18.43,83.081667,28.213611,0,1,WECS_NEA_MIP,0.1685,0.1148,0.0601,0.0354,0.0259,0.0371,0.0337,0.0371,0.0505,0.0927,0.2948,0.5728,0.6149,0.3538,0.16,0.0708,0.0438,0.0034,0.0601,0.0567,0.65,Micro/Mini Hydro (<1 MW),81.6,29.5,230.58,93.24,137.34,13.05,10.59,13.05,17.65,23.27,22.52,23.27,23.27,22.52,23.27,22.52,15.64,Madane,0,1.0,Micro (5-100 kW),0,1,1
2218,1,2103.0,1953.3,149.7,0.56,0.9,608.1,24.61,83.391944,28.155833,0,1,WECS_NEA_MIP,0.0363,0.0244,0.0124,0.0071,0.0051,0.008,0.0073,0.008,0.0109,0.02,0.0635,0.1234,0.1325,0.0762,0.0345,0.0152,0.0094,0.0007,0.0124,0.0117,0.65,Micro/Mini Hydro (<1 MW),134.7,10.05,79.71,32.93,46.78,4.66,3.81,4.66,6.31,7.92,7.67,7.92,7.92,7.67,7.92,7.67,5.56,Chandrakot,0,1.0,Micro (5-100 kW),0,1,1
2219,1,1953.3,1826.8,126.5,0.9,1.29,549.3,23.03,83.390556,28.151111,0,1,WECS_NEA_MIP,0.0517,0.0348,0.0178,0.0102,0.0074,0.0114,0.0103,0.0114,0.0155,0.0284,0.0904,0.1756,0.1885,0.1085,0.0491,0.0217,0.0134,0.001,0.0178,0.0168,0.65,Micro/Mini Hydro (<1 MW),113.9,12.2,96.46,39.68,56.78,5.62,4.54,5.62,7.58,9.62,9.31,9.62,9.62,9.31,9.62,9.31,6.7,Chandrakot,0,1.0,Micro (5-100 kW),0,1,1
2220,1,1826.8,1677.0,149.8,1.29,2.13,618.4,24.23,83.393333,28.146944,0,1,WECS_NEA_MIP,0.0844,0.0571,0.0295,0.0171,0.0124,0.0186,0.0169,0.0186,0.0253,0.0464,0.1478,0.2871,0.3082,0.1773,0.0802,0.0355,0.022,0.0017,0.0295,0.0278,0.65,Micro/Mini Hydro (<1 MW),134.8,23.9,188.22,76.85,111.37,10.81,8.78,10.81,14.61,18.87,18.26,18.87,18.87,18.26,18.87,18.26,12.98,Chandrakot,0,1.0,Micro (5-100 kW),0,1,1
2221,2,1677.0,1592.4,84.5,2.13,2.4,597.8,14.14,83.392222,28.142222,0,1,WECS_NEA_MIP,0.0949,0.0643,0.0333,0.0194,0.0141,0.0209,0.019,0.0209,0.0285,0.0522,0.1661,0.3227,0.3465,0.1993,0.0902,0.0399,0.0247,0.0019,0.0333,0.0314,0.65,Micro/Mini Hydro (<1 MW),76.0,15.22,119.65,48.78,70.88,6.85,5.57,6.85,9.28,12.01,11.62,12.01,12.01,11.62,12.01,11.62,8.22,Chandrakot,0,1.0,Micro (5-100 kW),0,1,1
2222,2,1592.4,1567.9,24.6,2.4,7.63,346.8,7.08,83.3925,28.138611,0,1,WECS_NEA_MIP,0.2949,0.2021,0.1071,0.0638,0.0469,0.0649,0.059,0.0649,0.0885,0.1622,0.516,1.0025,1.0762,0.6192,0.2801,0.1238,0.0767,0.0059,0.1071,0.1012,0.65,Micro/Mini Hydro (<1 MW),22.1,14.26,110.72,44.43,66.29,6.19,5.03,6.19,8.38,11.23,10.87,11.23,11.23,10.87,11.23,10.87,7.42,Chandrakot,0,1.0,Micro (5-100 kW),0,1,1
2281,1,2082.8,1812.9,269.9,0.66,1.07,625.1,43.19,83.358889,28.150556,0,1,WECS_NEA_MIP,0.043,0.0289,0.0147,0.0084,0.0061,0.0095,0.0086,0.0095,0.0129,0.0237,0.0753,0.1462,0.157,0.0903,0.0409,0.0181,0.0112,0.0009,0.0147,0.0138,0.65,Micro/Mini Hydro (<1 MW),242.9,21.37,170.02,70.03,100.0,9.91,8.01,9.91,13.38,16.94,16.39,16.94,16.94,16.39,16.94,16.39,11.87,Chandrakot,0,1.0,Micro (5-100 kW),0,1,1
2282,1,1812.9,1602.5,210.4,1.07,1.39,546.3,38.52,83.358611,28.145833,0,1,WECS_NEA_MIP,0.0556,0.0374,0.0192,0.011,0.008,0.0122,0.0111,0.0122,0.0167,0.0306,0.0973,0.189,0.2029,0.1167,0.0528,0.0233,0.0145,0.0011,0.0192,0.0181,0.65,Micro/Mini Hydro (<1 MW),189.4,21.86,172.76,70.92,101.84,9.97,8.12,9.97,13.56,17.25,16.7,17.25,17.25,16.7,17.25,16.7,12.04,Chandrakot,0,1.0,Micro (5-100 kW),0,1,1
2283,1,1602.5,1578.4,24.1,1.39,1.96,92.8,25.98,83.358889,28.143056,0,1,WECS_NEA_MIP,0.0778,0.0526,0.0271,0.0157,0.0114,0.0171,0.0156,0.0171,0.0233,0.0428,0.1362,0.2646,0.2841,0.1634,0.0739,0.0327,0.0202,0.0016,0.0271,0.0255,0.65,Micro/Mini Hydro (<1 MW),21.7,3.53,27.83,11.36,16.47,1.6,1.3,1.6,2.16,2.79,2.7,2.79,2.79,2.7,2.79,2.7,1.91,Chandrakot,0,1.0,Pico (<5 kW),0,1,0
2343,1,2066.4,1948.8,117.5,0.54,1.32,464.8,25.28,83.064167,28.234167,0,1,WECS_NEA_MIP,0.0528,0.0356,0.0182,0.0105,0.0076,0.0116,0.0106,0.0116,0.0158,0.0291,0.0925,0.1796,0.1928,0.1109,0.0502,0.0222,0.0137,0.0011,0.0182,0.0171,0.65,Micro/Mini Hydro (<1 MW),105.8,11.54,91.37,37.45,53.93,5.27,4.31,5.27,7.14,9.14,8.84,9.14,9.14,8.84,9.14,8.84,6.32,Madane,0,1.0,Micro (5-100 kW),0,1,1
2358,2,1855.1,1760.8,94.3,3.17,3.59,569.2,16.57,83.406667,28.146944,0,1,WECS_NEA_MIP,0.1408,0.0958,0.05,0.0293,0.0214,0.031,0.0282,0.031,0.0423,0.0775,0.2465,0.4789,0.5141,0.2958,0.1338,0.0592,0.0366,0.0028,0.05,0.0472,0.65,Micro/Mini Hydro (<1 MW),84.9,25.55,199.99,81.11,118.88,11.36,9.24,11.36,15.4,20.14,19.49,20.14,20.14,19.49,20.14,19.49,13.61,Chandrakot,0,1.0,Micro (5-100 kW),0,1,1
2359,2,1760.8,1511.6,249.2,3.59,16.0,521.3,47.8,83.410278,28.144444,1,0,WECS_NEA_MIP,0.6092,0.4206,0.2262,0.1367,0.1013,0.134,0.1218,0.134,0.1828,0.3351,1.0662,2.0714,2.2237,1.2794,0.5788,0.2559,0.1584,0.0122,0.4206,0.4084,0.82,Commercial RoR (>1 MW),224.3,736.88,4414.51,1311.25,3103.25,163.51,132.89,163.51,221.63,433.46,546.4,564.62,564.62,546.4,564.62,316.59,196.26,Chandrakot,0,1.0,Mini (100-1000 kW),0,1,1
2426,1,2034.4,1898.9,135.5,0.52,1.35,589.1,23.0,83.103333,28.229722,0,1,WECS_NEA_MIP,0.054,0.0364,0.0186,0.0107,0.0077,0.0119,0.0108,0.0119,0.0162,0.0297,0.0945,0.1836,0.1971,0.1134,0.0513,0.0227,0.014,0.0011,0.0186,0.0175,0.65,Micro/Mini Hydro (<1 MW),122.0,13.61,107.81,44.26,63.55,6.25,5.07,6.25,8.46,10.77,10.42,10.77,10.77,10.42,10.77,10.42,7.47,Malika,0,1.0,Micro (5-100 kW),0,1,1
2427,1,1898.9,1759.5,139.4,1.35,2.23,659.6,21.13,83.107778,28.233889,0,1,WECS_NEA_MIP,0.0883,0.0598,0.0309,0.018,0.013,0.0194,0.0177,0.0194,0.0265,0.0486,0.1546,0.3003,0.3224,0.1855,0.0839,0.0371,0.023,0.0018,0.0309,0.0291,0.65,Micro/Mini Hydro (<1 MW),125.5,23.29,183.36,74.76,108.6,10.48,8.55,10.48,14.23,18.4,17.8,18.4,18.4,17.8,18.4,17.8,12.62,Malika,0,1.0,Micro (5-100 kW),0,1,1
2428,2,1759.5,1653.6,105.9,2.23,8.76,484.4,21.86,83.110556,28.237778,0,1,WECS_NEA_MIP,0.3376,0.2317,0.1231,0.0735,0.0541,0.0743,0.0675,0.0743,0.1013,0.1857,0.5908,1.1478,1.2322,0.709,0.3207,0.1418,0.0878,0.0068,0.1231,0.1163,0.65,Micro/Mini Hydro (<1 MW),95.3,70.67,547.99,219.45,328.55,30.52,24.79,30.52,41.35,55.66,53.86,55.66,55.66,53.86,55.66,53.86,36.62,Malika,0,1.0,Micro (5-100 kW),0,1,1
2441,1,2029.5,1778.3,251.1,0.51,0.94,561.2,44.75,83.337778,28.161389,0,1,WECS_NEA_MIP,0.0379,0.0254,0.0129,0.0074,0.0053,0.0083,0.0076,0.0083,0.0114,0.0208,0.0663,0.1288,0.1383,0.0795,0.036,0.0159,0.0098,0.0008,0.0129,0.0121,0.65,Micro/Mini Hydro (<1 MW),226.0,17.44,138.79,57.15,81.65,8.04,6.59,8.04,11.0,13.83,13.38,13.83,13.83,13.38,13.83,13.38,9.65,Musikot,0,1.0,Micro (5-100 kW),0,1,1
2442,1,1778.3,1586.1,192.3,0.94,1.29,463.5,41.48,83.333056,28.162222,0,1,WECS_NEA_MIP,0.0517,0.0348,0.0178,0.0102,0.0074,0.0114,0.0103,0.0114,0.0155,0.0284,0.0904,0.1756,0.1885,0.1085,0.0491,0.0217,0.0134,0.001,0.0178,0.0168,0.65,Micro/Mini Hydro (<1 MW),173.1,18.54,146.59,60.3,86.29,8.54,6.9,8.54,11.52,14.62,14.15,14.62,14.62,14.15,14.62,14.15,10.18,Musikot,0,1.0,Micro (5-100 kW),0,1,1
2443,1,1586.1,1339.0,247.1,1.29,1.55,477.5,51.75,83.328333,28.1625,0,1,WECS_NEA_MIP,0.0618,0.0417,0.0214,0.0124,0.0089,0.0136,0.0124,0.0136,0.0186,0.034,0.1082,0.2103,0.2257,0.1299,0.0587,0.026,0.0161,0.0012,0.0214,0.0202,0.65,Micro/Mini Hydro (<1 MW),222.4,28.65,226.19,92.91,133.29,13.08,10.67,13.08,17.77,22.58,21.85,22.58,22.58,21.85,22.58,21.85,15.72,Musikot,0,1.0,Micro (5-100 kW),0,1,1
2444,1,1339.0,1157.9,181.1,1.55,1.82,610.4,29.67,83.323611,28.160833,0,1,WECS_NEA_MIP,0.0724,0.0489,0.0252,0.0146,0.0106,0.0159,0.0145,0.0159,0.0217,0.0398,0.1267,0.2461,0.2642,0.152,0.0688,0.0304,0.0188,0.0015,0.0252,0.0238,0.65,Micro/Mini Hydro (<1 MW),163.0,24.74,194.37,79.33,115.04,11.14,9.08,11.14,15.12,19.49,18.86,19.49,19.49,18.86,19.49,18.86,13.38,Musikot,0,1.0,Micro (5-100 kW),0,1,1
2445,1,1157.9,1103.2,54.7,1.82,3.08,206.1,26.54,83.321667,28.158333,0,1,WECS_NEA_MIP,0.1212,0.0823,0.0428,0.0251,0.0183,0.0267,0.0242,0.0267,0.0364,0.0667,0.2121,0.4121,0.4424,0.2545,0.1151,0.0509,0.0315,0.0024,0.0428,0.0404,0.65,Micro/Mini Hydro (<1 MW),49.2,12.67,99.37,40.4,58.97,5.67,4.6,5.67,7.68,9.99,9.67,9.99,9.99,9.67,9.99,9.67,6.79,Musikot,0,1.0,Micro (5-100 kW),0,1,1
2504,1,2006.3,1948.8,57.5,0.52,1.32,260.7,22.05,83.063056,28.235278,0,1,WECS_NEA_MIP,0.0528,0.0356,0.0182,0.0105,0.0076,0.0116,0.0106,0.0116,0.0158,0.0291,0.0925,0.1796,0.1928,0.1109,0.0502,0.0222,0.0137,0.0011,0.0182,0.0171,0.65,Micro/Mini Hydro (<1 MW),51.8,5.65,44.74,18.33,26.4,2.58,2.11,2.58,3.5,4.47,4.33,4.47,4.47,4.33,4.47,4.33,3.1,Madane,0,1.0,Micro (5-100 kW),0,1,1
2564,1,1994.9,1981.1,13.8,0.59,1.44,573.5,2.4,83.376944,28.153056,0,1,WECS_NEA_MIP,0.0575,0.0388,0.0199,0.0114,0.0083,0.0127,0.0115,0.0127,0.0173,0.0316,0.1007,0.1956,0.21,0.1208,0.0547,0.0242,0.015,0.0011,0.0199,0.0188,0.65,Micro/Mini Hydro (<1 MW),12.4,1.49,11.74,4.83,6.91,0.68,0.55,0.68,0.92,1.17,1.13,1.17,1.17,1.13,1.17,1.13,0.82,Chandrakot,0,1.0,Pico (<5 kW),0,1,0
2565,1,1981.1,1802.6,178.5,1.44,1.59,652.3,27.36,83.379167,28.148333,0,1,WECS_NEA_MIP,0.0634,0.0428,0.022,0.0127,0.0092,0.0139,0.0127,0.0139,0.019,0.0349,0.111,0.2156,0.2314,0.1331,0.0602,0.0266,0.0165,0.0013,0.022,0.0207,0.65,Micro/Mini Hydro (<1 MW),160.7,21.21,167.49,68.48,99.01,9.61,7.85,9.61,13.06,16.77,16.23,16.77,16.77,16.23,16.77,16.23,11.59,Chandrakot,0,1.0,Micro (5-100 kW),0,1,1
2566,1,1802.6,1772.6,30.0,1.59,2.63,192.2,15.62,83.382222,28.146111,0,1,WECS_NEA_MIP,0.1038,0.0704,0.0365,0.0213,0.0155,0.0228,0.0208,0.0228,0.0311,0.0571,0.1817,0.353,0.379,0.218,0.0986,0.0436,0.027,0.0021,0.0365,0.0344,0.65,Micro/Mini Hydro (<1 MW),27.0,5.92,46.53,18.93,27.6,2.65,2.16,2.65,3.59,4.68,4.52,4.68,4.68,4.52,4.68,4.52,3.19,Chandrakot,0,1.0,Micro (5-100 kW),0,1,1
2582,1,1988.5,1726.8,261.7,0.51,1.0,556.6,47.02,83.084167,28.218056,0,1,WECS_NEA_MIP,0.0402,0.027,0.0138,0.0079,0.0057,0.0089,0.008,0.0089,0.0121,0.0221,0.0704,0.1368,0.1469,0.0845,0.0382,0.0169,0.0105,0.0008,0.0138,0.013,0.65,Micro/Mini Hydro (<1 MW),235.5,19.52,154.85,63.84,91.02,9.05,7.27,9.05,12.22,15.42,14.92,15.42,15.42,14.92,15.42,14.92,10.84,Madane,0,1.0,Micro (5-100 kW),0,1,1
2583,1,1726.8,1654.8,72.0,1.0,4.31,319.5,22.53,83.084167,28.214444,0,1,WECS_NEA_MIP,0.1685,0.1148,0.0601,0.0354,0.0259,0.0371,0.0337,0.0371,0.0505,0.0927,0.2948,0.5728,0.6149,0.3538,0.16,0.0708,0.0438,0.0034,0.0601,0.0567,0.65,Micro/Mini Hydro (<1 MW),64.8,23.43,183.11,74.04,109.07,10.36,8.41,10.36,14.01,18.48,17.88,18.48,18.48,17.88,18.48,17.88,12.42,Madane,0,1.0,Micro (5-100 kW),0,1,1
2610,1,1974.8,1756.5,218.4,0.51,1.79,494.7,44.14,83.4875,28.045556,0,1,WECS_NEA_MIP,0.0712,0.0481,0.0248,0.0143,0.0104,0.0157,0.0142,0.0157,0.0214,0.0392,0.1246,0.2421,0.2599,0.1495,0.0676,0.0299,0.0185,0.0014,0.0248,0.0234,0.65,Micro/Mini Hydro (<1 MW),196.6,29.33,231.14,94.59,136.55,13.34,10.78,13.34,18.05,23.13,22.38,23.13,23.13,22.38,23.13,22.38,15.95,Satyawati,0,1.0,Micro (5-100 kW),0,1,1
2651,1,1967.3,1830.1,137.2,0.53,0.86,546.3,25.11,83.091944,28.216667,0,1,WECS_NEA_MIP,0.0347,0.0233,0.0118,0.0067,0.0048,0.0076,0.0069,0.0076,0.0104,0.0191,0.0608,0.118,0.1267,0.0729,0.033,0.0146,0.009,0.0007,0.0118,0.0111,0.65,Micro/Mini Hydro (<1 MW),123.5,8.74,69.46,28.64,40.81,4.04,3.28,4.04,5.5,6.91,6.69,6.91,6.91,6.69,6.91,6.69,4.86,Madane,0,1.0,Micro (5-100 kW),0,1,1
2652,1,1830.1,1682.5,147.6,0.86,1.09,586.8,25.15,83.09,28.2125,0,1,WECS_NEA_MIP,0.0438,0.0294,0.015,0.0086,0.0062,0.0096,0.0088,0.0096,0.0131,0.0241,0.0766,0.1489,0.1599,0.092,0.0416,0.0184,0.0114,0.0009,0.015,0.0141,0.65,Micro/Mini Hydro (<1 MW),132.8,11.94,94.75,38.96,55.79,5.48,4.5,5.48,7.44,9.45,9.15,9.45,9.45,9.15,9.45,9.15,6.62,Madane,0,1.0,Micro (5-100 kW),0,1,1
2653,1,1682.5,1544.7,137.8,1.09,1.26,635.4,21.69,83.087778,28.208056,0,1,WECS_NEA_MIP,0.0505,0.034,0.0174,0.01,0.0072,0.0111,0.0101,0.0111,0.0151,0.0278,0.0883,0.1716,0.1842,0.106,0.048,0.0212,0.0131,0.001,0.0174,0.0164,0.65,Micro/Mini Hydro (<1 MW),124.0,12.97,102.52,42.1,60.42,5.94,4.84,5.94,8.03,10.24,9.91,10.24,10.24,9.91,10.24,9.91,7.12,Madane,0,1.0,Micro (5-100 kW),0,1,1
2654,2,1544.7,1538.5,6.2,1.26,6.08,41.2,15.0,83.085278,28.205833,0,1,WECS_NEA_MIP,0.236,0.1614,0.0851,0.0505,0.037,0.0519,0.0472,0.0519,0.0708,0.1298,0.4131,0.8025,0.8615,0.4957,0.2242,0.0991,0.0614,0.0047,0.0851,0.0804,0.65,Micro/Mini Hydro (<1 MW),5.6,2.87,22.34,8.99,13.35,1.25,1.02,1.25,1.7,2.26,2.19,2.26,2.26,2.19,2.26,2.19,1.51,Madane,0,1.0,Pico (<5 kW),0,1,0
2658,1,1963.8,1848.6,115.2,0.6,0.8,596.5,19.32,83.376944,28.147778,0,1,WECS_NEA_MIP,0.0323,0.0217,0.011,0.0062,0.0045,0.0071,0.0065,0.0071,0.0097,0.0178,0.0566,0.11,0.118,0.0679,0.0307,0.0136,0.0084,0.0006,0.011,0.0103,0.65,Micro/Mini Hydro (<1 MW),103.7,6.81,54.54,22.6,31.95,3.2,2.62,3.2,4.33,5.41,5.24,5.41,5.41,5.24,5.41,5.24,3.84,Chandrakot,0,1.0,Micro (5-100 kW),0,1,1
2659,1,1848.6,1772.6,76.0,0.8,2.63,438.2,17.33,83.381111,28.146389,0,1,WECS_NEA_MIP,0.1038,0.0704,0.0365,0.0213,0.0155,0.0228,0.0208,0.0228,0.0311,0.0571,0.1817,0.353,0.379,0.218,0.0986,0.0436,0.027,0.0021,0.0365,0.0344,0.65,Micro/Mini Hydro (<1 MW),68.4,15.0,117.86,47.95,69.92,6.72,5.48,6.72,9.11,11.84,11.46,11.84,11.84,11.46,11.84,11.46,8.08,Chandrakot,0,1.0,Micro (5-100 kW),0,1,1
2692,1,1949.1,1756.5,192.7,0.51,1.79,451.5,42.67,83.489167,28.042778,0,1,WECS_NEA_MIP,0.0712,0.0481,0.0248,0.0143,0.0104,0.0157,0.0142,0.0157,0.0214,0.0392,0.1246,0.2421,0.2599,0.1495,0.0676,0.0299,0.0185,0.0014,0.0248,0.0234,0.65,Micro/Mini Hydro (<1 MW),173.4,25.87,203.86,83.43,120.43,11.76,9.51,11.76,15.92,20.4,19.74,20.4,20.4,19.74,20.4,19.74,14.07,Satyawati,0,1.0,Micro (5-100 kW),0,1,1
2693,1,1948.8,1790.4,158.4,1.32,1.94,547.3,28.95,83.059722,28.233611,0,1,WECS_NEA_MIP,0.0771,0.0521,0.0269,0.0156,0.0113,0.017,0.0154,0.017,0.0231,0.0424,0.1348,0.262,0.2812,0.1618,0.0732,0.0324,0.02,0.0015,0.0269,0.0254,0.65,Micro/Mini Hydro (<1 MW),142.6,23.1,181.75,74.32,107.43,10.49,8.49,10.49,14.14,18.2,17.61,18.2,18.2,17.61,18.2,17.61,12.52,Madane,0,1.0,Micro (5-100 kW),0,1,1
2694,2,1790.4,1654.6,135.8,1.94,2.27,589.8,23.03,83.056111,28.235833,0,1,WECS_NEA_MIP,0.0899,0.0609,0.0315,0.0183,0.0133,0.0198,0.018,0.0198,0.027,0.0494,0.1573,0.3056,0.3281,0.1887,0.0854,0.0377,0.0234,0.0018,0.0315,0.0297,0.65,Micro/Mini Hydro (<1 MW),122.2,23.14,182.08,74.27,107.8,10.44,8.48,10.44,14.14,18.26,17.67,18.26,18.26,17.67,18.26,17.67,12.52,Madane,0,1.0,Micro (5-100 kW),0,1,1
2695,2,1654.6,1648.9,5.7,2.27,3.19,41.2,13.79,83.053611,28.235,0,1,WECS_NEA_MIP,0.1254,0.0852,0.0444,0.026,0.0189,0.0276,0.0251,0.0276,0.0376,0.069,0.2195,0.4265,0.4579,0.2634,0.1192,0.0527,0.0326,0.0025,0.0444,0.0419,0.65,Micro/Mini Hydro (<1 MW),5.1,1.36,10.67,4.33,6.34,0.61,0.49,0.61,0.82,1.07,1.04,1.07,1.07,1.04,1.07,1.04,0.73,Madane,0,1.0,Pico (<5 kW),0,1,0
2706,1,1946.5,1848.1,98.5,0.51,1.42,547.3,17.99,83.059444,28.217778,0,1,WECS_NEA_MIP,0.0568,0.0382,0.0196,0.0113,0.0082,0.0125,0.0114,0.0125,0.017,0.0312,0.0993,0.193,0.2071,0.1192,0.0539,0.0238,0.0148,0.0011,0.0196,0.0185,0.65,Micro/Mini Hydro (<1 MW),88.7,10.46,82.69,34.0,48.69,4.8,3.91,4.8,6.47,8.25,7.98,8.25,8.25,7.98,8.25,7.98,5.77,Madane,0,1.0,Micro (5-100 kW),0,1,1
2707,1,1848.1,1781.3,66.7,1.42,2.22,469.8,14.21,83.055278,28.219444,0,1,WECS_NEA_MIP,0.0879,0.0595,0.0308,0.0179,0.013,0.0193,0.0176,0.0193,0.0264,0.0484,0.1539,0.299,0.321,0.1847,0.0835,0.0369,0.0229,0.0018,0.0308,0.029,0.65,Micro/Mini Hydro (<1 MW),60.0,11.1,87.33,35.57,51.75,4.98,4.06,4.98,6.78,8.77,8.48,8.77,8.77,8.48,8.77,8.48,6.01,Madane,0,1.0,Micro (5-100 kW),0,1,1
2816,1,1917.0,1657.1,259.8,0.5,0.76,639.0,40.66,83.348333,28.138889,0,1,WECS_NEA_MIP,0.0308,0.0206,0.0104,0.0059,0.0043,0.0068,0.0062,0.0068,0.0092,0.0169,0.0538,0.1046,0.1123,0.0646,0.0292,0.0129,0.008,0.0006,0.0104,0.0098,0.65,Micro/Mini Hydro (<1 MW),233.8,14.61,116.43,48.34,68.1,6.88,5.61,6.88,9.23,11.54,11.16,11.54,11.54,11.16,11.54,11.16,8.21,Musikot,0,1.0,Micro (5-100 kW),0,1,1
2817,1,1657.1,1501.4,155.7,0.76,1.38,589.1,26.43,83.343889,28.135833,0,1,WECS_NEA_MIP,0.0552,0.0372,0.019,0.011,0.0079,0.0121,0.011,0.0121,0.0166,0.0304,0.0966,0.1876,0.2014,0.1159,0.0524,0.0232,0.0143,0.0011,0.019,0.0179,0.65,Micro/Mini Hydro (<1 MW),140.1,15.99,126.49,51.94,74.55,7.31,5.94,7.31,9.97,12.63,12.22,12.63,12.63,12.22,12.63,12.22,8.77,Musikot,0,1.0,Micro (5-100 kW),0,1,1
2818,1,1501.4,1224.3,277.1,1.38,1.83,645.7,42.92,83.340278,28.131667,0,1,WECS_NEA_MIP,0.0728,0.0492,0.0253,0.0147,0.0106,0.016,0.0146,0.016,0.0218,0.04,0.1273,0.2474,0.2656,0.1528,0.0691,0.0306,0.0189,0.0015,0.0253,0.0238,0.65,Micro/Mini Hydro (<1 MW),249.4,37.85,298.79,122.08,176.71,17.16,14.0,17.16,23.24,29.93,28.97,29.93,29.93,28.97,29.93,28.97,20.59,Musikot,0,1.0,Micro (5-100 kW),0,1,1
2819,2,1224.3,1050.7,173.6,1.83,2.61,631.0,27.51,83.335556,28.127778,0,1,WECS_NEA_MIP,0.1031,0.0699,0.0362,0.0211,0.0154,0.0227,0.0206,0.0227,0.0309,0.0567,0.1803,0.3504,0.3761,0.2164,0.0979,0.0433,0.0268,0.0021,0.0362,0.0341,0.65,Micro/Mini Hydro (<1 MW),156.2,33.96,267.05,108.69,158.36,15.27,12.38,15.27,20.65,26.83,25.96,26.83,26.83,25.96,26.83,25.96,18.3,Musikot,0,1.0,Micro (5-100 kW),0,1,1
2820,2,1050.7,850.1,200.5,2.61,3.29,519.3,38.61,83.330833,28.126389,0,1,WECS_NEA_MIP,0.1293,0.0879,0.0458,0.0268,0.0196,0.0284,0.0259,0.0284,0.0388,0.0711,0.2263,0.4396,0.4719,0.2715,0.1228,0.0543,0.0336,0.0026,0.0458,0.0432,0.65,Micro/Mini Hydro (<1 MW),180.5,49.72,389.49,157.97,231.52,22.09,18.02,22.09,30.0,39.22,37.95,39.22,39.22,37.95,39.22,37.95,26.55,Musikot,0,1.0,Micro (5-100 kW),0,1,1
2821,2,850.1,735.0,115.2,3.29,3.64,631.7,18.23,83.326667,28.123333,0,1,WECS_NEA_MIP,0.1428,0.0971,0.0507,0.0298,0.0217,0.0314,0.0286,0.0314,0.0428,0.0785,0.2498,0.4854,0.5211,0.2998,0.1356,0.06,0.0371,0.0029,0.0507,0.0478,0.65,Micro/Mini Hydro (<1 MW),103.7,31.61,247.47,100.23,147.24,14.02,11.42,14.02,19.0,24.94,24.14,24.94,24.94,24.14,24.94,24.14,16.83,Musikot,0,1.0,Micro (5-100 kW),0,1,1
2822,2,735.0,662.5,72.4,3.64,962.31,327.8,22.1,83.323333,28.121389,1,0,GAUGE_TRANSFER_DHM,34.7261,21.2919,10.646,6.8438,4.816,7.6398,6.9452,7.6398,10.4178,19.0994,60.7708,118.0689,126.7504,72.9249,32.9898,14.585,9.0288,0.6945,21.2919,20.5974,0.82,Commercial RoR (>1 MW),65.2,5401.48,33990.32,10864.59,23125.72,2710.16,2203.07,2710.16,3671.78,7181.86,8040.39,8308.41,8308.41,8040.39,8308.41,5245.43,3252.16,Musikot,1,0.5,Small/Medium RoR (>1 MW),0,1,1
2856,1,1909.2,1573.6,335.6,0.54,1.0,608.1,55.18,83.045278,28.183333,0,1,WECS_NEA_MIP,0.0402,0.027,0.0138,0.0079,0.0057,0.0089,0.008,0.0089,0.0121,0.0221,0.0704,0.1368,0.1469,0.0845,0.0382,0.0169,0.0105,0.0008,0.0138,0.013,0.65,Micro/Mini Hydro (<1 MW),302.0,25.03,198.58,81.86,116.72,11.61,9.32,11.61,15.67,19.77,19.13,19.77,19.77,19.13,19.77,19.13,13.9,Madane,0,1.0,Micro (5-100 kW),0,1,1
2857,1,1573.6,1528.6,45.0,1.0,1.68,161.3,27.93,83.046944,28.180278,0,1,WECS_NEA_MIP,0.0669,0.0452,0.0232,0.0134,0.0097,0.0147,0.0134,0.0147,0.0201,0.0368,0.1171,0.2275,0.2443,0.1405,0.0636,0.0281,0.0174,0.0013,0.0232,0.0219,0.65,Micro/Mini Hydro (<1 MW),40.5,5.66,44.61,18.3,26.31,2.57,2.1,2.57,3.5,4.46,4.31,4.46,4.46,4.31,4.46,4.31,3.09,Madane,0,1.0,Micro (5-100 kW),0,1,1
2912,1,1895.5,1786.1,109.4,0.52,0.95,505.4,21.64,83.449444,28.086111,0,1,WECS_NEA_MIP,0.0383,0.0257,0.0131,0.0075,0.0054,0.0084,0.0077,0.0084,0.0115,0.0211,0.067,0.1301,0.1397,0.0804,0.0364,0.0161,0.01,0.0008,0.0131,0.0123,0.65,Micro/Mini Hydro (<1 MW),98.5,7.73,61.41,25.27,36.14,3.55,2.91,3.55,4.84,6.12,5.92,6.12,6.12,5.92,6.12,5.92,4.3,Satyawati,0,1.0,Micro (5-100 kW),0,1,1
2913,1,1786.1,1680.1,106.0,0.95,1.46,519.3,20.41,83.444722,28.087222,0,1,WECS_NEA_MIP,0.0583,0.0393,0.0202,0.0116,0.0084,0.0128,0.0117,0.0128,0.0175,0.0321,0.1021,0.1983,0.2129,0.1225,0.0554,0.0245,0.0152,0.0012,0.0202,0.019,0.65,Micro/Mini Hydro (<1 MW),95.4,11.56,91.38,37.41,53.97,5.25,4.29,5.25,7.14,9.14,8.85,9.14,9.14,8.85,9.14,8.85,6.34,Chandrakot,0,1.0,Micro (5-100 kW),0,1,1
2914,1,1680.1,1605.1,75.0,1.46,1.85,505.4,14.84,83.44,28.087778,0,1,WECS_NEA_MIP,0.0735,0.0497,0.0256,0.0148,0.0107,0.0162,0.0147,0.0162,0.0221,0.0405,0.1287,0.2501,0.2685,0.1545,0.0699,0.0309,0.0191,0.0015,0.0256,0.0241,0.65,Micro/Mini Hydro (<1 MW),67.5,10.37,81.84,33.45,48.39,4.71,3.82,4.71,6.38,8.2,7.93,8.2,8.2,7.93,8.2,7.93,5.64,Satyawati,0,1.0,Micro (5-100 kW),0,1,1
2915,2,1605.1,1520.7,84.3,1.85,2.37,505.4,16.69,83.435278,28.088611,0,1,WECS_NEA_MIP,0.0938,0.0635,0.0329,0.0191,0.0139,0.0206,0.0188,0.0206,0.0281,0.0516,0.1641,0.3188,0.3422,0.1969,0.0891,0.0394,0.0244,0.0019,0.0329,0.031,0.65,Micro/Mini Hydro (<1 MW),75.9,15.0,117.97,48.04,69.93,6.73,5.5,6.73,9.13,11.85,11.46,11.85,11.85,11.46,11.85,11.46,8.1,Satyawati,0,1.0,Micro (5-100 kW),0,1,1
2916,2,1520.7,1408.3,112.4,2.37,2.9,491.4,22.87,83.430556,28.089722,0,1,WECS_NEA_MIP,0.1143,0.0776,0.0403,0.0235,0.0171,0.0251,0.0229,0.0251,0.0343,0.0628,0.2,0.3885,0.417,0.2399,0.1085,0.048,0.0297,0.0023,0.0403,0.038,0.65,Micro/Mini Hydro (<1 MW),101.2,24.52,192.41,78.2,114.22,10.95,8.93,10.95,14.87,19.35,18.72,19.35,19.35,18.72,19.35,18.72,13.15,Chandrakot,0,1.0,Micro (5-100 kW),0,1,1
2917,2,1408.3,1295.7,112.7,2.9,3.66,547.3,20.59,83.425833,28.090278,0,1,WECS_NEA_MIP,0.1435,0.0976,0.051,0.0299,0.0218,0.0316,0.0287,0.0316,0.0431,0.0789,0.2512,0.488,0.5239,0.3014,0.1364,0.0603,0.0373,0.0029,0.051,0.0481,0.65,Micro/Mini Hydro (<1 MW),101.4,31.1,243.45,98.62,144.83,13.81,11.21,13.81,18.71,24.53,23.74,24.53,24.53,23.74,24.53,23.74,16.55,Satyawati,0,1.0,Micro (5-100 kW),0,1,1
2918,2,1295.7,1175.6,120.0,3.66,4.15,597.8,20.08,83.422778,28.093889,0,1,WECS_NEA_MIP,0.1623,0.1106,0.0579,0.0341,0.0249,0.0357,0.0325,0.0357,0.0487,0.0893,0.2841,0.552,0.5925,0.3409,0.1542,0.0682,0.0422,0.0033,0.0579,0.0546,0.65,Micro/Mini Hydro (<1 MW),108.0,37.6,293.95,118.82,175.12,16.6,13.51,16.6,22.51,29.67,28.71,29.67,29.67,28.71,29.67,28.71,19.93,Satyawati,0,1.0,Micro (5-100 kW),0,1,1
2919,2,1175.6,1024.5,151.1,4.15,4.72,554.6,27.25,83.419722,28.098056,0,1,WECS_NEA_MIP,0.1842,0.1256,0.0659,0.0389,0.0285,0.0405,0.0368,0.0405,0.0552,0.1013,0.3223,0.6262,0.6722,0.3867,0.175,0.0773,0.0479,0.0037,0.0659,0.0622,0.65,Micro/Mini Hydro (<1 MW),136.0,53.94,420.97,169.97,251.0,23.74,19.29,23.74,32.16,42.52,41.15,42.52,42.52,41.15,42.52,41.15,28.52,Chandrakot,0,1.0,Micro (5-100 kW),0,1,1
2920,4,1024.5,1015.3,9.1,4.72,113.8,27.3,33.55,83.417222,28.098333,1,0,WECS_NEA_MIP,4.1664,2.9335,1.641,1.0315,0.7792,0.9166,0.8333,0.9166,1.2499,2.2915,7.2912,14.1658,15.2074,8.7495,3.9581,1.7499,1.0833,0.0833,2.9335,2.8502,0.82,Commercial RoR (>1 MW),8.2,188.01,1117.57,327.89,789.69,40.9,33.25,40.9,55.41,108.37,139.32,143.96,143.96,139.32,143.96,79.15,49.08,Chandrakot,0,1.0,Mini (100-1000 kW),0,1,1
3051,1,1860.7,1731.9,128.8,0.54,0.81,561.2,22.96,83.45,28.069722,0,1,WECS_NEA_MIP,0.0327,0.0219,0.0111,0.0063,0.0046,0.0072,0.0065,0.0072,0.0098,0.018,0.0573,0.1113,0.1195,0.0688,0.0311,0.0138,0.0085,0.0006,0.0111,0.0105,0.65,Micro/Mini Hydro (<1 MW),115.9,7.76,61.56,25.53,36.03,3.63,2.93,3.63,4.9,6.1,5.91,6.1,6.1,5.91,6.1,5.91,4.34,Satyawati,0,1.0,Micro (5-100 kW),0,1,1
3052,1,1731.9,1649.2,82.7,0.81,0.89,603.1,13.71,83.445278,28.067778,0,1,WECS_NEA_MIP,0.0359,0.0241,0.0122,0.007,0.005,0.0079,0.0072,0.0079,0.0108,0.0197,0.0628,0.1221,0.1311,0.0754,0.0341,0.0151,0.0093,0.0007,0.0122,0.0115,0.65,Micro/Mini Hydro (<1 MW),74.4,5.46,43.37,17.95,25.42,2.54,2.07,2.54,3.45,4.31,4.17,4.31,4.31,4.17,4.31,4.17,3.04,Satyawati,0,1.0,Micro (5-100 kW),0,1,1
3053,1,1649.2,1644.5,4.7,0.89,2.15,54.5,8.65,83.442778,28.066667,0,1,WECS_NEA_MIP,0.0852,0.0577,0.0298,0.0173,0.0126,0.0187,0.017,0.0187,0.0256,0.0469,0.1491,0.2897,0.311,0.179,0.081,0.0358,0.0222,0.0017,0.0298,0.0281,0.65,Micro/Mini Hydro (<1 MW),4.2,0.75,5.92,2.42,3.51,0.34,0.28,0.34,0.46,0.59,0.57,0.59,0.59,0.57,0.59,0.57,0.41,Satyawati,0,1.0,Pico (<5 kW),0,1,0
3087,1,1849.5,1586.1,263.4,0.55,1.22,575.2,45.8,83.508056,28.045833,0,1,WECS_NEA_MIP,0.0489,0.0329,0.0168,0.0097,0.007,0.0108,0.0098,0.0108,0.0147,0.0269,0.0856,0.1663,0.1785,0.1027,0.0465,0.0205,0.0127,0.001,0.0168,0.0158,0.65,Micro/Mini Hydro (<1 MW),237.1,23.89,189.51,77.96,111.55,11.02,8.94,11.02,14.91,18.9,18.29,18.9,18.9,18.29,18.9,18.29,13.16,Kaligandaki,0,1.0,Micro (5-100 kW),0,1,1
3088,1,1586.1,1423.8,162.3,1.22,2.0,603.1,26.91,83.512778,28.048333,0,1,WECS_NEA_MIP,0.0794,0.0537,0.0277,0.0161,0.0117,0.0175,0.0159,0.0175,0.0238,0.0437,0.1389,0.2699,0.2898,0.1667,0.0754,0.0333,0.0206,0.0016,0.0277,0.0261,0.65,Micro/Mini Hydro (<1 MW),146.1,24.31,191.59,78.25,113.34,11.02,8.95,11.02,14.89,19.2,18.58,19.2,19.2,18.58,19.2,18.58,13.17,Kaligandaki,0,1.0,Micro (5-100 kW),0,1,1
3089,2,1423.8,1386.3,37.5,2.0,2.67,81.8,45.88,83.515556,28.048333,0,1,WECS_NEA_MIP,0.1054,0.0715,0.0371,0.0216,0.0157,0.0232,0.0211,0.0232,0.0316,0.058,0.1844,0.3583,0.3846,0.2213,0.1001,0.0443,0.0274,0.0021,0.0371,0.035,0.65,Micro/Mini Hydro (<1 MW),33.8,7.54,59.22,24.1,35.12,3.38,2.75,3.38,4.58,5.95,5.76,5.95,5.95,5.76,5.95,5.76,4.06,Kaligandaki,0,1.0,Micro (5-100 kW),0,1,1
3104,1,1840.1,1781.3,58.8,0.53,2.22,218.8,26.88,83.054722,28.220556,0,1,WECS_NEA_MIP,0.0879,0.0595,0.0308,0.0179,0.013,0.0193,0.0176,0.0193,0.0264,0.0484,0.1539,0.299,0.321,0.1847,0.0835,0.0369,0.0229,0.0018,0.0308,0.029,0.65,Micro/Mini Hydro (<1 MW),52.9,9.78,76.99,31.36,45.63,4.39,3.58,4.39,5.97,7.73,7.48,7.73,7.73,7.48,7.73,7.48,5.3,Madane,0,1.0,Micro (5-100 kW),0,1,1
3151,1,1828.7,1689.4,139.3,0.52,1.29,577.2,24.14,83.116111,28.243889,0,1,WECS_NEA_MIP,0.0517,0.0348,0.0178,0.0102,0.0074,0.0114,0.0103,0.0114,0.0155,0.0284,0.0904,0.1756,0.1885,0.1085,0.0491,0.0217,0.0134,0.001,0.0178,0.0168,0.65,Micro/Mini Hydro (<1 MW),125.4,13.43,106.2,43.69,62.51,6.19,5.0,6.19,8.35,10.59,10.25,10.59,10.59,10.25,10.59,10.25,7.38,Malika,0,1.0,Micro (5-100 kW),0,1,1
3152,1,1689.4,1622.5,66.9,1.29,10.5,226.8,29.51,83.116667,28.240556,1,0,WECS_NEA_MIP,0.4032,0.2772,0.1478,0.0886,0.0654,0.0887,0.0806,0.0887,0.121,0.2218,0.7056,1.3708,1.4716,0.8467,0.383,0.1693,0.1048,0.0081,0.2772,0.2691,0.82,Commercial RoR (>1 MW),60.2,130.31,781.99,232.87,549.12,29.04,23.59,29.04,39.36,76.99,96.65,99.87,99.87,96.65,99.87,56.21,34.84,Malika,0,1.0,Mini (100-1000 kW),0,1,1
3159,1,1827.5,1539.0,288.5,0.5,0.89,587.5,49.11,83.172778,28.224444,0,1,WECS_NEA_MIP,0.0359,0.0241,0.0122,0.007,0.005,0.0079,0.0072,0.0079,0.0108,0.0197,0.0628,0.1221,0.1311,0.0754,0.0341,0.0151,0.0093,0.0007,0.0122,0.0115,0.65,Micro/Mini Hydro (<1 MW),259.7,19.04,151.37,62.64,88.73,8.87,7.23,8.87,12.04,15.03,14.55,15.03,15.03,14.55,15.03,14.55,10.6,Malika,0,1.0,Micro (5-100 kW),0,1,1
3160,1,1539.0,1376.3,162.6,0.89,1.3,552.9,29.41,83.173611,28.229167,0,1,WECS_NEA_MIP,0.052,0.035,0.0179,0.0103,0.0074,0.0115,0.0104,0.0115,0.0156,0.0286,0.0911,0.177,0.19,0.1093,0.0494,0.0219,0.0135,0.001,0.0179,0.0169,0.65,Micro/Mini Hydro (<1 MW),146.3,15.77,124.71,51.37,73.34,7.29,5.89,7.29,9.81,12.42,12.02,12.42,12.42,12.02,12.42,12.02,8.68,Malika,0,1.0,Micro (5-100 kW),0,1,1
3161,1,1376.3,1272.3,104.0,1.3,1.85,519.3,20.02,83.176944,28.231944,0,1,WECS_NEA_MIP,0.0735,0.0497,0.0256,0.0148,0.0107,0.0162,0.0147,0.0162,0.0221,0.0405,0.1287,0.2501,0.2685,0.1545,0.0699,0.0309,0.0191,0.0015,0.0256,0.0241,0.65,Micro/Mini Hydro (<1 MW),93.6,14.38,113.49,46.38,67.11,6.53,5.29,6.53,8.85,11.37,11.0,11.37,11.37,11.0,11.37,11.0,7.82,Malika,0,1.0,Micro (5-100 kW),0,1,1
3162,1,1272.3,1226.1,46.2,1.85,4.39,397.6,11.62,83.180833,28.232778,0,1,WECS_NEA_MIP,0.1715,0.1169,0.0613,0.0361,0.0264,0.0377,0.0343,0.0377,0.0515,0.0943,0.3002,0.5832,0.6261,0.3602,0.163,0.072,0.0446,0.0034,0.0613,0.0579,0.65,Micro/Mini Hydro (<1 MW),41.6,15.36,119.88,48.46,71.42,6.77,5.51,6.77,9.19,12.1,11.71,12.1,12.1,11.71,12.1,11.71,8.13,Malika,0,1.0,Micro (5-100 kW),0,1,1
3173,1,1822.8,1685.9,136.9,0.52,1.09,226.7,60.39,83.495833,28.055833,0,1,WECS_NEA_MIP,0.0438,0.0294,0.015,0.0086,0.0062,0.0096,0.0088,0.0096,0.0131,0.0241,0.0766,0.1489,0.1599,0.092,0.0416,0.0184,0.0114,0.0009,0.015,0.0141,0.65,Micro/Mini Hydro (<1 MW),123.2,11.08,87.9,36.15,51.75,5.08,4.17,5.08,6.9,8.77,8.48,8.77,8.77,8.48,8.77,8.48,6.14,Kaligandaki,0,1.0,Micro (5-100 kW),0,1,1
3175,1,1821.6,1681.5,140.1,0.7,1.34,533.3,26.27,83.470278,28.114167,0,1,WECS_NEA_MIP,0.0536,0.0361,0.0185,0.0106,0.0077,0.0118,0.0107,0.0118,0.0161,0.0295,0.0938,0.1823,0.1957,0.1126,0.0509,0.0225,0.0139,0.0011,0.0185,0.0174,0.65,Micro/Mini Hydro (<1 MW),126.1,13.99,110.73,45.4,65.33,6.4,5.19,6.4,8.68,11.07,10.71,11.07,11.07,10.71,11.07,10.71,7.66,Chandrakot,0,1.0,Micro (5-100 kW),0,1,1
3176,1,1681.5,1547.9,133.6,1.34,1.93,592.8,22.54,83.465833,28.113056,0,1,WECS_NEA_MIP,0.0767,0.0518,0.0267,0.0155,0.0112,0.0169,0.0153,0.0169,0.023,0.0422,0.1342,0.2607,0.2798,0.161,0.0728,0.0322,0.0199,0.0015,0.0267,0.0252,0.65,Micro/Mini Hydro (<1 MW),120.2,19.31,152.13,62.25,89.88,8.78,7.11,8.78,11.86,15.23,14.73,15.23,15.23,14.73,15.23,14.73,10.49,Chandrakot,0,1.0,Micro (5-100 kW),0,1,1
3177,2,1547.9,1417.3,130.6,1.93,2.47,642.0,20.34,83.461389,28.109722,0,1,WECS_NEA_MIP,0.0976,0.0662,0.0343,0.02,0.0145,0.0215,0.0195,0.0215,0.0293,0.0537,0.1709,0.3319,0.3564,0.205,0.0927,0.041,0.0254,0.002,0.0343,0.0323,0.65,Micro/Mini Hydro (<1 MW),117.5,24.2,190.31,77.44,112.87,10.87,8.81,10.87,14.73,19.12,18.5,19.12,19.12,18.5,19.12,18.5,13.04,Chandrakot,0,1.0,Micro (5-100 kW),0,1,1
3178,2,1417.3,1338.6,78.7,2.47,2.73,606.8,12.98,83.4575,28.105278,0,1,WECS_NEA_MIP,0.1077,0.073,0.0379,0.0221,0.0161,0.0237,0.0215,0.0237,0.0323,0.0592,0.1885,0.3662,0.3931,0.2262,0.1023,0.0452,0.028,0.0022,0.0379,0.0358,0.65,Micro/Mini Hydro (<1 MW),70.8,16.16,126.63,51.48,75.15,7.22,5.86,7.22,9.78,12.73,12.32,12.73,12.73,12.32,12.73,12.32,8.67,Chandrakot,0,1.0,Micro (5-100 kW),0,1,1
3179,2,1338.6,1294.3,44.2,2.73,6.1,218.8,20.21,83.454167,28.104444,0,1,WECS_NEA_MIP,0.2368,0.1619,0.0854,0.0506,0.0372,0.0521,0.0474,0.0521,0.071,0.1302,0.4144,0.8051,0.8643,0.4973,0.225,0.0995,0.0616,0.0047,0.0854,0.0807,0.65,Micro/Mini Hydro (<1 MW),39.8,20.48,159.35,64.17,95.19,8.95,7.28,8.95,12.11,16.12,15.6,16.12,16.12,15.6,16.12,15.6,10.74,Chandrakot,0,1.0,Micro (5-100 kW),0,1,1
3187,1,1820.3,1698.6,121.7,0.51,1.08,575.2,21.17,83.441667,28.075278,0,1,WECS_NEA_MIP,0.0434,0.0292,0.0149,0.0085,0.0061,0.0095,0.0087,0.0095,0.013,0.0239,0.076,0.1476,0.1584,0.0911,0.0412,0.0182,0.0113,0.0009,0.0149,0.014,0.65,Micro/Mini Hydro (<1 MW),109.5,9.78,77.51,31.82,45.69,4.47,3.66,4.47,6.08,7.74,7.49,7.74,7.74,7.49,7.74,7.49,5.4,Satyawati,0,1.0,Micro (5-100 kW),0,1,1
3188,1,1698.6,1625.3,73.2,1.08,1.4,565.6,12.95,83.436944,28.074722,0,1,WECS_NEA_MIP,0.056,0.0377,0.0193,0.0111,0.008,0.0123,0.0112,0.0123,0.0168,0.0308,0.0979,0.1903,0.2043,0.1175,0.0532,0.0235,0.0146,0.0011,0.0193,0.0182,0.65,Micro/Mini Hydro (<1 MW),65.9,7.65,60.48,24.86,35.62,3.5,2.85,3.5,4.75,6.03,5.84,6.03,6.03,5.84,6.03,5.84,4.22,Satyawati,0,1.0,Micro (5-100 kW),0,1,1
3189,1,1625.3,1593.5,31.9,1.4,1.91,589.1,5.41,83.433611,28.0725,0,1,WECS_NEA_MIP,0.0759,0.0513,0.0264,0.0153,0.0111,0.0167,0.0152,0.0167,0.0228,0.0417,0.1328,0.258,0.277,0.1594,0.0721,0.0319,0.0197,0.0015,0.0264,0.0249,0.65,Micro/Mini Hydro (<1 MW),28.7,4.56,35.92,14.7,21.22,2.07,1.68,2.07,2.81,3.59,3.48,3.59,3.59,3.48,3.59,3.48,2.48,Satyawati,0,1.0,Pico (<5 kW),0,1,0
3190,2,1593.5,1571.6,21.8,1.91,2.78,547.3,3.99,83.428889,28.075278,0,1,WECS_NEA_MIP,0.1096,0.0744,0.0386,0.0225,0.0164,0.0241,0.0219,0.0241,0.0329,0.0603,0.1918,0.3727,0.4001,0.2302,0.1041,0.046,0.0285,0.0022,0.0386,0.0364,0.65,Micro/Mini Hydro (<1 MW),19.6,4.55,35.71,14.52,21.19,2.04,1.65,2.04,2.76,3.59,3.47,3.59,3.59,3.47,3.59,3.47,2.45,Satyawati,0,1.0,Pico (<5 kW),0,1,0
3191,2,1571.6,1536.9,34.7,2.78,3.49,575.2,6.04,83.424167,28.074167,0,1,WECS_NEA_MIP,0.137,0.0932,0.0486,0.0285,0.0208,0.0301,0.0274,0.0301,0.0411,0.0753,0.2397,0.4658,0.5,0.2877,0.1301,0.0575,0.0356,0.0027,0.0486,0.0459,0.65,Micro/Mini Hydro (<1 MW),31.2,9.13,71.44,28.98,42.47,4.06,3.3,4.06,5.5,7.19,6.96,7.19,7.19,6.96,7.19,6.96,4.87,Satyawati,0,1.0,Micro (5-100 kW),0,1,1
3192,2,1536.9,1498.4,38.5,3.49,4.25,564.9,6.82,83.419722,28.073889,0,1,WECS_NEA_MIP,0.1662,0.1132,0.0593,0.0349,0.0255,0.0366,0.0332,0.0366,0.0499,0.0914,0.2908,0.565,0.6065,0.349,0.1579,0.0698,0.0432,0.0033,0.0593,0.056,0.65,Micro/Mini Hydro (<1 MW),34.6,12.36,96.51,39.05,57.46,5.47,4.43,5.47,7.4,9.73,9.42,9.73,9.73,9.42,9.73,9.42,6.55,Satyawati,0,1.0,Micro (5-100 kW),0,1,1
3193,2,1498.4,1431.1,67.2,4.25,4.77,575.2,11.69,83.415,28.071944,0,1,WECS_NEA_MIP,0.1861,0.1269,0.0666,0.0393,0.0288,0.0409,0.0372,0.0409,0.0558,0.1023,0.3256,0.6327,0.6792,0.3908,0.1768,0.0782,0.0484,0.0037,0.0666,0.0629,0.65,Micro/Mini Hydro (<1 MW),60.5,24.27,189.3,76.46,112.84,10.68,8.68,10.68,14.47,19.12,18.5,19.12,19.12,18.5,19.12,18.5,12.83,Satyawati,0,1.0,Micro (5-100 kW),0,1,1
3194,2,1431.1,1355.6,75.6,4.77,6.03,423.6,17.85,83.410833,28.071111,0,1,WECS_NEA_MIP,0.2341,0.1601,0.0844,0.05,0.0367,0.0515,0.0468,0.0515,0.0702,0.1288,0.4097,0.796,0.8546,0.4917,0.2224,0.0983,0.0609,0.0047,0.0844,0.0797,0.65,Micro/Mini Hydro (<1 MW),68.0,34.56,269.0,108.27,160.73,15.1,12.27,15.1,20.45,27.23,26.35,27.23,27.23,26.35,27.23,26.35,18.13,Satyawati,0,1.0,Micro (5-100 kW),0,1,1
3201,1,1818.5,1624.9,193.6,0.51,1.27,383.0,50.53,83.2825,28.070278,0,1,WECS_NEA_MIP,0.0509,0.0342,0.0175,0.0101,0.0073,0.0112,0.0102,0.0112,0.0153,0.028,0.089,0.173,0.1857,0.1068,0.0483,0.0214,0.0132,0.001,0.0175,0.0165,0.65,Micro/Mini Hydro (<1 MW),174.2,18.33,145.08,59.71,85.38,8.43,6.87,8.43,11.44,14.46,14.0,14.46,14.46,14.0,14.46,14.0,10.08,Resunga,0,1.0,Micro (5-100 kW),0,1,1
3241,1,1808.0,1472.7,335.2,0.5,0.87,561.2,59.73,83.468611,28.047778,0,1,WECS_NEA_MIP,0.0351,0.0235,0.0119,0.0068,0.0049,0.0077,0.007,0.0077,0.0105,0.0193,0.0614,0.1194,0.1282,0.0737,0.0334,0.0147,0.0091,0.0007,0.0119,0.0112,0.65,Micro/Mini Hydro (<1 MW),301.7,21.55,171.36,70.81,100.55,10.02,8.14,10.02,13.57,17.03,16.48,17.03,17.03,16.48,17.03,16.48,12.02,Satyawati,0,1.0,Micro (5-100 kW),0,1,1
3242,1,1472.7,1393.0,79.8,0.87,1.56,164.2,48.57,83.465556,28.047222,0,1,WECS_NEA_MIP,0.0622,0.042,0.0216,0.0124,0.009,0.0137,0.0124,0.0137,0.0187,0.0342,0.1089,0.2116,0.2271,0.1307,0.0591,0.0261,0.0162,0.0012,0.0216,0.0204,0.65,Micro/Mini Hydro (<1 MW),71.8,9.34,73.63,30.2,43.43,4.26,3.45,4.26,5.77,7.36,7.12,7.36,7.36,7.12,7.36,7.12,5.11,Satyawati,0,1.0,Micro (5-100 kW),0,1,1
3260,1,1802.6,1660.7,141.9,0.54,1.59,607.4,23.36,83.040278,28.208333,0,1,WECS_NEA_MIP,0.0634,0.0428,0.022,0.0127,0.0092,0.0139,0.0127,0.0139,0.019,0.0349,0.111,0.2156,0.2314,0.1331,0.0602,0.0266,0.0165,0.0013,0.022,0.0207,0.65,Micro/Mini Hydro (<1 MW),127.7,16.86,133.1,54.42,78.68,7.63,6.24,7.63,10.38,13.33,12.9,13.33,13.33,12.9,13.33,12.9,9.21,Madane,0,1.0,Micro (5-100 kW),0,1,1
3261,1,1660.7,1566.0,94.7,1.59,2.13,577.2,16.41,83.038333,28.2125,0,1,WECS_NEA_MIP,0.0844,0.0571,0.0295,0.0171,0.0124,0.0186,0.0169,0.0186,0.0253,0.0464,0.1478,0.2871,0.3082,0.1773,0.0802,0.0355,0.022,0.0017,0.0295,0.0278,0.65,Micro/Mini Hydro (<1 MW),85.2,15.1,118.96,48.57,70.39,6.83,5.55,6.83,9.23,11.92,11.54,11.92,11.92,11.54,11.92,11.54,8.21,Madane,0,1.0,Micro (5-100 kW),0,1,1
3262,2,1566.0,1558.0,8.0,2.13,2.14,61.8,12.89,83.0375,28.215,0,1,WECS_NEA_MIP,0.0848,0.0574,0.0297,0.0172,0.0125,0.0187,0.017,0.0187,0.0254,0.0467,0.1485,0.2884,0.3096,0.1781,0.0806,0.0356,0.0221,0.0017,0.0297,0.028,0.65,Micro/Mini Hydro (<1 MW),7.2,1.29,10.12,4.13,5.99,0.58,0.47,0.58,0.78,1.01,0.98,1.01,1.01,0.98,1.01,0.98,0.7,Madane,0,1.0,Pico (<5 kW),0,1,0
3263,1,1802.4,1697.4,105.0,0.64,1.0,505.4,20.77,83.063056,28.201944,0,1,WECS_NEA_MIP,0.0402,0.027,0.0138,0.0079,0.0057,0.0089,0.008,0.0089,0.0121,0.0221,0.0704,0.1368,0.1469,0.0845,0.0382,0.0169,0.0105,0.0008,0.0138,0.013,0.65,Micro/Mini Hydro (<1 MW),94.5,7.83,62.14,25.62,36.52,3.63,2.92,3.63,4.9,6.19,5.99,6.19,6.19,5.99,6.19,5.99,4.35,Madane,0,1.0,Micro (5-100 kW),0,1,1
3264,1,1697.4,1649.4,48.0,1.0,1.78,260.0,18.45,83.066389,28.202222,0,1,WECS_NEA_MIP,0.0708,0.0478,0.0246,0.0142,0.0103,0.0156,0.0142,0.0156,0.0212,0.039,0.1239,0.2408,0.2585,0.1487,0.0673,0.0297,0.0184,0.0014,0.0246,0.0232,0.65,Micro/Mini Hydro (<1 MW),43.2,6.39,50.4,20.64,29.76,2.91,2.37,2.91,3.93,5.04,4.88,5.04,5.04,4.88,5.04,4.88,3.48,Madane,0,1.0,Micro (5-100 kW),0,1,1
3308,1,1784.7,1578.4,206.3,0.5,1.13,564.9,36.52,83.144722,28.250556,0,1,WECS_NEA_MIP,0.0454,0.0305,0.0156,0.0089,0.0064,0.01,0.0091,0.01,0.0136,0.025,0.0794,0.1543,0.1656,0.0953,0.0431,0.0191,0.0118,0.0009,0.0156,0.0147,0.65,Micro/Mini Hydro (<1 MW),185.7,17.41,137.86,56.73,81.13,8.02,6.52,8.02,10.83,13.74,13.3,13.74,13.74,13.3,13.74,13.3,9.6,Malika,0,1.0,Micro (5-100 kW),0,1,1
3309,1,1578.4,1432.1,146.3,1.13,2.3,491.4,29.77,83.149167,28.252222,0,1,WECS_NEA_MIP,0.091,0.0616,0.0319,0.0185,0.0135,0.02,0.0182,0.02,0.0273,0.0501,0.1593,0.3095,0.3323,0.1912,0.0865,0.0382,0.0237,0.0018,0.0319,0.0301,0.65,Micro/Mini Hydro (<1 MW),131.7,25.28,198.69,81.03,117.66,11.37,9.26,11.37,15.42,19.93,19.29,19.93,19.93,19.29,19.93,19.29,13.68,Malika,0,1.0,Micro (5-100 kW),0,1,1
3310,2,1432.1,1338.8,93.3,2.3,3.89,579.5,16.09,83.153333,28.250833,0,1,WECS_NEA_MIP,0.1524,0.1037,0.0542,0.0319,0.0233,0.0335,0.0305,0.0335,0.0457,0.0838,0.2666,0.5181,0.5561,0.32,0.1447,0.064,0.0396,0.0031,0.0542,0.0512,0.65,Micro/Mini Hydro (<1 MW),84.0,27.42,214.17,86.66,127.5,12.11,9.86,12.11,16.43,21.6,20.9,21.6,21.6,20.9,21.6,20.9,14.55,Malika,0,1.0,Micro (5-100 kW),0,1,1
3322,2,1781.3,1517.6,263.7,2.22,2.37,575.2,45.84,83.051389,28.220556,0,1,WECS_NEA_MIP,0.0938,0.0635,0.0329,0.0191,0.0139,0.0206,0.0188,0.0206,0.0281,0.0516,0.1641,0.3188,0.3422,0.1969,0.0891,0.0394,0.0244,0.0019,0.0329,0.031,0.65,Micro/Mini Hydro (<1 MW),237.3,46.91,368.85,150.2,218.64,21.05,17.18,21.05,28.54,37.04,35.84,37.04,37.04,35.84,37.04,35.84,25.33,Madane,0,1.0,Micro (5-100 kW),0,1,1
3323,2,1517.6,1512.5,5.2,2.37,3.94,27.3,18.93,83.048889,28.220278,0,1,WECS_NEA_MIP,0.1543,0.105,0.0549,0.0323,0.0236,0.0339,0.0309,0.0339,0.0463,0.0849,0.27,0.5246,0.5631,0.324,0.1466,0.0648,0.0401,0.0031,0.0549,0.0518,0.65,Micro/Mini Hydro (<1 MW),4.7,1.55,12.14,4.91,7.23,0.69,0.56,0.69,0.93,1.22,1.18,1.22,1.22,1.18,1.22,1.18,0.83,Madane,0,1.0,Pico (<5 kW),0,1,0
3356,1,1776.9,1614.0,162.9,0.55,1.7,604.4,26.95,83.053333,28.1925,0,1,WECS_NEA_MIP,0.0677,0.0457,0.0235,0.0136,0.0098,0.0149,0.0135,0.0149,0.0203,0.0372,0.1185,0.2302,0.2471,0.1422,0.0643,0.0284,0.0176,0.0014,0.0235,0.0221,0.65,Micro/Mini Hydro (<1 MW),146.6,20.66,163.19,66.71,96.48,9.39,7.6,9.39,12.72,16.34,15.82,16.34,16.34,15.82,16.34,15.82,11.27,Madane,0,1.0,Micro (5-100 kW),0,1,1
3357,1,1614.0,1577.1,36.8,1.7,2.59,226.7,16.25,83.055278,28.189722,0,1,WECS_NEA_MIP,0.1023,0.0693,0.036,0.021,0.0152,0.0225,0.0205,0.0225,0.0307,0.0563,0.179,0.3477,0.3733,0.2148,0.0972,0.043,0.0266,0.0021,0.036,0.0339,0.65,Micro/Mini Hydro (<1 MW),33.1,7.16,56.23,22.86,33.37,3.2,2.61,3.2,4.35,5.65,5.47,5.65,5.65,5.47,5.65,5.47,3.85,Madane,0,1.0,Micro (5-100 kW),0,1,1
3381,2,1772.6,1657.1,115.5,2.63,3.09,614.1,18.81,83.384444,28.143333,0,1,WECS_NEA_MIP,0.1216,0.0826,0.043,0.0251,0.0183,0.0268,0.0243,0.0268,0.0365,0.0669,0.2128,0.4134,0.4438,0.2553,0.1155,0.0511,0.0316,0.0024,0.043,0.0406,0.65,Micro/Mini Hydro (<1 MW),104.0,26.92,210.98,85.74,125.24,12.04,9.76,12.04,16.28,21.22,20.53,21.22,21.22,20.53,21.22,20.53,14.41,Chandrakot,0,1.0,Micro (5-100 kW),0,1,1
3382,2,1657.1,1610.9,46.2,3.09,4.79,490.4,9.42,83.388611,28.140833,0,1,WECS_NEA_MIP,0.1868,0.1275,0.0669,0.0395,0.0289,0.0411,0.0374,0.0411,0.0561,0.1028,0.327,0.6353,0.682,0.3924,0.1775,0.0785,0.0486,0.0037,0.0669,0.0632,0.65,Micro/Mini Hydro (<1 MW),41.6,16.76,130.78,52.84,77.94,7.38,6.01,7.38,10.01,13.2,12.78,13.2,13.2,12.78,13.2,12.78,8.86,Chandrakot,0,1.0,Micro (5-100 kW),0,1,1
3392,1,1769.0,1570.1,199.0,0.61,1.66,614.1,32.4,83.376944,28.171944,0,1,WECS_NEA_MIP,0.0661,0.0446,0.0229,0.0133,0.0096,0.0146,0.0132,0.0146,0.0198,0.0364,0.1157,0.2249,0.2414,0.1389,0.0628,0.0278,0.0172,0.0013,0.0229,0.0216,0.65,Micro/Mini Hydro (<1 MW),179.1,24.67,194.77,79.91,114.86,11.3,9.13,11.3,15.21,19.46,18.83,19.46,19.46,18.83,19.46,18.83,13.51,Musikot,0,1.0,Micro (5-100 kW),0,1,1
3393,1,1570.1,1534.4,35.7,1.66,2.25,154.6,23.09,83.375,28.174444,0,1,WECS_NEA_MIP,0.0891,0.0603,0.0312,0.0181,0.0132,0.0196,0.0178,0.0196,0.0267,0.049,0.1559,0.3029,0.3252,0.1871,0.0846,0.0374,0.0232,0.0018,0.0312,0.0294,0.65,Micro/Mini Hydro (<1 MW),32.1,6.02,47.35,19.3,28.05,2.71,2.2,2.71,3.67,4.75,4.6,4.75,4.75,4.6,4.75,4.6,3.26,Musikot,0,1.0,Micro (5-100 kW),0,1,1
3409,1,1765.5,1696.0,69.5,0.53,0.68,547.3,12.7,83.450833,28.066944,0,1,WECS_NEA_MIP,0.0276,0.0184,0.0093,0.0053,0.0038,0.0061,0.0055,0.0061,0.0083,0.0152,0.0483,0.0938,0.1007,0.0579,0.0262,0.0116,0.0072,0.0006,0.0093,0.0087,0.65,Micro/Mini Hydro (<1 MW),62.6,3.47,27.82,11.52,16.3,1.63,1.31,1.63,2.21,2.76,2.67,2.76,2.76,2.67,2.76,2.67,1.96,Satyawati,0,1.0,Pico (<5 kW),0,1,0
3410,1,1696.0,1649.4,46.7,0.68,1.23,519.3,8.98,83.446111,28.065556,0,1,WECS_NEA_MIP,0.0493,0.0332,0.017,0.0097,0.007,0.0108,0.0099,0.0108,0.0148,0.0271,0.0863,0.1676,0.1799,0.1035,0.0468,0.0207,0.0128,0.001,0.017,0.016,0.65,Micro/Mini Hydro (<1 MW),42.0,4.29,33.9,13.91,20.0,1.95,1.6,1.95,2.66,3.39,3.28,3.39,3.39,3.28,3.39,3.28,2.35,Satyawati,0,1.0,Pico (<5 kW),0,1,0
3411,1,1649.4,1644.5,4.9,1.23,2.15,164.2,2.97,83.443056,28.066111,0,1,WECS_NEA_MIP,0.0852,0.0577,0.0298,0.0173,0.0126,0.0187,0.017,0.0187,0.0256,0.0469,0.1491,0.2897,0.311,0.179,0.081,0.0358,0.0222,0.0017,0.0298,0.0281,0.65,Micro/Mini Hydro (<1 MW),4.4,0.79,6.2,2.53,3.67,0.35,0.29,0.35,0.48,0.62,0.6,0.62,0.62,0.6,0.62,0.6,0.43,Satyawati,0,1.0,Pico (<5 kW),0,1,0
3448,1,1758.9,1539.0,219.9,0.52,1.38,604.4,36.38,83.491667,28.105556,0,1,WECS_NEA_MIP,0.0552,0.0372,0.019,0.011,0.0079,0.0121,0.011,0.0121,0.0166,0.0304,0.0966,0.1876,0.2014,0.1159,0.0524,0.0232,0.0143,0.0011,0.019,0.0179,0.65,Micro/Mini Hydro (<1 MW),197.9,22.59,178.67,73.36,105.3,10.33,8.4,10.33,14.08,17.84,17.26,17.84,17.84,17.26,17.84,17.26,12.39,Chandrakot,0,1.0,Micro (5-100 kW),0,1,1
3449,1,1539.0,1277.4,261.6,1.38,2.3,635.4,41.17,83.494722,28.101389,0,1,WECS_NEA_MIP,0.091,0.0616,0.0319,0.0185,0.0135,0.02,0.0182,0.02,0.0273,0.0501,0.1593,0.3095,0.3323,0.1912,0.0865,0.0382,0.0237,0.0018,0.0319,0.0301,0.65,Micro/Mini Hydro (<1 MW),235.4,45.18,355.13,144.83,210.3,20.33,16.54,20.33,27.56,35.62,34.48,35.62,35.62,34.48,35.62,34.48,24.46,Chandrakot,0,1.0,Micro (5-100 kW),0,1,1
3450,2,1277.4,1165.0,112.4,2.3,3.07,624.4,18.01,83.498611,28.097778,0,1,WECS_NEA_MIP,0.1208,0.082,0.0427,0.025,0.0182,0.0266,0.0242,0.0266,0.0362,0.0665,0.2114,0.4108,0.441,0.2537,0.1148,0.0507,0.0314,0.0024,0.0427,0.0403,0.65,Micro/Mini Hydro (<1 MW),101.2,26.01,203.84,82.82,121.02,11.62,9.45,11.62,15.7,20.5,19.84,20.5,20.5,19.84,20.5,19.84,13.92,Chandrakot,0,1.0,Micro (5-100 kW),0,1,1
3451,2,1165.0,1081.0,84.0,3.07,3.8,621.4,13.51,83.502222,28.093056,0,1,WECS_NEA_MIP,0.1489,0.1013,0.053,0.0311,0.0227,0.0328,0.0298,0.0328,0.0447,0.0819,0.2606,0.5063,0.5435,0.3127,0.1415,0.0625,0.0387,0.003,0.053,0.05,0.65,Micro/Mini Hydro (<1 MW),75.6,24.1,188.56,76.34,112.21,10.69,8.68,10.69,14.47,19.01,18.4,19.01,19.01,18.4,19.01,18.4,12.8,Chandrakot,0,1.0,Micro (5-100 kW),0,1,1
3452,2,1081.0,1002.3,78.7,3.8,12.85,583.8,13.47,83.505556,28.089167,1,0,WECS_NEA_MIP,0.4914,0.3386,0.1813,0.1091,0.0806,0.1081,0.0983,0.1081,0.1474,0.2703,0.86,1.6709,1.7937,1.032,0.4669,0.2064,0.1278,0.0098,0.3386,0.3288,0.82,Commercial RoR (>1 MW),70.8,187.26,1122.72,333.98,788.74,41.65,33.87,41.65,56.42,110.38,138.85,143.47,143.47,138.85,143.47,80.62,50.0,Chandrakot,0,1.0,Mini (100-1000 kW),0,1,1
3455,1,1756.6,1656.1,100.5,0.71,1.3,505.4,19.89,83.506944,28.110833,0,1,WECS_NEA_MIP,0.052,0.035,0.0179,0.0103,0.0074,0.0115,0.0104,0.0115,0.0156,0.0286,0.0911,0.177,0.19,0.1093,0.0494,0.0219,0.0135,0.001,0.0179,0.0169,0.65,Micro/Mini Hydro (<1 MW),90.5,9.75,77.15,31.78,45.37,4.51,3.65,4.51,6.07,7.69,7.44,7.69,7.69,7.44,7.69,7.44,5.37,Kaligandaki,0,1.0,Micro (5-100 kW),0,1,1
3456,1,1656.1,1503.1,153.1,1.3,1.49,533.3,28.7,83.511667,28.111944,0,1,WECS_NEA_MIP,0.0595,0.0401,0.0206,0.0119,0.0086,0.0131,0.0119,0.0131,0.0178,0.0327,0.1041,0.2023,0.2171,0.1249,0.0565,0.025,0.0155,0.0012,0.0206,0.0194,0.65,Micro/Mini Hydro (<1 MW),137.8,17.05,134.69,55.19,79.5,7.78,6.32,7.78,10.5,13.47,13.03,13.47,13.47,13.03,13.47,13.03,9.35,Kaligandaki,0,1.0,Micro (5-100 kW),0,1,1
3457,1,1503.1,1391.9,111.2,1.49,1.74,611.1,18.2,83.515833,28.109167,0,1,WECS_NEA_MIP,0.0693,0.0468,0.0241,0.0139,0.0101,0.0152,0.0139,0.0152,0.0208,0.0381,0.1212,0.2355,0.2528,0.1454,0.0658,0.0291,0.018,0.0014,0.0241,0.0227,0.65,Micro/Mini Hydro (<1 MW),100.1,14.49,114.27,46.71,67.56,6.55,5.36,6.55,8.92,11.44,11.08,11.44,11.44,11.08,11.44,11.08,7.88,Kaligandaki,0,1.0,Micro (5-100 kW),0,1,1
3458,1,1391.9,1366.5,25.3,1.74,5.47,164.9,15.36,83.5175,28.106667,0,1,WECS_NEA_MIP,0.2128,0.1454,0.0765,0.0453,0.0332,0.0468,0.0426,0.0468,0.0638,0.117,0.3724,0.7235,0.7767,0.4469,0.2022,0.0894,0.0553,0.0043,0.0765,0.0722,0.65,Micro/Mini Hydro (<1 MW),22.8,10.5,81.8,32.96,48.85,4.6,3.74,4.6,6.23,8.27,8.01,8.27,8.27,8.01,8.27,8.01,5.52,Kaligandaki,0,1.0,Micro (5-100 kW),0,1,1
3459,1,1756.5,1604.7,151.8,1.79,2.73,648.6,23.4,83.485,28.041667,0,1,WECS_NEA_MIP,0.1077,0.073,0.0379,0.0221,0.0161,0.0237,0.0215,0.0237,0.0323,0.0592,0.1885,0.3662,0.3931,0.2262,0.1023,0.0452,0.028,0.0022,0.0379,0.0358,0.65,Micro/Mini Hydro (<1 MW),136.6,31.18,244.31,99.32,144.99,13.93,11.3,13.93,18.88,24.56,23.77,24.56,24.56,23.77,24.56,23.77,16.72,Satyawati,0,1.0,Micro (5-100 kW),0,1,1
3494,1,1741.0,1510.4,230.5,0.76,1.16,547.3,42.13,83.471667,28.079722,0,1,WECS_NEA_MIP,0.0465,0.0313,0.016,0.0092,0.0066,0.0102,0.0093,0.0102,0.014,0.0256,0.0815,0.1583,0.1699,0.0978,0.0442,0.0196,0.0121,0.0009,0.016,0.0151,0.65,Micro/Mini Hydro (<1 MW),207.5,19.98,158.01,65.03,92.98,9.15,7.47,9.15,12.48,15.75,15.24,15.75,15.75,15.24,15.75,15.24,11.03,Satyawati,0,1.0,Micro (5-100 kW),0,1,1
3495,1,1510.4,1393.2,117.2,1.16,2.03,341.8,34.29,83.475556,28.079444,0,1,WECS_NEA_MIP,0.0806,0.0545,0.0281,0.0163,0.0118,0.0177,0.0161,0.0177,0.0242,0.0443,0.141,0.2739,0.294,0.1692,0.0765,0.0338,0.0209,0.0016,0.0281,0.0265,0.65,Micro/Mini Hydro (<1 MW),105.5,17.83,140.37,57.34,83.02,8.06,6.55,8.06,10.95,14.06,13.61,14.06,14.06,13.61,14.06,13.61,9.66,Satyawati,0,1.0,Micro (5-100 kW),0,1,1
3498,1,1740.2,1604.7,135.5,0.76,1.39,608.1,22.28,83.049167,28.214722,0,1,WECS_NEA_MIP,0.0556,0.0374,0.0192,0.011,0.008,0.0122,0.0111,0.0122,0.0167,0.0306,0.0973,0.189,0.2029,0.1167,0.0528,0.0233,0.0145,0.0011,0.0192,0.0181,0.65,Micro/Mini Hydro (<1 MW),122.0,14.08,111.28,45.68,65.6,6.42,5.23,6.42,8.74,11.11,10.75,11.11,11.11,10.75,11.11,10.75,7.76,Madane,0,1.0,Micro (5-100 kW),0,1,1
3499,1,1604.7,1512.5,92.3,1.39,3.94,402.0,22.95,83.048889,28.218611,0,1,WECS_NEA_MIP,0.1543,0.105,0.0549,0.0323,0.0236,0.0339,0.0309,0.0339,0.0463,0.0849,0.27,0.5246,0.5631,0.324,0.1466,0.0648,0.0401,0.0031,0.0549,0.0518,0.65,Micro/Mini Hydro (<1 MW),83.1,27.45,214.66,86.9,127.77,12.14,9.9,12.14,16.48,21.64,20.95,21.64,21.64,20.95,21.64,20.95,14.59,Madane,0,1.0,Micro (5-100 kW),0,1,1
3500,1,1739.7,1572.3,167.4,0.5,1.16,298.9,56.02,83.498056,28.026667,0,1,WECS_NEA_MIP,0.0465,0.0313,0.016,0.0092,0.0066,0.0102,0.0093,0.0102,0.014,0.0256,0.0815,0.1583,0.1699,0.0978,0.0442,0.0196,0.0121,0.0009,0.016,0.0151,0.65,Micro/Mini Hydro (<1 MW),150.7,14.51,114.76,47.23,67.53,6.65,5.42,6.65,9.06,11.44,11.07,11.44,11.44,11.07,11.44,11.07,8.01,Satyawati,0,1.0,Micro (5-100 kW),0,1,1
3503,3,1515.0,1511.6,3.4,12.28,16.0,30.9,11.09,83.411111,28.1425,1,0,WECS_NEA_MIP,0.6092,0.4206,0.2262,0.1367,0.1013,0.134,0.1218,0.134,0.1828,0.3351,1.0662,2.0714,2.2237,1.2794,0.5788,0.2559,0.1584,0.0122,0.4206,0.4084,0.82,Commercial RoR (>1 MW),3.1,10.18,61.01,18.12,42.89,2.26,1.84,2.26,3.06,5.99,7.55,7.8,7.8,7.55,7.8,4.38,2.71,Chandrakot,0,1.0,Micro (5-100 kW),0,1,1
3514,2,1397.5,1321.7,75.8,2.42,2.97,634.7,11.94,83.115833,28.081111,0,1,WECS_NEA_MIP,0.117,0.0794,0.0413,0.0241,0.0176,0.0257,0.0234,0.0257,0.0351,0.0643,0.2047,0.3977,0.4269,0.2456,0.1111,0.0491,0.0304,0.0023,0.0413,0.039,0.65,Micro/Mini Hydro (<1 MW),68.2,16.96,132.91,54.03,78.88,7.57,6.17,7.57,10.27,13.36,12.93,13.36,13.36,12.93,13.36,12.93,9.09,Dhurkot,0,1.0,Micro (5-100 kW),0,1,1
3515,2,1321.7,1230.2,91.5,2.97,3.3,608.1,15.05,83.119167,28.085556,0,1,WECS_NEA_MIP,0.1297,0.0881,0.0459,0.0269,0.0196,0.0285,0.0259,0.0285,0.0389,0.0713,0.2269,0.4409,0.4733,0.2723,0.1232,0.0545,0.0337,0.0026,0.0459,0.0433,0.65,Micro/Mini Hydro (<1 MW),82.4,22.75,178.23,72.31,105.92,10.12,8.23,10.12,13.73,17.94,17.36,17.94,17.94,17.36,17.94,17.36,12.16,Dhurkot,0,1.0,Micro (5-100 kW),0,1,1
3516,2,1230.2,1195.5,34.7,3.3,3.34,181.9,19.09,83.120278,28.088611,0,1,WECS_NEA_MIP,0.1312,0.0892,0.0465,0.0272,0.0199,0.0289,0.0262,0.0289,0.0394,0.0722,0.2296,0.4462,0.479,0.2756,0.1247,0.0551,0.0341,0.0026,0.0465,0.0439,0.65,Micro/Mini Hydro (<1 MW),31.2,8.73,68.39,27.76,40.63,3.89,3.16,3.89,5.27,6.88,6.66,6.88,6.88,6.66,6.88,6.66,4.66,Dhurkot,0,1.0,Micro (5-100 kW),0,1,1
3548,1,1729.2,1546.8,182.4,0.5,12.65,398.3,45.79,83.124722,28.237778,1,0,WECS_NEA_MIP,0.4839,0.3333,0.1784,0.1073,0.0793,0.1065,0.0968,0.1065,0.1452,0.2662,0.8469,1.6454,1.7664,1.0163,0.4597,0.2033,0.1258,0.0097,0.3333,0.3236,0.82,Commercial RoR (>1 MW),164.2,427.43,2563.27,762.59,1800.69,95.13,77.31,95.13,128.86,252.07,316.97,327.54,327.54,316.97,327.54,184.12,114.09,Malika,0,1.0,Mini (100-1000 kW),0,1,1
3550,2,1728.9,1675.7,53.2,5.79,6.34,596.5,8.92,83.11,28.241111,0,1,WECS_NEA_MIP,0.2459,0.1682,0.0888,0.0527,0.0387,0.0541,0.0492,0.0541,0.0738,0.1353,0.4304,0.8361,0.8976,0.5164,0.2336,0.1033,0.0639,0.0049,0.0888,0.0839,0.65,Micro/Mini Hydro (<1 MW),47.9,25.63,199.31,80.19,119.12,11.18,9.09,11.18,15.15,20.18,19.53,20.18,20.18,19.53,20.18,19.53,13.41,Malika,0,1.0,Micro (5-100 kW),0,1,1
3551,2,1675.7,1653.6,22.0,6.34,8.76,68.5,32.18,83.111944,28.239444,0,1,WECS_NEA_MIP,0.3376,0.2317,0.1231,0.0735,0.0541,0.0743,0.0675,0.0743,0.1013,0.1857,0.5908,1.1478,1.2322,0.709,0.3207,0.1418,0.0878,0.0068,0.1231,0.1163,0.65,Micro/Mini Hydro (<1 MW),19.8,14.68,113.85,45.59,68.26,6.34,5.15,6.34,8.59,11.56,11.19,11.56,11.56,11.19,11.56,11.19,7.61,Malika,0,1.0,Micro (5-100 kW),0,1,1
3562,1,1726.5,1512.3,214.3,0.5,1.06,645.7,33.18,83.263611,28.075,0,1,WECS_NEA_MIP,0.0426,0.0286,0.0146,0.0084,0.006,0.0094,0.0085,0.0094,0.0128,0.0234,0.0746,0.1449,0.1555,0.0895,0.0405,0.0179,0.0111,0.0009,0.0146,0.0138,0.65,Micro/Mini Hydro (<1 MW),192.9,16.97,133.95,55.07,78.87,7.78,6.28,7.78,10.54,13.36,12.93,13.36,13.36,12.93,13.36,12.93,9.33,Resunga,0,1.0,Micro (5-100 kW),0,1,1
3563,1,1512.3,1347.2,165.1,1.06,1.52,556.6,29.66,83.261944,28.079722,0,1,WECS_NEA_MIP,0.0607,0.0409,0.021,0.0121,0.0088,0.0133,0.0121,0.0133,0.0182,0.0334,0.1062,0.2063,0.2214,0.1274,0.0576,0.0255,0.0158,0.0012,0.021,0.0198,0.65,Micro/Mini Hydro (<1 MW),148.6,18.76,148.09,60.7,87.39,8.53,6.94,8.53,11.6,14.8,14.33,14.8,14.8,14.33,14.8,14.33,10.29,Resunga,0,1.0,Micro (5-100 kW),0,1,1
3564,1,1347.2,1307.2,40.0,1.52,2.18,164.9,24.27,83.261944,28.082778,0,1,WECS_NEA_MIP,0.0864,0.0585,0.0302,0.0175,0.0127,0.019,0.0173,0.019,0.0259,0.0475,0.1512,0.2937,0.3153,0.1814,0.0821,0.0363,0.0225,0.0017,0.0302,0.0285,0.65,Micro/Mini Hydro (<1 MW),36.0,6.54,51.47,21.03,30.45,2.95,2.41,2.95,4.0,5.16,4.99,5.16,5.16,4.99,5.16,4.99,3.55,Resunga,0,1.0,Micro (5-100 kW),0,1,1
3590,1,1718.3,1403.0,315.4,0.56,0.92,547.3,57.63,83.462222,28.058056,0,1,WECS_NEA_MIP,0.0371,0.0249,0.0126,0.0072,0.0052,0.0082,0.0074,0.0082,0.0111,0.0204,0.0649,0.1261,0.1354,0.0779,0.0352,0.0156,0.0096,0.0007,0.0126,0.0119,0.65,Micro/Mini Hydro (<1 MW),283.9,21.54,171.05,70.87,100.18,10.1,8.15,10.1,13.56,16.97,16.42,16.97,16.97,16.42,16.97,16.42,11.99,Satyawati,0,1.0,Micro (5-100 kW),0,1,1
3591,1,1403.0,1248.4,154.6,0.92,3.05,423.6,36.49,83.458056,28.0575,0,1,WECS_NEA_MIP,0.12,0.0815,0.0424,0.0248,0.0181,0.0264,0.024,0.0264,0.036,0.066,0.2101,0.4082,0.4382,0.2521,0.114,0.0504,0.0312,0.0024,0.0424,0.04,0.65,Micro/Mini Hydro (<1 MW),139.1,35.48,278.17,112.99,165.17,15.84,12.87,15.84,21.46,27.98,27.08,27.98,27.98,27.08,27.98,27.08,19.01,Satyawati,0,1.0,Micro (5-100 kW),0,1,1
3601,1,1715.5,1486.9,228.6,0.5,0.82,597.8,38.24,83.356111,28.170278,0,1,WECS_NEA_MIP,0.0331,0.0222,0.0113,0.0064,0.0046,0.0073,0.0066,0.0073,0.0099,0.0182,0.058,0.1127,0.1209,0.0696,0.0315,0.0139,0.0086,0.0007,0.0113,0.0106,0.65,Micro/Mini Hydro (<1 MW),205.7,13.9,110.6,45.51,65.1,6.44,5.2,6.44,8.69,11.03,10.67,11.03,11.03,10.67,11.03,10.67,7.71,Musikot,0,1.0,Micro (5-100 kW),0,1,1
3602,1,1486.9,1289.4,197.4,0.82,1.23,608.1,32.47,83.3575,28.175,0,1,WECS_NEA_MIP,0.0493,0.0332,0.017,0.0097,0.007,0.0108,0.0099,0.0108,0.0148,0.0271,0.0863,0.1676,0.1799,0.1035,0.0468,0.0207,0.0128,0.001,0.017,0.016,0.65,Micro/Mini Hydro (<1 MW),177.7,18.13,143.44,58.84,84.6,8.26,6.78,8.26,11.26,14.33,13.87,14.33,14.33,13.87,14.33,13.87,9.95,Musikot,0,1.0,Micro (5-100 kW),0,1,1
3603,1,1289.4,1251.0,38.5,1.23,4.52,164.9,23.32,83.358889,28.178056,0,1,WECS_NEA_MIP,0.1765,0.1203,0.0631,0.0372,0.0272,0.0388,0.0353,0.0388,0.053,0.0971,0.3089,0.6001,0.6443,0.3707,0.1677,0.0741,0.0459,0.0035,0.0631,0.0596,0.65,Micro/Mini Hydro (<1 MW),34.6,13.15,102.63,41.48,61.14,5.79,4.71,5.79,7.86,10.36,10.02,10.36,10.36,10.02,10.36,10.02,6.96,Musikot,0,1.0,Micro (5-100 kW),0,1,1
3626,1,1709.1,1648.9,60.3,0.86,3.19,216.4,27.84,83.053333,28.235833,0,1,WECS_NEA_MIP,0.1254,0.0852,0.0444,0.026,0.0189,0.0276,0.0251,0.0276,0.0376,0.069,0.2195,0.4265,0.4579,0.2634,0.1192,0.0527,0.0326,0.0025,0.0444,0.0419,0.65,Micro/Mini Hydro (<1 MW),54.3,14.51,113.65,46.13,67.52,6.47,5.26,6.47,8.75,11.44,11.07,11.44,11.44,11.07,11.44,11.07,7.75,Madane,0,1.0,Micro (5-100 kW),0,1,1
3629,1,1708.5,1446.4,262.0,0.55,1.16,597.8,43.83,83.459167,28.063889,0,1,WECS_NEA_MIP,0.0465,0.0313,0.016,0.0092,0.0066,0.0102,0.0093,0.0102,0.014,0.0256,0.0815,0.1583,0.1699,0.0978,0.0442,0.0196,0.0121,0.0009,0.016,0.0151,0.65,Micro/Mini Hydro (<1 MW),235.8,22.7,179.56,73.9,105.66,10.4,8.49,10.4,14.18,17.9,17.32,17.9,17.9,17.32,17.9,17.32,12.53,Satyawati,0,1.0,Micro (5-100 kW),0,1,1
3630,1,1446.4,1248.4,198.0,1.16,3.05,597.8,33.13,83.456389,28.059167,0,1,WECS_NEA_MIP,0.12,0.0815,0.0424,0.0248,0.0181,0.0264,0.024,0.0264,0.036,0.066,0.2101,0.4082,0.4382,0.2521,0.114,0.0504,0.0312,0.0024,0.0424,0.04,0.65,Micro/Mini Hydro (<1 MW),178.2,45.45,356.36,144.75,211.6,20.29,16.49,20.29,27.49,35.85,34.69,35.85,35.85,34.69,35.85,34.69,24.35,Satyawati,0,1.0,Micro (5-100 kW),0,1,1
3640,1,1707.5,1649.4,58.1,0.51,1.78,287.3,20.24,83.066389,28.203333,0,1,WECS_NEA_MIP,0.0708,0.0478,0.0246,0.0142,0.0103,0.0156,0.0142,0.0156,0.0212,0.039,0.1239,0.2408,0.2585,0.1487,0.0673,0.0297,0.0184,0.0014,0.0246,0.0232,0.65,Micro/Mini Hydro (<1 MW),52.3,7.74,61.02,24.99,36.03,3.52,2.87,3.52,4.75,6.1,5.91,6.1,6.1,5.91,6.1,5.91,4.22,Madane,0,1.0,Micro (5-100 kW),0,1,1
3646,1,1703.2,1636.8,66.3,0.6,1.08,575.2,11.53,83.386111,28.14,0,1,WECS_NEA_MIP,0.0434,0.0292,0.0149,0.0085,0.0061,0.0095,0.0087,0.0095,0.013,0.0239,0.076,0.1476,0.1584,0.0911,0.0412,0.0182,0.0113,0.0009,0.0149,0.014,0.65,Micro/Mini Hydro (<1 MW),59.7,5.33,42.26,17.35,24.91,2.44,2.0,2.44,3.32,4.22,4.08,4.22,4.22,4.08,4.22,4.08,2.95,Chandrakot,0,1.0,Micro (5-100 kW),0,1,1
3647,1,1636.8,1610.9,25.9,1.08,4.79,113.4,22.86,83.388611,28.139167,0,1,WECS_NEA_MIP,0.1868,0.1275,0.0669,0.0395,0.0289,0.0411,0.0374,0.0411,0.0561,0.1028,0.327,0.6353,0.682,0.3924,0.1775,0.0785,0.0486,0.0037,0.0669,0.0632,0.65,Micro/Mini Hydro (<1 MW),23.3,9.39,73.25,29.6,43.65,4.13,3.36,4.13,5.61,7.39,7.16,7.39,7.39,7.16,7.39,7.16,4.96,Chandrakot,0,1.0,Micro (5-100 kW),0,1,1
3666,1,1698.8,1624.9,73.9,0.51,1.27,206.1,35.85,83.284167,28.07,0,1,WECS_NEA_MIP,0.0509,0.0342,0.0175,0.0101,0.0073,0.0112,0.0102,0.0112,0.0153,0.028,0.089,0.173,0.1857,0.1068,0.0483,0.0214,0.0132,0.001,0.0175,0.0165,0.65,Micro/Mini Hydro (<1 MW),66.5,7.0,55.38,22.79,32.59,3.22,2.62,3.22,4.37,5.52,5.34,5.52,5.52,5.34,5.52,5.34,3.85,Resunga,0,1.0,Micro (5-100 kW),0,1,1
3667,1,1698.5,1522.2,176.3,0.52,1.37,549.3,32.1,83.477778,28.066667,0,1,WECS_NEA_MIP,0.0548,0.0369,0.0189,0.0109,0.0079,0.0121,0.011,0.0121,0.0164,0.0301,0.0959,0.1863,0.2,0.1151,0.0521,0.023,0.0142,0.0011,0.0189,0.0178,0.65,Micro/Mini Hydro (<1 MW),158.7,18.01,142.54,58.54,84.0,8.28,6.73,8.28,11.15,14.23,13.77,14.23,14.23,13.77,14.23,13.77,9.86,Satyawati,0,1.0,Micro (5-100 kW),0,1,1
3668,1,1522.2,1371.4,150.8,1.37,2.17,418.9,35.99,83.480278,28.07,0,1,WECS_NEA_MIP,0.086,0.0582,0.0301,0.0175,0.0127,0.0189,0.0172,0.0189,0.0258,0.0473,0.1505,0.2924,0.3139,0.1806,0.0817,0.0361,0.0224,0.0017,0.0301,0.0284,0.65,Micro/Mini Hydro (<1 MW),135.7,24.57,193.27,78.88,114.39,11.07,9.01,11.07,15.01,19.38,18.75,19.38,19.38,18.75,19.38,18.75,13.33,Satyawati,0,1.0,Micro (5-100 kW),0,1,1
3673,1,1697.5,1547.4,150.1,0.79,1.52,645.7,23.24,83.513611,28.118056,0,1,WECS_NEA_MIP,0.0607,0.0409,0.021,0.0121,0.0088,0.0133,0.0121,0.0133,0.0182,0.0334,0.1062,0.2063,0.2214,0.1274,0.0576,0.0255,0.0158,0.0012,0.021,0.0198,0.65,Micro/Mini Hydro (<1 MW),135.1,17.06,134.64,55.18,79.45,7.76,6.31,7.76,10.54,13.46,13.03,13.46,13.46,13.03,13.46,13.03,9.36,Kaligandaki,0,1.0,Micro (5-100 kW),0,1,1
3674,1,1547.4,1468.0,79.5,1.52,2.24,607.4,13.08,83.517778,28.114167,0,1,WECS_NEA_MIP,0.0887,0.0601,0.0311,0.018,0.0131,0.0195,0.0177,0.0195,0.0266,0.0488,0.1552,0.3016,0.3238,0.1863,0.0843,0.0373,0.0231,0.0018,0.0311,0.0293,0.65,Micro/Mini Hydro (<1 MW),71.5,13.36,105.07,42.79,62.27,6.0,4.87,6.0,8.14,10.55,10.21,10.55,10.55,10.21,10.55,10.21,7.23,Kaligandaki,0,1.0,Micro (5-100 kW),0,1,1
3675,2,1468.0,1424.3,43.7,2.24,3.09,216.4,20.18,83.516944,28.111389,0,1,WECS_NEA_MIP,0.1216,0.0826,0.043,0.0251,0.0183,0.0268,0.0243,0.0268,0.0365,0.0669,0.2128,0.4134,0.4438,0.2553,0.1155,0.0511,0.0316,0.0024,0.043,0.0406,0.65,Micro/Mini Hydro (<1 MW),39.3,10.17,79.73,32.4,47.33,4.55,3.69,4.55,6.15,8.02,7.76,8.02,8.02,7.76,8.02,7.76,5.44,Kaligandaki,0,1.0,Micro (5-100 kW),0,1,1
3679,1,1696.2,1499.6,196.6,0.55,0.94,628.7,31.27,83.129722,28.2225,0,1,WECS_NEA_MIP,0.0379,0.0254,0.0129,0.0074,0.0053,0.0083,0.0076,0.0083,0.0114,0.0208,0.0663,0.1288,0.1383,0.0795,0.036,0.0159,0.0098,0.0008,0.0129,0.0121,0.65,Micro/Mini Hydro (<1 MW),176.9,13.65,108.64,44.73,63.91,6.29,5.15,6.29,8.61,10.83,10.48,10.83,10.83,10.48,10.83,10.48,7.55,Malika,0,1.0,Micro (5-100 kW),0,1,1
3680,1,1499.6,1437.5,62.2,0.94,17.91,226.8,27.41,83.131389,28.225833,1,0,WECS_NEA_MIP,0.6804,0.4703,0.2535,0.1536,0.1139,0.1497,0.1361,0.1497,0.2041,0.3742,1.1907,2.3134,2.4835,1.4289,0.6464,0.2858,0.1769,0.0136,0.4703,0.4567,0.82,Commercial RoR (>1 MW),56.0,205.73,1231.92,365.69,866.23,45.61,37.08,45.61,61.79,120.86,152.54,157.62,157.62,152.54,157.62,88.29,54.73,Malika,0,1.0,Mini (100-1000 kW),0,1,1
3699,1,1691.6,1685.9,5.7,0.51,1.09,27.3,21.08,83.496667,28.056667,0,1,WECS_NEA_MIP,0.0438,0.0294,0.015,0.0086,0.0062,0.0096,0.0088,0.0096,0.0131,0.0241,0.0766,0.1489,0.1599,0.092,0.0416,0.0184,0.0114,0.0009,0.015,0.0141,0.65,Micro/Mini Hydro (<1 MW),5.1,0.46,3.64,1.5,2.14,0.21,0.17,0.21,0.29,0.36,0.35,0.36,0.36,0.35,0.36,0.35,0.25,Kaligandaki,0,1.0,Pico (<5 kW),0,1,0
3700,1,1691.2,1503.5,187.6,0.52,0.67,573.5,32.72,83.361111,28.143056,0,1,WECS_NEA_MIP,0.0272,0.0182,0.0092,0.0052,0.0037,0.006,0.0054,0.006,0.0082,0.015,0.0476,0.0924,0.0992,0.0571,0.0258,0.0114,0.0071,0.0005,0.0092,0.0087,0.65,Micro/Mini Hydro (<1 MW),168.8,9.36,74.46,30.97,43.49,4.4,3.54,4.4,5.97,7.37,7.13,7.37,7.37,7.13,7.37,7.13,5.29,Chandrakot,0,1.0,Micro (5-100 kW),0,1,1
3701,1,1503.5,1438.0,65.6,0.67,2.72,134.0,48.94,83.360556,28.140556,0,1,WECS_NEA_MIP,0.1073,0.0728,0.0378,0.022,0.016,0.0236,0.0215,0.0236,0.0322,0.059,0.1878,0.3648,0.3917,0.2253,0.1019,0.0451,0.0279,0.0022,0.0378,0.0357,0.65,Micro/Mini Hydro (<1 MW),59.0,13.43,105.22,42.76,62.46,5.99,4.88,5.99,8.13,10.58,10.24,10.58,10.58,10.24,10.58,10.24,7.19,Chandrakot,0,1.0,Micro (5-100 kW),0,1,1
3702,1,1690.8,1529.7,161.1,0.5,1.0,597.8,26.95,83.136667,28.232778,0,1,WECS_NEA_MIP,0.0402,0.027,0.0138,0.0079,0.0057,0.0089,0.008,0.0089,0.0121,0.0221,0.0704,0.1368,0.1469,0.0845,0.0382,0.0169,0.0105,0.0008,0.0138,0.013,0.65,Micro/Mini Hydro (<1 MW),145.0,12.02,95.34,39.31,56.04,5.57,4.47,5.57,7.52,9.49,9.19,9.49,9.49,9.19,9.49,9.19,6.67,Malika,0,1.0,Micro (5-100 kW),0,1,1
3703,1,1529.7,1426.3,103.4,1.0,19.19,288.6,35.85,83.135,28.229444,1,0,WECS_NEA_MIP,0.728,0.5036,0.2718,0.1649,0.1224,0.1602,0.1456,0.1602,0.2184,0.4004,1.2741,2.4753,2.6574,1.5289,0.6916,0.3058,0.1893,0.0146,0.5036,0.489,0.82,Commercial RoR (>1 MW),93.1,366.22,2192.31,650.38,1541.93,81.13,65.93,81.13,109.89,214.96,271.55,280.6,280.6,271.55,280.6,157.02,97.34,Malika,0,1.0,Mini (100-1000 kW),0,1,1
3717,1,1688.7,1572.3,116.4,0.5,1.16,216.5,53.77,83.498611,28.026389,0,1,WECS_NEA_MIP,0.0465,0.0313,0.016,0.0092,0.0066,0.0102,0.0093,0.0102,0.014,0.0256,0.0815,0.1583,0.1699,0.0978,0.0442,0.0196,0.0121,0.0009,0.016,0.0151,0.65,Micro/Mini Hydro (<1 MW),104.8,10.09,79.81,32.85,46.96,4.62,3.77,4.62,6.3,7.95,7.7,7.95,7.95,7.7,7.95,7.7,5.57,Satyawati,0,1.0,Micro (5-100 kW),0,1,1
3730,1,1686.5,1575.6,110.9,0.5,0.74,558.2,19.86,83.371944,28.121111,0,1,WECS_NEA_MIP,0.03,0.0201,0.0101,0.0058,0.0041,0.0066,0.006,0.0066,0.009,0.0165,0.0524,0.1019,0.1094,0.0629,0.0285,0.0126,0.0078,0.0006,0.0101,0.0095,0.65,Micro/Mini Hydro (<1 MW),99.8,6.05,48.26,20.03,28.23,2.84,2.31,2.84,3.85,4.78,4.63,4.78,4.78,4.63,4.78,4.63,3.41,Chandrakot,0,1.0,Micro (5-100 kW),0,1,1
3731,1,1575.6,1466.6,109.1,0.74,1.26,505.4,21.58,83.367222,28.120278,0,1,WECS_NEA_MIP,0.0505,0.034,0.0174,0.01,0.0072,0.0111,0.0101,0.0111,0.0151,0.0278,0.0883,0.1716,0.1842,0.106,0.048,0.0212,0.0131,0.001,0.0174,0.0164,0.65,Micro/Mini Hydro (<1 MW),98.2,10.27,81.19,33.34,47.85,4.71,3.83,4.71,6.36,8.11,7.84,8.11,8.11,7.84,8.11,7.84,5.64,Chandrakot,0,1.0,Micro (5-100 kW),0,1,1
3732,1,1466.6,1223.5,243.1,1.26,1.53,638.3,38.08,83.3625,28.118333,0,1,WECS_NEA_MIP,0.0611,0.0412,0.0211,0.0122,0.0088,0.0134,0.0122,0.0134,0.0183,0.0336,0.1069,0.2076,0.2229,0.1282,0.058,0.0256,0.0159,0.0012,0.0211,0.0199,0.65,Micro/Mini Hydro (<1 MW),218.8,27.76,219.27,89.98,129.29,12.66,10.31,12.66,17.18,21.9,21.2,21.9,21.9,21.2,21.9,21.2,15.26,Chandrakot,0,1.0,Micro (5-100 kW),0,1,1
3733,1,1223.5,1110.8,112.6,1.53,4.16,381.4,29.53,83.360556,28.114722,0,1,WECS_NEA_MIP,0.1627,0.1108,0.058,0.0341,0.025,0.0358,0.0325,0.0358,0.0488,0.0895,0.2848,0.5533,0.5939,0.3417,0.1546,0.0683,0.0423,0.0033,0.058,0.0548,0.65,Micro/Mini Hydro (<1 MW),101.3,35.4,276.23,111.69,164.54,15.62,12.67,15.62,21.16,27.87,26.97,27.87,27.87,26.97,27.87,26.97,18.74,Chandrakot,0,1.0,Micro (5-100 kW),0,1,1
3740,1,1685.9,1449.8,236.0,1.09,1.93,652.3,36.19,83.498611,28.059167,0,1,WECS_NEA_MIP,0.0767,0.0518,0.0267,0.0155,0.0112,0.0169,0.0153,0.0169,0.023,0.0422,0.1342,0.2607,0.2798,0.161,0.0728,0.0322,0.0199,0.0015,0.0267,0.0252,0.65,Micro/Mini Hydro (<1 MW),212.4,34.13,268.83,110.01,158.82,15.52,12.56,15.52,20.97,26.9,26.04,26.9,26.9,26.04,26.9,26.04,18.54,Kaligandaki,0,1.0,Micro (5-100 kW),0,1,1
3741,2,1449.8,1321.7,128.1,1.93,2.65,611.1,20.96,83.503056,28.062778,0,1,WECS_NEA_MIP,0.1046,0.0709,0.0368,0.0215,0.0156,0.023,0.0209,0.023,0.0314,0.0575,0.183,0.3556,0.3818,0.2197,0.0994,0.0439,0.0272,0.0021,0.0368,0.0347,0.65,Micro/Mini Hydro (<1 MW),115.3,25.51,200.35,81.52,118.83,11.43,9.29,11.43,15.51,20.13,19.48,20.13,20.13,19.48,20.13,19.48,13.73,Kaligandaki,0,1.0,Micro (5-100 kW),0,1,1
3742,2,1321.7,1187.9,133.8,2.65,3.19,639.0,20.94,83.505556,28.0675,0,1,WECS_NEA_MIP,0.1254,0.0852,0.0444,0.026,0.0189,0.0276,0.0251,0.0276,0.0376,0.069,0.2195,0.4265,0.4579,0.2634,0.1192,0.0527,0.0326,0.0025,0.0444,0.0419,0.65,Micro/Mini Hydro (<1 MW),120.4,32.17,252.0,102.29,149.71,14.34,11.66,14.34,19.4,25.36,24.54,25.36,25.36,24.54,25.36,24.54,17.19,Kaligandaki,0,1.0,Micro (5-100 kW),0,1,1
3743,2,1187.9,1135.1,52.8,3.19,3.62,519.3,10.17,83.509444,28.07,0,1,WECS_NEA_MIP,0.142,0.0966,0.0504,0.0296,0.0216,0.0312,0.0284,0.0312,0.0426,0.0781,0.2485,0.4828,0.5183,0.2982,0.1349,0.0596,0.0369,0.0028,0.0504,0.0476,0.65,Micro/Mini Hydro (<1 MW),47.5,14.42,112.78,45.73,67.05,6.4,5.21,6.4,8.68,11.36,10.99,11.36,11.36,10.99,11.36,10.99,7.68,Kaligandaki,0,1.0,Micro (5-100 kW),0,1,1
3744,2,1135.1,1078.6,56.4,3.62,4.23,477.5,11.82,83.514167,28.07,0,1,WECS_NEA_MIP,0.1654,0.1127,0.059,0.0347,0.0254,0.0364,0.0331,0.0364,0.0496,0.091,0.2895,0.5624,0.6037,0.3474,0.1571,0.0695,0.043,0.0033,0.059,0.0557,0.65,Micro/Mini Hydro (<1 MW),50.8,18.04,140.96,57.03,83.94,7.98,6.49,7.98,10.8,14.22,13.76,14.22,14.22,13.76,14.22,13.76,9.57,Kaligandaki,0,1.0,Micro (5-100 kW),0,1,1
3745,2,1078.6,1011.5,67.2,4.23,4.58,578.8,11.61,83.518889,28.069167,0,1,WECS_NEA_MIP,0.1788,0.1219,0.064,0.0377,0.0276,0.0393,0.0358,0.0393,0.0536,0.0983,0.3129,0.608,0.6527,0.3755,0.1699,0.0751,0.0465,0.0036,0.064,0.0604,0.65,Micro/Mini Hydro (<1 MW),60.5,23.3,181.85,73.41,108.44,10.25,8.35,10.25,13.89,18.37,17.78,18.37,18.37,17.78,18.37,17.78,12.31,Kaligandaki,0,1.0,Micro (5-100 kW),0,1,1
3746,2,1011.5,944.3,67.2,4.58,5.19,505.4,13.3,83.523333,28.067222,0,1,WECS_NEA_MIP,0.2021,0.138,0.0726,0.0429,0.0314,0.0445,0.0404,0.0445,0.0606,0.1112,0.3537,0.6872,0.7377,0.4244,0.192,0.0849,0.0526,0.004,0.0726,0.0686,0.65,Micro/Mini Hydro (<1 MW),60.5,26.46,206.2,83.19,123.01,11.62,9.44,11.62,15.72,20.84,20.17,20.84,20.84,20.17,20.84,20.17,13.95,Kaligandaki,0,1.0,Micro (5-100 kW),0,1,1
3747,2,944.3,882.9,61.4,5.19,8.26,575.2,10.67,83.528056,28.064722,0,1,WECS_NEA_MIP,0.3187,0.2186,0.116,0.0692,0.0509,0.0701,0.0637,0.0701,0.0956,0.1753,0.5577,1.0836,1.1633,0.6693,0.3028,0.1339,0.0829,0.0064,0.116,0.1096,0.65,Micro/Mini Hydro (<1 MW),55.3,38.65,299.8,120.15,179.65,16.71,13.58,16.71,22.65,30.43,29.45,30.43,30.43,29.45,30.43,29.45,20.07,Kaligandaki,0,1.0,Micro (5-100 kW),0,1,1
3795,1,1675.0,1497.1,177.9,0.53,0.75,477.5,37.25,83.521389,28.113333,0,1,WECS_NEA_MIP,0.0304,0.0203,0.0103,0.0058,0.0042,0.0067,0.0061,0.0067,0.0091,0.0167,0.0531,0.1032,0.1108,0.0638,0.0288,0.0128,0.0079,0.0006,0.0103,0.0097,0.65,Micro/Mini Hydro (<1 MW),160.1,9.9,78.84,32.66,46.18,4.63,3.77,4.63,6.25,7.82,7.57,7.82,7.82,7.57,7.82,7.57,5.54,Kaligandaki,0,1.0,Micro (5-100 kW),0,1,1
3796,1,1497.1,1424.3,72.8,0.75,3.09,340.1,21.42,83.517778,28.111667,0,1,WECS_NEA_MIP,0.1216,0.0826,0.043,0.0251,0.0183,0.0268,0.0243,0.0268,0.0365,0.0669,0.2128,0.4134,0.4438,0.2553,0.1155,0.0511,0.0316,0.0024,0.043,0.0406,0.65,Micro/Mini Hydro (<1 MW),65.5,16.96,132.88,54.0,78.88,7.58,6.15,7.58,10.25,13.36,12.93,13.36,13.36,12.93,13.36,12.93,9.07,Kaligandaki,0,1.0,Micro (5-100 kW),0,1,1
3800,1,1674.5,1508.2,166.4,0.62,1.57,565.6,29.42,83.1625,28.2225,0,1,WECS_NEA_MIP,0.0626,0.0422,0.0217,0.0125,0.0091,0.0138,0.0125,0.0138,0.0188,0.0344,0.1096,0.2129,0.2286,0.1315,0.0595,0.0263,0.0163,0.0013,0.0217,0.0204,0.65,Micro/Mini Hydro (<1 MW),149.8,19.49,154.11,63.07,91.04,8.88,7.19,8.88,12.04,15.42,14.92,15.42,15.42,14.92,15.42,14.92,10.66,Malika,0,1.0,Micro (5-100 kW),0,1,1
3801,1,1508.2,1404.0,104.1,1.57,2.1,620.7,16.77,83.157778,28.224722,0,1,WECS_NEA_MIP,0.0833,0.0563,0.0291,0.0169,0.0123,0.0183,0.0167,0.0183,0.025,0.0458,0.1457,0.2831,0.304,0.1749,0.0791,0.035,0.0217,0.0017,0.0291,0.0274,0.65,Micro/Mini Hydro (<1 MW),93.7,16.37,128.99,52.63,76.36,7.38,6.02,7.38,10.02,12.94,12.52,12.94,12.94,12.52,12.94,12.52,8.89,Malika,0,1.0,Micro (5-100 kW),0,1,1
3802,2,1404.0,1330.3,73.8,2.1,27.67,412.3,17.89,83.156389,28.228056,1,0,WECS_NEA_MIP,1.0421,0.7234,0.3934,0.2404,0.1791,0.2293,0.2084,0.2293,0.3126,0.5732,1.8237,3.5432,3.8037,2.1884,0.99,0.4377,0.2709,0.0208,0.7234,0.7026,0.82,Commercial RoR (>1 MW),66.4,375.28,2243.35,664.18,1579.17,82.86,67.34,82.86,112.22,219.52,278.2,287.48,287.48,278.2,287.48,160.33,99.39,Malika,0,1.0,Mini (100-1000 kW),0,1,1
3803,1,1673.6,1527.2,146.4,0.64,1.7,608.1,24.07,83.512222,28.03,0,1,WECS_NEA_MIP,0.0677,0.0457,0.0235,0.0136,0.0098,0.0149,0.0135,0.0149,0.0203,0.0372,0.1185,0.2302,0.2471,0.1422,0.0643,0.0284,0.0176,0.0014,0.0235,0.0221,0.65,Micro/Mini Hydro (<1 MW),131.8,18.57,146.72,59.98,86.74,8.44,6.83,8.44,11.44,14.69,14.22,14.69,14.69,14.22,14.69,14.22,10.13,Satyawati,0,1.0,Micro (5-100 kW),0,1,1
3804,2,1527.2,1377.9,149.3,1.7,2.21,597.8,24.98,83.511389,28.025278,0,1,WECS_NEA_MIP,0.0875,0.0593,0.0306,0.0178,0.0129,0.0193,0.0175,0.0193,0.0263,0.0482,0.1532,0.2977,0.3196,0.1839,0.0832,0.0368,0.0228,0.0018,0.0306,0.0288,0.65,Micro/Mini Hydro (<1 MW),134.4,24.68,194.55,79.38,115.18,11.16,9.04,11.16,15.12,19.51,18.88,19.51,19.51,18.88,19.51,18.88,13.39,Satyawati,0,1.0,Micro (5-100 kW),0,1,1
3805,2,1377.9,1291.7,86.2,2.21,3.84,381.4,22.59,83.509167,28.021389,0,1,WECS_NEA_MIP,0.1504,0.1024,0.0535,0.0314,0.023,0.0331,0.0301,0.0331,0.0451,0.0827,0.2633,0.5115,0.5491,0.3159,0.1429,0.0632,0.0391,0.003,0.0535,0.0505,0.65,Micro/Mini Hydro (<1 MW),77.6,24.99,195.43,79.16,116.27,11.08,9.01,11.08,15.0,19.7,19.06,19.7,19.7,19.06,19.7,19.06,13.29,Satyawati,0,1.0,Micro (5-100 kW),0,1,1
3807,1,1673.4,1578.4,95.0,0.52,1.96,287.9,32.99,83.357778,28.143333,0,1,WECS_NEA_MIP,0.0778,0.0526,0.0271,0.0157,0.0114,0.0171,0.0156,0.0171,0.0233,0.0428,0.1362,0.2646,0.2841,0.1634,0.0739,0.0327,0.0202,0.0016,0.0271,0.0255,0.65,Micro/Mini Hydro (<1 MW),85.5,13.9,109.65,44.76,64.89,6.29,5.13,6.29,8.52,10.99,10.64,10.99,10.99,10.64,10.99,10.64,7.54,Chandrakot,0,1.0,Micro (5-100 kW),0,1,1
3840,1,1667.0,1604.7,62.3,0.5,2.73,164.9,37.76,83.482778,28.040278,0,1,WECS_NEA_MIP,0.1077,0.073,0.0379,0.0221,0.0161,0.0237,0.0215,0.0237,0.0323,0.0592,0.1885,0.3662,0.3931,0.2262,0.1023,0.0452,0.028,0.0022,0.0379,0.0358,0.65,Micro/Mini Hydro (<1 MW),56.1,12.81,100.33,40.79,59.55,5.72,4.64,5.72,7.75,10.09,9.76,10.09,10.09,9.76,10.09,9.76,6.87,Satyawati,0,1.0,Micro (5-100 kW),0,1,1
3857,1,1664.9,1527.1,137.8,0.5,1.53,482.4,28.56,83.337222,28.147222,0,1,WECS_NEA_MIP,0.0611,0.0412,0.0211,0.0122,0.0088,0.0134,0.0122,0.0134,0.0183,0.0336,0.1069,0.2076,0.2229,0.1282,0.058,0.0256,0.0159,0.0012,0.0211,0.0199,0.65,Micro/Mini Hydro (<1 MW),124.0,15.73,124.27,50.99,73.27,7.18,5.84,7.18,9.73,12.41,12.01,12.41,12.41,12.01,12.41,12.01,8.65,Musikot,0,1.0,Micro (5-100 kW),0,1,1
3887,1,1659.2,1587.4,71.8,0.9,1.91,592.8,12.12,83.121667,28.226111,0,1,WECS_NEA_MIP,0.0759,0.0513,0.0264,0.0153,0.0111,0.0167,0.0152,0.0167,0.0228,0.0417,0.1328,0.258,0.277,0.1594,0.0721,0.0319,0.0197,0.0015,0.0264,0.0249,0.65,Micro/Mini Hydro (<1 MW),64.6,10.26,80.86,33.09,47.76,4.66,3.79,4.66,6.32,8.09,7.83,8.09,8.09,7.83,8.09,7.83,5.58,Malika,0,1.0,Micro (5-100 kW),0,1,1
3888,1,1587.4,1489.3,98.0,1.91,15.99,391.6,25.03,83.125278,28.229444,1,0,WECS_NEA_MIP,0.6089,0.4204,0.2261,0.1366,0.1012,0.1339,0.1218,0.1339,0.1827,0.3349,1.0655,2.0701,2.2223,1.2786,0.5784,0.2557,0.1583,0.0122,0.4204,0.4082,0.82,Commercial RoR (>1 MW),88.2,289.62,1734.95,515.3,1219.65,64.24,52.26,64.24,87.1,170.34,214.76,221.92,221.92,214.76,221.92,124.39,77.12,Malika,0,1.0,Mini (100-1000 kW),0,1,1
3899,1,1387.6,1249.5,138.1,0.81,1.83,341.1,40.49,83.371111,28.183333,0,1,WECS_NEA_MIP,0.0728,0.0492,0.0253,0.0147,0.0106,0.016,0.0146,0.016,0.0218,0.04,0.1273,0.2474,0.2656,0.1528,0.0691,0.0306,0.0189,0.0015,0.0253,0.0238,0.65,Micro/Mini Hydro (<1 MW),124.3,18.86,148.91,60.84,88.07,8.55,6.98,8.55,11.58,14.92,14.44,14.92,14.92,14.44,14.92,14.44,10.26,Musikot,0,1.0,Micro (5-100 kW),0,1,1
3900,1,1657.8,1502.4,155.4,0.56,1.86,542.6,28.64,83.365278,28.166667,0,1,WECS_NEA_MIP,0.0739,0.05,0.0257,0.0149,0.0108,0.0163,0.0148,0.0163,0.0222,0.0407,0.1294,0.2514,0.2699,0.1553,0.0702,0.0311,0.0192,0.0015,0.0257,0.0242,0.65,Micro/Mini Hydro (<1 MW),139.9,21.59,170.41,69.72,100.69,9.82,7.97,9.82,13.3,17.06,16.51,17.06,17.06,16.51,17.06,16.51,11.75,Musikot,0,1.0,Micro (5-100 kW),0,1,1
3901,1,1657.1,1393.0,264.1,0.52,1.56,432.9,61.01,83.465278,28.048611,0,1,WECS_NEA_MIP,0.0622,0.042,0.0216,0.0124,0.009,0.0137,0.0124,0.0137,0.0187,0.0342,0.1089,0.2116,0.2271,0.1307,0.0591,0.0261,0.0162,0.0012,0.0216,0.0204,0.65,Micro/Mini Hydro (<1 MW),237.7,30.92,243.76,99.97,143.79,14.1,11.41,14.1,19.1,24.36,23.57,24.36,24.36,23.57,24.36,23.57,16.92,Satyawati,0,1.0,Micro (5-100 kW),0,1,1
3919,2,1654.8,1579.8,75.0,4.31,4.61,618.4,12.13,83.085278,28.210556,0,1,WECS_NEA_MIP,0.18,0.1227,0.0644,0.038,0.0278,0.0396,0.036,0.0396,0.054,0.099,0.3149,0.6119,0.6568,0.3779,0.171,0.0756,0.0468,0.0036,0.0644,0.0608,0.65,Micro/Mini Hydro (<1 MW),67.5,26.17,204.24,82.5,121.74,11.53,9.37,11.53,15.62,20.62,19.96,20.62,20.62,19.96,20.62,19.96,13.83,Madane,0,1.0,Micro (5-100 kW),0,1,1
3920,2,1579.8,1538.5,41.2,4.61,6.08,278.3,14.81,83.085278,28.206944,0,1,WECS_NEA_MIP,0.236,0.1614,0.0851,0.0505,0.037,0.0519,0.0472,0.0519,0.0708,0.1298,0.4131,0.8025,0.8615,0.4957,0.2242,0.0991,0.0614,0.0047,0.0851,0.0804,0.65,Micro/Mini Hydro (<1 MW),37.1,19.02,148.01,59.59,88.42,8.31,6.76,8.31,11.26,14.98,14.5,14.98,14.98,14.5,14.98,14.5,9.98,Madane,0,1.0,Micro (5-100 kW),0,1,1
3931,2,1653.6,1622.5,31.1,8.76,10.5,478.1,6.52,83.114444,28.24,1,0,WECS_NEA_MIP,0.4032,0.2772,0.1478,0.0886,0.0654,0.0887,0.0806,0.0887,0.121,0.2218,0.7056,1.3708,1.4716,0.8467,0.383,0.1693,0.1048,0.0081,0.2772,0.2691,0.82,Commercial RoR (>1 MW),28.0,60.61,363.72,108.31,255.41,13.51,10.97,13.51,18.31,35.81,44.95,46.45,46.45,44.95,46.45,26.14,16.2,Malika,0,1.0,Micro (5-100 kW),0,1,1
3938,1,1651.8,1377.6,274.2,0.52,0.84,617.7,44.39,83.462778,28.126389,0,1,WECS_NEA_MIP,0.0339,0.0227,0.0115,0.0066,0.0047,0.0075,0.0068,0.0075,0.0102,0.0187,0.0594,0.1153,0.1238,0.0712,0.0322,0.0142,0.0088,0.0007,0.0115,0.0108,0.65,Micro/Mini Hydro (<1 MW),246.8,17.0,135.57,56.09,79.49,7.96,6.45,7.96,10.76,13.46,13.03,13.46,13.46,13.03,13.46,13.03,9.48,Chandrakot,0,1.0,Micro (5-100 kW),0,1,1
3939,1,1377.6,1282.4,95.2,0.84,25.95,309.2,30.78,83.460278,28.129167,1,0,WECS_NEA_MIP,0.9786,0.6789,0.3687,0.225,0.1675,0.2153,0.1957,0.2153,0.2936,0.5382,1.7125,3.3272,3.5718,2.055,0.9297,0.411,0.2544,0.0196,0.6789,0.6593,0.82,Commercial RoR (>1 MW),85.7,454.51,2717.62,804.76,1912.86,100.38,81.58,100.38,136.0,265.99,336.98,348.21,348.21,336.98,348.21,194.28,120.43,Chandrakot,0,1.0,Mini (100-1000 kW),0,1,1
3953,2,1649.4,1574.3,75.1,1.78,2.67,491.4,15.29,83.07,28.2025,0,1,WECS_NEA_MIP,0.1054,0.0715,0.0371,0.0216,0.0157,0.0232,0.0211,0.0232,0.0316,0.058,0.1844,0.3583,0.3846,0.2213,0.1001,0.0443,0.0274,0.0021,0.0371,0.035,0.65,Micro/Mini Hydro (<1 MW),67.6,15.09,118.44,48.2,70.24,6.77,5.5,6.77,9.16,11.9,11.51,11.9,11.9,11.51,11.9,11.51,8.11,Madane,0,1.0,Micro (5-100 kW),0,1,1
3954,2,1574.3,1522.3,52.0,2.67,3.33,537.6,9.67,83.074722,28.202222,0,1,WECS_NEA_MIP,0.1308,0.0889,0.0464,0.0271,0.0198,0.0288,0.0262,0.0288,0.0393,0.072,0.229,0.4449,0.4776,0.2748,0.1243,0.055,0.034,0.0026,0.0464,0.0438,0.65,Micro/Mini Hydro (<1 MW),46.8,13.07,102.34,41.53,60.81,5.82,4.73,5.82,7.89,10.3,9.97,10.3,10.3,9.97,10.3,9.97,6.97,Madane,0,1.0,Micro (5-100 kW),0,1,1
3955,2,1522.3,1470.3,51.9,3.33,4.06,563.2,9.22,83.075278,28.197778,0,1,WECS_NEA_MIP,0.1589,0.1082,0.0566,0.0333,0.0243,0.035,0.0318,0.035,0.0477,0.0874,0.2781,0.5402,0.58,0.3337,0.1509,0.0667,0.0413,0.0032,0.0566,0.0534,0.65,Micro/Mini Hydro (<1 MW),46.7,15.9,124.36,50.34,74.02,7.05,5.72,7.05,9.54,12.54,12.14,12.54,12.54,12.14,12.54,12.14,8.44,Madane,0,1.0,Micro (5-100 kW),0,1,1
3956,2,1470.3,1409.5,60.8,4.06,5.25,474.1,12.82,83.077222,28.193889,0,1,WECS_NEA_MIP,0.2044,0.1396,0.0734,0.0434,0.0318,0.045,0.0409,0.045,0.0613,0.1124,0.3577,0.695,0.7461,0.4293,0.1942,0.0859,0.0531,0.0041,0.0734,0.0693,0.65,Micro/Mini Hydro (<1 MW),54.7,24.17,188.42,75.98,112.44,10.61,8.63,10.61,14.36,19.05,18.43,19.05,19.05,18.43,19.05,18.43,12.72,Madane,0,1.0,Micro (5-100 kW),0,1,1
3957,2,1648.9,1571.2,77.6,3.19,3.76,583.2,13.31,83.052222,28.233056,0,1,WECS_NEA_MIP,0.1474,0.1003,0.0524,0.0308,0.0225,0.0324,0.0295,0.0324,0.0442,0.0811,0.2579,0.5011,0.5379,0.3095,0.14,0.0619,0.0383,0.0029,0.0524,0.0495,0.65,Micro/Mini Hydro (<1 MW),69.8,22.03,172.23,69.8,102.43,9.77,7.96,9.77,13.23,17.35,16.79,17.35,17.35,16.79,17.35,16.79,11.72,Madane,0,1.0,Micro (5-100 kW),0,1,1
3958,2,1571.2,1508.6,62.7,3.76,4.43,550.9,11.38,83.048333,28.230278,0,1,WECS_NEA_MIP,0.1731,0.118,0.0618,0.0364,0.0266,0.0381,0.0346,0.0381,0.0519,0.0952,0.3029,0.5884,0.6317,0.3634,0.1644,0.0727,0.045,0.0035,0.0618,0.0583,0.65,Micro/Mini Hydro (<1 MW),56.4,20.97,163.82,66.2,97.61,9.26,7.52,9.26,12.53,16.54,16.0,16.54,16.54,16.0,16.54,16.0,11.1,Madane,0,1.0,Micro (5-100 kW),0,1,1
3959,2,1508.6,1445.1,63.5,4.43,4.84,575.9,11.02,83.044722,28.228611,0,1,WECS_NEA_MIP,0.1888,0.1288,0.0676,0.0399,0.0292,0.0415,0.0378,0.0415,0.0566,0.1038,0.3303,0.6418,0.6889,0.3964,0.1793,0.0793,0.0491,0.0038,0.0676,0.0638,0.65,Micro/Mini Hydro (<1 MW),57.1,23.23,181.27,73.17,108.1,10.21,8.32,10.21,13.84,18.31,17.72,18.31,18.31,17.72,18.31,17.72,12.27,Madane,0,1.0,Micro (5-100 kW),0,1,1
3960,2,1445.1,1390.2,54.9,4.84,10.08,326.2,16.82,83.042222,28.225833,1,0,WECS_NEA_MIP,0.3874,0.2662,0.1419,0.085,0.0626,0.0852,0.0775,0.0852,0.1162,0.2131,0.6779,1.3171,1.4139,0.8135,0.368,0.1627,0.1007,0.0077,0.2662,0.2585,0.82,Commercial RoR (>1 MW),49.4,102.72,616.52,183.73,432.78,22.91,18.64,22.91,31.04,60.73,76.16,78.7,78.7,76.16,78.7,44.35,27.5,Madane,0,1.0,Mini (100-1000 kW),0,1,1
3963,1,1647.6,1530.4,117.3,0.51,3.73,246.7,47.54,83.481389,28.0375,0,1,WECS_NEA_MIP,0.1462,0.0995,0.052,0.0305,0.0223,0.0322,0.0292,0.0322,0.0439,0.0804,0.2559,0.4972,0.5337,0.3071,0.1389,0.0614,0.038,0.0029,0.052,0.0491,0.65,Micro/Mini Hydro (<1 MW),105.6,33.06,258.56,104.77,153.78,14.68,11.9,14.68,19.88,26.05,25.21,26.05,26.05,25.21,26.05,25.21,17.58,Satyawati,0,1.0,Micro (5-100 kW),0,1,1
3973,1,1646.5,1502.4,144.1,0.52,1.86,453.5,31.77,83.364444,28.166944,0,1,WECS_NEA_MIP,0.0739,0.05,0.0257,0.0149,0.0108,0.0163,0.0148,0.0163,0.0222,0.0407,0.1294,0.2514,0.2699,0.1553,0.0702,0.0311,0.0192,0.0015,0.0257,0.0242,0.65,Micro/Mini Hydro (<1 MW),129.7,20.01,157.99,64.64,93.35,9.11,7.39,9.11,12.33,15.81,15.3,15.81,15.81,15.3,15.81,15.3,10.89,Musikot,0,1.0,Micro (5-100 kW),0,1,1
3979,1,1645.1,1577.1,68.0,0.57,2.59,335.8,20.25,83.056667,28.190278,0,1,WECS_NEA_MIP,0.1023,0.0693,0.036,0.021,0.0152,0.0225,0.0205,0.0225,0.0307,0.0563,0.179,0.3477,0.3733,0.2148,0.0972,0.043,0.0266,0.0021,0.036,0.0339,0.65,Micro/Mini Hydro (<1 MW),61.2,13.23,103.97,42.27,61.7,5.92,4.83,5.92,8.04,10.45,10.12,10.45,10.45,10.12,10.45,10.12,7.11,Madane,0,1.0,Micro (5-100 kW),0,1,1
3984,2,1644.5,1625.2,19.3,2.15,2.67,575.2,3.36,83.44,28.066667,0,1,WECS_NEA_MIP,0.1054,0.0715,0.0371,0.0216,0.0157,0.0232,0.0211,0.0232,0.0316,0.058,0.1844,0.3583,0.3846,0.2213,0.1001,0.0443,0.0274,0.0021,0.0371,0.035,0.65,Micro/Mini Hydro (<1 MW),17.4,3.88,30.49,12.41,18.08,1.74,1.42,1.74,2.36,3.06,2.96,3.06,3.06,2.96,3.06,2.96,2.09,Satyawati,0,1.0,Pico (<5 kW),0,1,0
3985,2,1625.2,1620.1,5.1,2.67,3.39,164.9,3.08,83.437222,28.068889,0,1,WECS_NEA_MIP,0.1331,0.0905,0.0472,0.0277,0.0202,0.0293,0.0266,0.0293,0.0399,0.0732,0.233,0.4527,0.486,0.2796,0.1265,0.0559,0.0346,0.0027,0.0472,0.0445,0.65,Micro/Mini Hydro (<1 MW),4.6,1.31,10.22,4.14,6.08,0.58,0.47,0.58,0.79,1.03,1.0,1.03,1.03,1.0,1.03,1.0,0.7,Satyawati,0,1.0,Pico (<5 kW),0,1,0
4024,1,1636.5,1473.4,163.1,0.54,1.1,477.5,34.15,83.516667,28.022222,0,1,WECS_NEA_MIP,0.0442,0.0297,0.0151,0.0087,0.0063,0.0097,0.0088,0.0097,0.0133,0.0243,0.0773,0.1502,0.1613,0.0928,0.042,0.0186,0.0115,0.0009,0.0151,0.0142,0.65,Micro/Mini Hydro (<1 MW),146.8,13.29,105.56,43.48,62.08,6.13,4.97,6.13,8.36,10.52,10.18,10.52,10.52,10.18,10.52,10.18,7.38,Satyawati,0,1.0,Micro (5-100 kW),0,1,1
4025,1,1473.4,1297.9,175.5,1.1,1.54,561.2,31.28,83.511944,28.020833,0,1,WECS_NEA_MIP,0.0614,0.0414,0.0213,0.0123,0.0089,0.0135,0.0123,0.0135,0.0184,0.0338,0.1075,0.2089,0.2243,0.129,0.0584,0.0258,0.016,0.0012,0.0213,0.0201,0.65,Micro/Mini Hydro (<1 MW),158.0,20.25,159.74,65.49,94.25,9.22,7.52,9.22,12.48,15.97,15.45,15.97,15.97,15.45,15.97,15.45,11.09,Satyawati,0,1.0,Micro (5-100 kW),0,1,1
4026,1,1297.9,1291.7,6.1,1.54,3.84,58.2,10.57,83.509444,28.020278,0,1,WECS_NEA_MIP,0.1504,0.1024,0.0535,0.0314,0.023,0.0331,0.0301,0.0331,0.0451,0.0827,0.2633,0.5115,0.5491,0.3159,0.1429,0.0632,0.0391,0.003,0.0535,0.0505,0.65,Micro/Mini Hydro (<1 MW),5.5,1.77,13.85,5.61,8.24,0.79,0.64,0.79,1.06,1.4,1.35,1.4,1.4,1.35,1.4,1.35,0.94,Satyawati,0,1.0,Pico (<5 kW),0,1,0
4033,1,1635.3,1497.3,138.0,0.55,0.82,566.9,24.34,83.3975,28.134167,0,1,WECS_NEA_MIP,0.0331,0.0222,0.0113,0.0064,0.0046,0.0073,0.0066,0.0073,0.0099,0.0182,0.058,0.1127,0.1209,0.0696,0.0315,0.0139,0.0086,0.0007,0.0113,0.0106,0.65,Micro/Mini Hydro (<1 MW),124.2,8.39,66.78,27.48,39.3,3.89,3.14,3.89,5.25,6.66,6.44,6.66,6.66,6.44,6.66,6.44,4.65,Chandrakot,0,1.0,Micro (5-100 kW),0,1,1
4034,1,1497.3,1482.3,15.0,0.82,9.37,92.8,16.12,83.397222,28.131389,0,1,WECS_NEA_MIP,0.3606,0.2476,0.1318,0.0788,0.0581,0.0793,0.0721,0.0793,0.1082,0.1983,0.6311,1.2261,1.3163,0.7573,0.3426,0.1515,0.0938,0.0072,0.1318,0.1246,0.65,Micro/Mini Hydro (<1 MW),13.5,10.73,83.07,33.24,49.83,4.62,3.75,4.62,6.26,8.44,8.17,8.44,8.44,8.17,8.44,8.17,5.55,Chandrakot,0,1.0,Micro (5-100 kW),0,1,1
4040,1,1634.0,1544.7,89.2,0.56,0.91,519.3,17.18,83.471389,28.101111,0,1,WECS_NEA_MIP,0.0367,0.0246,0.0125,0.0071,0.0051,0.0081,0.0073,0.0081,0.011,0.0202,0.0642,0.1248,0.1339,0.0771,0.0349,0.0154,0.0095,0.0007,0.0125,0.0118,0.65,Micro/Mini Hydro (<1 MW),80.3,6.04,47.93,19.82,28.11,2.82,2.27,2.82,3.8,4.76,4.61,4.76,4.76,4.61,4.76,4.61,3.35,Chandrakot,0,1.0,Micro (5-100 kW),0,1,1
4041,1,1544.7,1468.6,76.2,0.91,2.02,533.3,14.28,83.466667,28.102222,0,1,WECS_NEA_MIP,0.0802,0.0542,0.028,0.0162,0.0118,0.0176,0.016,0.0176,0.024,0.0441,0.1403,0.2726,0.2926,0.1683,0.0762,0.0337,0.0208,0.0016,0.028,0.0264,0.65,Micro/Mini Hydro (<1 MW),68.6,11.55,90.86,37.06,53.79,5.21,4.23,5.21,7.05,9.11,8.82,9.11,9.11,8.82,9.11,8.82,6.25,Chandrakot,0,1.0,Micro (5-100 kW),0,1,1
4042,2,1468.6,1391.5,77.0,2.02,2.5,547.3,14.08,83.461944,28.104444,0,1,WECS_NEA_MIP,0.0988,0.067,0.0347,0.0202,0.0147,0.0217,0.0198,0.0217,0.0296,0.0543,0.1729,0.3359,0.3606,0.2075,0.0939,0.0415,0.0257,0.002,0.0347,0.0327,0.65,Micro/Mini Hydro (<1 MW),69.3,14.45,113.57,46.22,67.35,6.48,5.29,6.48,8.78,11.41,11.04,11.41,11.41,11.04,11.41,11.04,7.79,Chandrakot,0,1.0,Micro (5-100 kW),0,1,1
4043,2,1391.5,1328.2,63.3,2.5,3.23,547.3,11.57,83.457222,28.103056,0,1,WECS_NEA_MIP,0.127,0.0863,0.0449,0.0263,0.0192,0.0279,0.0254,0.0279,0.0381,0.0698,0.2222,0.4318,0.4635,0.2667,0.1206,0.0533,0.033,0.0025,0.0449,0.0424,0.65,Micro/Mini Hydro (<1 MW),57.0,15.41,120.71,49.04,71.67,6.87,5.59,6.87,9.32,12.14,11.75,12.14,12.14,11.75,12.14,11.75,8.25,Chandrakot,0,1.0,Micro (5-100 kW),0,1,1
4044,2,1328.2,1294.3,33.8,3.23,6.1,191.5,17.67,83.454167,28.103611,0,1,WECS_NEA_MIP,0.2368,0.1619,0.0854,0.0506,0.0372,0.0521,0.0474,0.0521,0.071,0.1302,0.4144,0.8051,0.8643,0.4973,0.225,0.0995,0.0616,0.0047,0.0854,0.0807,0.65,Micro/Mini Hydro (<1 MW),30.4,15.64,121.72,49.01,72.71,6.84,5.56,6.84,9.25,12.32,11.92,12.32,12.32,11.92,12.32,11.92,8.21,Chandrakot,0,1.0,Micro (5-100 kW),0,1,1
4081,1,1626.5,1620.1,6.4,0.56,3.39,257.7,2.47,83.436667,28.068333,0,1,WECS_NEA_MIP,0.1331,0.0905,0.0472,0.0277,0.0202,0.0293,0.0266,0.0293,0.0399,0.0732,0.233,0.4527,0.486,0.2796,0.1265,0.0559,0.0346,0.0027,0.0472,0.0445,0.65,Micro/Mini Hydro (<1 MW),5.8,1.65,12.89,5.22,7.67,0.73,0.59,0.73,0.99,1.3,1.26,1.3,1.3,1.26,1.3,1.26,0.88,Satyawati,0,1.0,Pico (<5 kW),0,1,0
4091,1,1624.9,1507.4,117.5,1.27,1.94,604.4,19.44,83.285833,28.073056,0,1,WECS_NEA_MIP,0.0771,0.0521,0.0269,0.0156,0.0113,0.017,0.0154,0.017,0.0231,0.0424,0.1348,0.262,0.2812,0.1618,0.0732,0.0324,0.02,0.0015,0.0269,0.0254,0.65,Micro/Mini Hydro (<1 MW),105.8,17.14,134.85,55.14,79.7,7.78,6.3,7.78,10.49,13.5,13.07,13.5,13.5,13.07,13.5,13.07,9.29,Resunga,0,1.0,Micro (5-100 kW),0,1,1
4092,2,1507.4,1399.0,108.4,1.94,2.36,536.0,20.22,83.286944,28.077778,0,1,WECS_NEA_MIP,0.0934,0.0632,0.0327,0.019,0.0138,0.0205,0.0187,0.0205,0.028,0.0514,0.1634,0.3175,0.3408,0.1961,0.0887,0.0392,0.0243,0.0019,0.0327,0.0308,0.65,Micro/Mini Hydro (<1 MW),97.6,19.17,150.84,61.46,89.38,8.61,7.03,8.61,11.7,15.14,14.65,15.14,15.14,14.65,15.14,14.65,10.37,Resunga,0,1.0,Micro (5-100 kW),0,1,1
4093,2,1399.0,1298.5,100.5,2.36,3.53,618.4,16.25,83.288333,28.0825,0,1,WECS_NEA_MIP,0.1385,0.0942,0.0492,0.0288,0.021,0.0305,0.0277,0.0305,0.0416,0.0762,0.2424,0.471,0.5057,0.2909,0.1316,0.0582,0.036,0.0028,0.0492,0.0464,0.65,Micro/Mini Hydro (<1 MW),90.5,26.78,209.64,84.94,124.7,11.89,9.66,11.89,16.12,21.12,20.44,21.12,21.12,20.44,21.12,20.44,14.25,Resunga,0,1.0,Micro (5-100 kW),0,1,1
4094,2,1298.5,1261.5,37.0,3.53,4.78,226.8,16.33,83.289722,28.085833,0,1,WECS_NEA_MIP,0.1865,0.1272,0.0668,0.0394,0.0288,0.041,0.0373,0.041,0.0559,0.1026,0.3263,0.634,0.6806,0.3916,0.1771,0.0783,0.0485,0.0037,0.0668,0.0631,0.65,Micro/Mini Hydro (<1 MW),33.3,13.4,104.49,42.19,62.3,5.89,4.79,5.89,7.98,10.55,10.21,10.55,10.55,10.21,10.55,10.21,7.08,Resunga,0,1.0,Micro (5-100 kW),0,1,1
4103,1,1623.5,1359.0,264.4,0.58,1.41,566.9,46.64,83.259444,28.055278,0,1,WECS_NEA_MIP,0.0564,0.038,0.0195,0.0112,0.0081,0.0124,0.0113,0.0124,0.0169,0.031,0.0986,0.1916,0.2057,0.1184,0.0535,0.0237,0.0147,0.0011,0.0195,0.0184,0.65,Micro/Mini Hydro (<1 MW),238.0,27.92,220.53,90.56,129.97,12.76,10.4,12.76,17.26,22.02,21.31,22.02,22.02,21.31,22.02,21.31,15.36,Resunga,0,1.0,Micro (5-100 kW),0,1,1
4106,3,1622.5,1591.8,30.7,10.5,11.52,606.8,5.06,83.119167,28.238333,1,0,WECS_NEA_MIP,0.4415,0.3038,0.1624,0.0975,0.072,0.0971,0.0883,0.0971,0.1325,0.2428,0.7727,1.5012,1.6116,0.9272,0.4195,0.1854,0.1148,0.0088,0.3038,0.295,0.82,Commercial RoR (>1 MW),27.6,65.5,392.87,116.97,275.91,14.59,11.86,14.59,19.77,38.65,48.56,50.18,50.18,48.56,50.18,28.23,17.51,Malika,0,1.0,Micro (5-100 kW),0,1,1
4107,3,1591.8,1546.8,44.9,11.52,12.65,341.8,13.15,83.122778,28.236389,1,0,WECS_NEA_MIP,0.4839,0.3333,0.1784,0.1073,0.0793,0.1065,0.0968,0.1065,0.1452,0.2662,0.8469,1.6454,1.7664,1.0163,0.4597,0.2033,0.1258,0.0097,0.3333,0.3236,0.82,Commercial RoR (>1 MW),40.4,105.17,630.67,187.63,443.04,23.41,19.02,23.41,31.71,62.02,77.99,80.59,80.59,77.99,80.59,45.3,28.07,Malika,0,1.0,Mini (100-1000 kW),0,1,1
4115,1,1621.0,1546.8,74.2,0.54,13.25,263.7,28.15,83.125556,28.236389,1,0,WECS_NEA_MIP,0.5064,0.349,0.187,0.1126,0.0833,0.1114,0.1013,0.1114,0.1519,0.2785,0.8862,1.7218,1.8484,1.0635,0.4811,0.2127,0.1317,0.0101,0.349,0.3389,0.82,Commercial RoR (>1 MW),66.8,182.11,1091.73,324.71,767.02,40.5,32.93,40.5,54.86,107.3,135.03,139.53,139.53,135.03,139.53,78.38,48.61,Malika,0,1.0,Mini (100-1000 kW),0,1,1
4124,2,1620.1,1619.4,0.7,3.39,3.73,181.9,0.4,83.436389,28.07,0,1,WECS_NEA_MIP,0.1462,0.0995,0.052,0.0305,0.0223,0.0322,0.0292,0.0322,0.0439,0.0804,0.2559,0.4972,0.5337,0.3071,0.1389,0.0614,0.038,0.0029,0.052,0.0491,0.65,Micro/Mini Hydro (<1 MW),0.6,0.19,1.47,0.6,0.87,0.08,0.07,0.08,0.11,0.15,0.14,0.15,0.15,0.14,0.15,0.14,0.1,Satyawati,0,1.0,Pico (<5 kW),0,0,0
4152,1,1612.8,1508.2,104.6,0.59,1.34,566.9,18.46,83.135,28.221389,0,1,WECS_NEA_MIP,0.0536,0.0361,0.0185,0.0106,0.0077,0.0118,0.0107,0.0118,0.0161,0.0295,0.0938,0.1823,0.1957,0.1126,0.0509,0.0225,0.0139,0.0011,0.0185,0.0174,0.65,Micro/Mini Hydro (<1 MW),94.1,10.44,82.63,33.88,48.75,4.78,3.87,4.78,6.48,8.26,7.99,8.26,8.26,7.99,8.26,7.99,5.71,Malika,0,1.0,Micro (5-100 kW),0,1,1
4153,1,1508.2,1415.2,93.0,1.34,20.81,484.4,19.2,83.136389,28.225556,1,0,WECS_NEA_MIP,0.7882,0.5456,0.295,0.1792,0.1331,0.1734,0.1576,0.1734,0.2365,0.4335,1.3794,2.68,2.877,1.6553,0.7488,0.3311,0.2049,0.0158,0.5456,0.5298,0.82,Commercial RoR (>1 MW),83.7,356.71,2134.78,633.01,1501.77,78.95,64.16,78.95,106.99,209.24,264.49,273.31,273.31,264.49,273.31,152.85,94.73,Malika,0,1.0,Mini (100-1000 kW),0,1,1
4156,2,1610.9,1567.9,43.0,4.79,7.63,318.2,13.52,83.39,28.138333,0,1,WECS_NEA_MIP,0.2949,0.2021,0.1071,0.0638,0.0469,0.0649,0.059,0.0649,0.0885,0.1622,0.516,1.0025,1.0762,0.6192,0.2801,0.1238,0.0767,0.0059,0.1071,0.1012,0.65,Micro/Mini Hydro (<1 MW),38.7,24.97,193.88,77.81,116.08,10.83,8.81,10.83,14.68,19.66,19.03,19.66,19.66,19.03,19.66,19.03,13.0,Chandrakot,0,1.0,Micro (5-100 kW),0,1,1
4160,1,1609.9,1440.9,169.0,0.58,0.8,603.1,28.02,83.422778,28.057778,0,1,WECS_NEA_MIP,0.0323,0.0217,0.011,0.0062,0.0045,0.0071,0.0065,0.0071,0.0097,0.0178,0.0566,0.11,0.118,0.0679,0.0307,0.0136,0.0084,0.0006,0.011,0.0103,0.65,Micro/Mini Hydro (<1 MW),152.1,9.99,80.0,33.15,46.86,4.69,3.85,4.69,6.35,7.94,7.68,7.94,7.94,7.68,7.94,7.68,5.63,Satyawati,0,1.0,Micro (5-100 kW),0,1,1
4161,1,1440.9,1090.2,350.7,0.8,1.28,690.5,50.79,83.418056,28.053056,0,1,WECS_NEA_MIP,0.0513,0.0345,0.0176,0.0101,0.0073,0.0113,0.0103,0.0113,0.0154,0.0282,0.0897,0.1743,0.1871,0.1077,0.0487,0.0215,0.0133,0.001,0.0176,0.0166,0.65,Micro/Mini Hydro (<1 MW),315.6,33.41,264.61,109.05,155.56,15.42,12.58,15.42,20.86,26.35,25.5,26.35,26.35,25.5,26.35,25.5,18.42,Satyawati,0,1.0,Micro (5-100 kW),0,1,1
4162,1,1090.2,871.1,219.0,1.28,1.46,561.2,39.03,83.413611,28.049722,0,1,WECS_NEA_MIP,0.0583,0.0393,0.0202,0.0116,0.0084,0.0128,0.0117,0.0128,0.0175,0.0321,0.1021,0.1983,0.2129,0.1225,0.0554,0.0245,0.0152,0.0012,0.0202,0.019,0.65,Micro/Mini Hydro (<1 MW),197.1,23.88,188.79,77.29,111.5,10.85,8.87,10.85,14.75,18.89,18.28,18.89,18.89,18.28,18.89,18.28,13.09,Satyawati,0,1.0,Micro (5-100 kW),0,1,1
4163,1,871.1,674.8,196.3,1.46,2.1,635.4,30.9,83.409722,28.046389,0,1,WECS_NEA_MIP,0.0833,0.0563,0.0291,0.0169,0.0123,0.0183,0.0167,0.0183,0.025,0.0458,0.1457,0.2831,0.304,0.1749,0.0791,0.035,0.0217,0.0017,0.0291,0.0274,0.65,Micro/Mini Hydro (<1 MW),176.7,30.87,243.25,99.25,144.0,13.92,11.36,13.92,18.9,24.39,23.61,24.39,24.39,23.61,24.39,23.61,16.77,Satyawati,0,1.0,Micro (5-100 kW),0,1,1
4164,2,674.8,648.0,26.7,2.1,2.29,569.9,4.69,83.406389,28.0425,0,1,WECS_NEA_MIP,0.0907,0.0614,0.0318,0.0185,0.0134,0.0199,0.0181,0.0199,0.0272,0.0499,0.1586,0.3082,0.3309,0.1904,0.0861,0.0381,0.0236,0.0018,0.0318,0.03,0.65,Micro/Mini Hydro (<1 MW),24.0,4.59,36.07,14.7,21.37,2.06,1.68,2.06,2.8,3.62,3.5,3.62,3.62,3.5,3.62,3.5,2.48,Satyawati,0,1.0,Pico (<5 kW),0,1,0
4165,2,648.0,594.0,54.0,2.29,1490.75,360.8,14.97,83.406944,28.038611,1,0,GAUGE_TRANSFER_DHM,50.3771,30.8881,15.4441,9.9283,6.9866,11.083,10.0754,11.083,15.1131,27.7074,88.1599,171.2821,183.8763,105.7919,47.8582,21.1584,13.098,1.0075,30.8881,29.8806,0.82,Commercial RoR (>1 MW),48.6,5840.88,36755.34,11748.4,25006.95,2930.61,2382.29,2930.61,3970.48,7766.08,8694.46,8984.28,8984.28,8694.46,8984.28,5672.13,3516.71,Satyawati,1,0.5,Small/Medium RoR (>1 MW),0,1,1
4167,1,1608.8,1528.6,80.3,0.51,1.68,300.6,26.71,83.046111,28.179444,0,1,WECS_NEA_MIP,0.0669,0.0452,0.0232,0.0134,0.0097,0.0147,0.0134,0.0147,0.0201,0.0368,0.1171,0.2275,0.2443,0.1405,0.0636,0.0281,0.0174,0.0013,0.0232,0.0219,0.65,Micro/Mini Hydro (<1 MW),72.3,10.1,79.64,32.66,46.98,4.6,3.75,4.6,6.24,7.96,7.7,7.96,7.96,7.7,7.96,7.7,5.52,Madane,0,1.0,Micro (5-100 kW),0,1,1
4198,2,1604.7,1530.4,74.3,2.73,3.73,360.7,20.6,83.481667,28.038333,0,1,WECS_NEA_MIP,0.1462,0.0995,0.052,0.0305,0.0223,0.0322,0.0292,0.0322,0.0439,0.0804,0.2559,0.4972,0.5337,0.3071,0.1389,0.0614,0.038,0.0029,0.052,0.0491,0.65,Micro/Mini Hydro (<1 MW),66.9,20.95,163.8,66.37,97.43,9.3,7.54,9.3,12.59,16.5,15.97,16.5,16.5,15.97,16.5,15.97,11.14,Satyawati,0,1.0,Micro (5-100 kW),0,1,1
4200,1,1603.5,1431.3,172.1,0.64,1.13,589.1,29.22,83.472222,28.0925,0,1,WECS_NEA_MIP,0.0454,0.0305,0.0156,0.0089,0.0064,0.01,0.0091,0.01,0.0136,0.025,0.0794,0.1543,0.1656,0.0953,0.0431,0.0191,0.0118,0.0009,0.0156,0.0147,0.65,Micro/Mini Hydro (<1 MW),154.9,14.52,115.0,47.32,67.67,6.69,5.44,6.69,9.03,11.46,11.09,11.46,11.46,11.09,11.46,11.09,8.01,Chandrakot,0,1.0,Micro (5-100 kW),0,1,1
4201,1,1431.3,1308.3,123.0,1.13,2.69,520.7,23.63,83.476667,28.090556,0,1,WECS_NEA_MIP,0.1061,0.072,0.0374,0.0218,0.0159,0.0234,0.0212,0.0234,0.0318,0.0584,0.1858,0.3609,0.3874,0.2229,0.1008,0.0446,0.0276,0.0021,0.0374,0.0353,0.65,Micro/Mini Hydro (<1 MW),110.7,24.92,195.51,79.56,115.95,11.19,9.06,11.19,15.09,19.64,19.01,19.64,19.64,19.01,19.64,19.01,13.39,Satyawati,0,1.0,Micro (5-100 kW),0,1,1
4208,1,1602.2,1534.4,67.8,0.51,2.25,204.8,33.12,83.375556,28.175,0,1,WECS_NEA_MIP,0.0891,0.0603,0.0312,0.0181,0.0132,0.0196,0.0178,0.0196,0.0267,0.049,0.1559,0.3029,0.3252,0.1871,0.0846,0.0374,0.0232,0.0018,0.0312,0.0294,0.65,Micro/Mini Hydro (<1 MW),61.0,11.44,89.98,36.68,53.3,5.15,4.18,5.15,6.97,9.03,8.74,9.03,9.03,8.74,9.03,8.74,6.19,Musikot,0,1.0,Micro (5-100 kW),0,1,1
4227,1,1599.1,1442.3,156.9,0.54,1.31,614.1,25.55,83.158611,28.260833,0,1,WECS_NEA_MIP,0.0524,0.0353,0.0181,0.0104,0.0075,0.0115,0.0105,0.0115,0.0157,0.0288,0.0918,0.1783,0.1914,0.1101,0.0498,0.022,0.0136,0.0011,0.0181,0.0171,0.65,Micro/Mini Hydro (<1 MW),141.2,15.4,121.16,49.58,71.57,6.97,5.69,6.97,9.46,12.12,11.73,12.12,12.12,11.73,12.12,11.73,8.37,Malika,0,1.0,Micro (5-100 kW),0,1,1
4228,1,1442.3,1237.0,205.2,1.31,1.71,575.2,35.68,83.163333,28.258056,0,1,WECS_NEA_MIP,0.0681,0.046,0.0236,0.0137,0.0099,0.015,0.0136,0.015,0.0204,0.0374,0.1192,0.2315,0.2485,0.143,0.0647,0.0286,0.0177,0.0014,0.0236,0.0222,0.65,Micro/Mini Hydro (<1 MW),184.7,26.15,206.64,84.56,122.07,11.92,9.66,11.92,16.11,20.68,20.01,20.68,20.68,20.01,20.68,20.01,14.28,Malika,0,1.0,Micro (5-100 kW),0,1,1
4229,1,1237.0,1182.7,54.3,1.71,8.13,286.6,18.96,83.166944,28.257778,0,1,WECS_NEA_MIP,0.3138,0.2152,0.1142,0.0681,0.0501,0.069,0.0628,0.069,0.0941,0.1726,0.5491,1.0669,1.1453,0.6589,0.2981,0.1318,0.0816,0.0063,0.1142,0.1079,0.65,Micro/Mini Hydro (<1 MW),48.9,33.64,261.0,104.6,156.39,14.55,11.84,14.55,19.71,26.49,25.64,26.49,26.49,25.64,26.49,25.64,17.47,Malika,0,1.0,Micro (5-100 kW),0,1,1
4240,1,1595.3,1427.4,167.9,0.54,0.84,597.8,28.09,83.454167,28.096389,0,1,WECS_NEA_MIP,0.0339,0.0227,0.0115,0.0066,0.0047,0.0075,0.0068,0.0075,0.0102,0.0187,0.0594,0.1153,0.1238,0.0712,0.0322,0.0142,0.0088,0.0007,0.0115,0.0108,0.65,Micro/Mini Hydro (<1 MW),151.1,10.41,83.0,34.34,48.66,4.87,3.95,4.87,6.59,8.24,7.98,8.24,8.24,7.98,8.24,7.98,5.81,Chandrakot,0,1.0,Micro (5-100 kW),0,1,1
4241,1,1427.4,1300.7,126.7,0.84,0.98,556.6,22.77,83.453333,28.101111,0,1,WECS_NEA_MIP,0.0395,0.0265,0.0135,0.0077,0.0055,0.0087,0.0079,0.0087,0.0118,0.0217,0.0691,0.1342,0.144,0.0829,0.0375,0.0166,0.0103,0.0008,0.0135,0.0127,0.65,Micro/Mini Hydro (<1 MW),114.0,9.23,73.31,30.21,43.1,4.27,3.47,4.27,5.76,7.3,7.07,7.3,7.3,7.07,7.3,7.07,5.14,Chandrakot,0,1.0,Micro (5-100 kW),0,1,1
4242,2,1300.7,1290.9,9.7,0.98,7.25,30.9,31.5,83.452778,28.103611,0,1,WECS_NEA_MIP,0.2805,0.1921,0.1017,0.0605,0.0445,0.0617,0.0561,0.0617,0.0841,0.1543,0.4908,0.9536,1.0237,0.589,0.2664,0.1178,0.0729,0.0056,0.1017,0.0961,0.65,Micro/Mini Hydro (<1 MW),8.7,5.33,41.4,16.62,24.78,2.32,1.88,2.32,3.14,4.2,4.06,4.2,4.2,4.06,4.2,4.06,2.78,Chandrakot,0,1.0,Micro (5-100 kW),0,1,1
4248,1,1594.0,1550.9,43.1,0.53,1.13,606.8,7.1,83.068611,28.139444,0,1,WECS_NEA_MIP,0.0454,0.0305,0.0156,0.0089,0.0064,0.01,0.0091,0.01,0.0136,0.025,0.0794,0.1543,0.1656,0.0953,0.0431,0.0191,0.0118,0.0009,0.0156,0.0147,0.65,Micro/Mini Hydro (<1 MW),38.8,3.64,28.8,11.85,16.95,1.68,1.36,1.68,2.26,2.87,2.78,2.87,2.87,2.78,2.87,2.78,2.01,Madane,0,1.0,Pico (<5 kW),0,1,0
4249,1,1550.9,1521.5,29.4,1.13,1.93,164.9,17.83,83.065833,28.137222,0,1,WECS_NEA_MIP,0.0767,0.0518,0.0267,0.0155,0.0112,0.0169,0.0153,0.0169,0.023,0.0422,0.1342,0.2607,0.2798,0.161,0.0728,0.0322,0.0199,0.0015,0.0267,0.0252,0.65,Micro/Mini Hydro (<1 MW),26.5,4.26,33.54,13.72,19.82,1.94,1.57,1.94,2.62,3.36,3.25,3.36,3.36,3.25,3.36,3.25,2.31,Madane,0,1.0,Pico (<5 kW),0,1,0
4267,1,1589.7,1470.3,119.4,0.63,0.86,564.9,21.14,83.366111,28.136944,0,1,WECS_NEA_MIP,0.0347,0.0233,0.0118,0.0067,0.0048,0.0076,0.0069,0.0076,0.0104,0.0191,0.0608,0.118,0.1267,0.0729,0.033,0.0146,0.009,0.0007,0.0118,0.0111,0.65,Micro/Mini Hydro (<1 MW),107.5,7.61,60.46,24.93,35.53,3.52,2.86,3.52,4.79,6.02,5.82,6.02,6.02,5.82,6.02,5.82,4.23,Chandrakot,0,1.0,Micro (5-100 kW),0,1,1
4268,1,1470.3,1348.1,122.2,0.86,4.63,368.4,33.18,83.362222,28.135833,0,1,WECS_NEA_MIP,0.1807,0.1232,0.0647,0.0381,0.0279,0.0398,0.0361,0.0398,0.0542,0.0994,0.3163,0.6145,0.6596,0.3795,0.1717,0.0759,0.047,0.0036,0.0647,0.0611,0.65,Micro/Mini Hydro (<1 MW),110.0,42.86,334.38,135.07,199.32,18.89,15.32,18.89,25.55,33.76,32.67,33.76,33.76,32.67,33.76,32.67,22.65,Chandrakot,0,1.0,Micro (5-100 kW),0,1,1
4273,1,1588.6,1450.8,137.7,0.51,1.9,483.1,28.51,83.101944,28.214444,0,1,WECS_NEA_MIP,0.0755,0.051,0.0263,0.0152,0.011,0.0166,0.0151,0.0166,0.0226,0.0415,0.1321,0.2567,0.2756,0.1585,0.0717,0.0317,0.0196,0.0015,0.0263,0.0248,0.65,Micro/Mini Hydro (<1 MW),123.9,19.59,154.33,63.07,91.26,8.88,7.22,8.88,12.0,15.46,14.96,15.46,15.46,14.96,15.46,14.96,10.64,Madane,0,1.0,Micro (5-100 kW),0,1,1
4294,1,1583.5,1521.5,62.0,0.67,1.93,216.4,28.65,83.065556,28.135833,0,1,WECS_NEA_MIP,0.0767,0.0518,0.0267,0.0155,0.0112,0.0169,0.0153,0.0169,0.023,0.0422,0.1342,0.2607,0.2798,0.161,0.0728,0.0322,0.0199,0.0015,0.0267,0.0252,0.65,Micro/Mini Hydro (<1 MW),55.8,8.97,70.62,28.9,41.72,4.08,3.3,4.08,5.51,7.07,6.84,7.07,7.07,6.84,7.07,6.84,4.87,Madane,0,1.0,Micro (5-100 kW),0,1,1
4296,1,1582.7,1393.2,189.4,0.5,2.03,535.9,35.35,83.475278,28.0775,0,1,WECS_NEA_MIP,0.0806,0.0545,0.0281,0.0163,0.0118,0.0177,0.0161,0.0177,0.0242,0.0443,0.141,0.2739,0.294,0.1692,0.0765,0.0338,0.0209,0.0016,0.0281,0.0265,0.65,Micro/Mini Hydro (<1 MW),170.5,28.81,226.85,92.67,134.18,13.02,10.59,13.02,17.69,22.73,22.0,22.73,22.73,22.0,22.73,22.0,15.61,Satyawati,0,1.0,Micro (5-100 kW),0,1,1
4297,1,1582.6,1422.9,159.7,0.51,3.39,487.4,32.76,83.038889,28.169722,0,1,WECS_NEA_MIP,0.1331,0.0905,0.0472,0.0277,0.0202,0.0293,0.0266,0.0293,0.0399,0.0732,0.233,0.4527,0.486,0.2796,0.1265,0.0559,0.0346,0.0027,0.0472,0.0445,0.65,Micro/Mini Hydro (<1 MW),143.7,40.78,319.4,129.45,189.95,18.13,14.72,18.13,24.54,32.18,31.14,32.18,32.18,31.14,32.18,31.14,21.75,Madane,0,1.0,Micro (5-100 kW),0,1,1
4299,1,1580.3,1543.7,36.6,0.9,1.17,597.8,6.13,83.145556,28.071944,0,1,WECS_NEA_MIP,0.0469,0.0316,0.0161,0.0092,0.0067,0.0103,0.0094,0.0103,0.0141,0.0258,0.0821,0.1596,0.1713,0.0986,0.0446,0.0197,0.0122,0.0009,0.0161,0.0152,0.65,Micro/Mini Hydro (<1 MW),32.9,3.19,25.24,10.4,14.83,1.47,1.2,1.47,1.99,2.51,2.43,2.51,2.51,2.43,2.51,2.43,1.76,Dhurkot,0,1.0,Pico (<5 kW),0,1,0
4300,1,1543.7,1346.6,197.1,1.17,1.43,566.2,34.81,83.146111,28.076667,0,1,WECS_NEA_MIP,0.0571,0.0385,0.0197,0.0114,0.0082,0.0126,0.0114,0.0126,0.0171,0.0314,0.1,0.1943,0.2086,0.12,0.0543,0.024,0.0149,0.0011,0.0197,0.0186,0.65,Micro/Mini Hydro (<1 MW),177.4,21.04,166.29,68.41,97.87,9.68,7.83,9.68,13.03,16.58,16.04,16.58,16.58,16.04,16.58,16.04,11.61,Dhurkot,0,1.0,Micro (5-100 kW),0,1,1
4301,1,1346.6,1217.9,128.7,1.43,2.52,474.1,27.14,83.148611,28.08,0,1,WECS_NEA_MIP,0.0996,0.0675,0.035,0.0204,0.0148,0.0219,0.0199,0.0219,0.0299,0.0548,0.1742,0.3385,0.3634,0.2091,0.0946,0.0418,0.0259,0.002,0.035,0.033,0.65,Micro/Mini Hydro (<1 MW),115.8,24.37,191.44,77.94,113.51,10.93,8.88,10.93,14.83,19.23,18.61,19.23,19.23,18.61,19.23,18.61,13.13,Dhurkot,0,1.0,Micro (5-100 kW),0,1,1
4303,1,1579.1,1437.7,141.4,0.51,1.27,383.7,36.85,83.080278,28.103611,0,1,WECS_NEA_MIP,0.0509,0.0342,0.0175,0.0101,0.0073,0.0112,0.0102,0.0112,0.0153,0.028,0.089,0.173,0.1857,0.1068,0.0483,0.0214,0.0132,0.001,0.0175,0.0165,0.65,Micro/Mini Hydro (<1 MW),127.3,13.39,106.02,43.63,62.39,6.16,5.02,6.16,8.36,10.57,10.23,10.57,10.57,10.23,10.57,10.23,7.37,Dhurkot,0,1.0,Micro (5-100 kW),0,1,1
4306,2,1578.4,1438.0,140.4,1.96,2.72,415.3,33.81,83.359444,28.141111,0,1,WECS_NEA_MIP,0.1073,0.0728,0.0378,0.022,0.016,0.0236,0.0215,0.0236,0.0322,0.059,0.1878,0.3648,0.3917,0.2253,0.1019,0.0451,0.0279,0.0022,0.0378,0.0357,0.65,Micro/Mini Hydro (<1 MW),126.4,28.77,225.41,91.61,133.81,12.83,10.45,12.83,17.41,22.67,21.94,22.67,22.67,21.94,22.67,21.94,15.41,Chandrakot,0,1.0,Micro (5-100 kW),0,1,1
4315,2,1577.1,1512.1,65.1,2.59,3.06,566.9,11.48,83.055833,28.186389,0,1,WECS_NEA_MIP,0.1204,0.0818,0.0426,0.0249,0.0181,0.0265,0.0241,0.0265,0.0361,0.0662,0.2108,0.4095,0.4396,0.2529,0.1144,0.0506,0.0313,0.0024,0.0426,0.0402,0.65,Micro/Mini Hydro (<1 MW),58.6,15.02,117.7,47.79,69.91,6.7,5.45,6.7,9.07,11.84,11.46,11.84,11.84,11.46,11.84,11.46,8.03,Madane,0,1.0,Micro (5-100 kW),0,1,1
4316,2,1512.1,1463.8,48.2,3.06,3.95,597.8,8.07,83.054167,28.181667,0,1,WECS_NEA_MIP,0.1547,0.1053,0.0551,0.0324,0.0236,0.034,0.0309,0.034,0.0464,0.0851,0.2707,0.5259,0.5645,0.3248,0.1469,0.065,0.0402,0.0031,0.0551,0.052,0.65,Micro/Mini Hydro (<1 MW),43.4,14.39,112.48,45.51,66.97,6.36,5.17,6.36,8.63,11.34,10.98,11.34,11.34,10.98,11.34,10.98,7.64,Madane,0,1.0,Micro (5-100 kW),0,1,1
4317,2,1463.8,1417.7,46.1,3.95,4.44,608.1,7.58,83.052778,28.176944,0,1,WECS_NEA_MIP,0.1735,0.1182,0.062,0.0365,0.0267,0.0382,0.0347,0.0382,0.052,0.0954,0.3035,0.5897,0.6331,0.3642,0.1648,0.0728,0.0451,0.0035,0.062,0.0585,0.65,Micro/Mini Hydro (<1 MW),41.5,15.48,120.91,48.85,72.06,6.83,5.55,6.83,9.24,12.21,11.81,12.21,12.21,11.81,12.21,11.81,8.19,Madane,0,1.0,Micro (5-100 kW),0,1,1
4318,2,1417.7,1408.0,9.7,4.44,6.71,120.0,8.09,83.052778,28.174167,0,1,WECS_NEA_MIP,0.26,0.1779,0.0941,0.0559,0.041,0.0572,0.052,0.0572,0.078,0.143,0.455,0.8839,0.9489,0.5459,0.247,0.1092,0.0676,0.0052,0.0941,0.0889,0.65,Micro/Mini Hydro (<1 MW),8.7,4.93,38.33,15.4,22.93,2.15,1.74,2.15,2.91,3.88,3.76,3.88,3.88,3.76,3.88,3.76,2.58,Madane,0,1.0,Pico (<5 kW),0,1,0
4322,1,1574.6,1323.1,251.4,0.63,0.75,533.3,47.15,83.035833,28.235,0,1,WECS_NEA_MIP,0.0304,0.0203,0.0103,0.0058,0.0042,0.0067,0.0061,0.0067,0.0091,0.0167,0.0531,0.1032,0.1108,0.0638,0.0288,0.0128,0.0079,0.0006,0.0103,0.0097,0.65,Micro/Mini Hydro (<1 MW),226.3,14.0,111.44,46.16,65.28,6.55,5.33,6.55,8.83,11.06,10.7,11.06,11.06,10.7,11.06,10.7,7.84,Madane,0,1.0,Micro (5-100 kW),0,1,1
4323,1,1323.1,1238.3,84.8,0.75,1.21,516.4,16.42,83.031944,28.236667,0,1,WECS_NEA_MIP,0.0485,0.0326,0.0167,0.0096,0.0069,0.0107,0.0097,0.0107,0.0146,0.0267,0.0849,0.1649,0.1771,0.1019,0.0461,0.0204,0.0126,0.001,0.0167,0.0157,0.65,Micro/Mini Hydro (<1 MW),76.3,7.64,60.56,24.87,35.69,3.51,2.84,3.51,4.76,6.05,5.85,6.05,6.05,5.85,6.05,5.85,4.2,Madane,0,1.0,Micro (5-100 kW),0,1,1
4324,1,1238.3,1209.4,29.0,1.21,1.53,537.0,5.39,83.0275,28.236944,0,1,WECS_NEA_MIP,0.0611,0.0412,0.0211,0.0122,0.0088,0.0134,0.0122,0.0134,0.0183,0.0336,0.1069,0.2076,0.2229,0.1282,0.058,0.0256,0.0159,0.0012,0.0211,0.0199,0.65,Micro/Mini Hydro (<1 MW),26.1,3.31,26.16,10.73,15.42,1.51,1.23,1.51,2.05,2.61,2.53,2.61,2.61,2.53,2.61,2.53,1.82,Madane,0,1.0,Pico (<5 kW),0,1,0
4335,1,1572.3,1274.3,298.0,1.16,1.97,546.3,54.55,83.498333,28.023333,0,1,WECS_NEA_MIP,0.0782,0.0529,0.0273,0.0158,0.0115,0.0172,0.0156,0.0172,0.0235,0.043,0.1369,0.2659,0.2855,0.1643,0.0743,0.0329,0.0203,0.0016,0.0273,0.0257,0.65,Micro/Mini Hydro (<1 MW),268.2,43.95,346.34,141.28,205.05,19.85,16.09,19.85,26.97,34.74,33.62,34.74,34.74,33.62,34.74,33.62,23.79,Satyawati,0,1.0,Micro (5-100 kW),0,1,1
4336,1,1571.5,1356.8,214.7,0.51,1.97,590.5,36.36,83.147778,28.2025,0,1,WECS_NEA_MIP,0.0782,0.0529,0.0273,0.0158,0.0115,0.0172,0.0156,0.0172,0.0235,0.043,0.1369,0.2659,0.2855,0.1643,0.0743,0.0329,0.0203,0.0016,0.0273,0.0257,0.65,Micro/Mini Hydro (<1 MW),193.2,31.66,249.49,101.77,147.71,14.3,11.59,14.3,19.43,25.02,24.22,25.02,25.02,24.22,25.02,24.22,17.14,Malika,0,1.0,Micro (5-100 kW),0,1,1
4348,1,1568.8,1464.6,104.1,0.5,0.83,519.3,20.05,83.326389,28.168056,0,1,WECS_NEA_MIP,0.0335,0.0225,0.0114,0.0065,0.0047,0.0074,0.0067,0.0074,0.0101,0.0184,0.0587,0.114,0.1224,0.0704,0.0319,0.0141,0.0087,0.0007,0.0114,0.0107,0.65,Micro/Mini Hydro (<1 MW),93.7,6.39,50.95,21.03,29.92,2.98,2.41,2.98,4.04,5.07,4.9,5.07,5.07,4.9,5.07,4.9,3.56,Musikot,0,1.0,Micro (5-100 kW),0,1,1
4349,1,1464.6,1370.2,94.4,0.83,1.52,561.2,16.82,83.321667,28.170556,0,1,WECS_NEA_MIP,0.0607,0.0409,0.021,0.0121,0.0088,0.0133,0.0121,0.0133,0.0182,0.0334,0.1062,0.2063,0.2214,0.1274,0.0576,0.0255,0.0158,0.0012,0.021,0.0198,0.65,Micro/Mini Hydro (<1 MW),85.0,10.73,84.71,34.72,49.99,4.88,3.97,4.88,6.63,8.47,8.2,8.47,8.47,8.2,8.47,8.2,5.89,Musikot,0,1.0,Micro (5-100 kW),0,1,1
4350,1,1370.2,1262.1,108.1,1.52,2.11,519.3,20.82,83.316944,28.171389,0,1,WECS_NEA_MIP,0.0837,0.0566,0.0292,0.017,0.0123,0.0184,0.0167,0.0184,0.0251,0.046,0.1464,0.2845,0.3054,0.1757,0.0795,0.0351,0.0218,0.0017,0.0292,0.0275,0.65,Micro/Mini Hydro (<1 MW),97.3,17.06,134.45,54.88,79.57,7.71,6.25,7.71,10.45,13.48,13.04,13.48,13.48,13.04,13.48,13.04,9.28,Musikot,0,1.0,Micro (5-100 kW),0,1,1
4351,2,1262.1,1097.6,164.5,2.11,2.67,477.5,34.45,83.312222,28.170278,0,1,WECS_NEA_MIP,0.1054,0.0715,0.0371,0.0216,0.0157,0.0232,0.0211,0.0232,0.0316,0.058,0.1844,0.3583,0.3846,0.2213,0.1001,0.0443,0.0274,0.0021,0.0371,0.035,0.65,Micro/Mini Hydro (<1 MW),148.1,33.05,259.49,105.61,153.88,14.82,12.06,14.82,20.06,26.07,25.23,26.07,26.07,25.23,26.07,25.23,17.78,Musikot,0,1.0,Micro (5-100 kW),0,1,1
4352,2,1097.6,981.7,115.9,2.67,3.15,575.2,20.15,83.3075,28.171389,0,1,WECS_NEA_MIP,0.1239,0.0842,0.0438,0.0256,0.0187,0.0273,0.0248,0.0273,0.0372,0.0681,0.2168,0.4213,0.4523,0.2602,0.1177,0.052,0.0322,0.0025,0.0438,0.0413,0.65,Micro/Mini Hydro (<1 MW),104.3,27.47,215.43,87.49,127.94,12.27,9.97,12.27,16.62,21.67,20.97,21.67,21.67,20.97,21.67,20.97,14.7,Musikot,0,1.0,Micro (5-100 kW),0,1,1
4353,2,981.7,914.7,67.0,3.15,4.1,503.7,13.31,83.303056,28.173056,0,1,WECS_NEA_MIP,0.1604,0.1093,0.0572,0.0336,0.0246,0.0353,0.0321,0.0353,0.0481,0.0882,0.2807,0.5454,0.5856,0.3369,0.1524,0.0674,0.0417,0.0032,0.0572,0.054,0.65,Micro/Mini Hydro (<1 MW),60.3,20.76,162.24,65.64,96.6,9.18,7.47,9.18,12.43,16.36,15.84,16.36,16.36,15.84,16.36,15.84,11.01,Musikot,0,1.0,Micro (5-100 kW),0,1,1
4359,2,1567.9,1500.2,67.7,7.63,8.31,580.2,11.67,83.391111,28.135278,0,1,WECS_NEA_MIP,0.3206,0.2199,0.1167,0.0696,0.0512,0.0705,0.0641,0.0705,0.0962,0.1763,0.561,1.09,1.1702,0.6732,0.3046,0.1346,0.0834,0.0064,0.1167,0.1103,0.65,Micro/Mini Hydro (<1 MW),60.9,42.83,332.2,133.17,199.04,18.52,15.06,18.52,25.11,33.72,32.63,33.72,33.72,32.63,33.72,32.63,22.25,Chandrakot,0,1.0,Micro (5-100 kW),0,1,1
4360,2,1500.2,1482.5,17.7,8.31,8.53,554.6,3.19,83.395,28.132778,0,1,WECS_NEA_MIP,0.3289,0.2257,0.1199,0.0715,0.0527,0.0724,0.0658,0.0724,0.0987,0.1809,0.5756,1.1183,1.2005,0.6907,0.3125,0.1381,0.0855,0.0066,0.1199,0.1133,0.65,Micro/Mini Hydro (<1 MW),15.9,11.49,89.07,35.68,53.39,4.96,4.03,4.96,6.72,9.04,8.75,9.04,9.04,8.75,9.04,8.75,5.95,Chandrakot,0,1.0,Micro (5-100 kW),0,1,1
4361,2,1482.5,1482.3,0.2,8.53,9.37,68.5,0.23,83.396944,28.131389,0,1,WECS_NEA_MIP,0.3606,0.2476,0.1318,0.0788,0.0581,0.0793,0.0721,0.0793,0.1082,0.1983,0.6311,1.2261,1.3163,0.7573,0.3426,0.1515,0.0938,0.0072,0.1318,0.1246,0.65,Micro/Mini Hydro (<1 MW),0.2,0.16,1.23,0.49,0.74,0.07,0.06,0.07,0.09,0.13,0.12,0.13,0.13,0.12,0.13,0.12,0.08,Chandrakot,0,1.0,Pico (<5 kW),0,0,0
4362,1,1567.5,1379.1,188.4,0.51,22.53,577.2,32.64,83.143611,28.224722,1,0,WECS_NEA_MIP,0.852,0.5903,0.3197,0.1945,0.1446,0.1874,0.1704,0.1874,0.2556,0.4686,1.491,2.8969,3.1099,1.7892,0.8094,0.3578,0.2215,0.017,0.5903,0.5733,0.82,Commercial RoR (>1 MW),169.6,782.15,4678.89,1386.9,3291.99,172.96,140.64,172.96,234.38,458.39,579.85,599.18,599.18,579.85,599.18,334.77,207.57,Malika,0,1.0,Mini (100-1000 kW),0,1,1
4376,1,1563.9,1257.2,306.7,0.51,0.95,608.1,50.44,83.490556,28.07,0,1,WECS_NEA_MIP,0.0383,0.0257,0.0131,0.0075,0.0054,0.0084,0.0077,0.0084,0.0115,0.0211,0.067,0.1301,0.1397,0.0804,0.0364,0.0161,0.01,0.0008,0.0131,0.0123,0.65,Micro/Mini Hydro (<1 MW),276.0,21.65,172.08,70.82,101.26,9.95,8.16,9.95,13.56,17.15,16.6,17.15,17.15,16.6,17.15,16.6,12.05,Kaligandaki,0,1.0,Micro (5-100 kW),0,1,1
4377,1,1257.2,1155.3,101.8,0.95,1.65,487.4,20.89,83.492778,28.073889,0,1,WECS_NEA_MIP,0.0657,0.0444,0.0228,0.0132,0.0095,0.0145,0.0131,0.0145,0.0197,0.0362,0.1151,0.2235,0.24,0.1381,0.0625,0.0276,0.0171,0.0013,0.0228,0.0215,0.65,Micro/Mini Hydro (<1 MW),91.6,12.56,99.11,40.62,58.49,5.74,4.63,5.74,7.74,9.91,9.59,9.91,9.91,9.59,9.91,9.59,6.87,Kaligandaki,0,1.0,Micro (5-100 kW),0,1,1
4413,1,1556.4,1450.8,105.6,0.55,1.9,206.1,51.23,83.104167,28.213611,0,1,WECS_NEA_MIP,0.0755,0.051,0.0263,0.0152,0.011,0.0166,0.0151,0.0166,0.0226,0.0415,0.1321,0.2567,0.2756,0.1585,0.0717,0.0317,0.0196,0.0015,0.0263,0.0248,0.65,Micro/Mini Hydro (<1 MW),95.0,15.02,118.33,48.36,69.97,6.81,5.54,6.81,9.2,11.85,11.47,11.85,11.85,11.47,11.85,11.47,8.16,Madane,0,1.0,Micro (5-100 kW),0,1,1
4420,1,1555.0,1550.4,4.6,0.62,0.79,246.7,1.86,83.243056,28.059444,0,1,WECS_NEA_MIP,0.0319,0.0214,0.0108,0.0062,0.0044,0.007,0.0064,0.007,0.0096,0.0176,0.0559,0.1086,0.1166,0.0671,0.0303,0.0134,0.0083,0.0006,0.0108,0.0102,0.65,Micro/Mini Hydro (<1 MW),4.1,0.27,2.12,0.88,1.24,0.12,0.1,0.12,0.17,0.21,0.2,0.21,0.21,0.2,0.21,0.2,0.15,Resunga,0,1.0,Pico (<5 kW),0,0,0
4423,1,1554.0,1407.6,146.4,0.54,1.28,587.5,24.91,83.149722,28.223333,0,1,WECS_NEA_MIP,0.0513,0.0345,0.0176,0.0101,0.0073,0.0113,0.0103,0.0113,0.0154,0.0282,0.0897,0.1743,0.1871,0.1077,0.0487,0.0215,0.0133,0.001,0.0176,0.0166,0.65,Micro/Mini Hydro (<1 MW),131.8,13.95,110.51,45.54,64.96,6.44,5.25,6.44,8.71,11.0,10.65,11.0,11.0,10.65,11.0,10.65,7.69,Malika,0,1.0,Micro (5-100 kW),0,1,1
4424,1,1407.6,1368.8,38.8,1.28,24.0,247.4,15.69,83.148333,28.226667,1,0,WECS_NEA_MIP,0.9065,0.6284,0.3407,0.2076,0.1544,0.1994,0.1813,0.1994,0.2719,0.4986,1.5863,3.082,3.3086,1.9036,0.8611,0.3807,0.2357,0.0181,0.6284,0.6103,0.82,Commercial RoR (>1 MW),34.9,171.34,1024.75,303.64,721.1,37.87,30.79,37.87,51.3,100.36,127.02,131.26,131.26,127.02,131.26,73.29,45.45,Malika,0,1.0,Mini (100-1000 kW),0,1,1
4426,1,1553.1,1371.7,181.4,0.54,0.79,635.4,28.55,83.387222,28.111944,0,1,WECS_NEA_MIP,0.0319,0.0214,0.0108,0.0062,0.0044,0.007,0.0064,0.007,0.0096,0.0176,0.0559,0.1086,0.1166,0.0671,0.0303,0.0134,0.0083,0.0006,0.0108,0.0102,0.65,Micro/Mini Hydro (<1 MW),163.3,10.62,84.45,35.05,49.39,4.96,4.06,4.96,6.75,8.37,8.1,8.37,8.37,8.1,8.37,8.1,5.97,Chandrakot,0,1.0,Micro (5-100 kW),0,1,1
4427,1,1371.7,1311.6,60.1,0.79,2.37,329.1,18.26,83.390556,28.115556,0,1,WECS_NEA_MIP,0.0938,0.0635,0.0329,0.0191,0.0139,0.0206,0.0188,0.0206,0.0281,0.0516,0.1641,0.3188,0.3422,0.1969,0.0891,0.0394,0.0244,0.0019,0.0329,0.031,0.65,Micro/Mini Hydro (<1 MW),54.1,10.69,84.09,34.24,49.85,4.8,3.92,4.8,6.51,8.44,8.17,8.44,8.44,8.17,8.44,8.17,5.77,Chandrakot,0,1.0,Micro (5-100 kW),0,1,1
4428,1,1552.0,1503.9,48.1,0.5,1.07,533.3,9.03,83.249444,28.067222,0,1,WECS_NEA_MIP,0.043,0.0289,0.0147,0.0084,0.0061,0.0095,0.0086,0.0095,0.0129,0.0237,0.0753,0.1462,0.157,0.0903,0.0409,0.0181,0.0112,0.0009,0.0147,0.0138,0.65,Micro/Mini Hydro (<1 MW),43.3,3.81,30.31,12.48,17.83,1.77,1.43,1.77,2.39,3.02,2.92,3.02,3.02,2.92,3.02,2.92,2.12,Resunga,0,1.0,Pico (<5 kW),0,1,0
4429,1,1503.9,1502.3,1.6,1.07,1.87,27.3,5.78,83.246944,28.0675,0,1,WECS_NEA_MIP,0.0743,0.0502,0.0259,0.015,0.0109,0.0164,0.0149,0.0164,0.0223,0.0409,0.1301,0.2527,0.2713,0.1561,0.0706,0.0312,0.0193,0.0015,0.0259,0.0244,0.65,Micro/Mini Hydro (<1 MW),1.4,0.22,1.72,0.7,1.02,0.1,0.08,0.1,0.13,0.17,0.17,0.17,0.17,0.17,0.17,0.17,0.12,Resunga,0,1.0,Pico (<5 kW),0,1,0
4442,1,1549.0,1384.5,164.5,0.61,3.65,566.9,29.01,83.363333,28.139722,0,1,WECS_NEA_MIP,0.1431,0.0974,0.0509,0.0298,0.0218,0.0315,0.0286,0.0315,0.0429,0.0787,0.2505,0.4867,0.5225,0.3006,0.136,0.0601,0.0372,0.0029,0.0509,0.048,0.65,Micro/Mini Hydro (<1 MW),148.1,45.33,354.67,143.56,211.11,20.09,16.31,20.09,27.2,35.76,34.61,35.76,35.76,34.61,35.76,34.61,24.1,Chandrakot,0,1.0,Micro (5-100 kW),0,1,1
4443,1,1548.9,1347.3,201.6,0.53,1.06,577.2,34.93,83.166111,28.201111,0,1,WECS_NEA_MIP,0.0426,0.0286,0.0146,0.0084,0.006,0.0094,0.0085,0.0094,0.0128,0.0234,0.0746,0.1449,0.1555,0.0895,0.0405,0.0179,0.0111,0.0009,0.0146,0.0138,0.65,Micro/Mini Hydro (<1 MW),181.4,15.96,125.96,51.79,74.17,7.31,5.91,7.31,9.91,12.56,12.16,12.56,12.56,12.16,12.56,12.16,8.78,Malika,0,1.0,Micro (5-100 kW),0,1,1
4444,1,1347.3,1297.6,49.7,1.06,2.8,206.1,24.12,83.1675,28.198056,0,1,WECS_NEA_MIP,0.1104,0.0749,0.0389,0.0227,0.0165,0.0243,0.0221,0.0243,0.0331,0.0607,0.1932,0.3754,0.4029,0.2318,0.1049,0.0464,0.0287,0.0022,0.0389,0.0367,0.65,Micro/Mini Hydro (<1 MW),44.7,10.46,82.09,33.39,48.7,4.69,3.81,4.69,6.34,8.25,7.98,8.25,8.25,7.98,8.25,7.98,5.62,Malika,0,1.0,Micro (5-100 kW),0,1,1
4455,1,1547.3,1356.8,190.5,0.5,0.74,608.1,31.33,83.485833,28.092222,0,1,WECS_NEA_MIP,0.03,0.0201,0.0101,0.0058,0.0041,0.0066,0.006,0.0066,0.009,0.0165,0.0524,0.1019,0.1094,0.0629,0.0285,0.0126,0.0078,0.0006,0.0101,0.0095,0.65,Micro/Mini Hydro (<1 MW),171.5,10.39,82.93,34.42,48.51,4.88,3.97,4.88,6.61,8.22,7.95,8.22,8.22,7.95,8.22,7.95,5.86,Chandrakot,0,1.0,Micro (5-100 kW),0,1,1
4456,1,1356.8,1203.9,152.9,0.74,1.24,577.2,26.5,83.485,28.0875,0,1,WECS_NEA_MIP,0.0497,0.0334,0.0171,0.0098,0.0071,0.0109,0.0099,0.0109,0.0149,0.0273,0.087,0.169,0.1814,0.1044,0.0472,0.0209,0.0129,0.001,0.0171,0.0161,0.65,Micro/Mini Hydro (<1 MW),137.6,14.13,111.78,45.88,65.9,6.46,5.25,6.46,8.78,11.16,10.8,11.16,11.16,10.8,11.16,10.8,7.77,Chandrakot,0,1.0,Micro (5-100 kW),0,1,1
4457,1,1203.9,1189.9,14.0,1.24,4.54,61.8,22.57,83.484722,28.085,0,1,WECS_NEA_MIP,0.1773,0.1209,0.0634,0.0374,0.0273,0.039,0.0355,0.039,0.0532,0.0975,0.3102,0.6027,0.6471,0.3723,0.1684,0.0745,0.0461,0.0035,0.0634,0.0599,0.65,Micro/Mini Hydro (<1 MW),12.6,4.81,37.56,15.18,22.37,2.12,1.73,2.12,2.88,3.79,3.67,3.79,3.79,3.67,3.79,3.67,2.55,Chandrakot,0,1.0,Pico (<5 kW),0,1,0
4458,3,1546.8,1546.8,0.0,12.65,13.25,82.5,0.0,83.124444,28.236111,1,0,WECS_NEA_MIP,0.5064,0.349,0.187,0.1126,0.0833,0.1114,0.1013,0.1114,0.1519,0.2785,0.8862,1.7218,1.8484,1.0635,0.4811,0.2127,0.1317,0.0101,0.349,0.3389,0.82,Commercial RoR (>1 MW),0.0,0.0,0.0,0.0,0.0,0.0,0.0,0.0,0.0,0.0,0.0,0.0,0.0,0.0,0.0,0.0,0.0,Malika,0,1.0,Pico (<5 kW),0,0,0
4459,3,1546.8,1501.6,45.2,13.25,13.85,597.1,7.58,83.124722,28.233333,1,0,WECS_NEA_MIP,0.5289,0.3646,0.1956,0.1178,0.0872,0.1164,0.1058,0.1164,0.1587,0.2909,0.9256,1.7982,1.9304,1.1107,0.5024,0.2221,0.1375,0.0106,0.3646,0.354,0.82,Commercial RoR (>1 MW),40.7,115.9,694.77,206.59,488.18,25.77,20.95,25.77,34.91,68.28,85.95,88.81,88.81,85.95,88.81,49.86,30.91,Malika,0,1.0,Mini (100-1000 kW),0,1,1
4460,3,1501.6,1489.3,12.2,13.85,15.99,144.3,8.48,83.125833,28.231389,1,0,WECS_NEA_MIP,0.6089,0.4204,0.2261,0.1366,0.1012,0.1339,0.1218,0.1339,0.1827,0.3349,1.0655,2.0701,2.2223,1.2786,0.5784,0.2557,0.1583,0.0122,0.4204,0.4082,0.82,Commercial RoR (>1 MW),11.0,36.12,216.38,64.27,152.11,8.01,6.52,8.01,10.86,21.24,26.78,27.68,27.68,26.78,27.68,15.51,9.62,Malika,0,1.0,Micro (5-100 kW),0,1,1
4461,1,1546.6,1377.5,169.2,0.56,1.08,561.9,30.11,83.410278,28.073611,0,1,WECS_NEA_MIP,0.0434,0.0292,0.0149,0.0085,0.0061,0.0095,0.0087,0.0095,0.013,0.0239,0.076,0.1476,0.1584,0.0911,0.0412,0.0182,0.0113,0.0009,0.0149,0.014,0.65,Micro/Mini Hydro (<1 MW),152.3,13.6,107.81,44.26,63.55,6.21,5.09,6.21,8.46,10.77,10.42,10.77,10.77,10.42,10.77,10.42,7.51,Satyawati,0,1.0,Micro (5-100 kW),0,1,1
4462,2,1377.5,1355.6,21.9,1.08,6.03,41.2,53.12,83.408889,28.071389,0,1,WECS_NEA_MIP,0.2341,0.1601,0.0844,0.05,0.0367,0.0515,0.0468,0.0515,0.0702,0.1288,0.4097,0.796,0.8546,0.4917,0.2224,0.0983,0.0609,0.0047,0.0844,0.0797,0.65,Micro/Mini Hydro (<1 MW),19.7,10.01,77.93,31.37,46.56,4.37,3.55,4.37,5.92,7.89,7.63,7.89,7.89,7.63,7.89,7.63,5.25,Satyawati,0,1.0,Micro (5-100 kW),0,1,1
4480,1,1544.4,1401.9,142.5,0.5,1.0,631.7,22.56,83.530833,28.101667,0,1,WECS_NEA_MIP,0.0402,0.027,0.0138,0.0079,0.0057,0.0089,0.008,0.0089,0.0121,0.0221,0.0704,0.1368,0.1469,0.0845,0.0382,0.0169,0.0105,0.0008,0.0138,0.013,0.65,Micro/Mini Hydro (<1 MW),128.2,10.63,84.3,34.75,49.55,4.93,3.96,4.93,6.65,8.39,8.12,8.39,8.39,8.12,8.39,8.12,5.9,Kaligandaki,0,1.0,Micro (5-100 kW),0,1,1
4481,1,1401.9,1316.1,85.8,1.0,1.38,566.9,15.13,83.528889,28.097222,0,1,WECS_NEA_MIP,0.0552,0.0372,0.019,0.011,0.0079,0.0121,0.011,0.0121,0.0166,0.0304,0.0966,0.1876,0.2014,0.1159,0.0524,0.0232,0.0143,0.0011,0.019,0.0179,0.65,Micro/Mini Hydro (<1 MW),77.2,8.81,69.7,28.62,41.08,4.03,3.27,4.03,5.49,6.96,6.73,6.96,6.96,6.73,6.96,6.73,4.83,Kaligandaki,0,1.0,Micro (5-100 kW),0,1,1
4482,1,1316.1,1202.0,114.1,1.38,2.77,552.9,20.64,83.528889,28.092778,0,1,WECS_NEA_MIP,0.1092,0.0741,0.0385,0.0225,0.0163,0.024,0.0218,0.024,0.0328,0.0601,0.1912,0.3714,0.3987,0.2294,0.1038,0.0459,0.0284,0.0022,0.0385,0.0363,0.65,Micro/Mini Hydro (<1 MW),102.7,23.77,186.55,75.82,110.73,10.62,8.63,10.62,14.43,18.76,18.15,18.76,18.76,18.15,18.76,18.15,12.77,Kaligandaki,0,1.0,Micro (5-100 kW),0,1,1
4506,2,1538.5,1485.1,53.5,6.08,6.58,566.9,9.43,83.085,28.203333,0,1,WECS_NEA_MIP,0.255,0.1745,0.0922,0.0548,0.0402,0.0561,0.051,0.0561,0.0765,0.1403,0.4463,0.8671,0.9309,0.5356,0.2423,0.1071,0.0663,0.0051,0.0922,0.0871,0.65,Micro/Mini Hydro (<1 MW),48.1,26.71,207.71,83.51,124.2,11.64,9.46,11.64,15.77,21.04,20.36,21.04,21.04,20.36,21.04,20.36,13.97,Madane,0,1.0,Micro (5-100 kW),0,1,1
4507,2,1485.1,1441.2,43.9,6.58,7.1,614.1,7.14,83.082222,28.199722,0,1,WECS_NEA_MIP,0.2748,0.1882,0.0996,0.0592,0.0435,0.0605,0.055,0.0605,0.0824,0.1511,0.4809,0.9342,1.0029,0.577,0.261,0.1154,0.0714,0.0055,0.0996,0.0941,0.65,Micro/Mini Hydro (<1 MW),39.5,23.7,184.13,73.95,110.18,10.31,8.38,10.31,13.95,18.66,18.06,18.66,18.66,18.06,18.66,18.06,12.35,Madane,0,1.0,Micro (5-100 kW),0,1,1
4508,2,1441.2,1412.2,29.0,7.1,7.48,618.4,4.69,83.082222,28.195,0,1,WECS_NEA_MIP,0.2892,0.1981,0.105,0.0625,0.0459,0.0636,0.0578,0.0636,0.0868,0.159,0.5061,0.9832,1.0555,0.6073,0.2747,0.1215,0.0752,0.0058,0.105,0.0992,0.65,Micro/Mini Hydro (<1 MW),26.1,16.51,128.18,51.43,76.75,7.16,5.82,7.16,9.71,13.0,12.58,13.0,13.0,12.58,13.0,12.58,8.59,Madane,0,1.0,Micro (5-100 kW),0,1,1
4509,2,1412.2,1398.5,13.7,7.48,12.88,195.8,6.98,83.080833,28.191944,1,0,WECS_NEA_MIP,0.4926,0.3393,0.1817,0.1094,0.0808,0.1084,0.0985,0.1084,0.1478,0.2709,0.862,1.6747,1.7979,1.0344,0.4679,0.2069,0.1281,0.0099,0.3393,0.3294,0.82,Commercial RoR (>1 MW),12.3,32.59,195.44,58.13,137.31,7.25,5.89,7.25,9.82,19.21,24.17,24.98,24.98,24.17,24.98,14.03,8.7,Madane,0,1.0,Micro (5-100 kW),0,1,1
4515,1,1537.0,1333.5,203.4,0.51,1.43,614.1,33.13,83.171389,28.199167,0,1,WECS_NEA_MIP,0.0571,0.0385,0.0197,0.0114,0.0082,0.0126,0.0114,0.0126,0.0171,0.0314,0.1,0.1943,0.2086,0.12,0.0543,0.024,0.0149,0.0011,0.0197,0.0186,0.65,Micro/Mini Hydro (<1 MW),183.1,21.72,171.63,70.61,101.02,9.99,8.08,9.99,13.45,17.11,16.56,17.11,17.11,16.56,17.11,16.56,11.99,Malika,0,1.0,Micro (5-100 kW),0,1,1
4516,1,1333.5,1297.6,35.9,1.43,2.8,164.2,21.88,83.168333,28.197778,0,1,WECS_NEA_MIP,0.1104,0.0749,0.0389,0.0227,0.0165,0.0243,0.0221,0.0243,0.0331,0.0607,0.1932,0.3754,0.4029,0.2318,0.1049,0.0464,0.0287,0.0022,0.0389,0.0367,0.65,Micro/Mini Hydro (<1 MW),32.3,7.56,59.32,24.13,35.19,3.39,2.75,3.39,4.58,5.96,5.77,5.96,5.96,5.77,5.96,5.77,4.06,Malika,0,1.0,Micro (5-100 kW),0,1,1
4520,1,1535.2,1507.9,27.3,0.52,0.73,590.5,4.62,83.070556,28.110833,0,1,WECS_NEA_MIP,0.0296,0.0198,0.01,0.0057,0.0041,0.0065,0.0059,0.0065,0.0089,0.0163,0.0517,0.1005,0.1079,0.0621,0.0281,0.0124,0.0077,0.0006,0.01,0.0094,0.65,Micro/Mini Hydro (<1 MW),24.6,1.47,11.76,4.87,6.89,0.69,0.56,0.69,0.94,1.17,1.13,1.17,1.17,1.13,1.17,1.13,0.83,Madane,0,1.0,Pico (<5 kW),0,1,0
4521,1,1507.9,1481.7,26.2,0.73,2.58,216.4,12.12,83.0725,28.108056,0,1,WECS_NEA_MIP,0.1019,0.0691,0.0358,0.0209,0.0152,0.0224,0.0204,0.0224,0.0306,0.056,0.1783,0.3464,0.3719,0.214,0.0968,0.0428,0.0265,0.002,0.0358,0.0338,0.65,Micro/Mini Hydro (<1 MW),23.6,5.09,39.94,16.28,23.66,2.28,1.86,2.28,3.1,4.01,3.88,4.01,4.01,3.88,4.01,3.88,2.74,Madane,0,1.0,Micro (5-100 kW),0,1,1
4522,1,1535.1,1360.1,175.0,0.51,1.56,569.9,30.7,83.124722,28.203056,0,1,WECS_NEA_MIP,0.0622,0.042,0.0216,0.0124,0.009,0.0137,0.0124,0.0137,0.0187,0.0342,0.1089,0.2116,0.2271,0.1307,0.0591,0.0261,0.0162,0.0012,0.0216,0.0204,0.65,Micro/Mini Hydro (<1 MW),157.5,20.49,161.52,66.24,95.28,9.34,7.56,9.34,12.65,16.14,15.62,16.14,16.14,15.62,16.14,15.62,11.21,Malika,0,1.0,Micro (5-100 kW),0,1,1
4523,1,1360.1,1250.9,109.2,1.56,2.04,608.1,17.96,83.126667,28.198889,0,1,WECS_NEA_MIP,0.0809,0.0547,0.0283,0.0164,0.0119,0.0178,0.0162,0.0178,0.0243,0.0445,0.1417,0.2752,0.2954,0.17,0.0769,0.034,0.021,0.0016,0.0283,0.0267,0.65,Micro/Mini Hydro (<1 MW),98.3,16.74,131.66,53.75,77.91,7.55,6.15,7.55,10.24,13.2,12.77,13.2,13.2,12.77,13.2,12.77,9.05,Malika,0,1.0,Micro (5-100 kW),0,1,1
4524,2,1250.9,1229.0,21.9,2.04,3.07,171.6,12.79,83.128611,28.196111,0,1,WECS_NEA_MIP,0.1208,0.082,0.0427,0.025,0.0182,0.0266,0.0242,0.0266,0.0362,0.0665,0.2114,0.4108,0.441,0.2537,0.1148,0.0507,0.0314,0.0024,0.0427,0.0403,0.65,Micro/Mini Hydro (<1 MW),19.7,5.06,39.68,16.12,23.56,2.26,1.84,2.26,3.06,3.99,3.86,3.99,3.99,3.86,3.99,3.86,2.71,Malika,0,1.0,Micro (5-100 kW),0,1,1
4529,2,1534.4,1465.1,69.3,2.25,2.52,468.5,14.8,83.3725,28.175833,0,1,WECS_NEA_MIP,0.0996,0.0675,0.035,0.0204,0.0148,0.0219,0.0199,0.0219,0.0299,0.0548,0.1742,0.3385,0.3634,0.2091,0.0946,0.0418,0.0259,0.002,0.035,0.033,0.65,Micro/Mini Hydro (<1 MW),62.4,13.13,103.16,42.0,61.16,5.89,4.79,5.89,7.99,10.36,10.03,10.36,10.36,10.03,10.36,10.03,7.08,Musikot,0,1.0,Micro (5-100 kW),0,1,1
4535,1,1533.2,1388.2,145.0,0.5,0.85,603.1,24.04,83.163056,28.068611,0,1,WECS_NEA_MIP,0.0343,0.023,0.0117,0.0067,0.0048,0.0076,0.0069,0.0076,0.0103,0.0189,0.0601,0.1167,0.1253,0.0721,0.0326,0.0144,0.0089,0.0007,0.0117,0.011,0.65,Micro/Mini Hydro (<1 MW),130.5,9.15,72.84,30.08,42.76,4.27,3.47,4.27,5.75,7.24,7.01,7.24,7.24,7.01,7.24,7.01,5.08,Dhurkot,0,1.0,Micro (5-100 kW),0,1,1
4536,1,1388.2,1272.0,116.2,0.85,1.43,614.1,18.92,83.166944,28.072778,0,1,WECS_NEA_MIP,0.0571,0.0385,0.0197,0.0114,0.0082,0.0126,0.0114,0.0126,0.0171,0.0314,0.1,0.1943,0.2086,0.12,0.0543,0.024,0.0149,0.0011,0.0197,0.0186,0.65,Micro/Mini Hydro (<1 MW),104.6,12.41,98.05,40.34,57.71,5.71,4.62,5.71,7.68,9.78,9.46,9.78,9.78,9.46,9.78,9.46,6.85,Dhurkot,0,1.0,Micro (5-100 kW),0,1,1
4537,1,1272.0,1266.3,5.7,1.43,2.09,82.5,6.92,83.169444,28.074167,0,1,WECS_NEA_MIP,0.0829,0.0561,0.029,0.0168,0.0122,0.0182,0.0166,0.0182,0.0249,0.0456,0.1451,0.2818,0.3025,0.1741,0.0787,0.0348,0.0216,0.0017,0.029,0.0273,0.65,Micro/Mini Hydro (<1 MW),5.1,0.89,6.99,2.85,4.14,0.4,0.33,0.4,0.54,0.7,0.68,0.7,0.7,0.68,0.7,0.68,0.48,Dhurkot,0,1.0,Pico (<5 kW),0,1,0
4540,1,1532.6,1412.1,120.6,0.53,1.59,491.1,24.56,83.345278,28.173889,0,1,WECS_NEA_MIP,0.0634,0.0428,0.022,0.0127,0.0092,0.0139,0.0127,0.0139,0.019,0.0349,0.111,0.2156,0.2314,0.1331,0.0602,0.0266,0.0165,0.0013,0.022,0.0207,0.65,Micro/Mini Hydro (<1 MW),108.5,14.32,113.09,46.24,66.85,6.49,5.3,6.49,8.82,11.32,10.96,11.32,11.32,10.96,11.32,10.96,7.82,Musikot,0,1.0,Micro (5-100 kW),0,1,1
4543,1,1531.7,1436.8,94.9,0.57,1.28,272.6,34.8,83.537778,28.007778,0,1,WECS_NEA_MIP,0.0513,0.0345,0.0176,0.0101,0.0073,0.0113,0.0103,0.0113,0.0154,0.0282,0.0897,0.1743,0.1871,0.1077,0.0487,0.0215,0.0133,0.001,0.0176,0.0166,0.65,Micro/Mini Hydro (<1 MW),85.4,9.04,71.6,29.51,42.09,4.17,3.4,4.17,5.65,7.13,6.9,7.13,7.13,6.9,7.13,6.9,4.98,Satyawati,0,1.0,Micro (5-100 kW),0,1,1
4553,1,1530.6,1379.1,151.6,0.5,2.72,452.2,33.52,83.104722,28.210556,0,1,WECS_NEA_MIP,0.1073,0.0728,0.0378,0.022,0.016,0.0236,0.0215,0.0236,0.0322,0.059,0.1878,0.3648,0.3917,0.2253,0.1019,0.0451,0.0279,0.0022,0.0378,0.0357,0.65,Micro/Mini Hydro (<1 MW),136.4,31.05,243.25,98.85,144.39,13.85,11.28,13.85,18.79,24.46,23.67,24.46,24.46,23.67,24.46,23.67,16.63,Malika,0,1.0,Micro (5-100 kW),0,1,1
4554,2,1530.4,1398.2,132.2,3.73,4.34,621.4,21.27,83.479167,28.035,0,1,WECS_NEA_MIP,0.1696,0.1156,0.0606,0.0357,0.0261,0.0373,0.0339,0.0373,0.0509,0.0933,0.2968,0.5767,0.6191,0.3562,0.1611,0.0712,0.0441,0.0034,0.0606,0.0572,0.65,Micro/Mini Hydro (<1 MW),119.0,43.4,338.93,136.97,201.96,19.14,15.55,19.14,25.95,34.21,33.11,34.21,34.21,33.11,34.21,33.11,22.98,Satyawati,0,1.0,Micro (5-100 kW),0,1,1
4555,2,1398.2,1315.0,83.2,4.34,5.52,237.0,35.08,83.476667,28.032222,0,1,WECS_NEA_MIP,0.2147,0.1467,0.0772,0.0457,0.0335,0.0472,0.0429,0.0472,0.0644,0.1181,0.3757,0.73,0.7837,0.4509,0.204,0.0902,0.0558,0.0043,0.0772,0.0729,0.65,Micro/Mini Hydro (<1 MW),74.9,34.82,271.21,109.27,161.94,15.24,12.39,15.24,20.67,27.43,26.55,27.43,27.43,26.55,27.43,26.55,18.3,Satyawati,0,1.0,Micro (5-100 kW),0,1,1
4564,1,1528.6,1431.1,97.4,1.68,2.2,666.3,14.62,83.05,28.1775,0,1,WECS_NEA_MIP,0.0872,0.059,0.0305,0.0177,0.0129,0.0192,0.0174,0.0192,0.0261,0.0479,0.1525,0.2963,0.3181,0.183,0.0828,0.0366,0.0227,0.0017,0.0305,0.0288,0.65,Micro/Mini Hydro (<1 MW),87.7,16.11,126.62,51.71,74.91,7.28,5.9,7.28,9.82,12.69,12.28,12.69,12.69,12.28,12.69,12.28,8.74,Madane,0,1.0,Micro (5-100 kW),0,1,1
4565,2,1431.1,1408.0,23.2,2.2,6.71,216.4,10.7,83.051944,28.174722,0,1,WECS_NEA_MIP,0.26,0.1779,0.0941,0.0559,0.041,0.0572,0.052,0.0572,0.078,0.143,0.455,0.8839,0.9489,0.5459,0.247,0.1092,0.0676,0.0052,0.0941,0.0889,0.65,Micro/Mini Hydro (<1 MW),20.9,11.85,92.08,37.01,55.08,5.16,4.19,5.16,6.99,9.33,9.03,9.33,9.33,9.03,9.33,9.03,6.19,Madane,0,1.0,Micro (5-100 kW),0,1,1
4566,1,1528.6,1315.0,213.5,0.61,5.52,357.1,59.8,83.476944,28.030556,0,1,WECS_NEA_MIP,0.2147,0.1467,0.0772,0.0457,0.0335,0.0472,0.0429,0.0472,0.0644,0.1181,0.3757,0.73,0.7837,0.4509,0.204,0.0902,0.0558,0.0043,0.0772,0.0729,0.65,Micro/Mini Hydro (<1 MW),192.2,89.34,695.95,280.41,415.54,39.12,31.79,39.12,53.03,70.39,68.12,70.39,70.39,68.12,70.39,68.12,46.96,Satyawati,0,1.0,Micro (5-100 kW),0,1,1
4567,1,1528.5,1527.1,1.4,0.52,1.53,301.9,0.47,83.335,28.147778,0,1,WECS_NEA_MIP,0.0611,0.0412,0.0211,0.0122,0.0088,0.0134,0.0122,0.0134,0.0183,0.0336,0.1069,0.2076,0.2229,0.1282,0.058,0.0256,0.0159,0.0012,0.0211,0.0199,0.65,Micro/Mini Hydro (<1 MW),1.3,0.16,1.3,0.53,0.77,0.08,0.06,0.08,0.1,0.13,0.13,0.13,0.13,0.13,0.13,0.13,0.09,Musikot,0,1.0,Pico (<5 kW),0,0,0
4576,1,1527.1,1269.9,257.1,1.53,2.08,606.8,42.37,83.333333,28.145,0,1,WECS_NEA_MIP,0.0825,0.0558,0.0288,0.0167,0.0121,0.0181,0.0165,0.0181,0.0247,0.0454,0.1444,0.2805,0.3011,0.1732,0.0784,0.0346,0.0214,0.0017,0.0288,0.0272,0.65,Micro/Mini Hydro (<1 MW),231.4,40.13,315.0,128.36,186.64,18.0,14.67,18.0,24.43,31.62,30.6,31.62,31.62,30.6,31.62,30.6,21.63,Musikot,0,1.0,Micro (5-100 kW),0,1,1
4577,2,1269.9,1064.6,205.4,2.08,3.17,603.1,34.06,83.328611,28.141667,0,1,WECS_NEA_MIP,0.1247,0.0847,0.0441,0.0258,0.0188,0.0274,0.0249,0.0274,0.0374,0.0686,0.2182,0.4239,0.4551,0.2618,0.1184,0.0524,0.0324,0.0025,0.0441,0.0416,0.65,Micro/Mini Hydro (<1 MW),184.9,49.05,384.33,155.97,228.36,21.84,17.75,21.84,29.63,38.68,37.44,38.68,38.68,37.44,38.68,37.44,26.23,Musikot,0,1.0,Micro (5-100 kW),0,1,1
4578,2,1064.6,903.3,161.2,3.17,3.66,645.0,24.99,83.323889,28.139167,0,1,WECS_NEA_MIP,0.1435,0.0976,0.051,0.0299,0.0218,0.0316,0.0287,0.0316,0.0431,0.0789,0.2512,0.488,0.5239,0.3014,0.1364,0.0603,0.0373,0.0029,0.051,0.0481,0.65,Micro/Mini Hydro (<1 MW),145.1,44.5,348.36,141.12,207.24,19.76,16.04,19.76,26.78,35.11,33.97,35.11,35.11,33.97,35.11,33.97,23.68,Musikot,0,1.0,Micro (5-100 kW),0,1,1
4579,2,903.3,800.0,103.3,3.66,3.98,617.1,16.74,83.319167,28.135556,0,1,WECS_NEA_MIP,0.1558,0.1061,0.0555,0.0326,0.0238,0.0343,0.0312,0.0343,0.0467,0.0857,0.2727,0.5298,0.5688,0.3272,0.148,0.0654,0.0405,0.0031,0.0555,0.0524,0.65,Micro/Mini Hydro (<1 MW),93.0,31.07,242.88,98.33,144.55,13.77,11.2,13.77,18.62,24.49,23.7,24.49,24.49,23.7,24.49,23.7,16.5,Musikot,0,1.0,Micro (5-100 kW),0,1,1
4580,2,800.0,680.0,120.0,3.98,956.51,600.8,19.97,83.314722,28.132222,1,0,GAUGE_TRANSFER_DHM,34.5482,21.1828,10.5914,6.8088,4.7914,7.6006,6.9096,7.6006,10.3644,19.0015,60.4593,117.4638,126.1008,72.5511,32.8208,14.5102,8.9825,0.691,21.1828,20.4918,0.82,Commercial RoR (>1 MW),108.0,8901.36,56014.26,17904.17,38110.08,4466.14,3630.52,4466.14,6050.88,11835.31,13250.2,13691.87,13691.87,13250.2,13691.87,8644.14,5359.36,Musikot,1,0.5,Small/Medium RoR (>1 MW),0,1,1
4596,1,1523.6,1437.7,85.9,0.67,1.27,247.4,34.74,83.081111,28.103333,0,1,WECS_NEA_MIP,0.0509,0.0342,0.0175,0.0101,0.0073,0.0112,0.0102,0.0112,0.0153,0.028,0.089,0.173,0.1857,0.1068,0.0483,0.0214,0.0132,0.001,0.0175,0.0165,0.65,Micro/Mini Hydro (<1 MW),77.3,8.13,64.38,26.49,37.88,3.74,3.05,3.74,5.07,6.42,6.21,6.42,6.42,6.21,6.42,6.21,4.47,Dhurkot,0,1.0,Micro (5-100 kW),0,1,1
4607,2,1521.5,1434.8,86.8,1.93,2.18,575.2,15.08,83.062778,28.137222,0,1,WECS_NEA_MIP,0.0864,0.0585,0.0302,0.0175,0.0127,0.019,0.0173,0.019,0.0259,0.0475,0.1512,0.2937,0.3153,0.1814,0.0821,0.0363,0.0225,0.0017,0.0302,0.0285,0.65,Micro/Mini Hydro (<1 MW),78.1,14.19,111.67,45.61,66.05,6.41,5.22,6.41,8.68,11.19,10.83,11.19,11.19,10.83,11.19,10.83,7.71,Madane,0,1.0,Micro (5-100 kW),0,1,1
4608,2,1434.8,1340.2,94.5,2.18,2.44,491.4,19.23,83.058056,28.1375,0,1,WECS_NEA_MIP,0.0965,0.0654,0.0339,0.0197,0.0143,0.0212,0.0193,0.0212,0.0289,0.0531,0.1688,0.328,0.3521,0.2026,0.0916,0.0405,0.0251,0.0019,0.0339,0.032,0.65,Micro/Mini Hydro (<1 MW),85.0,17.34,136.16,55.47,80.7,7.78,6.34,7.78,10.54,13.67,13.23,13.67,13.67,13.23,13.67,13.23,9.36,Madane,0,1.0,Micro (5-100 kW),0,1,1
4609,2,1340.2,1269.4,70.9,2.44,23.15,542.6,13.06,83.054722,28.139167,1,0,WECS_NEA_MIP,0.875,0.6063,0.3285,0.2,0.1487,0.1925,0.175,0.1925,0.2625,0.4812,1.5312,2.975,3.1937,1.8375,0.8312,0.3675,0.2275,0.0175,0.6063,0.5888,0.82,Commercial RoR (>1 MW),63.8,302.18,1807.67,535.74,1271.93,66.82,54.32,66.82,90.53,177.06,224.04,231.51,231.51,224.04,231.51,129.33,80.19,Madane,0,1.0,Mini (100-1000 kW),0,1,1
4627,1,1518.6,1412.1,106.5,0.51,1.59,308.5,34.52,83.346389,28.174444,0,1,WECS_NEA_MIP,0.0634,0.0428,0.022,0.0127,0.0092,0.0139,0.0127,0.0139,0.019,0.0349,0.111,0.2156,0.2314,0.1331,0.0602,0.0266,0.0165,0.0013,0.022,0.0207,0.65,Micro/Mini Hydro (<1 MW),95.9,12.66,99.95,40.87,59.09,5.73,4.68,5.73,7.79,10.01,9.69,10.01,10.01,9.69,10.01,9.69,6.92,Musikot,0,1.0,Micro (5-100 kW),0,1,1
4631,1,1517.9,1338.8,179.1,0.56,3.89,534.6,33.5,83.153611,28.247778,0,1,WECS_NEA_MIP,0.1524,0.1037,0.0542,0.0319,0.0233,0.0335,0.0305,0.0335,0.0457,0.0838,0.2666,0.5181,0.5561,0.32,0.1447,0.064,0.0396,0.0031,0.0542,0.0512,0.65,Micro/Mini Hydro (<1 MW),161.2,52.63,411.0,166.31,244.69,23.25,18.93,23.25,31.53,41.45,40.11,41.45,41.45,40.11,41.45,40.11,27.91,Malika,0,1.0,Micro (5-100 kW),0,1,1
4638,1,1516.9,1344.7,172.2,0.81,1.39,587.5,29.31,83.270556,28.08,0,1,WECS_NEA_MIP,0.0556,0.0374,0.0192,0.011,0.008,0.0122,0.0111,0.0122,0.0167,0.0306,0.0973,0.189,0.2029,0.1167,0.0528,0.0233,0.0145,0.0011,0.0192,0.0181,0.65,Micro/Mini Hydro (<1 MW),155.0,17.89,141.38,58.04,83.34,8.16,6.64,8.16,11.1,14.12,13.66,14.12,14.12,13.66,14.12,13.66,9.85,Resunga,0,1.0,Micro (5-100 kW),0,1,1
4639,1,1344.7,1231.6,113.1,1.39,1.8,546.3,20.7,83.269444,28.084722,0,1,WECS_NEA_MIP,0.0716,0.0484,0.0249,0.0144,0.0104,0.0158,0.0143,0.0158,0.0215,0.0394,0.1253,0.2434,0.2613,0.1504,0.068,0.0301,0.0186,0.0014,0.0249,0.0235,0.65,Micro/Mini Hydro (<1 MW),101.8,15.25,120.25,49.26,70.99,6.95,5.63,6.95,9.39,12.03,11.64,12.03,12.03,11.64,12.03,11.64,8.31,Resunga,0,1.0,Micro (5-100 kW),0,1,1
4640,2,1231.6,1109.9,121.7,1.8,2.48,566.9,21.47,83.269444,28.089444,0,1,WECS_NEA_MIP,0.098,0.0664,0.0344,0.02,0.0146,0.0216,0.0196,0.0216,0.0294,0.0539,0.1715,0.3333,0.3578,0.2058,0.0931,0.0412,0.0255,0.002,0.0344,0.0324,0.65,Micro/Mini Hydro (<1 MW),109.5,22.62,177.97,72.47,105.49,10.18,8.26,10.18,13.77,17.87,17.29,17.87,17.87,17.29,17.87,17.29,12.21,Resunga,0,1.0,Micro (5-100 kW),0,1,1
4641,2,1109.9,1062.6,47.3,2.48,3.6,349.8,13.52,83.268056,28.092778,0,1,WECS_NEA_MIP,0.1412,0.0961,0.0501,0.0294,0.0215,0.0311,0.0282,0.0311,0.0424,0.0777,0.2471,0.4802,0.5155,0.2966,0.1342,0.0593,0.0367,0.0028,0.0501,0.0473,0.65,Micro/Mini Hydro (<1 MW),42.6,12.85,100.57,40.8,59.77,5.72,4.64,5.72,7.74,10.13,9.8,10.13,10.13,9.8,10.13,9.8,6.85,Resunga,0,1.0,Micro (5-100 kW),0,1,1
4657,1,1515.3,1317.1,198.2,0.57,1.02,575.2,34.46,83.173889,28.196944,0,1,WECS_NEA_MIP,0.041,0.0276,0.014,0.008,0.0058,0.009,0.0082,0.009,0.0123,0.0226,0.0718,0.1395,0.1498,0.0862,0.039,0.0172,0.0107,0.0008,0.014,0.0132,0.65,Micro/Mini Hydro (<1 MW),178.4,15.02,119.13,49.18,69.95,6.94,5.66,6.94,9.42,11.85,11.47,11.85,11.85,11.47,11.85,11.47,8.38,Malika,0,1.0,Micro (5-100 kW),0,1,1
4658,1,1317.1,1250.4,66.7,1.02,1.9,192.2,34.72,83.170833,28.195278,0,1,WECS_NEA_MIP,0.0755,0.051,0.0263,0.0152,0.011,0.0166,0.0151,0.0166,0.0226,0.0415,0.1321,0.2567,0.2756,0.1585,0.0717,0.0317,0.0196,0.0015,0.0263,0.0248,0.65,Micro/Mini Hydro (<1 MW),60.0,9.49,74.74,30.54,44.19,4.3,3.5,4.3,5.81,7.49,7.24,7.49,7.49,7.24,7.49,7.24,5.15,Malika,0,1.0,Micro (5-100 kW),0,1,1
4672,2,1512.5,1418.9,93.5,3.94,4.84,672.9,13.9,83.046389,28.2225,0,1,WECS_NEA_MIP,0.1888,0.1288,0.0676,0.0399,0.0292,0.0415,0.0378,0.0415,0.0566,0.1038,0.3303,0.6418,0.6889,0.3964,0.1793,0.0793,0.0491,0.0038,0.0676,0.0638,0.65,Micro/Mini Hydro (<1 MW),84.2,34.25,267.3,107.9,159.41,15.06,12.27,15.06,20.41,27.0,26.13,27.0,27.0,26.13,27.0,26.13,18.1,Madane,0,1.0,Micro (5-100 kW),0,1,1
4673,2,1418.9,1390.2,28.7,4.84,10.08,286.6,10.03,83.042778,28.224444,1,0,WECS_NEA_MIP,0.3874,0.2662,0.1419,0.085,0.0626,0.0852,0.0775,0.0852,0.1162,0.2131,0.6779,1.3171,1.4139,0.8135,0.368,0.1627,0.1007,0.0077,0.2662,0.2585,0.82,Commercial RoR (>1 MW),25.8,53.65,321.99,95.96,226.03,11.97,9.73,11.97,16.21,31.72,39.78,41.1,41.1,39.78,41.1,23.16,14.36,Madane,0,1.0,Micro (5-100 kW),0,1,1
4675,1,1511.9,1343.1,168.8,0.52,0.81,611.1,27.62,83.528889,28.0075,0,1,WECS_NEA_MIP,0.0327,0.0219,0.0111,0.0063,0.0046,0.0072,0.0065,0.0072,0.0098,0.018,0.0573,0.1113,0.1195,0.0688,0.0311,0.0138,0.0085,0.0006,0.0111,0.0105,0.65,Micro/Mini Hydro (<1 MW),151.9,10.17,80.68,33.46,47.22,4.76,3.84,4.76,6.42,8.0,7.74,8.0,8.0,7.74,8.0,7.74,5.69,Satyawati,0,1.0,Micro (5-100 kW),0,1,1
4676,2,1343.1,1343.1,0.0,0.81,3.14,30.9,0.0,83.530833,28.005556,0,1,WECS_NEA_MIP,0.1235,0.0839,0.0437,0.0256,0.0186,0.0272,0.0247,0.0272,0.0371,0.0679,0.2162,0.42,0.4508,0.2594,0.1173,0.0519,0.0321,0.0025,0.0437,0.0412,0.65,Micro/Mini Hydro (<1 MW),0.0,0.0,0.0,0.0,0.0,0.0,0.0,0.0,0.0,0.0,0.0,0.0,0.0,0.0,0.0,0.0,0.0,Satyawati,0,1.0,Pico (<5 kW),0,0,0
4677,3,1511.6,1454.2,57.4,16.0,16.81,628.7,9.12,83.4125,28.14,1,0,WECS_NEA_MIP,0.6394,0.4417,0.2378,0.1439,0.1066,0.1407,0.1279,0.1407,0.1918,0.3517,1.119,2.1741,2.334,1.3428,0.6075,0.2686,0.1663,0.0128,0.4417,0.4289,0.82,Commercial RoR (>1 MW),51.7,178.37,1068.4,317.27,751.13,39.57,32.17,39.57,53.6,104.86,132.26,136.67,136.67,132.26,136.67,76.6,47.5,Chandrakot,0,1.0,Mini (100-1000 kW),0,1,1
4678,3,1454.2,1383.1,71.2,16.81,17.3,550.9,12.92,83.416389,28.137222,1,0,WECS_NEA_MIP,0.6577,0.4544,0.2448,0.1482,0.1099,0.1447,0.1315,0.1447,0.1973,0.3617,1.151,2.2362,2.4006,1.3812,0.6248,0.2762,0.171,0.0132,0.4544,0.4413,0.82,Commercial RoR (>1 MW),64.1,227.55,1362.47,404.47,958.0,50.45,40.99,50.45,68.35,133.7,168.7,174.32,174.32,168.7,174.32,97.64,60.54,Chandrakot,0,1.0,Mini (100-1000 kW),0,1,1
4679,3,1383.1,1259.4,123.6,17.3,19.6,278.3,44.43,83.418333,28.134722,1,0,WECS_NEA_MIP,0.7433,0.5142,0.2777,0.1685,0.1251,0.1635,0.1487,0.1635,0.223,0.4088,1.3007,2.5272,2.713,1.5609,0.7061,0.3122,0.1933,0.0149,0.5142,0.4993,0.82,Commercial RoR (>1 MW),111.2,446.63,2673.57,793.12,1880.45,98.9,80.43,98.9,134.03,262.15,331.17,342.21,342.21,331.17,342.21,191.48,118.73,Chandrakot,0,1.0,Mini (100-1000 kW),0,1,1
4687,1,1510.0,1502.3,7.7,0.67,1.87,247.4,3.09,83.246944,28.068333,0,1,WECS_NEA_MIP,0.0743,0.0502,0.0259,0.015,0.0109,0.0164,0.0149,0.0164,0.0223,0.0409,0.1301,0.2527,0.2713,0.1561,0.0706,0.0312,0.0193,0.0015,0.0259,0.0244,0.65,Micro/Mini Hydro (<1 MW),6.9,1.07,8.47,3.46,5.0,0.49,0.4,0.49,0.66,0.85,0.82,0.85,0.85,0.82,0.85,0.82,0.58,Resunga,0,1.0,Pico (<5 kW),0,1,0
4696,1,1508.9,1419.5,89.4,0.5,1.03,552.9,16.17,83.232222,28.068333,0,1,WECS_NEA_MIP,0.0414,0.0278,0.0142,0.0081,0.0058,0.0091,0.0083,0.0091,0.0124,0.0228,0.0725,0.1409,0.1512,0.087,0.0394,0.0174,0.0108,0.0008,0.0142,0.0134,0.65,Micro/Mini Hydro (<1 MW),80.5,6.88,54.47,22.46,32.01,3.17,2.59,3.17,4.29,5.42,5.25,5.42,5.42,5.25,5.42,5.25,3.82,Resunga,0,1.0,Micro (5-100 kW),0,1,1
4697,1,1419.5,1212.8,206.7,1.03,1.19,556.6,37.14,83.2325,28.073056,0,1,WECS_NEA_MIP,0.0477,0.0321,0.0164,0.0094,0.0068,0.0105,0.0095,0.0105,0.0143,0.0263,0.0835,0.1623,0.1742,0.1002,0.0453,0.02,0.0124,0.0009,0.0164,0.0155,0.65,Micro/Mini Hydro (<1 MW),186.0,18.38,145.29,59.86,85.43,8.47,6.85,8.47,11.44,14.47,14.0,14.47,14.47,14.0,14.47,14.0,10.15,Resunga,0,1.0,Micro (5-100 kW),0,1,1
4698,1,1212.8,1199.1,13.7,1.19,3.58,134.0,10.22,83.231944,28.075833,0,1,WECS_NEA_MIP,0.1405,0.0955,0.0499,0.0293,0.0213,0.0309,0.0281,0.0309,0.0421,0.0773,0.2458,0.4776,0.5127,0.295,0.1334,0.059,0.0365,0.0028,0.0499,0.0471,0.65,Micro/Mini Hydro (<1 MW),12.3,3.69,28.9,11.71,17.19,1.64,1.33,1.64,2.22,2.91,2.82,2.91,2.91,2.82,2.91,2.82,1.97,Resunga,0,1.0,Pico (<5 kW),0,1,0
4699,1,1508.6,1356.2,152.5,0.5,0.92,589.1,25.88,83.526389,28.039167,0,1,WECS_NEA_MIP,0.0371,0.0249,0.0126,0.0072,0.0052,0.0082,0.0074,0.0082,0.0111,0.0204,0.0649,0.1261,0.1354,0.0779,0.0352,0.0156,0.0096,0.0007,0.0126,0.0119,0.65,Micro/Mini Hydro (<1 MW),137.2,10.41,82.66,34.25,48.41,4.88,3.94,4.88,6.55,8.2,7.94,8.2,8.2,7.94,8.2,7.94,5.79,Kaligandaki,0,1.0,Micro (5-100 kW),0,1,1
4700,1,1356.2,1267.0,89.2,0.92,2.41,318.8,27.96,83.529722,28.036944,0,1,WECS_NEA_MIP,0.0953,0.0646,0.0334,0.0195,0.0141,0.021,0.0191,0.021,0.0286,0.0524,0.1668,0.324,0.3479,0.2001,0.0905,0.04,0.0248,0.0019,0.0334,0.0315,0.65,Micro/Mini Hydro (<1 MW),80.3,16.13,126.87,51.76,75.11,7.28,5.92,7.28,9.84,12.72,12.31,12.72,12.72,12.31,12.72,12.31,8.72,Kaligandaki,0,1.0,Micro (5-100 kW),0,1,1
4701,1,1508.3,1394.7,113.5,0.59,1.08,533.3,21.29,83.045278,28.155833,0,1,WECS_NEA_MIP,0.0434,0.0292,0.0149,0.0085,0.0061,0.0095,0.0087,0.0095,0.013,0.0239,0.076,0.1476,0.1584,0.0911,0.0412,0.0182,0.0113,0.0009,0.0149,0.014,0.65,Micro/Mini Hydro (<1 MW),102.2,9.12,72.35,29.7,42.65,4.17,3.42,4.17,5.68,7.22,6.99,7.22,7.22,6.99,7.22,6.99,5.04,Madane,0,1.0,Micro (5-100 kW),0,1,1
4702,1,1394.7,1349.7,45.0,1.08,6.63,223.1,20.17,83.047778,28.157778,0,1,WECS_NEA_MIP,0.2569,0.1758,0.0929,0.0552,0.0405,0.0565,0.0514,0.0565,0.0771,0.1413,0.4496,0.8736,0.9378,0.5396,0.2441,0.1079,0.0668,0.0051,0.0929,0.0878,0.65,Micro/Mini Hydro (<1 MW),40.5,22.67,176.25,70.88,105.37,9.88,8.04,9.88,13.39,17.85,17.27,17.85,17.85,17.27,17.85,17.27,11.85,Madane,0,1.0,Micro (5-100 kW),0,1,1
4718,1,1505.6,1348.3,157.3,0.62,1.72,577.2,27.25,83.2775,28.051389,0,1,WECS_NEA_MIP,0.0685,0.0462,0.0238,0.0137,0.01,0.0151,0.0137,0.0151,0.0205,0.0377,0.1198,0.2328,0.25,0.1438,0.0651,0.0288,0.0178,0.0014,0.0238,0.0224,0.65,Micro/Mini Hydro (<1 MW),141.6,20.23,159.67,65.29,94.38,9.2,7.46,9.2,12.42,15.99,15.47,15.99,15.99,15.47,15.99,15.47,11.02,Resunga,0,1.0,Micro (5-100 kW),0,1,1
4719,2,1348.3,1241.3,107.1,1.72,2.17,577.2,18.55,83.275833,28.046667,0,1,WECS_NEA_MIP,0.086,0.0582,0.0301,0.0175,0.0127,0.0189,0.0172,0.0189,0.0258,0.0473,0.1505,0.2924,0.3139,0.1806,0.0817,0.0361,0.0224,0.0017,0.0301,0.0284,0.65,Micro/Mini Hydro (<1 MW),96.4,17.46,137.3,56.03,81.26,7.87,6.4,7.87,10.67,13.77,13.32,13.77,13.77,13.32,13.77,13.32,9.47,Resunga,0,1.0,Micro (5-100 kW),0,1,1
4720,2,1241.3,1189.9,51.4,2.17,3.0,577.2,8.9,83.276389,28.041944,0,1,WECS_NEA_MIP,0.1181,0.0802,0.0417,0.0244,0.0178,0.026,0.0236,0.026,0.0354,0.065,0.2067,0.4016,0.4311,0.2481,0.1122,0.0496,0.0307,0.0024,0.0417,0.0393,0.65,Micro/Mini Hydro (<1 MW),46.3,11.6,91.03,36.96,54.07,5.18,4.21,5.18,7.01,9.16,8.86,9.16,9.16,8.86,9.16,8.86,6.22,Resunga,0,1.0,Micro (5-100 kW),0,1,1
4721,2,1189.9,1135.1,54.8,3.0,3.64,611.1,8.97,83.277778,28.037778,0,1,WECS_NEA_MIP,0.1428,0.0971,0.0507,0.0298,0.0217,0.0314,0.0286,0.0314,0.0428,0.0785,0.2498,0.4854,0.5211,0.2998,0.1356,0.06,0.0371,0.0029,0.0507,0.0478,0.65,Micro/Mini Hydro (<1 MW),49.3,15.03,117.65,47.65,70.0,6.67,5.43,6.67,9.03,11.86,11.48,11.86,11.86,11.48,11.86,11.48,8.0,Resunga,0,1.0,Micro (5-100 kW),0,1,1
4722,2,1135.1,1131.5,3.6,3.64,4.37,72.1,5.0,83.279444,28.035278,0,1,WECS_NEA_MIP,0.1708,0.1164,0.061,0.0359,0.0263,0.0376,0.0342,0.0376,0.0512,0.0939,0.2988,0.5806,0.6233,0.3586,0.1622,0.0717,0.0444,0.0034,0.061,0.0576,0.65,Micro/Mini Hydro (<1 MW),3.2,1.18,9.18,3.71,5.47,0.52,0.42,0.52,0.7,0.93,0.9,0.93,0.93,0.9,0.93,0.9,0.62,Resunga,0,1.0,Pico (<5 kW),0,1,0
4733,1,1502.8,1300.0,202.8,0.52,0.7,594.1,34.13,83.37,28.111389,0,1,WECS_NEA_MIP,0.0284,0.019,0.0096,0.0054,0.0039,0.0062,0.0057,0.0062,0.0085,0.0156,0.0497,0.0965,0.1036,0.0596,0.027,0.0119,0.0074,0.0006,0.0096,0.009,0.65,Micro/Mini Hydro (<1 MW),182.5,10.47,83.57,34.5,49.07,4.85,3.99,4.85,6.62,8.31,8.04,8.31,8.31,8.04,8.31,8.04,5.89,Chandrakot,0,1.0,Micro (5-100 kW),0,1,1
4734,1,1300.0,1292.8,7.2,0.7,1.86,27.3,26.28,83.368611,28.113333,0,1,WECS_NEA_MIP,0.0739,0.05,0.0257,0.0149,0.0108,0.0163,0.0148,0.0163,0.0222,0.0407,0.1294,0.2514,0.2699,0.1553,0.0702,0.0311,0.0192,0.0015,0.0257,0.0242,0.65,Micro/Mini Hydro (<1 MW),6.5,1.0,7.92,3.24,4.68,0.46,0.37,0.46,0.62,0.79,0.77,0.79,0.79,0.77,0.79,0.77,0.55,Chandrakot,0,1.0,Pico (<5 kW),0,1,0
4738,2,1502.4,1372.4,130.1,1.86,2.65,594.1,21.89,83.363611,28.171111,0,1,WECS_NEA_MIP,0.1046,0.0709,0.0368,0.0215,0.0156,0.023,0.0209,0.023,0.0314,0.0575,0.183,0.3556,0.3818,0.2197,0.0994,0.0439,0.0272,0.0021,0.0368,0.0347,0.65,Micro/Mini Hydro (<1 MW),117.1,25.91,203.48,82.79,120.68,11.61,9.43,11.61,15.75,20.44,19.78,20.44,20.44,19.78,20.44,19.78,13.94,Musikot,0,1.0,Micro (5-100 kW),0,1,1
4739,2,1372.4,1267.4,105.0,2.65,3.11,645.7,16.26,83.361389,28.175556,0,1,WECS_NEA_MIP,0.1224,0.0831,0.0433,0.0253,0.0184,0.0269,0.0245,0.0269,0.0367,0.0673,0.2141,0.416,0.4466,0.257,0.1162,0.0514,0.0318,0.0025,0.0433,0.0408,0.65,Micro/Mini Hydro (<1 MW),94.5,24.59,192.77,78.17,114.59,10.94,8.91,10.94,14.84,19.41,18.79,19.41,19.41,18.79,19.41,18.79,13.14,Musikot,0,1.0,Micro (5-100 kW),0,1,1
4740,2,1267.4,1251.0,16.4,3.11,4.52,144.3,11.36,83.359167,28.178056,0,1,WECS_NEA_MIP,0.1765,0.1203,0.0631,0.0372,0.0272,0.0388,0.0353,0.0388,0.053,0.0971,0.3089,0.6001,0.6443,0.3707,0.1677,0.0741,0.0459,0.0035,0.0631,0.0596,0.65,Micro/Mini Hydro (<1 MW),14.8,5.62,43.9,17.74,26.15,2.48,2.02,2.48,3.36,4.43,4.29,4.43,4.43,4.29,4.43,4.29,2.98,Musikot,0,1.0,Micro (5-100 kW),0,1,1
4741,2,1502.3,1482.8,19.5,1.87,2.91,617.1,3.17,83.244444,28.065833,0,1,WECS_NEA_MIP,0.1146,0.0778,0.0405,0.0236,0.0172,0.0252,0.0229,0.0252,0.0344,0.0631,0.2006,0.3898,0.4185,0.2408,0.1089,0.0482,0.0298,0.0023,0.0405,0.0382,0.65,Micro/Mini Hydro (<1 MW),17.6,4.29,33.61,13.65,19.96,1.91,1.55,1.91,2.59,3.38,3.27,3.38,3.38,3.27,3.38,3.27,2.3,Resunga,0,1.0,Pico (<5 kW),0,1,0
4746,1,1501.6,1385.0,116.6,0.56,1.07,519.3,22.45,83.059167,28.12,0,1,WECS_NEA_MIP,0.043,0.0289,0.0147,0.0084,0.0061,0.0095,0.0086,0.0095,0.0129,0.0237,0.0753,0.1462,0.157,0.0903,0.0409,0.0181,0.0112,0.0009,0.0147,0.0138,0.65,Micro/Mini Hydro (<1 MW),104.9,9.23,73.43,30.24,43.19,4.28,3.46,4.28,5.78,7.32,7.08,7.32,7.32,7.08,7.32,7.08,5.13,Madane,0,1.0,Micro (5-100 kW),0,1,1
4765,1,1499.9,1406.0,93.8,0.51,1.1,575.2,16.31,83.086389,28.136667,0,1,WECS_NEA_MIP,0.0442,0.0297,0.0151,0.0087,0.0063,0.0097,0.0088,0.0097,0.0133,0.0243,0.0773,0.1502,0.1613,0.0928,0.042,0.0186,0.0115,0.0009,0.0151,0.0142,0.65,Micro/Mini Hydro (<1 MW),84.4,7.64,60.69,25.0,35.69,3.52,2.86,3.52,4.8,6.05,5.85,6.05,6.05,5.85,6.05,5.85,4.24,Madane,0,1.0,Micro (5-100 kW),0,1,1
4766,1,1406.0,1306.9,99.2,1.1,1.43,547.3,18.12,83.091111,28.136944,0,1,WECS_NEA_MIP,0.0571,0.0385,0.0197,0.0114,0.0082,0.0126,0.0114,0.0126,0.0171,0.0314,0.1,0.1943,0.2086,0.12,0.0543,0.024,0.0149,0.0011,0.0197,0.0186,0.65,Micro/Mini Hydro (<1 MW),89.3,10.59,83.7,34.44,49.27,4.87,3.94,4.87,6.56,8.35,8.08,8.35,8.35,8.08,8.35,8.08,5.85,Madane,0,1.0,Micro (5-100 kW),0,1,1
4767,1,1306.9,1272.0,34.9,1.43,2.94,178.2,19.58,83.094167,28.1375,0,1,WECS_NEA_MIP,0.1158,0.0786,0.0409,0.0239,0.0174,0.0255,0.0232,0.0255,0.0347,0.0637,0.2027,0.3937,0.4227,0.2432,0.11,0.0486,0.0301,0.0023,0.0409,0.0386,0.65,Micro/Mini Hydro (<1 MW),31.4,7.73,60.6,24.63,35.97,3.46,2.81,3.46,4.67,6.09,5.9,6.09,6.09,5.9,6.09,5.9,4.14,Madane,0,1.0,Micro (5-100 kW),0,1,1
4783,1,1498.3,1360.8,137.5,0.59,2.27,577.2,23.82,83.533333,28.009167,0,1,WECS_NEA_MIP,0.0899,0.0609,0.0315,0.0183,0.0133,0.0198,0.018,0.0198,0.027,0.0494,0.1573,0.3056,0.3281,0.1887,0.0854,0.0377,0.0234,0.0018,0.0315,0.0297,0.65,Micro/Mini Hydro (<1 MW),123.8,23.45,184.46,75.25,109.21,10.57,8.59,10.57,14.32,18.5,17.9,18.5,18.5,17.9,18.5,17.9,12.69,Satyawati,0,1.0,Micro (5-100 kW),0,1,1
4784,1,1498.3,1482.8,15.5,0.52,2.91,240.1,6.46,83.241944,28.065556,0,1,WECS_NEA_MIP,0.1146,0.0778,0.0405,0.0236,0.0172,0.0252,0.0229,0.0252,0.0344,0.0631,0.2006,0.3898,0.4185,0.2408,0.1089,0.0482,0.0298,0.0023,0.0405,0.0382,0.65,Micro/Mini Hydro (<1 MW),14.0,3.41,26.74,10.86,15.88,1.52,1.24,1.52,2.06,2.69,2.6,2.69,2.69,2.6,2.69,2.6,1.83,Resunga,0,1.0,Pico (<5 kW),0,1,0
4821,1,1492.8,1371.4,121.4,0.53,2.17,288.6,42.06,83.481667,28.07,0,1,WECS_NEA_MIP,0.086,0.0582,0.0301,0.0175,0.0127,0.0189,0.0172,0.0189,0.0258,0.0473,0.1505,0.2924,0.3139,0.1806,0.0817,0.0361,0.0224,0.0017,0.0301,0.0284,0.65,Micro/Mini Hydro (<1 MW),109.3,19.79,155.67,63.53,92.14,8.92,7.26,8.92,12.09,15.61,15.1,15.61,15.61,15.1,15.61,15.1,10.73,Satyawati,0,1.0,Micro (5-100 kW),0,1,1
4824,1,1491.6,1409.5,82.1,0.51,5.25,274.6,29.88,83.0775,28.191389,0,1,WECS_NEA_MIP,0.2044,0.1396,0.0734,0.0434,0.0318,0.045,0.0409,0.045,0.0613,0.1124,0.3577,0.695,0.7461,0.4293,0.1942,0.0859,0.0531,0.0041,0.0734,0.0693,0.65,Micro/Mini Hydro (<1 MW),73.9,32.66,254.56,102.65,151.91,14.34,11.65,14.34,19.41,25.73,24.9,25.73,25.73,24.9,25.73,24.9,17.18,Madane,0,1.0,Micro (5-100 kW),0,1,1
4832,1,1490.5,1388.9,101.6,0.54,1.11,586.2,17.33,83.071944,28.180833,0,1,WECS_NEA_MIP,0.0446,0.03,0.0153,0.0088,0.0063,0.0098,0.0089,0.0098,0.0134,0.0245,0.078,0.1516,0.1627,0.0936,0.0424,0.0187,0.0116,0.0009,0.0153,0.0144,0.65,Micro/Mini Hydro (<1 MW),91.4,8.39,66.53,27.37,39.16,3.86,3.13,3.86,5.25,6.63,6.42,6.63,6.63,6.42,6.63,6.42,4.64,Madane,0,1.0,Micro (5-100 kW),0,1,1
4833,1,1388.9,1340.6,48.4,1.11,1.83,564.9,8.56,83.075,28.176667,0,1,WECS_NEA_MIP,0.0728,0.0492,0.0253,0.0147,0.0106,0.016,0.0146,0.016,0.0218,0.04,0.1273,0.2474,0.2656,0.1528,0.0691,0.0306,0.0189,0.0015,0.0253,0.0238,0.65,Micro/Mini Hydro (<1 MW),43.6,6.62,52.23,21.34,30.89,3.0,2.45,3.0,4.06,5.23,5.06,5.23,5.23,5.06,5.23,5.06,3.6,Madane,0,1.0,Micro (5-100 kW),0,1,1
4834,2,1340.6,1314.2,26.4,1.83,17.5,503.7,5.24,83.079444,28.175833,1,0,WECS_NEA_MIP,0.6652,0.4596,0.2477,0.15,0.1112,0.1463,0.133,0.1463,0.1995,0.3658,1.164,2.2615,2.4278,1.3968,0.6319,0.2794,0.1729,0.0133,0.4596,0.4463,0.82,Commercial RoR (>1 MW),23.8,85.45,511.68,151.9,359.78,18.94,15.4,18.94,25.67,50.21,63.35,65.47,65.47,63.35,65.47,36.68,22.73,Madane,0,1.0,Micro (5-100 kW),0,1,1
4845,3,1489.3,1454.3,35.1,15.99,16.58,589.1,5.95,83.128611,28.229444,1,0,WECS_NEA_MIP,0.6309,0.4357,0.2345,0.1418,0.1051,0.1388,0.1262,0.1388,0.1893,0.347,1.104,2.1449,2.3027,1.3248,0.5993,0.265,0.164,0.0126,0.4357,0.4231,0.82,Commercial RoR (>1 MW),31.6,107.55,644.24,191.36,452.88,23.87,19.41,23.87,32.34,63.24,79.74,82.4,82.4,79.74,82.4,46.19,28.63,Malika,0,1.0,Mini (100-1000 kW),0,1,1
4846,3,1454.3,1437.5,16.8,16.58,17.91,329.8,5.09,83.130833,28.228056,1,0,WECS_NEA_MIP,0.6804,0.4703,0.2535,0.1536,0.1139,0.1497,0.1361,0.1497,0.2041,0.3742,1.1907,2.3134,2.4835,1.4289,0.6464,0.2858,0.1769,0.0136,0.4703,0.4567,0.82,Commercial RoR (>1 MW),15.1,55.47,332.18,98.6,233.57,12.3,10.0,12.3,16.66,32.59,41.13,42.5,42.5,41.13,42.5,23.81,14.76,Malika,0,1.0,Micro (5-100 kW),0,1,1
4859,1,1488.3,1329.9,158.3,0.63,1.11,597.8,26.49,83.144444,28.201667,0,1,WECS_NEA_MIP,0.0446,0.03,0.0153,0.0088,0.0063,0.0098,0.0089,0.0098,0.0134,0.0245,0.078,0.1516,0.1627,0.0936,0.0424,0.0187,0.0116,0.0009,0.0153,0.0144,0.65,Micro/Mini Hydro (<1 MW),142.5,13.08,103.73,42.67,61.06,6.02,4.88,6.02,8.18,10.34,10.01,10.34,10.34,10.01,10.34,10.01,7.23,Malika,0,1.0,Micro (5-100 kW),0,1,1
4860,1,1329.9,1247.3,82.6,1.11,3.83,536.0,15.42,83.145556,28.197222,0,1,WECS_NEA_MIP,0.1501,0.1021,0.0534,0.0314,0.0229,0.033,0.03,0.033,0.045,0.0825,0.2626,0.5102,0.5477,0.3151,0.1426,0.063,0.039,0.003,0.0534,0.0504,0.65,Micro/Mini Hydro (<1 MW),74.3,23.88,186.7,75.58,111.12,10.57,8.6,10.57,14.33,18.82,18.22,18.82,18.82,18.22,18.82,18.22,12.69,Malika,0,1.0,Micro (5-100 kW),0,1,1
4869,1,1488.0,1386.3,101.8,0.53,2.67,175.2,58.08,83.515556,28.047778,0,1,WECS_NEA_MIP,0.1054,0.0715,0.0371,0.0216,0.0157,0.0232,0.0211,0.0232,0.0316,0.058,0.1844,0.3583,0.3846,0.2213,0.1001,0.0443,0.0274,0.0021,0.0371,0.035,0.65,Micro/Mini Hydro (<1 MW),91.6,20.44,160.49,65.32,95.17,9.17,7.46,9.17,12.41,16.12,15.6,16.12,16.12,15.6,16.12,15.6,10.99,Kaligandaki,0,1.0,Micro (5-100 kW),0,1,1
4874,1,1486.0,1453.1,33.0,0.52,1.26,568.5,5.8,83.221667,28.067778,0,1,WECS_NEA_MIP,0.0505,0.034,0.0174,0.01,0.0072,0.0111,0.0101,0.0111,0.0151,0.0278,0.0883,0.1716,0.1842,0.106,0.048,0.0212,0.0131,0.001,0.0174,0.0164,0.65,Micro/Mini Hydro (<1 MW),29.7,3.11,24.56,10.08,14.47,1.42,1.16,1.42,1.92,2.45,2.37,2.45,2.45,2.37,2.45,2.37,1.7,Resunga,0,1.0,Pico (<5 kW),0,1,0
4875,1,1453.1,1303.6,149.4,1.26,1.9,645.0,23.16,83.226389,28.070278,0,1,WECS_NEA_MIP,0.0755,0.051,0.0263,0.0152,0.011,0.0166,0.0151,0.0166,0.0226,0.0415,0.1321,0.2567,0.2756,0.1585,0.0717,0.0317,0.0196,0.0015,0.0263,0.0248,0.65,Micro/Mini Hydro (<1 MW),134.5,21.27,167.53,68.47,99.07,9.64,7.84,9.64,13.03,16.78,16.24,16.78,16.78,16.24,16.78,16.24,11.55,Resunga,0,1.0,Micro (5-100 kW),0,1,1
4876,2,1303.6,1199.1,104.5,1.9,3.58,577.2,18.11,83.230556,28.074444,0,1,WECS_NEA_MIP,0.1405,0.0955,0.0499,0.0293,0.0213,0.0309,0.0281,0.0309,0.0421,0.0773,0.2458,0.4776,0.5127,0.295,0.1334,0.059,0.0365,0.0028,0.0499,0.0471,0.65,Micro/Mini Hydro (<1 MW),94.0,28.23,220.86,89.49,131.36,12.53,10.19,12.53,16.96,22.25,21.53,22.25,22.25,21.53,22.25,21.53,15.03,Resunga,0,1.0,Micro (5-100 kW),0,1,1
4890,1,1483.7,1381.3,102.3,0.54,0.75,533.3,19.19,83.042778,28.160556,0,1,WECS_NEA_MIP,0.0304,0.0203,0.0103,0.0058,0.0042,0.0067,0.0061,0.0067,0.0091,0.0167,0.0531,0.1032,0.1108,0.0638,0.0288,0.0128,0.0079,0.0006,0.0103,0.0097,0.65,Micro/Mini Hydro (<1 MW),92.1,5.7,45.35,18.79,26.57,2.67,2.17,2.67,3.59,4.5,4.36,4.5,4.5,4.36,4.5,4.36,3.19,Madane,0,1.0,Micro (5-100 kW),0,1,1
4891,1,1381.3,1364.6,16.8,0.75,5.43,136.3,12.29,83.045833,28.16,0,1,WECS_NEA_MIP,0.2113,0.1443,0.076,0.0449,0.0329,0.0465,0.0423,0.0465,0.0634,0.1162,0.3697,0.7183,0.7712,0.4437,0.2007,0.0887,0.0549,0.0042,0.076,0.0718,0.65,Micro/Mini Hydro (<1 MW),15.1,6.91,53.85,21.71,32.14,3.03,2.47,3.03,4.1,5.44,5.27,5.44,5.44,5.27,5.44,5.27,3.63,Madane,0,1.0,Micro (5-100 kW),0,1,1
4895,2,1482.8,1398.0,84.8,2.91,3.34,638.3,13.28,83.240278,28.068333,0,1,WECS_NEA_MIP,0.1312,0.0892,0.0465,0.0272,0.0199,0.0289,0.0262,0.0289,0.0394,0.0722,0.2296,0.4462,0.479,0.2756,0.1247,0.0551,0.0341,0.0026,0.0465,0.0439,0.65,Micro/Mini Hydro (<1 MW),76.3,21.36,167.24,67.88,99.36,9.52,7.72,9.52,12.89,16.83,16.29,16.83,16.83,16.29,16.83,16.29,11.4,Resunga,0,1.0,Micro (5-100 kW),0,1,1
4896,2,1398.0,1377.7,20.3,3.34,3.63,237.0,8.55,83.2375,28.070833,0,1,WECS_NEA_MIP,0.1424,0.0969,0.0506,0.0297,0.0217,0.0313,0.0285,0.0313,0.0427,0.0783,0.2492,0.4841,0.5197,0.299,0.1353,0.0598,0.037,0.0029,0.0506,0.0478,0.65,Micro/Mini Hydro (<1 MW),18.3,5.58,43.57,17.64,25.93,2.47,2.01,2.47,3.34,4.39,4.25,4.39,4.39,4.25,4.39,4.25,2.96,Resunga,0,1.0,Micro (5-100 kW),0,1,1
4897,2,1482.3,1355.3,127.0,9.37,10.04,607.4,20.91,83.398889,28.129167,1,0,WECS_NEA_MIP,0.3859,0.2652,0.1413,0.0846,0.0624,0.0849,0.0772,0.0849,0.1158,0.2122,0.6753,1.312,1.4084,0.8103,0.3666,0.1621,0.1003,0.0077,0.2652,0.2575,0.82,Commercial RoR (>1 MW),114.3,236.76,1420.95,423.36,997.59,52.81,42.94,52.81,71.56,139.89,175.56,181.42,181.42,175.56,181.42,102.21,63.35,Chandrakot,0,1.0,Mini (100-1000 kW),0,1,1
4898,3,1355.3,1289.9,65.4,10.04,10.83,583.2,11.21,83.402778,28.125556,1,0,WECS_NEA_MIP,0.4156,0.2858,0.1525,0.0915,0.0675,0.0914,0.0831,0.0914,0.1247,0.2286,0.7273,1.4131,1.517,0.8728,0.3948,0.1746,0.1081,0.0083,0.2858,0.2775,0.82,Commercial RoR (>1 MW),58.9,131.48,788.92,234.95,553.97,29.29,23.82,29.29,39.71,77.66,97.5,100.75,100.75,97.5,100.75,56.73,35.18,Chandrakot,0,1.0,Mini (100-1000 kW),0,1,1
4899,3,1289.9,1152.9,137.1,10.83,11.23,568.5,24.11,83.405278,28.122222,1,0,WECS_NEA_MIP,0.4306,0.2963,0.1582,0.095,0.0701,0.0947,0.0861,0.0947,0.1292,0.2369,0.7536,1.4642,1.5718,0.9043,0.4091,0.1809,0.112,0.0086,0.2963,0.2877,0.82,Commercial RoR (>1 MW),123.4,285.59,1713.21,510.04,1203.17,63.59,51.7,63.59,86.19,168.61,211.77,218.83,218.83,211.77,218.83,123.14,76.36,Chandrakot,0,1.0,Mini (100-1000 kW),0,1,1
4900,3,1152.9,1084.9,68.0,11.23,11.99,648.6,10.48,83.409722,28.119444,1,0,WECS_NEA_MIP,0.4592,0.3161,0.169,0.1016,0.075,0.101,0.0918,0.101,0.1378,0.2526,0.8036,1.5612,1.676,0.9643,0.4362,0.1929,0.1194,0.0092,0.3161,0.3069,0.82,Commercial RoR (>1 MW),61.2,151.09,906.22,269.67,636.54,33.62,27.33,33.62,45.58,89.15,112.04,115.78,115.78,112.04,115.78,65.11,40.36,Chandrakot,0,1.0,Mini (100-1000 kW),0,1,1
4901,3,1084.9,1067.0,17.9,11.99,12.89,290.9,6.15,83.412778,28.116389,1,0,WECS_NEA_MIP,0.4929,0.3396,0.1819,0.1094,0.0809,0.1084,0.0986,0.1084,0.1479,0.2711,0.8626,1.676,1.7992,1.0352,0.4683,0.207,0.1282,0.0099,0.3396,0.3297,0.82,Commercial RoR (>1 MW),16.1,42.7,256.02,76.14,179.88,9.49,7.72,9.49,12.87,25.17,31.67,32.72,32.72,31.67,32.72,18.38,11.4,Chandrakot,0,1.0,Micro (5-100 kW),0,1,1
4907,2,1481.7,1444.5,37.1,2.58,3.68,382.4,9.71,83.075278,28.106944,0,1,WECS_NEA_MIP,0.1443,0.0982,0.0513,0.0301,0.022,0.0317,0.0289,0.0317,0.0433,0.0794,0.2525,0.4906,0.5267,0.303,0.1371,0.0606,0.0375,0.0029,0.0513,0.0484,0.65,Micro/Mini Hydro (<1 MW),33.4,10.31,80.64,32.65,47.99,4.56,3.72,4.56,6.2,8.13,7.87,8.13,8.13,7.87,8.13,7.87,5.48,Dhurkot,0,1.0,Micro (5-100 kW),0,1,1
4924,1,1479.2,1359.0,120.1,0.53,1.41,177.5,67.66,83.26,28.053056,0,1,WECS_NEA_MIP,0.0564,0.038,0.0195,0.0112,0.0081,0.0124,0.0113,0.0124,0.0169,0.031,0.0986,0.1916,0.2057,0.1184,0.0535,0.0237,0.0147,0.0011,0.0195,0.0184,0.65,Micro/Mini Hydro (<1 MW),108.1,12.68,100.17,41.13,59.03,5.8,4.72,5.8,7.84,10.0,9.68,10.0,10.0,9.68,10.0,9.68,6.97,Resunga,0,1.0,Micro (5-100 kW),0,1,1
4929,1,1476.7,1253.6,223.1,0.51,0.87,519.3,42.95,83.544444,28.115,0,1,WECS_NEA_MIP,0.0351,0.0235,0.0119,0.0068,0.0049,0.0077,0.007,0.0077,0.0105,0.0193,0.0614,0.1194,0.1282,0.0737,0.0334,0.0147,0.0091,0.0007,0.0119,0.0112,0.65,Micro/Mini Hydro (<1 MW),200.8,14.34,114.05,47.13,66.92,6.67,5.42,6.67,9.03,11.34,10.97,11.34,11.34,10.97,11.34,10.97,8.0,Kaligandaki,0,1.0,Micro (5-100 kW),0,1,1
4930,1,1253.6,1057.7,195.9,0.87,1.04,519.3,37.72,83.549167,28.114167,0,1,WECS_NEA_MIP,0.0418,0.0281,0.0143,0.0082,0.0059,0.0092,0.0084,0.0092,0.0125,0.023,0.0732,0.1422,0.1527,0.0878,0.0397,0.0176,0.0109,0.0008,0.0143,0.0135,0.65,Micro/Mini Hydro (<1 MW),176.3,15.18,120.28,49.67,70.6,7.03,5.74,7.03,9.47,11.96,11.57,11.96,11.96,11.57,11.96,11.57,8.45,Kaligandaki,0,1.0,Micro (5-100 kW),0,1,1
4931,1,1057.7,988.3,69.4,1.04,23.65,345.5,20.09,83.553056,28.113056,1,0,WECS_NEA_MIP,0.8935,0.6193,0.3357,0.2045,0.1521,0.1966,0.1787,0.1966,0.2681,0.4914,1.5636,3.0379,3.2613,1.8764,0.8488,0.3753,0.2323,0.0179,0.6193,0.6014,0.82,Commercial RoR (>1 MW),62.5,302.36,1808.59,535.9,1272.69,66.84,54.33,66.84,90.57,177.12,224.18,231.65,231.65,224.18,231.65,129.37,80.2,Kaligandaki,0,1.0,Mini (100-1000 kW),0,1,1
4934,1,1476.3,1436.8,39.6,0.51,1.28,195.8,20.2,83.536944,28.008333,0,1,WECS_NEA_MIP,0.0513,0.0345,0.0176,0.0101,0.0073,0.0113,0.0103,0.0113,0.0154,0.0282,0.0897,0.1743,0.1871,0.1077,0.0487,0.0215,0.0133,0.001,0.0176,0.0166,0.65,Micro/Mini Hydro (<1 MW),35.6,3.77,29.85,12.3,17.55,1.74,1.42,1.74,2.35,2.97,2.88,2.97,2.97,2.88,2.97,2.88,2.08,Satyawati,0,1.0,Pico (<5 kW),0,1,0
4992,1,1466.7,1333.8,133.0,0.54,0.79,582.5,22.83,83.129444,28.075556,0,1,WECS_NEA_MIP,0.0319,0.0214,0.0108,0.0062,0.0044,0.007,0.0064,0.007,0.0096,0.0176,0.0559,0.1086,0.1166,0.0671,0.0303,0.0134,0.0083,0.0006,0.0108,0.0102,0.65,Micro/Mini Hydro (<1 MW),119.7,7.79,61.9,25.7,36.2,3.63,2.97,3.63,4.95,6.13,5.94,6.13,6.13,5.94,6.13,5.94,4.37,Dhurkot,0,1.0,Micro (5-100 kW),0,1,1
4994,1,1466.3,1400.5,65.7,0.51,0.89,607.4,10.82,83.08,28.114444,0,1,WECS_NEA_MIP,0.0359,0.0241,0.0122,0.007,0.005,0.0079,0.0072,0.0079,0.0108,0.0197,0.0628,0.1221,0.1311,0.0754,0.0341,0.0151,0.0093,0.0007,0.0122,0.0115,0.65,Micro/Mini Hydro (<1 MW),59.1,4.33,34.45,14.26,20.19,2.02,1.65,2.02,2.74,3.42,3.31,3.42,3.42,3.31,3.42,3.31,2.41,Madane,0,1.0,Pico (<5 kW),0,1,0
4995,1,1400.5,1311.9,88.7,0.89,1.12,551.6,16.08,83.083056,28.110556,0,1,WECS_NEA_MIP,0.045,0.0302,0.0154,0.0088,0.0064,0.0099,0.009,0.0099,0.0135,0.0247,0.0787,0.1529,0.1642,0.0944,0.0427,0.0189,0.0117,0.0009,0.0154,0.0145,0.65,Micro/Mini Hydro (<1 MW),79.8,7.38,58.54,24.12,34.42,3.41,2.77,3.41,4.62,5.83,5.64,5.83,5.83,5.64,5.83,5.64,4.09,Madane,0,1.0,Micro (5-100 kW),0,1,1
4996,1,1311.9,1310.5,1.3,1.12,2.31,218.8,0.61,83.086389,28.111111,0,1,WECS_NEA_MIP,0.0914,0.0619,0.032,0.0186,0.0135,0.0201,0.0183,0.0201,0.0274,0.0503,0.16,0.3109,0.3337,0.192,0.0869,0.0384,0.0238,0.0018,0.032,0.0302,0.65,Micro/Mini Hydro (<1 MW),1.2,0.23,1.82,0.74,1.08,0.1,0.08,0.1,0.14,0.18,0.18,0.18,0.18,0.18,0.18,0.18,0.13,Madane,0,1.0,Pico (<5 kW),0,0,0
5006,1,1465.5,1330.7,134.8,0.58,0.74,519.3,25.95,83.144167,28.081944,0,1,WECS_NEA_MIP,0.03,0.0201,0.0101,0.0058,0.0041,0.0066,0.006,0.0066,0.009,0.0165,0.0524,0.1019,0.1094,0.0629,0.0285,0.0126,0.0078,0.0006,0.0101,0.0095,0.65,Micro/Mini Hydro (<1 MW),121.3,7.35,58.66,24.35,34.31,3.45,2.81,3.45,4.68,5.81,5.62,5.81,5.81,5.62,5.81,5.62,4.14,Dhurkot,0,1.0,Micro (5-100 kW),0,1,1
5007,1,1330.7,1217.9,112.8,0.74,2.52,328.5,34.34,83.147778,28.081111,0,1,WECS_NEA_MIP,0.0996,0.0675,0.035,0.0204,0.0148,0.0219,0.0199,0.0219,0.0299,0.0548,0.1742,0.3385,0.3634,0.2091,0.0946,0.0418,0.0259,0.002,0.035,0.033,0.65,Micro/Mini Hydro (<1 MW),101.5,21.36,167.8,68.31,99.49,9.58,7.79,9.58,13.0,16.85,16.31,16.85,16.85,16.31,16.85,16.31,11.51,Dhurkot,0,1.0,Micro (5-100 kW),0,1,1
5008,1,1465.2,1351.8,113.4,0.52,0.8,505.4,22.44,83.283333,28.085556,0,1,WECS_NEA_MIP,0.0323,0.0217,0.011,0.0062,0.0045,0.0071,0.0065,0.0071,0.0097,0.0178,0.0566,0.11,0.118,0.0679,0.0307,0.0136,0.0084,0.0006,0.011,0.0103,0.65,Micro/Mini Hydro (<1 MW),102.1,6.71,53.7,22.25,31.45,3.15,2.58,3.15,4.27,5.33,5.16,5.33,5.33,5.16,5.33,5.16,3.78,Resunga,0,1.0,Micro (5-100 kW),0,1,1
5009,1,1351.8,1261.5,90.3,0.8,4.78,450.9,20.03,83.287778,28.085833,0,1,WECS_NEA_MIP,0.1865,0.1272,0.0668,0.0394,0.0288,0.041,0.0373,0.041,0.0559,0.1026,0.3263,0.634,0.6806,0.3916,0.1771,0.0783,0.0485,0.0037,0.0668,0.0631,0.65,Micro/Mini Hydro (<1 MW),81.3,32.71,255.1,103.01,152.09,14.39,11.71,14.39,19.48,25.76,24.93,25.76,25.76,24.93,25.76,24.93,17.28,Resunga,0,1.0,Micro (5-100 kW),0,1,1
5029,1,1458.1,1356.8,101.3,0.61,1.97,423.6,23.92,83.149722,28.200556,0,1,WECS_NEA_MIP,0.0782,0.0529,0.0273,0.0158,0.0115,0.0172,0.0156,0.0172,0.0235,0.043,0.1369,0.2659,0.2855,0.1643,0.0743,0.0329,0.0203,0.0016,0.0273,0.0257,0.65,Micro/Mini Hydro (<1 MW),91.2,14.95,117.77,48.04,69.73,6.75,5.47,6.75,9.17,11.81,11.43,11.81,11.81,11.43,11.81,11.43,8.09,Malika,0,1.0,Micro (5-100 kW),0,1,1
5032,1,1457.5,1390.6,66.9,0.61,0.73,533.3,12.55,83.074167,28.172778,0,1,WECS_NEA_MIP,0.0296,0.0198,0.01,0.0057,0.0041,0.0065,0.0059,0.0065,0.0089,0.0163,0.0517,0.1005,0.1079,0.0621,0.0281,0.0124,0.0077,0.0006,0.01,0.0094,0.65,Micro/Mini Hydro (<1 MW),60.2,3.61,28.77,11.91,16.86,1.69,1.37,1.69,2.29,2.86,2.76,2.86,2.86,2.76,2.86,2.76,2.03,Madane,0,1.0,Pico (<5 kW),0,1,0
5033,1,1390.6,1302.1,88.5,0.73,18.87,582.5,15.19,83.078889,28.170833,1,0,WECS_NEA_MIP,0.7161,0.4952,0.2673,0.1621,0.1203,0.1576,0.1432,0.1576,0.2148,0.3939,1.2533,2.4349,2.6139,1.5039,0.6803,0.3008,0.1862,0.0143,0.4952,0.4809,0.82,Commercial RoR (>1 MW),79.7,308.32,1845.91,547.86,1298.05,68.35,55.53,68.35,92.55,181.07,228.59,236.21,236.21,228.59,236.21,132.25,82.0,Madane,0,1.0,Mini (100-1000 kW),0,1,1
5039,1,1456.5,1139.1,317.4,0.61,0.99,519.3,61.12,83.538333,28.025,0,1,WECS_NEA_MIP,0.0399,0.0268,0.0136,0.0078,0.0056,0.0088,0.008,0.0088,0.012,0.0219,0.0697,0.1355,0.1455,0.0837,0.0379,0.0167,0.0104,0.0008,0.0136,0.0128,0.65,Micro/Mini Hydro (<1 MW),285.7,23.32,185.45,76.64,108.82,10.84,8.81,10.84,14.69,18.43,17.84,18.43,18.43,17.84,18.43,17.84,13.01,Kaligandaki,0,1.0,Micro (5-100 kW),0,1,1
5040,1,1139.1,1057.3,81.8,0.99,2.33,218.8,37.38,83.541667,28.026111,0,1,WECS_NEA_MIP,0.0922,0.0624,0.0323,0.0188,0.0137,0.0203,0.0184,0.0203,0.0277,0.0507,0.1614,0.3135,0.3365,0.1936,0.0876,0.0387,0.024,0.0018,0.0323,0.0305,0.65,Micro/Mini Hydro (<1 MW),73.6,14.31,112.51,45.94,66.58,6.46,5.24,6.46,8.75,11.28,10.91,11.28,11.28,10.91,11.28,10.91,7.75,Kaligandaki,0,1.0,Micro (5-100 kW),0,1,1
5043,1,1456.2,1341.2,115.0,0.56,25.23,360.7,31.89,83.151111,28.230833,1,0,WECS_NEA_MIP,0.952,0.6602,0.3584,0.2186,0.1627,0.2094,0.1904,0.2094,0.2856,0.5236,1.6659,3.2367,3.4747,1.9991,0.9044,0.3998,0.2475,0.019,0.6602,0.6412,0.82,Commercial RoR (>1 MW),103.5,533.85,3192.35,945.7,2246.64,117.94,95.9,117.94,159.81,312.57,395.76,408.95,408.95,395.76,408.95,228.27,141.54,Malika,0,1.0,Mini (100-1000 kW),0,1,1
5068,2,1453.9,1444.5,9.4,0.51,3.68,41.2,22.84,83.076944,28.107222,0,1,WECS_NEA_MIP,0.1443,0.0982,0.0513,0.0301,0.022,0.0317,0.0289,0.0317,0.0433,0.0794,0.2525,0.4906,0.5267,0.303,0.1371,0.0606,0.0375,0.0029,0.0513,0.0484,0.65,Micro/Mini Hydro (<1 MW),8.5,2.62,20.52,8.31,12.21,1.16,0.95,1.16,1.58,2.07,2.0,2.07,2.07,2.0,2.07,2.0,1.4,Madane,0,1.0,Pico (<5 kW),0,1,0
5069,1,1453.0,1317.5,135.6,0.54,0.78,656.0,20.67,83.389444,28.124722,0,1,WECS_NEA_MIP,0.0315,0.0211,0.0107,0.0061,0.0044,0.0069,0.0063,0.0069,0.0095,0.0174,0.0552,0.1073,0.1152,0.0663,0.03,0.0133,0.0082,0.0006,0.0107,0.0101,0.65,Micro/Mini Hydro (<1 MW),122.0,7.86,62.41,25.85,36.56,3.65,2.98,3.65,4.98,6.19,5.99,6.19,6.19,5.99,6.19,5.99,4.4,Chandrakot,0,1.0,Micro (5-100 kW),0,1,1
5070,1,1317.5,1279.9,37.6,0.78,1.64,240.1,15.67,83.392778,28.122222,0,1,WECS_NEA_MIP,0.0654,0.0441,0.0227,0.0131,0.0095,0.0144,0.0131,0.0144,0.0196,0.0359,0.1144,0.2222,0.2386,0.1372,0.0621,0.0274,0.017,0.0013,0.0227,0.0214,0.65,Micro/Mini Hydro (<1 MW),33.8,4.61,36.4,14.91,21.49,2.1,1.71,2.1,2.84,3.64,3.52,3.64,3.64,3.52,3.64,3.52,2.52,Chandrakot,0,1.0,Pico (<5 kW),0,1,0
5078,1,1450.8,1379.1,71.8,1.9,2.72,398.3,18.02,83.102778,28.211111,0,1,WECS_NEA_MIP,0.1073,0.0728,0.0378,0.022,0.016,0.0236,0.0215,0.0236,0.0322,0.059,0.1878,0.3648,0.3917,0.2253,0.1019,0.0451,0.0279,0.0022,0.0378,0.0357,0.65,Micro/Mini Hydro (<1 MW),64.6,14.71,115.2,46.82,68.39,6.56,5.34,6.56,8.9,11.58,11.21,11.58,11.58,11.21,11.58,11.21,7.88,Madane,0,1.0,Micro (5-100 kW),0,1,1
5082,1,1449.6,1267.0,182.6,0.8,2.41,486.7,37.52,83.529444,28.035278,0,1,WECS_NEA_MIP,0.0953,0.0646,0.0334,0.0195,0.0141,0.021,0.0191,0.021,0.0286,0.0524,0.1668,0.324,0.3479,0.2001,0.0905,0.04,0.0248,0.0019,0.0334,0.0315,0.65,Micro/Mini Hydro (<1 MW),164.3,33.0,259.59,105.91,153.68,14.89,12.11,14.89,20.14,26.03,25.19,26.03,26.03,25.19,26.03,25.19,17.85,Kaligandaki,0,1.0,Micro (5-100 kW),0,1,1
5083,1,1448.8,1277.0,171.8,0.65,1.19,568.5,30.22,83.363333,28.104444,0,1,WECS_NEA_MIP,0.0477,0.0321,0.0164,0.0094,0.0068,0.0105,0.0095,0.0105,0.0143,0.0263,0.0835,0.1623,0.1742,0.1002,0.0453,0.02,0.0124,0.0009,0.0164,0.0155,0.65,Micro/Mini Hydro (<1 MW),154.6,15.28,120.76,49.75,71.01,7.04,5.7,7.04,9.51,12.03,11.64,12.03,12.03,11.64,12.03,11.64,8.43,Chandrakot,0,1.0,Micro (5-100 kW),0,1,1
5084,1,1277.0,1069.1,207.9,1.19,1.66,589.1,35.28,83.359167,28.106944,0,1,WECS_NEA_MIP,0.0661,0.0446,0.0229,0.0133,0.0096,0.0146,0.0132,0.0146,0.0198,0.0364,0.1157,0.2249,0.2414,0.1389,0.0628,0.0278,0.0172,0.0013,0.0229,0.0216,0.65,Micro/Mini Hydro (<1 MW),187.1,25.77,203.47,83.48,119.99,11.81,9.54,11.81,15.89,20.33,19.67,20.33,20.33,19.67,20.33,19.67,14.11,Chandrakot,0,1.0,Micro (5-100 kW),0,1,1
5085,1,1069.1,955.0,114.1,1.66,6.37,343.1,33.26,83.355556,28.109167,0,1,WECS_NEA_MIP,0.2471,0.169,0.0892,0.053,0.0389,0.0544,0.0494,0.0544,0.0741,0.1359,0.4324,0.84,0.9018,0.5188,0.2347,0.1038,0.0642,0.0049,0.0892,0.0843,0.65,Micro/Mini Hydro (<1 MW),102.7,55.21,429.35,172.8,256.55,24.12,19.58,24.12,32.63,43.46,42.06,43.46,43.46,42.06,43.46,42.06,28.89,Chandrakot,0,1.0,Micro (5-100 kW),0,1,1
5103,1,1445.4,1270.4,175.1,0.5,0.65,587.5,29.8,83.449167,28.100278,0,1,WECS_NEA_MIP,0.0264,0.0176,0.0089,0.005,0.0036,0.0058,0.0053,0.0058,0.0079,0.0145,0.0462,0.0897,0.0963,0.0554,0.0251,0.0111,0.0069,0.0005,0.0089,0.0084,0.65,Micro/Mini Hydro (<1 MW),157.6,8.44,67.24,27.96,39.28,3.96,3.24,3.96,5.35,6.65,6.44,6.65,6.65,6.44,6.65,6.44,4.79,Chandrakot,0,1.0,Micro (5-100 kW),0,1,1
5104,1,1270.4,1237.1,33.3,0.65,8.31,195.8,16.99,83.448056,28.103333,0,1,WECS_NEA_MIP,0.3206,0.2199,0.1167,0.0696,0.0512,0.0705,0.0641,0.0705,0.0962,0.1763,0.561,1.09,1.1702,0.6732,0.3046,0.1346,0.0834,0.0064,0.1167,0.1103,0.65,Micro/Mini Hydro (<1 MW),30.0,21.1,163.65,65.6,98.05,9.12,7.42,9.12,12.37,16.61,16.07,16.61,16.61,16.07,16.61,16.07,10.96,Chandrakot,0,1.0,Micro (5-100 kW),0,1,1
5106,2,1444.5,1363.0,81.5,3.68,3.91,491.4,16.59,83.079444,28.1075,0,1,WECS_NEA_MIP,0.1531,0.1042,0.0545,0.032,0.0234,0.0337,0.0306,0.0337,0.0459,0.0842,0.268,0.5207,0.5589,0.3216,0.1455,0.0643,0.0398,0.0031,0.0545,0.0514,0.65,Micro/Mini Hydro (<1 MW),73.4,24.06,188.17,76.14,112.03,10.66,8.65,10.66,14.42,18.98,18.37,18.98,18.98,18.37,18.98,18.37,12.78,Madane,0,1.0,Micro (5-100 kW),0,1,1
5107,2,1363.0,1363.0,0.0,3.91,5.82,150.9,0.0,83.082222,28.1075,0,1,WECS_NEA_MIP,0.2261,0.1546,0.0815,0.0483,0.0354,0.0497,0.0452,0.0497,0.0678,0.1244,0.3957,0.7689,0.8254,0.4749,0.2148,0.095,0.0588,0.0045,0.0815,0.077,0.65,Micro/Mini Hydro (<1 MW),0.0,0.0,0.0,0.0,0.0,0.0,0.0,0.0,0.0,0.0,0.0,0.0,0.0,0.0,0.0,0.0,0.0,Madane,0,1.0,Pico (<5 kW),0,0,0
5115,1,1444.0,1363.8,80.3,0.63,1.5,610.4,13.15,83.060556,28.155278,0,1,WECS_NEA_MIP,0.0599,0.0404,0.0207,0.0119,0.0086,0.0132,0.012,0.0132,0.018,0.0329,0.1048,0.2036,0.2186,0.1258,0.0569,0.0252,0.0156,0.0012,0.0207,0.0195,0.65,Micro/Mini Hydro (<1 MW),72.3,8.99,71.11,29.19,41.91,4.12,3.35,4.12,5.58,7.1,6.87,7.1,7.1,6.87,7.1,6.87,4.94,Madane,0,1.0,Micro (5-100 kW),0,1,1
5116,1,1363.8,1336.7,27.1,1.5,18.54,304.9,8.89,83.057222,28.153611,1,0,WECS_NEA_MIP,0.7039,0.4867,0.2625,0.1591,0.1181,0.1549,0.1408,0.1549,0.2112,0.3871,1.2318,2.3931,2.5691,1.4781,0.6687,0.2956,0.183,0.0141,0.4867,0.4726,0.82,Commercial RoR (>1 MW),24.4,92.76,555.39,164.82,390.56,20.56,16.71,20.56,27.85,54.47,68.78,71.07,71.07,68.78,71.07,39.78,24.66,Madane,0,1.0,Micro (5-100 kW),0,1,1
5146,2,1438.0,1384.5,53.5,2.72,3.65,278.3,19.22,83.361667,28.138889,0,1,WECS_NEA_MIP,0.1431,0.0974,0.0509,0.0298,0.0218,0.0315,0.0286,0.0315,0.0429,0.0787,0.2505,0.4867,0.5225,0.3006,0.136,0.0601,0.0372,0.0029,0.0509,0.048,0.65,Micro/Mini Hydro (<1 MW),48.1,14.72,115.19,46.62,68.57,6.53,5.3,6.53,8.83,11.61,11.24,11.61,11.61,11.24,11.61,11.24,7.83,Chandrakot,0,1.0,Micro (5-100 kW),0,1,1
5148,1,1437.7,1363.0,74.7,1.27,5.82,528.7,14.13,83.082778,28.105833,0,1,WECS_NEA_MIP,0.2261,0.1546,0.0815,0.0483,0.0354,0.0497,0.0452,0.0497,0.0678,0.1244,0.3957,0.7689,0.8254,0.4749,0.2148,0.095,0.0588,0.0045,0.0815,0.077,0.65,Micro/Mini Hydro (<1 MW),67.2,32.99,256.74,103.36,153.38,14.41,11.72,14.41,19.53,25.98,25.14,25.98,25.98,25.14,25.98,25.14,17.31,Dhurkot,0,1.0,Micro (5-100 kW),0,1,1
5151,3,1437.5,1426.3,11.2,17.91,19.19,427.9,2.62,83.133056,28.228333,1,0,WECS_NEA_MIP,0.728,0.5036,0.2718,0.1649,0.1224,0.1602,0.1456,0.1602,0.2184,0.4004,1.2741,2.4753,2.6574,1.5289,0.6916,0.3058,0.1893,0.0146,0.5036,0.489,0.82,Commercial RoR (>1 MW),10.1,39.73,237.83,70.56,167.28,8.8,7.15,8.8,11.92,23.32,29.46,30.44,30.44,29.46,30.44,17.03,10.56,Malika,0,1.0,Micro (5-100 kW),0,1,1
5153,1,1436.8,1360.8,76.0,1.28,2.27,478.8,15.87,83.534167,28.006944,0,1,WECS_NEA_MIP,0.0899,0.0609,0.0315,0.0183,0.0133,0.0198,0.018,0.0198,0.027,0.0494,0.1573,0.3056,0.3281,0.1887,0.0854,0.0377,0.0234,0.0018,0.0315,0.0297,0.65,Micro/Mini Hydro (<1 MW),68.4,12.95,101.92,41.57,60.34,5.84,4.75,5.84,7.91,10.22,9.89,10.22,10.22,9.89,10.22,9.89,7.01,Satyawati,0,1.0,Micro (5-100 kW),0,1,1
5154,1,1436.8,1308.3,128.5,0.5,2.69,536.0,23.97,83.479167,28.091389,0,1,WECS_NEA_MIP,0.1061,0.072,0.0374,0.0218,0.0159,0.0234,0.0212,0.0234,0.0318,0.0584,0.1858,0.3609,0.3874,0.2229,0.1008,0.0446,0.0276,0.0021,0.0374,0.0353,0.65,Micro/Mini Hydro (<1 MW),115.7,26.04,204.34,83.15,121.19,11.69,9.47,11.69,15.78,20.53,19.87,20.53,20.53,19.87,20.53,19.87,14.0,Chandrakot,0,1.0,Micro (5-100 kW),0,1,1
5157,1,1435.8,1435.5,0.3,0.84,0.88,58.2,0.51,83.092778,28.13,0,1,WECS_NEA_MIP,0.0355,0.0238,0.0121,0.0069,0.005,0.0078,0.0071,0.0078,0.0107,0.0195,0.0621,0.1207,0.1296,0.0746,0.0337,0.0149,0.0092,0.0007,0.0121,0.0114,0.65,Micro/Mini Hydro (<1 MW),0.3,0.02,0.17,0.07,0.1,0.01,0.01,0.01,0.01,0.02,0.02,0.02,0.02,0.02,0.02,0.02,0.01,Madane,0,1.0,Pico (<5 kW),0,0,0
5166,1,1434.5,1341.3,93.3,0.51,6.4,479.4,19.45,83.515556,28.104722,0,1,WECS_NEA_MIP,0.2482,0.1698,0.0897,0.0532,0.0391,0.0546,0.0496,0.0546,0.0745,0.1365,0.4343,0.8439,0.9059,0.5212,0.2358,0.1042,0.0645,0.005,0.0897,0.0847,0.65,Micro/Mini Hydro (<1 MW),84.0,45.37,352.86,141.84,211.02,19.77,16.05,19.77,26.8,35.75,34.59,35.75,35.75,34.59,35.75,34.59,23.71,Kaligandaki,0,1.0,Micro (5-100 kW),0,1,1
5204,1,1426.5,1328.8,97.8,0.53,1.13,577.2,16.94,83.113889,28.200833,0,1,WECS_NEA_MIP,0.0454,0.0305,0.0156,0.0089,0.0064,0.01,0.0091,0.01,0.0136,0.025,0.0794,0.1543,0.1656,0.0953,0.0431,0.0191,0.0118,0.0009,0.0156,0.0147,0.65,Micro/Mini Hydro (<1 MW),88.0,8.25,65.33,26.88,38.45,3.8,3.09,3.8,5.13,6.51,6.3,6.51,6.51,6.3,6.51,6.3,4.55,Malika,0,1.0,Micro (5-100 kW),0,1,1
5205,1,1328.8,1253.0,75.8,1.13,1.78,594.1,12.75,83.114444,28.196111,0,1,WECS_NEA_MIP,0.0708,0.0478,0.0246,0.0142,0.0103,0.0156,0.0142,0.0156,0.0212,0.039,0.1239,0.2408,0.2585,0.1487,0.0673,0.0297,0.0184,0.0014,0.0246,0.0232,0.65,Micro/Mini Hydro (<1 MW),68.2,10.09,79.57,32.59,46.99,4.59,3.74,4.59,6.2,7.96,7.7,7.96,7.96,7.7,7.96,7.7,5.5,Malika,0,1.0,Micro (5-100 kW),0,1,1
5206,1,1253.0,1173.5,79.5,1.78,2.21,575.9,13.81,83.118333,28.194167,0,1,WECS_NEA_MIP,0.0875,0.0593,0.0306,0.0178,0.0129,0.0193,0.0175,0.0193,0.0263,0.0482,0.1532,0.2977,0.3196,0.1839,0.0832,0.0368,0.0228,0.0018,0.0306,0.0288,0.65,Micro/Mini Hydro (<1 MW),71.5,13.13,103.5,42.23,61.27,5.94,4.81,5.94,8.04,10.38,10.04,10.38,10.38,10.04,10.38,10.04,7.12,Malika,0,1.0,Micro (5-100 kW),0,1,1
5207,2,1173.5,1125.7,47.8,2.21,2.57,561.9,8.5,83.120833,28.190556,0,1,WECS_NEA_MIP,0.1015,0.0688,0.0357,0.0208,0.0151,0.0223,0.0203,0.0223,0.0305,0.0558,0.1776,0.3451,0.3705,0.2132,0.0964,0.0426,0.0264,0.002,0.0357,0.0337,0.65,Micro/Mini Hydro (<1 MW),43.0,9.24,72.53,29.54,42.99,4.14,3.37,4.14,5.63,7.28,7.05,7.28,7.28,7.05,7.28,7.05,4.98,Malika,0,1.0,Micro (5-100 kW),0,1,1
5208,2,1125.7,1095.0,30.7,2.57,6.51,472.8,6.5,83.124722,28.189444,0,1,WECS_NEA_MIP,0.2524,0.1727,0.0912,0.0542,0.0398,0.0555,0.0505,0.0555,0.0757,0.1388,0.4417,0.8581,0.9212,0.53,0.2398,0.106,0.0656,0.0051,0.0912,0.0862,0.65,Micro/Mini Hydro (<1 MW),27.6,15.17,117.87,47.38,70.49,6.6,5.37,6.6,8.95,11.94,11.56,11.94,11.94,11.56,11.94,11.56,7.92,Malika,0,1.0,Micro (5-100 kW),0,1,1
5209,1,1426.5,1358.7,67.7,0.52,1.04,577.2,11.74,83.084722,28.115833,0,1,WECS_NEA_MIP,0.0418,0.0281,0.0143,0.0082,0.0059,0.0092,0.0084,0.0092,0.0125,0.023,0.0732,0.1422,0.1527,0.0878,0.0397,0.0176,0.0109,0.0008,0.0143,0.0135,0.65,Micro/Mini Hydro (<1 MW),60.9,5.24,41.55,17.16,24.39,2.43,1.98,2.43,3.27,4.13,4.0,4.13,4.13,4.0,4.13,4.0,2.92,Madane,0,1.0,Micro (5-100 kW),0,1,1
5210,1,1358.7,1310.5,48.2,1.04,2.31,343.1,14.05,83.086667,28.1125,0,1,WECS_NEA_MIP,0.0914,0.0619,0.032,0.0186,0.0135,0.0201,0.0183,0.0201,0.0274,0.0503,0.16,0.3109,0.3337,0.192,0.0869,0.0384,0.0238,0.0018,0.032,0.0302,0.65,Micro/Mini Hydro (<1 MW),43.4,8.36,65.72,26.82,38.89,3.77,3.07,3.77,5.1,6.59,6.38,6.59,6.59,6.38,6.59,6.38,4.53,Madane,0,1.0,Micro (5-100 kW),0,1,1
5211,3,1426.3,1415.2,11.1,19.19,20.81,355.8,3.11,83.136389,28.228056,1,0,WECS_NEA_MIP,0.7882,0.5456,0.295,0.1792,0.1331,0.1734,0.1576,0.1734,0.2365,0.4335,1.3794,2.68,2.877,1.6553,0.7488,0.3311,0.2049,0.0158,0.5456,0.5298,0.82,Commercial RoR (>1 MW),10.0,42.62,255.05,75.63,179.42,9.43,7.67,9.43,12.78,25.0,31.6,32.65,32.65,31.6,32.65,18.26,11.32,Malika,0,1.0,Micro (5-100 kW),0,1,1
5226,2,1424.3,1371.1,53.2,3.09,3.71,580.2,9.17,83.518611,28.108611,0,1,WECS_NEA_MIP,0.1455,0.099,0.0517,0.0303,0.0222,0.032,0.0291,0.032,0.0436,0.08,0.2545,0.4945,0.5309,0.3055,0.1382,0.0611,0.0378,0.0029,0.0517,0.0488,0.65,Micro/Mini Hydro (<1 MW),47.9,14.91,116.59,47.23,69.35,6.61,5.38,6.61,8.95,11.75,11.37,11.75,11.75,11.37,11.75,11.37,7.93,Kaligandaki,0,1.0,Micro (5-100 kW),0,1,1
5227,2,1371.1,1366.5,4.6,3.71,5.47,30.9,14.75,83.518056,28.106111,0,1,WECS_NEA_MIP,0.2128,0.1454,0.0765,0.0453,0.0332,0.0468,0.0426,0.0468,0.0638,0.117,0.3724,0.7235,0.7767,0.4469,0.2022,0.0894,0.0553,0.0043,0.0765,0.0722,0.65,Micro/Mini Hydro (<1 MW),4.1,1.89,14.71,5.93,8.78,0.83,0.67,0.83,1.12,1.49,1.44,1.49,1.49,1.44,1.49,1.44,0.99,Kaligandaki,0,1.0,Pico (<5 kW),0,1,0
5235,2,1422.9,1400.4,22.5,3.39,3.87,596.5,3.77,83.041944,28.169167,0,1,WECS_NEA_MIP,0.1516,0.1032,0.0539,0.0317,0.0231,0.0334,0.0303,0.0334,0.0455,0.0834,0.2653,0.5154,0.5533,0.3184,0.144,0.0637,0.0394,0.003,0.0539,0.0509,0.65,Micro/Mini Hydro (<1 MW),20.2,6.56,51.28,20.78,30.49,2.91,2.36,2.91,3.94,5.17,5.0,5.17,5.17,5.0,5.17,5.0,3.49,Madane,0,1.0,Micro (5-100 kW),0,1,1
5236,2,1400.4,1369.1,31.3,3.87,4.3,559.6,5.6,83.044444,28.165,0,1,WECS_NEA_MIP,0.1681,0.1145,0.06,0.0353,0.0258,0.037,0.0336,0.037,0.0504,0.0924,0.2942,0.5715,0.6135,0.353,0.1597,0.0706,0.0437,0.0034,0.06,0.0566,0.65,Micro/Mini Hydro (<1 MW),28.2,10.18,79.53,32.14,47.39,4.5,3.65,4.5,6.09,8.03,7.77,8.03,8.03,7.77,8.03,7.77,5.39,Madane,0,1.0,Micro (5-100 kW),0,1,1
5237,2,1369.1,1364.6,4.5,4.3,5.43,388.0,1.16,83.045833,28.161389,0,1,WECS_NEA_MIP,0.2113,0.1443,0.076,0.0449,0.0329,0.0465,0.0423,0.0465,0.0634,0.1162,0.3697,0.7183,0.7712,0.4437,0.2007,0.0887,0.0549,0.0042,0.076,0.0718,0.65,Micro/Mini Hydro (<1 MW),4.0,1.83,14.26,5.75,8.51,0.8,0.65,0.8,1.09,1.44,1.4,1.44,1.44,1.4,1.44,1.4,0.96,Madane,0,1.0,Pico (<5 kW),0,0,0
5242,1,1422.6,1356.7,65.9,0.68,1.3,603.8,10.92,83.057222,28.165,0,1,WECS_NEA_MIP,0.052,0.035,0.0179,0.0103,0.0074,0.0115,0.0104,0.0115,0.0156,0.0286,0.0911,0.177,0.19,0.1093,0.0494,0.0219,0.0135,0.001,0.0179,0.0169,0.65,Micro/Mini Hydro (<1 MW),59.3,6.39,50.55,20.82,29.73,2.95,2.39,2.95,3.97,5.04,4.87,5.04,5.04,4.87,5.04,4.87,3.52,Madane,0,1.0,Micro (5-100 kW),0,1,1
5243,1,1356.7,1353.9,2.8,1.3,9.03,113.4,2.47,83.055,28.163056,0,1,WECS_NEA_MIP,0.3478,0.2387,0.127,0.0759,0.0559,0.0765,0.0696,0.0765,0.1043,0.1913,0.6086,1.1825,1.2694,0.7304,0.3304,0.1461,0.0904,0.007,0.127,0.12,0.65,Micro/Mini Hydro (<1 MW),2.5,1.91,14.82,5.93,8.89,0.82,0.67,0.82,1.12,1.51,1.46,1.51,1.51,1.46,1.51,1.46,0.99,Madane,0,1.0,Pico (<5 kW),0,1,0
5262,1,1419.8,1272.5,147.3,0.54,1.21,298.9,49.28,83.558889,28.012778,0,1,WECS_NEA_MIP,0.0485,0.0326,0.0167,0.0096,0.0069,0.0107,0.0097,0.0107,0.0146,0.0267,0.0849,0.1649,0.1771,0.1019,0.0461,0.0204,0.0126,0.001,0.0167,0.0157,0.65,Micro/Mini Hydro (<1 MW),132.6,13.27,105.25,43.23,62.02,6.1,4.94,6.1,8.28,10.51,10.17,10.51,10.51,10.17,10.51,10.17,7.3,Kaligandaki,0,1.0,Micro (5-100 kW),0,1,1
5263,1,1419.4,1249.4,170.0,0.59,1.11,618.4,27.49,83.152222,28.073056,0,1,WECS_NEA_MIP,0.0446,0.03,0.0153,0.0088,0.0063,0.0098,0.0089,0.0098,0.0134,0.0245,0.078,0.1516,0.1627,0.0936,0.0424,0.0187,0.0116,0.0009,0.0153,0.0144,0.65,Micro/Mini Hydro (<1 MW),153.0,14.05,111.38,45.82,65.56,6.46,5.24,6.46,8.78,11.11,10.75,11.11,11.11,10.75,11.11,10.75,7.77,Dhurkot,0,1.0,Micro (5-100 kW),0,1,1
5264,1,1249.4,1175.1,74.3,1.11,1.98,628.7,11.82,83.155,28.077778,0,1,WECS_NEA_MIP,0.0786,0.0532,0.0274,0.0159,0.0115,0.0173,0.0157,0.0173,0.0236,0.0432,0.1376,0.2673,0.2869,0.1651,0.0747,0.033,0.0204,0.0016,0.0274,0.0258,0.65,Micro/Mini Hydro (<1 MW),66.9,11.01,86.76,35.43,51.34,4.98,4.04,4.98,6.76,8.7,8.42,8.7,8.7,8.42,8.7,8.42,5.97,Dhurkot,0,1.0,Micro (5-100 kW),0,1,1
5265,2,1175.1,1175.1,0.0,1.98,2.13,27.3,0.0,83.156389,28.08,0,1,WECS_NEA_MIP,0.0844,0.0571,0.0295,0.0171,0.0124,0.0186,0.0169,0.0186,0.0253,0.0464,0.1478,0.2871,0.3082,0.1773,0.0802,0.0355,0.022,0.0017,0.0295,0.0278,0.65,Micro/Mini Hydro (<1 MW),0.0,0.0,0.0,0.0,0.0,0.0,0.0,0.0,0.0,0.0,0.0,0.0,0.0,0.0,0.0,0.0,0.0,Dhurkot,0,1.0,Pico (<5 kW),0,0,0
5282,3,1389.1,1367.5,21.6,21.26,22.09,561.2,3.85,83.478056,28.130278,1,0,WECS_NEA_MIP,0.8357,0.5788,0.3134,0.1906,0.1417,0.1839,0.1671,0.1839,0.2507,0.4596,1.4625,2.8414,3.0503,1.755,0.7939,0.351,0.2173,0.0167,0.5788,0.5621,0.82,Commercial RoR (>1 MW),19.4,87.72,524.85,155.61,369.24,19.41,15.77,19.41,26.29,51.42,65.03,67.2,67.2,65.03,67.2,37.56,23.29,Chandrakot,0,1.0,Micro (5-100 kW),0,1,1
5289,1,1415.2,1274.3,140.9,0.51,1.97,216.4,65.12,83.496944,28.021944,0,1,WECS_NEA_MIP,0.0782,0.0529,0.0273,0.0158,0.0115,0.0172,0.0156,0.0172,0.0235,0.043,0.1369,0.2659,0.2855,0.1643,0.0743,0.0329,0.0203,0.0016,0.0273,0.0257,0.65,Micro/Mini Hydro (<1 MW),126.8,20.78,163.74,66.8,96.95,9.38,7.61,9.38,12.75,16.42,15.89,16.42,16.42,15.89,16.42,15.89,11.25,Satyawati,0,1.0,Micro (5-100 kW),0,1,1
5291,3,1415.2,1400.6,14.6,20.81,21.28,505.4,2.88,83.140278,28.226667,1,0,WECS_NEA_MIP,0.8057,0.5578,0.3018,0.1834,0.1363,0.1772,0.1611,0.1772,0.2417,0.4431,1.4099,2.7393,2.9407,1.6919,0.7654,0.3384,0.2095,0.0161,0.5578,0.5417,0.82,Commercial RoR (>1 MW),13.1,57.08,341.58,101.29,240.3,12.63,10.27,12.63,17.12,33.48,42.32,43.73,43.73,42.32,43.73,24.45,15.16,Malika,0,1.0,Micro (5-100 kW),0,1,1
5292,3,1400.6,1379.1,21.5,21.28,22.53,328.5,6.56,83.143889,28.227222,1,0,WECS_NEA_MIP,0.852,0.5903,0.3197,0.1945,0.1446,0.1874,0.1704,0.1874,0.2556,0.4686,1.491,2.8969,3.1099,1.7892,0.8094,0.3578,0.2215,0.017,0.5903,0.5733,0.82,Commercial RoR (>1 MW),19.4,89.47,535.2,158.64,376.56,19.78,16.09,19.78,26.81,52.43,66.33,68.54,68.54,66.33,68.54,38.29,23.74,Malika,0,1.0,Micro (5-100 kW),0,1,1
5309,1,1412.1,1253.6,158.4,1.59,1.77,443.2,35.75,83.346944,28.1775,0,1,WECS_NEA_MIP,0.0704,0.0476,0.0245,0.0142,0.0103,0.0155,0.0141,0.0155,0.0211,0.0387,0.1233,0.2395,0.2571,0.1479,0.0669,0.0296,0.0183,0.0014,0.0245,0.0231,0.65,Micro/Mini Hydro (<1 MW),142.6,21.0,165.59,67.74,97.84,9.54,7.76,9.54,12.9,16.57,16.04,16.57,16.57,16.04,16.57,16.04,11.43,Musikot,0,1.0,Micro (5-100 kW),0,1,1
5320,1,1410.8,1233.1,177.8,0.52,0.72,579.5,30.68,83.385278,28.0925,0,1,WECS_NEA_MIP,0.0292,0.0195,0.0099,0.0056,0.004,0.0064,0.0058,0.0064,0.0088,0.016,0.051,0.0992,0.1065,0.0613,0.0277,0.0123,0.0076,0.0006,0.0099,0.0093,0.65,Micro/Mini Hydro (<1 MW),160.0,9.49,75.58,31.22,44.36,4.4,3.57,4.4,6.02,7.51,7.27,7.51,7.51,7.27,7.51,7.27,5.31,Chandrakot,0,1.0,Micro (5-100 kW),0,1,1
5321,1,1233.1,825.9,407.1,0.72,122.33,474.1,85.88,83.3875,28.088611,1,0,WECS_NEA_MIP,4.4722,3.1511,1.7652,1.1112,0.8401,0.9839,0.8944,0.9839,1.3417,2.4597,7.8264,15.2056,16.3237,9.3917,4.2486,1.8783,1.1628,0.0894,3.1511,3.0617,0.82,Commercial RoR (>1 MW),366.4,9024.04,53626.65,15726.55,37900.1,1961.51,1594.42,1961.51,2657.54,5197.74,6687.03,6909.93,6909.93,6687.03,6909.93,3796.27,2353.82,Chandrakot,0,1.0,Small/Medium RoR (>1 MW),0,1,1
5322,1,1410.5,1311.4,99.2,0.53,0.85,505.4,19.62,83.088611,28.14,0,1,WECS_NEA_MIP,0.0343,0.023,0.0117,0.0067,0.0048,0.0076,0.0069,0.0076,0.0103,0.0189,0.0601,0.1167,0.1253,0.0721,0.0326,0.0144,0.0089,0.0007,0.0117,0.011,0.65,Micro/Mini Hydro (<1 MW),89.3,6.26,49.85,20.59,29.26,2.92,2.37,2.92,3.94,4.96,4.8,4.96,4.96,4.8,4.96,4.8,3.47,Madane,0,1.0,Micro (5-100 kW),0,1,1
5323,1,1311.4,1272.0,39.4,0.85,2.94,465.5,8.47,83.092778,28.139167,0,1,WECS_NEA_MIP,0.1158,0.0786,0.0409,0.0239,0.0174,0.0255,0.0232,0.0255,0.0347,0.0637,0.2027,0.3937,0.4227,0.2432,0.11,0.0486,0.0301,0.0023,0.0409,0.0386,0.65,Micro/Mini Hydro (<1 MW),35.5,8.74,68.51,27.84,40.66,3.91,3.18,3.91,5.28,6.89,6.67,6.89,6.89,6.67,6.89,6.67,4.68,Madane,0,1.0,Micro (5-100 kW),0,1,1
5327,1,1409.8,1366.1,43.7,0.53,10.75,195.8,22.33,83.038333,28.223889,1,0,WECS_NEA_MIP,0.4126,0.2837,0.1514,0.0908,0.067,0.0908,0.0825,0.0908,0.1238,0.2269,0.722,1.4028,1.506,0.8664,0.392,0.1733,0.1073,0.0083,0.2837,0.2755,0.82,Commercial RoR (>1 MW),39.3,87.1,522.46,155.56,366.89,19.4,15.76,19.4,26.29,51.42,64.58,66.73,66.73,64.58,66.73,37.56,23.29,Madane,0,1.0,Micro (5-100 kW),0,1,1
5329,2,1409.5,1398.5,11.0,5.25,12.88,301.2,3.66,83.079722,28.191389,1,0,WECS_NEA_MIP,0.4926,0.3393,0.1817,0.1094,0.0808,0.1084,0.0985,0.1084,0.1478,0.2709,0.862,1.6747,1.7979,1.0344,0.4679,0.2069,0.1281,0.0099,0.3393,0.3294,0.82,Commercial RoR (>1 MW),9.9,26.23,157.31,46.79,110.52,5.84,4.74,5.84,7.91,15.46,19.46,20.1,20.1,19.46,20.1,11.3,7.0,Madane,0,1.0,Micro (5-100 kW),0,1,1
5346,2,1408.0,1395.7,12.3,6.71,7.2,590.5,2.08,83.052222,28.171389,0,1,WECS_NEA_MIP,0.2786,0.1908,0.101,0.0601,0.0441,0.0613,0.0557,0.0613,0.0836,0.1532,0.4875,0.9471,1.0168,0.585,0.2646,0.117,0.0724,0.0056,0.101,0.0954,0.65,Micro/Mini Hydro (<1 MW),11.1,6.75,52.46,21.06,31.4,2.93,2.38,2.93,3.97,5.32,5.15,5.32,5.32,5.15,5.32,5.15,3.52,Madane,0,1.0,Micro (5-100 kW),0,1,1
5347,2,1395.7,1355.8,39.9,7.2,7.6,583.8,6.83,83.053056,28.167222,0,1,WECS_NEA_MIP,0.2937,0.2013,0.1067,0.0635,0.0467,0.0646,0.0587,0.0646,0.0881,0.1615,0.514,0.9987,1.0721,0.6168,0.279,0.1234,0.0764,0.0059,0.1067,0.1008,0.65,Micro/Mini Hydro (<1 MW),35.9,23.07,179.12,71.84,107.28,10.0,8.12,10.0,13.55,18.17,17.59,18.17,18.17,17.59,18.17,17.59,12.01,Madane,0,1.0,Micro (5-100 kW),0,1,1
5348,2,1355.8,1353.9,1.9,7.6,9.03,387.4,0.5,83.054167,28.163889,0,1,WECS_NEA_MIP,0.3478,0.2387,0.127,0.0759,0.0559,0.0765,0.0696,0.0765,0.1043,0.1913,0.6086,1.1825,1.2694,0.7304,0.3304,0.1461,0.0904,0.007,0.127,0.12,0.65,Micro/Mini Hydro (<1 MW),1.7,1.3,10.08,4.03,6.05,0.56,0.46,0.56,0.76,1.02,0.99,1.02,1.02,0.99,1.02,0.99,0.67,Madane,0,1.0,Pico (<5 kW),0,0,0
5371,1,1406.8,1332.3,74.5,0.63,1.39,505.4,14.73,83.386944,28.116111,0,1,WECS_NEA_MIP,0.0556,0.0374,0.0192,0.011,0.008,0.0122,0.0111,0.0122,0.0167,0.0306,0.0973,0.189,0.2029,0.1167,0.0528,0.0233,0.0145,0.0011,0.0192,0.0181,0.65,Micro/Mini Hydro (<1 MW),67.0,7.73,61.11,25.09,36.03,3.53,2.87,3.53,4.8,6.1,5.91,6.1,6.1,5.91,6.1,5.91,4.26,Chandrakot,0,1.0,Micro (5-100 kW),0,1,1
5372,1,1332.3,1311.6,20.7,1.39,2.37,287.3,7.2,83.390556,28.116389,0,1,WECS_NEA_MIP,0.0938,0.0635,0.0329,0.0191,0.0139,0.0206,0.0188,0.0206,0.0281,0.0516,0.1641,0.3188,0.3422,0.1969,0.0891,0.0394,0.0244,0.0019,0.0329,0.031,0.65,Micro/Mini Hydro (<1 MW),18.6,3.68,28.91,11.77,17.14,1.65,1.35,1.65,2.24,2.9,2.81,2.9,2.9,2.81,2.9,2.81,1.99,Chandrakot,0,1.0,Pico (<5 kW),0,1,0
5396,1,1403.7,1349.7,54.0,0.79,1.36,554.6,9.74,83.078889,28.153056,0,1,WECS_NEA_MIP,0.0544,0.0366,0.0188,0.0108,0.0078,0.012,0.0109,0.012,0.0163,0.0299,0.0952,0.185,0.1986,0.1142,0.0517,0.0228,0.0141,0.0011,0.0188,0.0177,0.65,Micro/Mini Hydro (<1 MW),48.6,5.49,43.38,17.79,25.59,2.51,2.04,2.51,3.39,4.33,4.19,4.33,4.33,4.19,4.33,4.19,3.0,Madane,0,1.0,Micro (5-100 kW),0,1,1
5397,1,1349.7,1293.5,56.2,1.36,2.56,445.5,12.61,83.082222,28.156111,0,1,WECS_NEA_MIP,0.1011,0.0685,0.0355,0.0207,0.0151,0.0222,0.0202,0.0222,0.0303,0.0556,0.177,0.3438,0.3691,0.2123,0.0961,0.0425,0.0263,0.002,0.0355,0.0335,0.65,Micro/Mini Hydro (<1 MW),50.6,10.81,84.88,34.57,50.31,4.85,3.95,4.85,6.57,8.52,8.25,8.52,8.52,8.25,8.52,8.25,5.83,Madane,0,1.0,Micro (5-100 kW),0,1,1
5426,3,1398.5,1372.3,26.3,12.88,13.34,597.1,4.4,83.081667,28.188889,1,0,WECS_NEA_MIP,0.5098,0.3513,0.1883,0.1134,0.0838,0.1122,0.102,0.1122,0.1529,0.2804,0.8921,1.7333,1.8608,1.0706,0.4843,0.2141,0.1325,0.0102,0.3513,0.3411,0.82,Commercial RoR (>1 MW),23.7,65.03,389.88,115.96,273.92,14.47,11.76,14.47,19.59,38.33,48.22,49.83,49.83,48.22,49.83,27.99,17.35,Madane,0,1.0,Micro (5-100 kW),0,1,1
5427,3,1372.3,1351.3,21.0,13.34,13.98,618.4,3.39,83.083611,28.184722,1,0,WECS_NEA_MIP,0.5338,0.368,0.1974,0.119,0.088,0.1174,0.1068,0.1174,0.1601,0.2936,0.9341,1.8148,1.9482,1.1209,0.5071,0.2242,0.1388,0.0107,0.368,0.3573,0.82,Commercial RoR (>1 MW),18.9,54.32,325.62,96.8,228.82,12.07,9.82,12.07,16.35,32.0,40.28,41.63,41.63,40.28,41.63,23.37,14.49,Madane,0,1.0,Micro (5-100 kW),0,1,1
5428,3,1351.3,1333.1,18.2,13.98,14.89,594.1,3.06,83.083056,28.18,1,0,WECS_NEA_MIP,0.5678,0.3917,0.2104,0.127,0.094,0.1249,0.1136,0.1249,0.1703,0.3123,0.9936,1.9305,2.0724,1.1923,0.5394,0.2385,0.1476,0.0114,0.3917,0.3803,0.82,Commercial RoR (>1 MW),16.4,50.17,300.66,89.34,211.32,11.14,9.06,11.14,15.09,29.53,37.21,38.45,38.45,37.21,38.45,21.57,13.37,Madane,0,1.0,Micro (5-100 kW),0,1,1
5429,3,1333.1,1314.2,19.0,14.89,17.5,590.5,3.21,83.081667,28.175556,1,0,WECS_NEA_MIP,0.6652,0.4596,0.2477,0.15,0.1112,0.1463,0.133,0.1463,0.1995,0.3658,1.164,2.2615,2.4278,1.3968,0.6319,0.2794,0.1729,0.0133,0.4596,0.4463,0.82,Commercial RoR (>1 MW),17.1,61.39,367.64,109.14,258.5,13.61,11.06,13.61,18.44,36.08,45.52,47.04,47.04,45.52,47.04,26.35,16.33,Madane,0,1.0,Micro (5-100 kW),0,1,1
5436,1,1397.3,1328.3,69.0,0.53,0.93,556.6,12.4,83.083333,28.151944,0,1,WECS_NEA_MIP,0.0375,0.0252,0.0128,0.0073,0.0053,0.0082,0.0075,0.0082,0.0112,0.0206,0.0656,0.1274,0.1368,0.0787,0.0356,0.0157,0.0097,0.0008,0.0128,0.012,0.65,Micro/Mini Hydro (<1 MW),62.1,4.75,37.76,15.5,22.26,2.18,1.78,2.18,2.97,3.77,3.65,3.77,3.77,3.65,3.77,3.65,2.62,Madane,0,1.0,Pico (<5 kW),0,1,0
5437,1,1328.3,1293.5,34.8,0.93,2.56,257.7,13.52,83.083889,28.155278,0,1,WECS_NEA_MIP,0.1011,0.0685,0.0355,0.0207,0.0151,0.0222,0.0202,0.0222,0.0303,0.0556,0.177,0.3438,0.3691,0.2123,0.0961,0.0425,0.0263,0.002,0.0355,0.0335,0.65,Micro/Mini Hydro (<1 MW),31.3,6.69,52.5,21.39,31.12,3.0,2.44,3.0,4.07,5.27,5.1,5.27,5.27,5.1,5.27,5.1,3.61,Madane,0,1.0,Micro (5-100 kW),0,1,1
5461,1,1393.7,1268.2,125.5,0.52,1.01,561.2,22.37,83.295,28.053056,0,1,WECS_NEA_MIP,0.0406,0.0273,0.0139,0.0079,0.0057,0.0089,0.0081,0.0089,0.0122,0.0224,0.0711,0.1382,0.1483,0.0853,0.0386,0.0171,0.0106,0.0008,0.0139,0.0131,0.65,Micro/Mini Hydro (<1 MW),113.0,9.44,74.83,30.84,43.99,4.34,3.53,4.34,5.91,7.45,7.21,7.45,7.45,7.21,7.45,7.21,5.25,Gulmidarbar,0,1.0,Micro (5-100 kW),0,1,1
5462,1,1268.2,1144.8,123.3,1.01,1.78,575.2,21.44,83.299722,28.050833,0,1,WECS_NEA_MIP,0.0708,0.0478,0.0246,0.0142,0.0103,0.0156,0.0142,0.0156,0.0212,0.039,0.1239,0.2408,0.2585,0.1487,0.0673,0.0297,0.0184,0.0014,0.0246,0.0232,0.65,Micro/Mini Hydro (<1 MW),111.0,16.42,129.51,53.04,76.47,7.48,6.09,7.48,10.09,12.95,12.54,12.95,12.95,12.54,12.95,12.54,8.95,Gulmidarbar,0,1.0,Micro (5-100 kW),0,1,1
5463,1,1144.8,1108.9,36.0,1.78,2.59,178.2,20.19,83.302778,28.049167,0,1,WECS_NEA_MIP,0.1023,0.0693,0.036,0.021,0.0152,0.0225,0.0205,0.0225,0.0307,0.0563,0.179,0.3477,0.3733,0.2148,0.0972,0.043,0.0266,0.0021,0.036,0.0339,0.65,Micro/Mini Hydro (<1 MW),32.4,7.0,55.05,22.38,32.67,3.14,2.55,3.14,4.25,5.53,5.36,5.53,5.53,5.36,5.53,5.36,3.77,Gulmidarbar,0,1.0,Micro (5-100 kW),0,1,1
5464,2,1393.2,1260.6,132.7,2.03,2.5,596.5,22.24,83.478889,28.081389,0,1,WECS_NEA_MIP,0.0988,0.067,0.0347,0.0202,0.0147,0.0217,0.0198,0.0217,0.0296,0.0543,0.1729,0.3359,0.3606,0.2075,0.0939,0.0415,0.0257,0.002,0.0347,0.0327,0.65,Micro/Mini Hydro (<1 MW),119.4,24.9,195.67,79.64,116.03,11.16,9.11,11.16,15.13,19.66,19.02,19.66,19.66,19.02,19.66,19.02,13.42,Satyawati,0,1.0,Micro (5-100 kW),0,1,1
5465,2,1260.6,1188.6,71.9,2.5,7.18,479.4,15.0,83.483056,28.083889,0,1,WECS_NEA_MIP,0.2778,0.1903,0.1007,0.0599,0.044,0.0611,0.0556,0.0611,0.0833,0.1528,0.4862,0.9445,1.014,0.5834,0.2639,0.1167,0.0722,0.0056,0.1007,0.0951,0.65,Micro/Mini Hydro (<1 MW),64.7,39.23,304.83,122.36,182.46,17.04,13.86,17.04,23.08,30.91,29.91,30.91,30.91,29.91,30.91,29.91,20.44,Satyawati,0,1.0,Micro (5-100 kW),0,1,1
5468,2,1393.0,1240.3,152.6,1.56,2.48,547.3,27.89,83.4625,28.046111,0,1,WECS_NEA_MIP,0.098,0.0664,0.0344,0.02,0.0146,0.0216,0.0196,0.0216,0.0294,0.0539,0.1715,0.3333,0.3578,0.2058,0.0931,0.0412,0.0255,0.002,0.0344,0.0324,0.65,Micro/Mini Hydro (<1 MW),137.3,28.37,223.15,90.87,132.27,12.77,10.35,12.77,17.27,22.41,21.68,22.41,22.41,21.68,22.41,21.68,15.31,Satyawati,0,1.0,Micro (5-100 kW),0,1,1
5469,2,1240.3,1095.2,145.1,2.48,2.73,533.3,27.21,83.457778,28.046111,0,1,WECS_NEA_MIP,0.1077,0.073,0.0379,0.0221,0.0161,0.0237,0.0215,0.0237,0.0323,0.0592,0.1885,0.3662,0.3931,0.2262,0.1023,0.0452,0.028,0.0022,0.0379,0.0358,0.65,Micro/Mini Hydro (<1 MW),130.6,29.81,233.58,94.96,138.62,13.32,10.8,13.32,18.05,23.48,22.72,23.48,23.48,22.72,23.48,22.72,15.99,Satyawati,0,1.0,Micro (5-100 kW),0,1,1
5470,2,1095.2,944.9,150.3,2.73,3.15,606.8,24.77,83.453056,28.045556,0,1,WECS_NEA_MIP,0.1239,0.0842,0.0438,0.0256,0.0187,0.0273,0.0248,0.0273,0.0372,0.0681,0.2168,0.4213,0.4523,0.2602,0.1177,0.052,0.0322,0.0025,0.0438,0.0413,0.65,Micro/Mini Hydro (<1 MW),135.3,35.63,279.46,113.5,165.97,15.92,12.93,15.92,21.55,28.11,27.21,28.11,28.11,27.21,28.11,27.21,19.06,Satyawati,0,1.0,Micro (5-100 kW),0,1,1
5471,2,944.9,926.8,18.1,3.15,7.93,85.5,21.15,83.450556,28.043611,0,1,WECS_NEA_MIP,0.3062,0.2099,0.1113,0.0664,0.0488,0.0674,0.0612,0.0674,0.0919,0.1684,0.5359,1.0411,1.1177,0.6431,0.2909,0.1286,0.0796,0.0061,0.1113,0.1052,0.65,Micro/Mini Hydro (<1 MW),16.3,10.93,84.85,34.04,50.81,4.74,3.85,4.74,6.42,8.61,8.33,8.61,8.61,8.33,8.61,8.33,5.68,Satyawati,0,1.0,Micro (5-100 kW),0,1,1
5472,1,1392.7,1190.9,201.8,0.51,0.78,645.0,31.29,83.164167,28.1925,0,1,WECS_NEA_MIP,0.0315,0.0211,0.0107,0.0061,0.0044,0.0069,0.0063,0.0069,0.0095,0.0174,0.0552,0.1073,0.1152,0.0663,0.03,0.0133,0.0082,0.0006,0.0107,0.0101,0.65,Micro/Mini Hydro (<1 MW),181.6,11.7,92.9,38.48,54.42,5.43,4.44,5.43,7.42,9.22,8.92,9.22,9.22,8.92,9.22,8.92,6.55,Malika,0,1.0,Micro (5-100 kW),0,1,1
5473,1,1190.9,1155.4,35.5,0.78,6.14,109.7,32.34,83.166944,28.19,0,1,WECS_NEA_MIP,0.2383,0.163,0.086,0.051,0.0374,0.0524,0.0477,0.0524,0.0715,0.1311,0.417,0.8103,0.8698,0.5005,0.2264,0.1001,0.062,0.0048,0.086,0.0812,0.65,Micro/Mini Hydro (<1 MW),31.9,16.52,128.54,51.71,76.83,7.2,5.86,7.2,9.77,13.02,12.6,13.02,13.02,12.6,13.02,12.6,8.66,Malika,0,1.0,Micro (5-100 kW),0,1,1
5477,1,1391.7,1107.0,284.7,0.5,0.71,577.2,49.33,83.543333,28.023333,0,1,WECS_NEA_MIP,0.0288,0.0193,0.0097,0.0055,0.004,0.0063,0.0058,0.0063,0.0086,0.0158,0.0504,0.0978,0.105,0.0604,0.0273,0.0121,0.0075,0.0006,0.0097,0.0091,0.65,Micro/Mini Hydro (<1 MW),256.2,14.87,118.75,49.15,69.6,6.93,5.71,6.93,9.41,11.79,11.41,11.79,11.79,11.41,11.79,11.41,8.39,Kaligandaki,0,1.0,Micro (5-100 kW),0,1,1
5478,1,1107.0,1057.3,49.7,0.71,2.33,92.8,53.56,83.5425,28.026111,0,1,WECS_NEA_MIP,0.0922,0.0624,0.0323,0.0188,0.0137,0.0203,0.0184,0.0203,0.0277,0.0507,0.1614,0.3135,0.3365,0.1936,0.0876,0.0387,0.024,0.0018,0.0323,0.0305,0.65,Micro/Mini Hydro (<1 MW),44.7,8.69,68.33,27.9,40.43,3.92,3.18,3.92,5.32,6.85,6.63,6.85,6.85,6.63,6.85,6.63,4.71,Kaligandaki,0,1.0,Micro (5-100 kW),0,1,1
5479,1,1391.5,1223.9,167.6,0.51,1.29,533.3,31.43,83.513056,28.011944,0,1,WECS_NEA_MIP,0.0517,0.0348,0.0178,0.0102,0.0074,0.0114,0.0103,0.0114,0.0155,0.0284,0.0904,0.1756,0.1885,0.1085,0.0491,0.0217,0.0134,0.001,0.0178,0.0168,0.65,Micro/Mini Hydro (<1 MW),150.8,16.15,127.71,52.53,75.17,7.44,6.01,7.44,10.04,12.73,12.32,12.73,12.73,12.32,12.73,12.32,8.87,Satyawati,0,1.0,Micro (5-100 kW),0,1,1
5480,1,1223.9,1124.4,99.5,1.29,1.56,561.2,17.73,83.508333,28.011389,0,1,WECS_NEA_MIP,0.0622,0.042,0.0216,0.0124,0.009,0.0137,0.0124,0.0137,0.0187,0.0342,0.1089,0.2116,0.2271,0.1307,0.0591,0.0261,0.0162,0.0012,0.0216,0.0204,0.65,Micro/Mini Hydro (<1 MW),89.5,11.64,91.78,37.64,54.14,5.31,4.3,5.31,7.19,9.17,8.88,9.17,9.17,8.88,9.17,8.88,6.37,Satyawati,0,1.0,Micro (5-100 kW),0,1,1
5481,1,1124.4,1094.0,30.4,1.56,6.77,123.0,24.72,83.505556,28.012778,0,1,WECS_NEA_MIP,0.2623,0.1795,0.0949,0.0564,0.0414,0.0577,0.0525,0.0577,0.0787,0.1442,0.4589,0.8917,0.9572,0.5507,0.2491,0.1101,0.0682,0.0053,0.0949,0.0896,0.65,Micro/Mini Hydro (<1 MW),27.4,15.65,121.73,48.91,72.82,6.81,5.54,6.81,9.23,12.34,11.94,12.34,12.34,11.94,12.34,11.94,8.18,Satyawati,0,1.0,Micro (5-100 kW),0,1,1
5485,1,1391.2,1279.0,112.1,0.51,1.48,533.3,21.02,83.294167,28.06,0,1,WECS_NEA_MIP,0.0591,0.0398,0.0204,0.0118,0.0085,0.013,0.0118,0.013,0.0177,0.0325,0.1034,0.2009,0.2157,0.1241,0.0561,0.0248,0.0154,0.0012,0.0204,0.0192,0.65,Micro/Mini Hydro (<1 MW),100.9,12.35,97.73,40.09,57.65,5.65,4.58,5.65,7.64,9.77,9.45,9.77,9.77,9.45,9.77,9.45,6.8,Gulmidarbar,0,1.0,Micro (5-100 kW),0,1,1
5487,3,1390.2,1366.1,24.1,10.08,10.75,300.6,8.01,83.04,28.224444,1,0,WECS_NEA_MIP,0.4126,0.2837,0.1514,0.0908,0.067,0.0908,0.0825,0.0908,0.1238,0.2269,0.722,1.4028,1.506,0.8664,0.392,0.1733,0.1073,0.0083,0.2837,0.2755,0.82,Commercial RoR (>1 MW),21.7,48.09,288.48,85.9,202.58,10.71,8.7,10.71,14.52,28.39,35.66,36.84,36.84,35.66,36.84,20.74,12.86,Madane,0,1.0,Micro (5-100 kW),0,1,1
5488,1,1389.8,1293.7,96.1,0.52,20.03,551.6,17.43,83.079444,28.165,1,0,WECS_NEA_MIP,0.7593,0.5254,0.2839,0.1723,0.1279,0.167,0.1519,0.167,0.2278,0.4176,1.3287,2.5815,2.7713,1.5944,0.7213,0.3189,0.1974,0.0152,0.5254,0.5102,0.82,Commercial RoR (>1 MW),86.5,355.01,2124.83,630.25,1494.58,78.59,63.92,78.59,106.51,208.32,263.22,272.0,272.0,263.22,272.0,152.15,94.32,Madane,0,1.0,Mini (100-1000 kW),0,1,1
5499,1,1389.1,1255.1,134.0,0.54,1.46,642.0,20.87,83.191389,28.2125,0,1,WECS_NEA_MIP,0.0583,0.0393,0.0202,0.0116,0.0084,0.0128,0.0117,0.0128,0.0175,0.0321,0.1021,0.1983,0.2129,0.1225,0.0554,0.0245,0.0152,0.0012,0.0202,0.019,0.65,Micro/Mini Hydro (<1 MW),120.6,14.61,115.52,47.29,68.22,6.64,5.43,6.64,9.03,11.56,11.18,11.56,11.56,11.18,11.56,11.18,8.01,Malika,0,1.0,Micro (5-100 kW),0,1,1
5500,1,1255.1,1167.5,87.7,1.46,1.74,628.7,13.94,83.195278,28.216667,0,1,WECS_NEA_MIP,0.0693,0.0468,0.0241,0.0139,0.0101,0.0152,0.0139,0.0152,0.0208,0.0381,0.1212,0.2355,0.2528,0.1454,0.0658,0.0291,0.018,0.0014,0.0241,0.0227,0.65,Micro/Mini Hydro (<1 MW),78.9,11.42,90.07,36.82,53.25,5.17,4.23,5.17,7.03,9.02,8.73,9.02,9.02,8.73,9.02,8.73,6.21,Isma,0,1.0,Micro (5-100 kW),0,1,1
5501,1,1167.5,1137.1,30.4,1.74,3.47,134.0,22.68,83.196111,28.219444,0,1,WECS_NEA_MIP,0.1362,0.0926,0.0483,0.0283,0.0207,0.03,0.0272,0.03,0.0409,0.0749,0.2384,0.4632,0.4972,0.2861,0.1294,0.0572,0.0354,0.0027,0.0483,0.0456,0.65,Micro/Mini Hydro (<1 MW),27.4,7.97,62.37,25.31,37.06,3.55,2.88,3.55,4.81,6.28,6.08,6.28,6.28,6.08,6.28,6.08,4.25,Isma,0,1.0,Micro (5-100 kW),0,1,1
5505,1,1388.7,1236.6,152.1,0.51,4.51,536.0,28.38,83.098333,28.11,0,1,WECS_NEA_MIP,0.1761,0.1201,0.063,0.0371,0.0271,0.0387,0.0352,0.0387,0.0528,0.0969,0.3082,0.5988,0.6429,0.3699,0.1673,0.074,0.0458,0.0035,0.063,0.0595,0.65,Micro/Mini Hydro (<1 MW),136.9,51.94,405.23,163.69,241.54,22.86,18.6,22.86,30.99,40.92,39.6,40.92,40.92,39.6,40.92,39.6,27.47,Dhurkot,0,1.0,Micro (5-100 kW),0,1,1
5510,2,1386.3,1286.3,99.9,2.67,3.16,573.5,17.42,83.5175,28.050278,0,1,WECS_NEA_MIP,0.1243,0.0844,0.044,0.0257,0.0187,0.0273,0.0249,0.0273,0.0373,0.0684,0.2175,0.4226,0.4537,0.261,0.1181,0.0522,0.0323,0.0025,0.044,0.0415,0.65,Micro/Mini Hydro (<1 MW),89.9,23.79,186.4,75.62,110.78,10.58,8.63,10.58,14.36,18.77,18.16,18.77,18.77,18.16,18.77,18.16,12.71,Kaligandaki,0,1.0,Micro (5-100 kW),0,1,1
5520,2,1384.5,1348.1,36.4,3.65,4.63,257.7,14.14,83.361111,28.136667,0,1,WECS_NEA_MIP,0.1807,0.1232,0.0647,0.0381,0.0279,0.0398,0.0361,0.0398,0.0542,0.0994,0.3163,0.6145,0.6596,0.3795,0.1717,0.0759,0.047,0.0036,0.0647,0.0611,0.65,Micro/Mini Hydro (<1 MW),32.8,12.78,99.71,40.27,59.43,5.63,4.57,5.63,7.62,10.07,9.74,10.07,10.07,9.74,10.07,9.74,6.75,Chandrakot,0,1.0,Micro (5-100 kW),0,1,1
5521,1,1384.4,1198.4,186.0,0.51,1.01,620.7,29.97,83.201389,28.207778,0,1,WECS_NEA_MIP,0.0406,0.0273,0.0139,0.0079,0.0057,0.0089,0.0081,0.0089,0.0122,0.0224,0.0711,0.1382,0.1483,0.0853,0.0386,0.0171,0.0106,0.0008,0.0139,0.0131,0.65,Micro/Mini Hydro (<1 MW),167.4,13.98,110.85,45.68,65.17,6.43,5.24,6.43,8.76,11.04,10.68,11.04,11.04,10.68,11.04,10.68,7.78,Isma,0,1.0,Micro (5-100 kW),0,1,1
5522,1,1198.4,1127.2,71.2,1.01,1.27,608.1,11.71,83.205278,28.211389,0,1,WECS_NEA_MIP,0.0509,0.0342,0.0175,0.0101,0.0073,0.0112,0.0102,0.0112,0.0153,0.028,0.089,0.173,0.1857,0.1068,0.0483,0.0214,0.0132,0.001,0.0175,0.0165,0.65,Micro/Mini Hydro (<1 MW),64.1,6.74,53.39,21.97,31.42,3.1,2.53,3.1,4.21,5.32,5.15,5.32,5.32,5.15,5.32,5.15,3.71,Isma,0,1.0,Micro (5-100 kW),0,1,1
5523,1,1127.2,1074.6,52.6,1.27,15.9,134.0,39.29,83.205833,28.214167,1,0,WECS_NEA_MIP,0.6055,0.418,0.2248,0.1359,0.1006,0.1332,0.1211,0.1332,0.1816,0.333,1.0596,2.0587,2.2101,1.2715,0.5752,0.2543,0.1574,0.0121,0.418,0.4059,0.82,Commercial RoR (>1 MW),47.3,154.44,925.21,274.84,650.37,34.28,27.87,34.28,46.44,90.84,114.51,118.33,118.33,114.51,118.33,66.35,41.13,Isma,0,1.0,Mini (100-1000 kW),0,1,1
5530,1,1382.6,1211.8,170.9,0.52,1.05,587.5,29.08,83.188889,28.186944,0,1,WECS_NEA_MIP,0.0422,0.0284,0.0144,0.0083,0.006,0.0093,0.0084,0.0093,0.0127,0.0232,0.0739,0.1435,0.1541,0.0887,0.0401,0.0177,0.011,0.0008,0.0144,0.0136,0.65,Micro/Mini Hydro (<1 MW),153.8,13.34,105.79,43.76,62.02,6.2,5.01,6.2,8.4,10.51,10.17,10.51,10.51,10.17,10.51,10.17,7.44,Isma,0,1.0,Micro (5-100 kW),0,1,1
5531,1,1211.8,1123.7,88.1,1.05,3.5,511.7,17.22,83.19,28.182778,0,1,WECS_NEA_MIP,0.1374,0.0934,0.0487,0.0286,0.0209,0.0302,0.0275,0.0302,0.0412,0.0756,0.2404,0.4671,0.5014,0.2885,0.1305,0.0577,0.0357,0.0028,0.0487,0.0459,0.65,Micro/Mini Hydro (<1 MW),79.3,23.21,181.84,73.69,108.16,10.31,8.39,10.31,13.98,18.32,17.73,18.32,18.32,17.73,18.32,17.73,12.38,Isma,0,1.0,Micro (5-100 kW),0,1,1
5540,1,1382.3,1246.5,135.9,0.5,0.83,583.8,23.27,83.107222,28.090278,0,1,WECS_NEA_MIP,0.0335,0.0225,0.0114,0.0065,0.0047,0.0074,0.0067,0.0074,0.0101,0.0184,0.0587,0.114,0.1224,0.0704,0.0319,0.0141,0.0087,0.0007,0.0114,0.0107,0.65,Micro/Mini Hydro (<1 MW),122.3,8.34,66.5,27.45,39.05,3.89,3.14,3.89,5.28,6.61,6.4,6.61,6.61,6.4,6.61,6.4,4.64,Dhurkot,0,1.0,Micro (5-100 kW),0,1,1
5541,1,1246.5,1212.4,34.1,0.83,7.82,150.9,22.59,83.108056,28.0925,0,1,WECS_NEA_MIP,0.3021,0.2071,0.1098,0.0654,0.0481,0.0665,0.0604,0.0665,0.0906,0.1661,0.5286,1.027,1.1025,0.6343,0.287,0.1269,0.0785,0.006,0.1098,0.1038,0.65,Micro/Mini Hydro (<1 MW),30.7,20.32,157.66,63.25,94.4,8.81,7.16,8.81,11.92,15.99,15.48,15.99,15.99,15.48,15.99,15.48,10.56,Dhurkot,0,1.0,Micro (5-100 kW),0,1,1
5564,1,1379.4,1292.8,86.5,0.54,1.86,492.7,17.56,83.370556,28.113889,0,1,WECS_NEA_MIP,0.0739,0.05,0.0257,0.0149,0.0108,0.0163,0.0148,0.0163,0.0222,0.0407,0.1294,0.2514,0.2699,0.1553,0.0702,0.0311,0.0192,0.0015,0.0257,0.0242,0.65,Micro/Mini Hydro (<1 MW),77.9,12.02,94.89,38.82,56.07,5.47,4.44,5.47,7.4,9.5,9.19,9.5,9.5,9.19,9.5,9.19,6.54,Chandrakot,0,1.0,Micro (5-100 kW),0,1,1
5567,3,1379.1,1368.8,10.3,22.53,24.0,328.5,3.14,83.146667,28.226667,1,0,WECS_NEA_MIP,0.9065,0.6284,0.3407,0.2076,0.1544,0.1994,0.1813,0.1994,0.2719,0.4986,1.5863,3.082,3.3086,1.9036,0.8611,0.3807,0.2357,0.0181,0.6284,0.6103,0.82,Commercial RoR (>1 MW),9.3,45.66,273.07,80.91,192.16,10.09,8.2,10.09,13.67,26.74,33.85,34.98,34.98,33.85,34.98,19.53,12.11,Malika,0,1.0,Micro (5-100 kW),0,1,1
5568,2,1379.1,1289.7,89.4,2.72,3.69,628.7,14.22,83.101389,28.207222,0,1,WECS_NEA_MIP,0.1447,0.0984,0.0514,0.0302,0.022,0.0318,0.0289,0.0318,0.0434,0.0796,0.2532,0.4919,0.5281,0.3038,0.1375,0.0608,0.0376,0.0029,0.0514,0.0485,0.65,Micro/Mini Hydro (<1 MW),80.5,24.9,194.77,78.89,115.88,11.04,8.97,11.04,14.97,19.63,19.0,19.63,19.63,19.0,19.63,19.0,13.25,Madane,0,1.0,Micro (5-100 kW),0,1,1
5569,2,1289.7,1264.8,24.9,3.69,4.3,164.9,15.11,83.100278,28.204167,0,1,WECS_NEA_MIP,0.1681,0.1145,0.06,0.0353,0.0258,0.037,0.0336,0.037,0.0504,0.0924,0.2942,0.5715,0.6135,0.353,0.1597,0.0706,0.0437,0.0034,0.06,0.0566,0.65,Micro/Mini Hydro (<1 MW),22.4,8.08,63.17,25.53,37.64,3.57,2.9,3.57,4.83,6.38,6.17,6.38,6.38,6.17,6.38,6.17,4.28,Madane,0,1.0,Micro (5-100 kW),0,1,1
5594,1,1375.9,1316.8,59.1,0.5,28.56,223.1,26.49,83.160278,28.23,1,0,WECS_NEA_MIP,1.0749,0.7465,0.4062,0.2483,0.185,0.2365,0.215,0.2365,0.3225,0.5912,1.8812,3.6548,3.9235,2.2574,1.0212,0.4515,0.2795,0.0215,0.7465,0.725,0.82,Commercial RoR (>1 MW),53.2,310.26,1854.41,548.84,1305.57,68.46,55.65,68.46,92.75,181.39,230.02,237.68,237.68,230.02,237.68,132.49,82.15,Malika,0,1.0,Mini (100-1000 kW),0,1,1
5601,1,1373.6,1199.3,174.3,0.62,0.78,519.3,33.56,83.476667,28.015833,0,1,WECS_NEA_MIP,0.0315,0.0211,0.0107,0.0061,0.0044,0.0069,0.0063,0.0069,0.0095,0.0174,0.0552,0.1073,0.1152,0.0663,0.03,0.0133,0.0082,0.0006,0.0107,0.0101,0.65,Micro/Mini Hydro (<1 MW),156.9,10.1,80.26,33.24,47.02,4.69,3.83,4.69,6.41,7.96,7.71,7.96,7.96,7.71,7.96,7.71,5.66,Satyawati,0,1.0,Micro (5-100 kW),0,1,1
5602,1,1199.3,1173.8,25.5,0.78,1.35,54.5,46.76,83.474167,28.016389,0,1,WECS_NEA_MIP,0.054,0.0364,0.0186,0.0107,0.0077,0.0119,0.0108,0.0119,0.0162,0.0297,0.0945,0.1836,0.1971,0.1134,0.0513,0.0227,0.014,0.0011,0.0186,0.0175,0.65,Micro/Mini Hydro (<1 MW),22.9,2.56,20.24,8.31,11.93,1.17,0.95,1.17,1.59,2.02,1.96,2.02,2.02,1.96,2.02,1.96,1.4,Satyawati,0,1.0,Pico (<5 kW),0,1,0
5612,1,1371.5,1250.4,121.1,0.71,1.9,277.0,43.71,83.171111,28.194444,0,1,WECS_NEA_MIP,0.0755,0.051,0.0263,0.0152,0.011,0.0166,0.0151,0.0166,0.0226,0.0415,0.1321,0.2567,0.2756,0.1585,0.0717,0.0317,0.0196,0.0015,0.0263,0.0248,0.65,Micro/Mini Hydro (<1 MW),109.0,17.24,135.77,55.49,80.28,7.81,6.35,7.81,10.56,13.6,13.16,13.6,13.6,13.16,13.6,13.16,9.36,Malika,0,1.0,Micro (5-100 kW),0,1,1
5613,2,1371.4,1269.9,101.6,2.17,2.77,592.8,17.13,83.483889,28.071944,0,1,WECS_NEA_MIP,0.1092,0.0741,0.0385,0.0225,0.0163,0.024,0.0218,0.024,0.0328,0.0601,0.1912,0.3714,0.3987,0.2294,0.1038,0.0459,0.0284,0.0022,0.0385,0.0363,0.65,Micro/Mini Hydro (<1 MW),91.4,21.16,166.03,67.48,98.55,9.45,7.68,9.45,12.84,16.69,16.16,16.69,16.69,16.16,16.69,16.16,11.36,Satyawati,0,1.0,Micro (5-100 kW),0,1,1
5614,2,1269.9,1162.7,107.2,2.77,3.27,639.0,16.77,83.487222,28.076389,0,1,WECS_NEA_MIP,0.1285,0.0873,0.0455,0.0266,0.0194,0.0283,0.0257,0.0283,0.0386,0.0707,0.2249,0.437,0.4691,0.2699,0.1221,0.054,0.0334,0.0026,0.0455,0.0429,0.65,Micro/Mini Hydro (<1 MW),96.5,26.4,206.93,83.96,122.97,11.77,9.55,11.77,15.95,20.83,20.16,20.83,20.83,20.16,20.83,20.16,14.1,Satyawati,0,1.0,Micro (5-100 kW),0,1,1
5615,2,1162.7,1124.5,38.2,3.27,11.24,355.8,10.73,83.490556,28.079167,1,0,WECS_NEA_MIP,0.431,0.2965,0.1584,0.095,0.0702,0.0948,0.0862,0.0948,0.1293,0.2371,0.7543,1.4655,1.5732,0.9051,0.4095,0.181,0.1121,0.0086,0.2965,0.2879,0.82,Commercial RoR (>1 MW),34.4,79.67,477.95,142.32,335.63,17.75,14.43,17.75,24.05,47.04,59.07,61.04,61.04,59.07,61.04,34.35,21.31,Satyawati,0,1.0,Micro (5-100 kW),0,1,1
5628,1,1369.4,1279.0,90.4,0.51,1.48,384.3,23.51,83.295,28.061111,0,1,WECS_NEA_MIP,0.0591,0.0398,0.0204,0.0118,0.0085,0.013,0.0118,0.013,0.0177,0.0325,0.1034,0.2009,0.2157,0.1241,0.0561,0.0248,0.0154,0.0012,0.0204,0.0192,0.65,Micro/Mini Hydro (<1 MW),81.4,9.97,78.84,32.34,46.5,4.56,3.7,4.56,6.17,7.88,7.62,7.88,7.88,7.62,7.88,7.62,5.48,Gulmidarbar,0,1.0,Micro (5-100 kW),0,1,1
5632,1,1369.1,1255.5,113.7,0.55,0.91,597.8,19.01,83.296111,28.035833,0,1,WECS_NEA_MIP,0.0367,0.0246,0.0125,0.0071,0.0051,0.0081,0.0073,0.0081,0.011,0.0202,0.0642,0.1248,0.1339,0.0771,0.0349,0.0154,0.0095,0.0007,0.0125,0.0118,0.65,Micro/Mini Hydro (<1 MW),102.3,7.7,61.06,25.25,35.81,3.59,2.89,3.59,4.84,6.07,5.87,6.07,6.07,5.87,6.07,5.87,4.27,Gulmidarbar,0,1.0,Micro (5-100 kW),0,1,1
5633,1,1255.5,1152.1,103.4,0.91,1.49,624.4,16.56,83.299722,28.032222,0,1,WECS_NEA_MIP,0.0595,0.0401,0.0206,0.0119,0.0086,0.0131,0.0119,0.0131,0.0178,0.0327,0.1041,0.2023,0.2171,0.1249,0.0565,0.025,0.0155,0.0012,0.0206,0.0194,0.65,Micro/Mini Hydro (<1 MW),93.1,11.52,91.0,37.29,53.71,5.26,4.27,5.26,7.1,9.1,8.81,9.1,9.1,8.81,9.1,8.81,6.32,Gulmidarbar,0,1.0,Micro (5-100 kW),0,1,1
5634,1,1152.1,1107.4,44.7,1.49,2.71,343.1,13.02,83.302778,28.028889,0,1,WECS_NEA_MIP,0.1069,0.0725,0.0376,0.022,0.016,0.0235,0.0214,0.0235,0.0321,0.0588,0.1871,0.3635,0.3903,0.2245,0.1016,0.0449,0.0278,0.0021,0.0376,0.0355,0.65,Micro/Mini Hydro (<1 MW),40.2,9.1,71.43,29.1,42.33,4.08,3.32,4.08,5.54,7.17,6.94,7.17,7.17,6.94,7.17,6.94,4.9,Gulmidarbar,0,1.0,Micro (5-100 kW),0,1,1
5635,1,1369.1,1249.8,119.2,0.91,1.35,603.1,19.77,83.361944,28.129444,0,1,WECS_NEA_MIP,0.054,0.0364,0.0186,0.0107,0.0077,0.0119,0.0108,0.0119,0.0162,0.0297,0.0945,0.1836,0.1971,0.1134,0.0513,0.0227,0.014,0.0011,0.0186,0.0175,0.65,Micro/Mini Hydro (<1 MW),107.3,11.97,94.82,38.93,55.89,5.5,4.46,5.5,7.44,9.47,9.16,9.47,9.47,9.16,9.47,9.16,6.57,Chandrakot,0,1.0,Micro (5-100 kW),0,1,1
5636,1,1249.8,1244.3,5.5,1.35,7.78,85.5,6.48,83.359167,28.128889,0,1,WECS_NEA_MIP,0.3005,0.206,0.1092,0.0651,0.0479,0.0661,0.0601,0.0661,0.0902,0.1653,0.5259,1.0218,1.097,0.6311,0.2855,0.1262,0.0781,0.006,0.1092,0.1032,0.65,Micro/Mini Hydro (<1 MW),5.0,3.29,25.53,10.24,15.29,1.43,1.16,1.43,1.93,2.59,2.51,2.59,2.59,2.51,2.59,2.51,1.71,Chandrakot,0,1.0,Pico (<5 kW),0,1,0
5637,3,1368.8,1341.2,27.6,24.0,25.23,496.4,5.57,83.15,28.228611,1,0,WECS_NEA_MIP,0.952,0.6602,0.3584,0.2186,0.1627,0.2094,0.1904,0.2094,0.2856,0.5236,1.6659,3.2367,3.4747,1.9991,0.9044,0.3998,0.2475,0.019,0.6602,0.6412,0.82,Commercial RoR (>1 MW),24.8,127.92,764.93,226.6,538.33,28.26,22.98,28.26,38.29,74.9,94.83,97.99,97.99,94.83,97.99,54.7,33.92,Malika,0,1.0,Mini (100-1000 kW),0,1,1
5650,1,1367.3,1151.2,216.2,0.5,1.02,519.3,41.62,83.325833,28.156667,0,1,WECS_NEA_MIP,0.041,0.0276,0.014,0.008,0.0058,0.009,0.0082,0.009,0.0123,0.0226,0.0718,0.1395,0.1498,0.0862,0.039,0.0172,0.0107,0.0008,0.014,0.0132,0.65,Micro/Mini Hydro (<1 MW),194.6,16.38,129.95,53.65,76.3,7.57,6.17,7.57,10.27,12.92,12.51,12.92,12.92,12.51,12.92,12.51,9.14,Musikot,0,1.0,Micro (5-100 kW),0,1,1
5651,1,1151.2,1103.2,48.0,1.02,3.08,191.5,25.07,83.322778,28.157778,0,1,WECS_NEA_MIP,0.1212,0.0823,0.0428,0.0251,0.0183,0.0267,0.0242,0.0267,0.0364,0.0667,0.2121,0.4121,0.4424,0.2545,0.1151,0.0509,0.0315,0.0024,0.0428,0.0404,0.65,Micro/Mini Hydro (<1 MW),43.2,11.13,87.26,35.47,51.78,4.98,4.04,4.98,6.74,8.77,8.49,8.77,8.77,8.49,8.77,8.49,5.96,Musikot,0,1.0,Micro (5-100 kW),0,1,1
5656,2,1366.5,1341.3,25.2,5.47,6.4,268.0,9.42,83.517778,28.105,0,1,WECS_NEA_MIP,0.2482,0.1698,0.0897,0.0532,0.0391,0.0546,0.0496,0.0546,0.0745,0.1365,0.4343,0.8439,0.9059,0.5212,0.2358,0.1042,0.0645,0.005,0.0897,0.0847,0.65,Micro/Mini Hydro (<1 MW),22.7,12.26,95.36,38.33,57.02,5.34,4.34,5.34,7.24,9.66,9.35,9.66,9.66,9.35,9.66,9.35,6.41,Kaligandaki,0,1.0,Micro (5-100 kW),0,1,1
5657,1,1366.2,1320.6,45.6,0.77,1.09,536.0,8.51,83.204167,28.076667,0,1,WECS_NEA_MIP,0.0438,0.0294,0.015,0.0086,0.0062,0.0096,0.0088,0.0096,0.0131,0.0241,0.0766,0.1489,0.1599,0.092,0.0416,0.0184,0.0114,0.0009,0.015,0.0141,0.65,Micro/Mini Hydro (<1 MW),41.0,3.69,29.25,12.03,17.22,1.69,1.39,1.69,2.3,2.92,2.82,2.92,2.92,2.82,2.92,2.82,2.04,Dhurkot,0,1.0,Pico (<5 kW),0,1,0
5658,1,1320.6,1173.0,147.6,1.09,1.36,577.2,25.57,83.205,28.081389,0,1,WECS_NEA_MIP,0.0544,0.0366,0.0188,0.0108,0.0078,0.012,0.0109,0.012,0.0163,0.0299,0.0952,0.185,0.1986,0.1142,0.0517,0.0228,0.0141,0.0011,0.0188,0.0177,0.65,Micro/Mini Hydro (<1 MW),132.8,14.99,118.53,48.61,69.92,6.87,5.58,6.87,9.27,11.84,11.46,11.84,11.84,11.46,11.84,11.46,8.19,Resunga,0,1.0,Micro (5-100 kW),0,1,1
5659,1,1173.0,1157.0,16.0,1.36,2.38,61.8,25.85,83.205833,28.083889,0,1,WECS_NEA_MIP,0.0941,0.0638,0.033,0.0192,0.014,0.0207,0.0188,0.0207,0.0282,0.0518,0.1648,0.3201,0.3436,0.1977,0.0894,0.0395,0.0245,0.0019,0.033,0.0311,0.65,Micro/Mini Hydro (<1 MW),14.4,2.86,22.46,9.15,13.31,1.28,1.04,1.28,1.74,2.25,2.18,2.25,2.25,2.18,2.25,2.18,1.54,Resunga,0,1.0,Pico (<5 kW),0,1,0
5664,3,1366.1,1339.0,27.2,10.75,11.65,614.1,4.42,83.036667,28.226944,1,0,WECS_NEA_MIP,0.4464,0.3072,0.1642,0.0986,0.0728,0.0982,0.0893,0.0982,0.1339,0.2455,0.7812,1.5178,1.6294,0.9375,0.4241,0.1875,0.1161,0.0089,0.3072,0.2983,0.82,Commercial RoR (>1 MW),24.5,58.79,352.65,104.98,247.66,13.09,10.65,13.09,17.74,34.69,43.59,45.04,45.04,43.59,45.04,25.34,15.72,Madane,0,1.0,Micro (5-100 kW),0,1,1
5665,3,1339.0,1308.4,30.6,11.65,12.49,377.7,8.09,83.033889,28.229722,1,0,WECS_NEA_MIP,0.4779,0.3292,0.1762,0.1059,0.0783,0.1051,0.0956,0.1051,0.1434,0.2629,0.8364,1.625,1.7445,1.0037,0.454,0.2007,0.1243,0.0096,0.3292,0.3196,0.82,Commercial RoR (>1 MW),27.5,70.7,423.95,126.1,297.85,15.72,12.78,15.72,21.31,41.69,52.43,54.18,54.18,52.43,54.18,30.44,18.88,Madane,0,1.0,Micro (5-100 kW),0,1,1
5676,1,1364.7,1184.3,180.4,0.51,1.04,648.6,27.81,83.243611,28.078889,0,1,WECS_NEA_MIP,0.0418,0.0281,0.0143,0.0082,0.0059,0.0092,0.0084,0.0092,0.0125,0.023,0.0732,0.1422,0.1527,0.0878,0.0397,0.0176,0.0109,0.0008,0.0143,0.0135,0.65,Micro/Mini Hydro (<1 MW),162.4,13.98,110.79,45.75,65.04,6.47,5.29,6.47,8.72,11.02,10.66,11.02,11.02,10.66,11.02,10.66,7.78,Resunga,0,1.0,Micro (5-100 kW),0,1,1
5677,1,1184.3,1103.7,80.6,1.04,1.42,608.1,13.25,83.241389,28.083333,0,1,WECS_NEA_MIP,0.0568,0.0382,0.0196,0.0113,0.0082,0.0125,0.0114,0.0125,0.017,0.0312,0.0993,0.193,0.2071,0.1192,0.0539,0.0238,0.0148,0.0011,0.0196,0.0185,0.65,Micro/Mini Hydro (<1 MW),72.5,8.55,67.58,27.79,39.8,3.92,3.2,3.92,5.29,6.74,6.52,6.74,6.74,6.52,6.74,6.52,4.71,Resunga,0,1.0,Micro (5-100 kW),0,1,1
5678,1,1103.7,1075.9,27.8,1.42,1.5,144.3,19.29,83.2425,28.086111,0,1,WECS_NEA_MIP,0.0599,0.0404,0.0207,0.0119,0.0086,0.0132,0.012,0.0132,0.018,0.0329,0.1048,0.2036,0.2186,0.1258,0.0569,0.0252,0.0156,0.0012,0.0207,0.0195,0.65,Micro/Mini Hydro (<1 MW),25.0,3.11,24.59,10.09,14.49,1.42,1.16,1.42,1.93,2.46,2.38,2.46,2.46,2.38,2.46,2.38,1.71,Resunga,0,1.0,Pico (<5 kW),0,1,0
5680,2,1364.6,1349.7,14.9,5.43,6.63,298.2,4.98,83.047222,28.159167,0,1,WECS_NEA_MIP,0.2569,0.1758,0.0929,0.0552,0.0405,0.0565,0.0514,0.0565,0.0771,0.1413,0.4496,0.8736,0.9378,0.5396,0.2441,0.1079,0.0668,0.0051,0.0929,0.0878,0.65,Micro/Mini Hydro (<1 MW),13.4,7.5,58.31,23.45,34.86,3.27,2.66,3.27,4.43,5.91,5.72,5.91,5.91,5.72,5.91,5.72,3.92,Madane,0,1.0,Micro (5-100 kW),0,1,1
5687,2,1363.0,1363.0,0.0,5.82,5.87,82.5,0.0,83.083056,28.108333,0,1,WECS_NEA_MIP,0.228,0.1559,0.0822,0.0487,0.0357,0.0502,0.0456,0.0502,0.0684,0.1254,0.3991,0.7753,0.8323,0.4789,0.2166,0.0958,0.0593,0.0046,0.0822,0.0776,0.65,Micro/Mini Hydro (<1 MW),0.0,0.0,0.0,0.0,0.0,0.0,0.0,0.0,0.0,0.0,0.0,0.0,0.0,0.0,0.0,0.0,0.0,Madane,0,1.0,Pico (<5 kW),0,0,0
5693,1,1360.9,1216.2,144.7,0.52,41.73,480.1,30.14,83.452778,28.125278,1,0,WECS_NEA_MIP,1.5588,1.0866,0.5957,0.367,0.2745,0.3429,0.3118,0.3429,0.4676,0.8573,2.7279,5.2998,5.6895,3.2734,1.4808,0.6547,0.4053,0.0312,1.0866,1.0554,0.82,Commercial RoR (>1 MW),130.2,1105.38,6596.71,1947.59,4649.12,242.89,197.49,242.89,329.09,643.72,819.4,846.71,846.71,819.4,846.71,470.18,291.51,Chandrakot,0,1.0,Small/Medium RoR (>1 MW),0,1,1
5696,2,1360.8,1343.1,17.7,2.27,3.14,206.1,8.59,83.531389,28.006111,0,1,WECS_NEA_MIP,0.1235,0.0839,0.0437,0.0256,0.0186,0.0272,0.0247,0.0272,0.0371,0.0679,0.2162,0.42,0.4508,0.2594,0.1173,0.0519,0.0321,0.0025,0.0437,0.0412,0.65,Micro/Mini Hydro (<1 MW),15.9,4.18,32.75,13.29,19.46,1.86,1.51,1.86,2.53,3.3,3.19,3.3,3.3,3.19,3.3,3.19,2.23,Satyawati,0,1.0,Pico (<5 kW),0,1,0
5708,1,1359.0,1254.8,104.3,1.41,2.05,621.4,16.78,83.256944,28.051111,0,1,WECS_NEA_MIP,0.0813,0.055,0.0284,0.0165,0.012,0.0179,0.0163,0.0179,0.0244,0.0447,0.1423,0.2765,0.2969,0.1708,0.0773,0.0342,0.0211,0.0016,0.0284,0.0268,0.65,Micro/Mini Hydro (<1 MW),93.9,16.05,126.29,51.6,74.68,7.26,5.91,7.26,9.83,12.65,12.24,12.65,12.65,12.24,12.65,12.24,8.69,Resunga,0,1.0,Micro (5-100 kW),0,1,1
5709,2,1254.8,1204.3,50.5,2.05,2.52,577.2,8.75,83.255833,28.046389,0,1,WECS_NEA_MIP,0.0996,0.0675,0.035,0.0204,0.0148,0.0219,0.0199,0.0219,0.0299,0.0548,0.1742,0.3385,0.3634,0.2091,0.0946,0.0418,0.0259,0.002,0.035,0.033,0.65,Micro/Mini Hydro (<1 MW),45.5,9.57,75.22,30.62,44.6,4.3,3.49,4.3,5.83,7.56,7.31,7.56,7.56,7.31,7.56,7.31,5.16,Resunga,0,1.0,Micro (5-100 kW),0,1,1
5710,2,1204.3,1150.3,54.0,2.52,4.87,371.1,14.54,83.255278,28.0425,0,1,WECS_NEA_MIP,0.1899,0.1296,0.068,0.0402,0.0294,0.0418,0.038,0.0418,0.057,0.1044,0.3323,0.6457,0.6931,0.3988,0.1804,0.0798,0.0494,0.0038,0.068,0.0642,0.65,Micro/Mini Hydro (<1 MW),48.6,19.9,155.26,62.71,92.55,8.76,7.12,8.76,11.87,15.68,15.17,15.68,15.68,15.17,15.68,15.17,10.51,Resunga,0,1.0,Micro (5-100 kW),0,1,1
5712,1,1358.9,1258.0,101.0,0.55,1.28,635.4,15.89,83.205278,28.201944,0,1,WECS_NEA_MIP,0.0513,0.0345,0.0176,0.0101,0.0073,0.0113,0.0103,0.0113,0.0154,0.0282,0.0897,0.1743,0.1871,0.1077,0.0487,0.0215,0.0133,0.001,0.0176,0.0166,0.65,Micro/Mini Hydro (<1 MW),90.9,9.62,76.21,31.41,44.8,4.44,3.62,4.44,6.01,7.59,7.34,7.59,7.59,7.34,7.59,7.34,5.3,Isma,0,1.0,Micro (5-100 kW),0,1,1
5713,1,1258.0,1258.0,0.0,1.28,1.37,150.9,0.0,83.2075,28.204167,0,1,WECS_NEA_MIP,0.0548,0.0369,0.0189,0.0109,0.0079,0.0121,0.011,0.0121,0.0164,0.0301,0.0959,0.1863,0.2,0.1151,0.0521,0.023,0.0142,0.0011,0.0189,0.0178,0.65,Micro/Mini Hydro (<1 MW),0.0,0.0,0.0,0.0,0.0,0.0,0.0,0.0,0.0,0.0,0.0,0.0,0.0,0.0,0.0,0.0,0.0,Isma,0,1.0,Pico (<5 kW),0,0,0
5716,1,1357.9,1302.6,55.3,0.86,1.14,587.5,9.41,83.096389,28.172778,0,1,WECS_NEA_MIP,0.0458,0.0308,0.0157,0.009,0.0065,0.0101,0.0092,0.0101,0.0137,0.0252,0.0801,0.1556,0.167,0.0961,0.0435,0.0192,0.0119,0.0009,0.0157,0.0148,0.65,Micro/Mini Hydro (<1 MW),49.8,4.7,37.25,15.35,21.9,2.17,1.77,2.17,2.93,3.71,3.59,3.71,3.71,3.59,3.71,3.59,2.6,Madane,0,1.0,Pico (<5 kW),0,1,0
5717,1,1302.6,1225.9,76.7,1.14,1.77,614.7,12.48,83.096111,28.168056,0,1,WECS_NEA_MIP,0.0704,0.0476,0.0245,0.0142,0.0103,0.0155,0.0141,0.0155,0.0211,0.0387,0.1233,0.2395,0.2571,0.1479,0.0669,0.0296,0.0183,0.0014,0.0245,0.0231,0.65,Micro/Mini Hydro (<1 MW),69.0,10.16,80.12,32.78,47.34,4.62,3.75,4.62,6.24,8.02,7.76,8.02,8.02,7.76,8.02,7.76,5.53,Madane,0,1.0,Micro (5-100 kW),0,1,1
5718,1,1225.9,1220.3,5.6,1.77,2.56,329.1,1.69,83.099722,28.166389,0,1,WECS_NEA_MIP,0.1011,0.0685,0.0355,0.0207,0.0151,0.0222,0.0202,0.0222,0.0303,0.0556,0.177,0.3438,0.3691,0.2123,0.0961,0.0425,0.0263,0.002,0.0355,0.0335,0.65,Micro/Mini Hydro (<1 MW),5.0,1.07,8.39,3.42,4.97,0.48,0.39,0.48,0.65,0.84,0.81,0.84,0.84,0.81,0.84,0.81,0.58,Madane,0,1.0,Pico (<5 kW),0,1,0
5724,2,1356.8,1266.0,90.8,1.97,2.36,628.7,14.44,83.146667,28.197778,0,1,WECS_NEA_MIP,0.0934,0.0632,0.0327,0.019,0.0138,0.0205,0.0187,0.0205,0.028,0.0514,0.1634,0.3175,0.3408,0.1961,0.0887,0.0392,0.0243,0.0019,0.0327,0.0308,0.65,Micro/Mini Hydro (<1 MW),81.7,16.05,126.27,51.45,74.82,7.21,5.88,7.21,9.79,12.67,12.27,12.67,12.67,12.27,12.67,12.27,8.68,Malika,0,1.0,Micro (5-100 kW),0,1,1
5725,2,1266.0,1247.3,18.7,2.36,3.83,109.7,17.04,83.145556,28.195,0,1,WECS_NEA_MIP,0.1501,0.1021,0.0534,0.0314,0.0229,0.033,0.03,0.033,0.045,0.0825,0.2626,0.5102,0.5477,0.3151,0.1426,0.063,0.039,0.003,0.0534,0.0504,0.65,Micro/Mini Hydro (<1 MW),16.8,5.4,42.21,17.09,25.12,2.39,1.94,2.39,3.24,4.26,4.12,4.26,4.26,4.12,4.26,4.12,2.87,Malika,0,1.0,Micro (5-100 kW),0,1,1
5730,2,1355.6,1200.3,155.3,6.03,6.24,568.5,27.31,83.406389,28.070833,0,1,WECS_NEA_MIP,0.2421,0.1656,0.0874,0.0518,0.038,0.0533,0.0484,0.0533,0.0726,0.1332,0.4237,0.8232,0.8837,0.5084,0.23,0.1017,0.063,0.0048,0.0874,0.0826,0.65,Micro/Mini Hydro (<1 MW),139.8,73.63,572.72,230.53,342.19,32.17,26.12,32.17,43.52,57.97,56.1,57.97,57.97,56.1,57.97,56.1,38.6,Satyawati,0,1.0,Micro (5-100 kW),0,1,1
5731,2,1200.3,1010.1,190.2,6.24,7.6,564.9,33.67,83.4025,28.068611,0,1,WECS_NEA_MIP,0.2937,0.2013,0.1067,0.0635,0.0467,0.0646,0.0587,0.0646,0.0881,0.1615,0.514,0.9987,1.0721,0.6168,0.279,0.1234,0.0764,0.0059,0.1067,0.1008,0.65,Micro/Mini Hydro (<1 MW),171.2,110.04,854.19,342.61,511.58,47.68,38.73,47.68,64.61,86.66,83.87,86.66,86.66,83.87,86.66,83.87,57.26,Satyawati,0,1.0,Mini (100-1000 kW),0,1,1
5732,2,1010.1,817.0,193.1,7.6,8.47,631.0,30.6,83.397778,28.066389,0,1,WECS_NEA_MIP,0.3266,0.2241,0.119,0.071,0.0523,0.0719,0.0653,0.0719,0.098,0.1797,0.5716,1.1106,1.1922,0.6859,0.3103,0.1372,0.0849,0.0065,0.119,0.1125,0.65,Micro/Mini Hydro (<1 MW),173.8,124.68,966.63,387.41,579.22,53.92,43.79,53.92,73.01,98.12,94.95,98.12,98.12,94.95,98.12,94.95,64.64,Chandrakot,0,1.0,Mini (100-1000 kW),0,1,1
5733,2,817.0,773.0,43.9,8.47,9.24,287.9,15.26,83.394444,28.064167,0,1,WECS_NEA_MIP,0.3557,0.2442,0.1299,0.0777,0.0572,0.0783,0.0711,0.0783,0.1067,0.1956,0.6225,1.2094,1.2984,0.747,0.3379,0.1494,0.0925,0.0071,0.1299,0.1228,0.65,Micro/Mini Hydro (<1 MW),39.5,30.93,239.62,95.93,143.7,13.34,10.83,13.34,18.06,24.34,23.56,24.34,24.34,23.56,24.34,23.56,16.0,Chandrakot,0,1.0,Micro (5-100 kW),0,1,1
5737,1,1355.1,1126.8,228.4,0.57,1.24,597.8,38.2,83.376111,28.090833,0,1,WECS_NEA_MIP,0.0497,0.0334,0.0171,0.0098,0.0071,0.0109,0.0099,0.0109,0.0149,0.0273,0.087,0.169,0.1814,0.1044,0.0472,0.0209,0.0129,0.001,0.0171,0.0161,0.65,Micro/Mini Hydro (<1 MW),205.6,21.11,167.02,68.56,98.46,9.66,7.84,9.66,13.12,16.68,16.14,16.68,16.68,16.14,16.68,16.14,11.61,Chandrakot,0,1.0,Micro (5-100 kW),0,1,1
5738,1,1126.8,917.0,209.7,1.24,1.75,625.1,33.56,83.378333,28.086111,0,1,WECS_NEA_MIP,0.0696,0.047,0.0242,0.014,0.0101,0.0153,0.0139,0.0153,0.0209,0.0383,0.1219,0.2368,0.2542,0.1463,0.0662,0.0293,0.0181,0.0014,0.0242,0.0228,0.65,Micro/Mini Hydro (<1 MW),188.7,27.43,216.39,88.5,127.89,12.44,10.11,12.44,16.89,21.66,20.97,21.66,21.66,20.97,21.66,20.97,14.95,Chandrakot,0,1.0,Micro (5-100 kW),0,1,1
5739,1,917.0,769.1,147.9,1.75,125.18,469.8,31.49,83.381944,28.083056,1,0,WECS_NEA_MIP,4.5743,3.2238,1.8068,1.1379,0.8604,1.0064,0.9149,1.0064,1.3723,2.5159,8.0051,15.5527,16.6963,9.6061,4.3456,1.9212,1.1893,0.0915,3.2238,3.1323,0.82,Commercial RoR (>1 MW),133.1,3353.7,19928.16,5843.13,14085.03,728.8,592.44,728.8,987.36,1931.25,2485.2,2568.04,2568.04,2485.2,2568.04,1410.5,874.49,Chandrakot,0,1.0,Small/Medium RoR (>1 MW),0,1,1
5746,2,1353.9,1341.3,12.6,9.03,9.29,587.5,2.14,83.053889,28.160278,0,1,WECS_NEA_MIP,0.3576,0.2456,0.1306,0.0781,0.0575,0.0787,0.0715,0.0787,0.1073,0.1967,0.6258,1.2158,1.3052,0.751,0.3397,0.1502,0.093,0.0072,0.1306,0.1234,0.65,Micro/Mini Hydro (<1 MW),11.3,8.89,68.9,27.57,41.33,3.83,3.11,3.83,5.19,7.0,6.78,7.0,7.0,6.78,7.0,6.78,4.6,Madane,0,1.0,Micro (5-100 kW),0,1,1
5747,2,1341.3,1336.7,4.7,9.29,16.55,405.0,1.15,83.053889,28.156667,1,0,WECS_NEA_MIP,0.6297,0.4349,0.2341,0.1416,0.1049,0.1385,0.1259,0.1385,0.1889,0.3464,1.1021,2.1411,2.2986,1.3225,0.5983,0.2645,0.1637,0.0126,0.4349,0.4223,0.82,Commercial RoR (>1 MW),4.2,14.27,85.46,25.38,60.08,3.16,2.57,3.16,4.29,8.39,10.58,10.93,10.93,10.58,10.93,6.13,3.8,Madane,0,1.0,Micro (5-100 kW),0,0,0
5748,1,1353.4,1273.8,79.7,0.59,30.55,315.2,25.28,83.166944,28.236667,1,0,WECS_NEA_MIP,1.1483,0.7979,0.4348,0.2662,0.1985,0.2526,0.2297,0.2526,0.3445,0.6316,2.0095,3.9042,4.1913,2.4114,1.0909,0.4823,0.2986,0.023,0.7979,0.7749,0.82,Commercial RoR (>1 MW),71.7,446.94,2670.7,790.1,1880.6,98.53,80.11,98.53,133.51,261.16,331.35,342.39,342.39,331.35,342.39,190.74,118.26,Malika,0,1.0,Mini (100-1000 kW),0,1,1
5758,1,1351.6,1173.8,177.7,0.54,1.35,343.1,51.8,83.475,28.0175,0,1,WECS_NEA_MIP,0.054,0.0364,0.0186,0.0107,0.0077,0.0119,0.0108,0.0119,0.0162,0.0297,0.0945,0.1836,0.1971,0.1134,0.0513,0.0227,0.014,0.0011,0.0186,0.0175,0.65,Micro/Mini Hydro (<1 MW),159.9,17.84,141.3,58.01,83.29,8.19,6.65,8.19,11.09,14.11,13.65,14.11,14.11,13.65,14.11,13.65,9.79,Satyawati,0,1.0,Micro (5-100 kW),0,1,1
5763,2,1349.7,1336.7,13.1,6.63,6.88,561.9,2.33,83.050556,28.1575,0,1,WECS_NEA_MIP,0.2664,0.1824,0.0965,0.0573,0.0421,0.0586,0.0533,0.0586,0.0799,0.1465,0.4662,0.9059,0.9725,0.5595,0.2531,0.1119,0.0693,0.0053,0.0965,0.0912,0.65,Micro/Mini Hydro (<1 MW),11.8,6.86,53.31,21.42,31.89,2.98,2.43,2.98,4.04,5.4,5.23,5.4,5.4,5.23,5.4,5.23,3.58,Madane,0,1.0,Micro (5-100 kW),0,1,1
5764,2,1336.7,1336.7,0.0,6.88,16.55,178.2,0.0,83.0525,28.155556,1,0,WECS_NEA_MIP,0.6297,0.4349,0.2341,0.1416,0.1049,0.1385,0.1259,0.1385,0.1889,0.3464,1.1021,2.1411,2.2986,1.3225,0.5983,0.2645,0.1637,0.0126,0.4349,0.4223,0.82,Commercial RoR (>1 MW),0.0,0.0,0.0,0.0,0.0,0.0,0.0,0.0,0.0,0.0,0.0,0.0,0.0,0.0,0.0,0.0,0.0,Madane,0,1.0,Pico (<5 kW),0,0,0
5771,2,1348.1,1310.8,37.2,4.63,5.5,305.5,12.19,83.359722,28.134722,0,1,WECS_NEA_MIP,0.2139,0.1461,0.0769,0.0455,0.0334,0.0471,0.0428,0.0471,0.0642,0.1177,0.3744,0.7274,0.7809,0.4493,0.2032,0.0899,0.0556,0.0043,0.0769,0.0726,0.65,Micro/Mini Hydro (<1 MW),33.5,15.51,120.86,48.72,72.15,6.8,5.53,6.8,9.21,12.22,11.83,12.22,12.22,11.83,12.22,11.83,8.15,Chandrakot,0,1.0,Micro (5-100 kW),0,1,1
5785,3,1287.6,1282.4,5.2,24.93,25.95,123.0,4.2,83.461667,28.13,1,0,WECS_NEA_MIP,0.9786,0.6789,0.3687,0.225,0.1675,0.2153,0.1957,0.2153,0.2936,0.5382,1.7125,3.3272,3.5718,2.055,0.9297,0.411,0.2544,0.0196,0.6789,0.6593,0.82,Commercial RoR (>1 MW),4.7,24.93,149.04,44.13,104.91,5.5,4.47,5.5,7.46,14.59,18.48,19.1,19.1,18.48,19.1,10.65,6.6,Chandrakot,0,1.0,Micro (5-100 kW),0,1,1
5807,1,1344.2,1251.4,92.8,0.63,1.27,608.1,15.27,83.252778,28.049722,0,1,WECS_NEA_MIP,0.0509,0.0342,0.0175,0.0101,0.0073,0.0112,0.0102,0.0112,0.0153,0.028,0.089,0.173,0.1857,0.1068,0.0483,0.0214,0.0132,0.001,0.0175,0.0165,0.65,Micro/Mini Hydro (<1 MW),83.5,8.79,69.54,28.62,40.92,4.04,3.29,4.04,5.48,6.93,6.71,6.93,6.93,6.71,6.93,6.71,4.83,Resunga,0,1.0,Micro (5-100 kW),0,1,1
5808,1,1251.4,1192.5,58.8,1.27,1.57,542.6,10.84,83.253611,28.045278,0,1,WECS_NEA_MIP,0.0626,0.0422,0.0217,0.0125,0.0091,0.0138,0.0125,0.0138,0.0188,0.0344,0.1096,0.2129,0.2286,0.1315,0.0595,0.0263,0.0163,0.0013,0.0217,0.0204,0.65,Micro/Mini Hydro (<1 MW),52.9,6.88,54.42,22.27,32.15,3.14,2.54,3.14,4.25,5.45,5.27,5.45,5.45,5.27,5.45,5.27,3.76,Resunga,0,1.0,Micro (5-100 kW),0,1,1
5809,1,1192.5,1150.3,42.2,1.57,4.87,284.9,14.82,83.254167,28.042222,0,1,WECS_NEA_MIP,0.1899,0.1296,0.068,0.0402,0.0294,0.0418,0.038,0.0418,0.057,0.1044,0.3323,0.6457,0.6931,0.3988,0.1804,0.0798,0.0494,0.0038,0.068,0.0642,0.65,Micro/Mini Hydro (<1 MW),38.0,15.56,121.4,49.03,72.37,6.85,5.57,6.85,9.28,12.26,11.86,12.26,12.26,11.86,12.26,11.86,8.22,Resunga,0,1.0,Micro (5-100 kW),0,1,1
5816,1,1343.2,1252.2,91.0,0.52,1.27,580.2,15.68,83.175278,28.24,0,1,WECS_NEA_MIP,0.0509,0.0342,0.0175,0.0101,0.0073,0.0112,0.0102,0.0112,0.0153,0.028,0.089,0.173,0.1857,0.1068,0.0483,0.0214,0.0132,0.001,0.0175,0.0165,0.65,Micro/Mini Hydro (<1 MW),81.9,8.62,68.21,28.07,40.14,3.96,3.23,3.96,5.38,6.8,6.58,6.8,6.8,6.58,6.8,6.58,4.74,Malika,0,1.0,Micro (5-100 kW),0,1,1
5817,1,1252.2,1241.9,10.3,1.27,2.08,610.4,1.69,83.177778,28.236389,0,1,WECS_NEA_MIP,0.0825,0.0558,0.0288,0.0167,0.0121,0.0181,0.0165,0.0181,0.0247,0.0454,0.1444,0.2805,0.3011,0.1732,0.0784,0.0346,0.0214,0.0017,0.0288,0.0272,0.65,Micro/Mini Hydro (<1 MW),9.3,1.61,12.66,5.16,7.5,0.72,0.59,0.72,0.98,1.27,1.23,1.27,1.27,1.23,1.27,1.23,0.87,Malika,0,1.0,Pico (<5 kW),0,1,0
5818,2,1241.9,1226.1,15.8,2.08,4.39,304.9,5.19,83.181111,28.234167,0,1,WECS_NEA_MIP,0.1715,0.1169,0.0613,0.0361,0.0264,0.0377,0.0343,0.0377,0.0515,0.0943,0.3002,0.5832,0.6261,0.3602,0.163,0.072,0.0446,0.0034,0.0613,0.0579,0.65,Micro/Mini Hydro (<1 MW),14.2,5.24,40.92,16.54,24.38,2.31,1.88,2.31,3.14,4.13,4.0,4.13,4.13,4.0,4.13,4.0,2.78,Malika,0,1.0,Micro (5-100 kW),0,1,1
5819,2,1343.1,1264.6,78.5,3.14,3.57,579.5,13.55,83.530278,28.003056,0,1,WECS_NEA_MIP,0.1401,0.0953,0.0497,0.0292,0.0213,0.0308,0.028,0.0308,0.042,0.077,0.2451,0.4763,0.5113,0.2942,0.1331,0.0588,0.0364,0.0028,0.0497,0.0469,0.65,Micro/Mini Hydro (<1 MW),70.7,21.14,165.49,67.08,98.41,9.39,7.63,9.39,12.72,16.67,16.13,16.67,16.67,16.13,16.67,16.13,11.27,Satyawati,0,1.0,Micro (5-100 kW),0,1,1
5820,2,1264.6,1001.7,262.9,3.57,5.35,525.7,50.01,83.526667,28.0,0,1,WECS_NEA_MIP,0.2082,0.1422,0.0748,0.0442,0.0324,0.0458,0.0416,0.0458,0.0625,0.1145,0.3644,0.708,0.76,0.4373,0.1978,0.0875,0.0541,0.0042,0.0748,0.0706,0.65,Micro/Mini Hydro (<1 MW),236.6,106.51,830.24,334.6,495.63,46.69,37.92,46.69,63.33,83.96,81.25,83.96,83.96,81.25,83.96,81.25,56.01,Satyawati,0,1.0,Mini (100-1000 kW),0,1,1
5849,1,1341.4,1194.6,146.7,0.57,0.9,597.1,24.57,83.4175,28.004722,0,1,WECS_NEA_MIP,0.0363,0.0244,0.0124,0.0071,0.0051,0.008,0.0073,0.008,0.0109,0.02,0.0635,0.1234,0.1325,0.0762,0.0345,0.0152,0.0094,0.0007,0.0124,0.0117,0.65,Micro/Mini Hydro (<1 MW),132.0,9.85,78.11,32.27,45.84,4.57,3.73,4.57,6.18,7.77,7.51,7.77,7.77,7.51,7.77,7.51,5.45,Ruru,0,1.0,Micro (5-100 kW),0,1,1
5850,1,1194.6,1116.4,78.3,0.9,1.4,583.8,13.4,83.416389,28.009167,0,1,WECS_NEA_MIP,0.056,0.0377,0.0193,0.0111,0.008,0.0123,0.0112,0.0123,0.0168,0.0308,0.0979,0.1903,0.2043,0.1175,0.0532,0.0235,0.0146,0.0011,0.0193,0.0182,0.65,Micro/Mini Hydro (<1 MW),70.5,8.18,64.7,26.59,38.11,3.75,3.05,3.75,5.08,6.46,6.25,6.46,6.46,6.25,6.46,6.25,4.52,Ruru,0,1.0,Micro (5-100 kW),0,1,1
5851,1,1116.4,990.5,125.9,1.4,1.79,628.7,20.02,83.413056,28.013611,0,1,WECS_NEA_MIP,0.0712,0.0481,0.0248,0.0143,0.0104,0.0157,0.0142,0.0157,0.0214,0.0392,0.1246,0.2421,0.2599,0.1495,0.0676,0.0299,0.0185,0.0014,0.0248,0.0234,0.65,Micro/Mini Hydro (<1 MW),113.3,16.91,133.2,54.51,78.69,7.69,6.21,7.69,10.4,13.33,12.9,13.33,13.33,12.9,13.33,12.9,9.19,Ruru,0,1.0,Micro (5-100 kW),0,1,1
5852,1,990.5,762.0,228.5,1.79,2.03,603.1,37.88,83.415278,28.0175,0,1,WECS_NEA_MIP,0.0806,0.0545,0.0281,0.0163,0.0118,0.0177,0.0161,0.0177,0.0242,0.0443,0.141,0.2739,0.294,0.1692,0.0765,0.0338,0.0209,0.0016,0.0281,0.0265,0.65,Micro/Mini Hydro (<1 MW),205.7,34.76,273.68,111.8,161.88,15.71,12.78,15.71,21.34,27.42,26.54,27.42,27.42,26.54,27.42,26.54,18.83,Ruru,0,1.0,Micro (5-100 kW),0,1,1
5853,2,762.0,609.7,152.3,2.03,3.34,611.1,24.92,83.418333,28.021111,0,1,WECS_NEA_MIP,0.1312,0.0892,0.0465,0.0272,0.0199,0.0289,0.0262,0.0289,0.0394,0.0722,0.2296,0.4462,0.479,0.2756,0.1247,0.0551,0.0341,0.0026,0.0465,0.0439,0.65,Micro/Mini Hydro (<1 MW),137.1,38.38,300.51,121.97,178.54,17.11,13.86,17.11,23.16,30.24,29.27,30.24,30.24,29.27,30.24,29.27,20.49,Ruru,0,1.0,Micro (5-100 kW),0,1,1
5854,2,609.7,571.5,38.2,3.34,1518.36,473.4,8.07,83.421944,28.024722,1,0,GAUGE_TRANSFER_DHM,51.1691,31.3737,15.6869,10.0844,7.0964,11.2572,10.2338,11.2572,15.3507,28.143,89.5458,173.9748,186.7671,107.455,48.6106,21.491,13.304,1.0234,31.3737,30.3503,0.82,Commercial RoR (>1 MW),34.4,4199.27,26425.09,8446.43,17978.65,2106.94,1712.73,2106.94,2854.55,5583.38,6250.86,6459.22,6459.22,6250.86,6459.22,4077.94,2528.33,Ruru,1,0.5,Small/Medium RoR (>1 MW),0,1,1
5855,2,1341.3,1306.8,34.5,6.4,6.93,618.4,5.58,83.517778,28.101389,0,1,WECS_NEA_MIP,0.2683,0.1837,0.0972,0.0578,0.0424,0.059,0.0537,0.059,0.0805,0.1476,0.4696,0.9123,0.9794,0.5635,0.2549,0.1127,0.0698,0.0054,0.0972,0.0918,0.65,Micro/Mini Hydro (<1 MW),31.1,18.2,141.48,56.82,84.66,7.91,6.44,7.91,10.72,14.34,13.88,14.34,14.34,13.88,14.34,13.88,9.5,Kaligandaki,0,1.0,Micro (5-100 kW),0,1,1
5856,2,1306.8,1232.8,74.0,6.93,7.65,635.4,11.65,83.513611,28.096944,0,1,WECS_NEA_MIP,0.2956,0.2026,0.1074,0.0639,0.047,0.065,0.0591,0.065,0.0887,0.1626,0.5173,1.0051,1.079,0.6208,0.2808,0.1242,0.0769,0.0059,0.1074,0.1015,0.65,Micro/Mini Hydro (<1 MW),66.6,43.1,334.53,134.21,200.32,18.67,15.18,18.67,25.32,33.93,32.84,33.93,33.93,32.84,33.93,32.84,22.43,Kaligandaki,0,1.0,Micro (5-100 kW),0,1,1
5857,2,1232.8,1059.5,173.3,7.65,8.23,639.0,27.13,83.510278,28.092222,0,1,WECS_NEA_MIP,0.3176,0.2178,0.1156,0.0689,0.0507,0.0699,0.0635,0.0699,0.0953,0.1747,0.5557,1.0797,1.1591,0.6669,0.3017,0.1334,0.0826,0.0064,0.1156,0.1092,0.65,Micro/Mini Hydro (<1 MW),156.0,108.62,842.82,337.78,505.04,47.0,38.17,47.0,63.67,85.55,82.79,85.55,85.55,82.79,85.55,82.79,56.39,Kaligandaki,0,1.0,Mini (100-1000 kW),0,1,1
5858,2,1059.5,1002.3,57.1,8.23,12.85,340.1,16.79,83.508056,28.088611,1,0,WECS_NEA_MIP,0.4914,0.3386,0.1813,0.1091,0.0806,0.1081,0.0983,0.1081,0.1474,0.2703,0.86,1.6709,1.7937,1.032,0.4669,0.2064,0.1278,0.0098,0.3386,0.3288,0.82,Commercial RoR (>1 MW),51.4,135.95,815.08,242.47,572.61,30.24,24.59,30.24,40.96,80.14,100.8,104.16,104.16,100.8,104.16,58.53,36.3,Kaligandaki,0,1.0,Mini (100-1000 kW),0,1,1
5859,3,1341.2,1330.3,10.9,25.23,27.67,423.6,2.57,83.153889,28.229167,1,0,WECS_NEA_MIP,1.0421,0.7234,0.3934,0.2404,0.1791,0.2293,0.2084,0.2293,0.3126,0.5732,1.8237,3.5432,3.8037,2.1884,0.99,0.4377,0.2709,0.0208,0.7234,0.7026,0.82,Commercial RoR (>1 MW),9.8,55.39,331.1,98.03,233.07,12.23,9.94,12.23,16.56,32.4,41.06,42.43,42.43,41.06,42.43,23.66,14.67,Malika,0,1.0,Micro (5-100 kW),0,1,1
5871,1,1338.9,1232.0,107.0,0.51,0.78,505.4,21.17,83.096389,28.201111,0,1,WECS_NEA_MIP,0.0315,0.0211,0.0107,0.0061,0.0044,0.0069,0.0063,0.0069,0.0095,0.0174,0.0552,0.1073,0.1152,0.0663,0.03,0.0133,0.0082,0.0006,0.0107,0.0101,0.65,Micro/Mini Hydro (<1 MW),96.3,6.2,49.26,20.4,28.86,2.88,2.35,2.88,3.93,4.89,4.73,4.89,4.89,4.73,4.89,4.73,3.47,Madane,0,1.0,Micro (5-100 kW),0,1,1
5872,2,1232.0,1229.6,2.4,0.78,5.32,30.9,7.66,83.098611,28.2,0,1,WECS_NEA_MIP,0.2071,0.1414,0.0744,0.044,0.0322,0.0456,0.0414,0.0456,0.0621,0.1139,0.3624,0.7041,0.7558,0.4349,0.1967,0.087,0.0538,0.0041,0.0744,0.0703,0.65,Micro/Mini Hydro (<1 MW),2.2,0.99,7.68,3.1,4.58,0.43,0.35,0.43,0.59,0.78,0.75,0.78,0.78,0.75,0.78,0.75,0.52,Madane,0,1.0,Pico (<5 kW),0,1,0
5874,2,1338.8,1278.3,60.5,3.89,4.51,561.2,10.79,83.158056,28.250278,0,1,WECS_NEA_MIP,0.1761,0.1201,0.063,0.0371,0.0271,0.0387,0.0352,0.0387,0.0528,0.0969,0.3082,0.5988,0.6429,0.3699,0.1673,0.074,0.0458,0.0035,0.063,0.0595,0.65,Micro/Mini Hydro (<1 MW),54.5,20.68,161.32,65.17,96.16,9.1,7.4,9.1,12.34,16.29,15.76,16.29,16.29,15.76,16.29,15.76,10.94,Malika,0,1.0,Micro (5-100 kW),0,1,1
5875,2,1278.3,1256.1,22.2,4.51,4.95,533.3,4.17,83.162778,28.251944,0,1,WECS_NEA_MIP,0.193,0.1317,0.0692,0.0408,0.0299,0.0425,0.0386,0.0425,0.0579,0.1061,0.3377,0.656,0.7043,0.4052,0.1833,0.081,0.0502,0.0039,0.0692,0.0653,0.65,Micro/Mini Hydro (<1 MW),20.0,8.33,64.98,26.22,38.76,3.66,2.97,3.66,4.96,6.57,6.35,6.57,6.57,6.35,6.57,6.35,4.39,Malika,0,1.0,Micro (5-100 kW),0,1,1
5876,2,1256.1,1235.6,20.5,4.95,5.86,349.8,5.86,83.166389,28.253333,0,1,WECS_NEA_MIP,0.2277,0.1556,0.082,0.0486,0.0356,0.0501,0.0455,0.0501,0.0683,0.1252,0.3984,0.774,0.831,0.4781,0.2163,0.0956,0.0592,0.0046,0.082,0.0775,0.65,Micro/Mini Hydro (<1 MW),18.4,9.09,70.73,28.47,42.25,3.97,3.22,3.97,5.38,7.16,6.93,7.16,7.16,6.93,7.16,6.93,4.77,Malika,0,1.0,Micro (5-100 kW),0,1,1
5877,1,1338.7,1193.9,144.8,0.52,0.99,628.7,23.03,83.439167,28.101389,0,1,WECS_NEA_MIP,0.0399,0.0268,0.0136,0.0078,0.0056,0.0088,0.008,0.0088,0.012,0.0219,0.0697,0.1355,0.1455,0.0837,0.0379,0.0167,0.0104,0.0008,0.0136,0.0128,0.65,Micro/Mini Hydro (<1 MW),130.3,10.63,84.58,34.95,49.63,4.95,4.02,4.95,6.7,8.41,8.14,8.41,8.41,8.14,8.41,8.14,5.93,Chandrakot,0,1.0,Micro (5-100 kW),0,1,1
5878,1,1193.9,1145.3,48.6,0.99,12.21,340.1,14.3,83.436111,28.105,1,0,WECS_NEA_MIP,0.4674,0.3219,0.1722,0.1035,0.0765,0.1028,0.0935,0.1028,0.1402,0.2571,0.818,1.5893,1.7062,0.9816,0.4441,0.1963,0.1215,0.0094,0.3219,0.3125,0.82,Commercial RoR (>1 MW),43.7,109.85,658.75,195.93,462.82,24.43,19.87,24.43,33.11,64.78,81.47,84.19,84.19,81.47,84.19,47.3,29.32,Chandrakot,0,1.0,Mini (100-1000 kW),0,1,1
5893,1,1337.2,1310.8,26.4,0.6,5.5,185.5,14.22,83.358611,28.134722,0,1,WECS_NEA_MIP,0.2139,0.1461,0.0769,0.0455,0.0334,0.0471,0.0428,0.0471,0.0642,0.1177,0.3744,0.7274,0.7809,0.4493,0.2032,0.0899,0.0556,0.0043,0.0769,0.0726,0.65,Micro/Mini Hydro (<1 MW),23.8,11.02,85.87,34.61,51.26,4.83,3.93,4.83,6.55,8.68,8.4,8.68,8.68,8.4,8.68,8.4,5.79,Chandrakot,0,1.0,Micro (5-100 kW),0,1,1
5896,3,1336.7,1336.7,0.0,16.55,18.54,493.4,0.0,83.054167,28.153333,1,0,WECS_NEA_MIP,0.7039,0.4867,0.2625,0.1591,0.1181,0.1549,0.1408,0.1549,0.2112,0.3871,1.2318,2.3931,2.5691,1.4781,0.6687,0.2956,0.183,0.0141,0.4867,0.4726,0.82,Commercial RoR (>1 MW),0.0,0.0,0.0,0.0,0.0,0.0,0.0,0.0,0.0,0.0,0.0,0.0,0.0,0.0,0.0,0.0,0.0,Madane,0,1.0,Pico (<5 kW),0,0,0
5897,3,1336.7,1295.3,41.4,18.54,18.74,576.5,7.18,83.057222,28.150833,1,0,WECS_NEA_MIP,0.7113,0.4919,0.2654,0.1609,0.1194,0.1565,0.1423,0.1565,0.2134,0.3912,1.2448,2.4184,2.5963,1.4937,0.6757,0.2987,0.1849,0.0142,0.4919,0.4777,0.82,Commercial RoR (>1 MW),37.3,143.33,858.09,254.66,603.43,31.77,25.83,31.77,43.03,84.16,106.27,109.81,109.81,106.27,109.81,61.46,38.11,Madane,0,1.0,Mini (100-1000 kW),0,1,1
5898,3,1295.3,1291.4,3.9,18.74,19.81,549.3,0.71,83.0575,28.146944,1,0,WECS_NEA_MIP,0.7511,0.5197,0.2807,0.1704,0.1265,0.1652,0.1502,0.1652,0.2253,0.4131,1.3144,2.5537,2.7415,1.5773,0.7135,0.3155,0.1953,0.015,0.5197,0.5047,0.82,Commercial RoR (>1 MW),3.5,14.21,85.05,25.23,59.82,3.15,2.56,3.15,4.26,8.34,10.54,10.89,10.89,10.54,10.89,6.09,3.78,Madane,0,1.0,Micro (5-100 kW),0,0,0
5911,1,1335.7,991.7,344.0,0.61,1.06,676.6,50.85,83.186944,28.259722,0,1,WECS_NEA_MIP,0.0426,0.0286,0.0146,0.0084,0.006,0.0094,0.0085,0.0094,0.0128,0.0234,0.0746,0.1449,0.1555,0.0895,0.0405,0.0179,0.0111,0.0009,0.0146,0.0138,0.65,Micro/Mini Hydro (<1 MW),309.6,27.24,214.98,88.39,126.59,12.48,10.08,12.48,16.91,21.44,20.75,21.44,21.44,20.75,21.44,20.75,14.98,Musikot,0,1.0,Micro (5-100 kW),0,1,1
5912,1,991.7,892.6,99.1,1.06,544.97,340.1,29.14,83.19,28.263333,1,0,GAUGE_TRANSFER_DHM,21.4168,13.1315,6.5657,4.2208,2.9702,4.7117,4.2834,4.7117,6.4251,11.7793,37.4795,72.8173,78.1715,44.9754,20.346,8.9951,5.5684,0.4283,13.1315,12.7032,0.82,Commercial RoR (>1 MW),89.2,4557.55,28679.6,9167.11,19512.49,2286.7,1858.89,2286.7,3098.13,6059.75,6784.14,7010.27,7010.27,6784.14,7010.27,4425.87,2744.05,Musikot,1,0.5,Small/Medium RoR (>1 MW),0,1,1
5942,1,1331.1,1249.1,82.0,0.5,1.12,288.6,28.4,83.437222,28.048889,0,1,WECS_NEA_MIP,0.045,0.0302,0.0154,0.0088,0.0064,0.0099,0.009,0.0099,0.0135,0.0247,0.0787,0.1529,0.1642,0.0944,0.0427,0.0189,0.0117,0.0009,0.0154,0.0145,0.65,Micro/Mini Hydro (<1 MW),73.8,6.82,54.13,22.31,31.83,3.15,2.56,3.15,4.27,5.39,5.22,5.39,5.39,5.22,5.39,5.22,3.78,Satyawati,0,1.0,Micro (5-100 kW),0,1,1
5951,3,1330.3,1316.8,13.5,27.67,28.56,423.6,3.18,83.157778,28.230556,1,0,WECS_NEA_MIP,1.0749,0.7465,0.4062,0.2483,0.185,0.2365,0.215,0.2365,0.3225,0.5912,1.8812,3.6548,3.9235,2.2574,1.0212,0.4515,0.2795,0.0215,0.7465,0.725,0.82,Commercial RoR (>1 MW),12.2,71.15,425.26,125.86,299.4,15.7,12.76,15.7,21.27,41.6,52.75,54.51,54.51,52.75,54.51,30.38,18.84,Malika,0,1.0,Micro (5-100 kW),0,1,1
5975,1,1326.3,1088.1,238.2,0.53,1.07,575.2,41.41,83.549167,28.106111,0,1,WECS_NEA_MIP,0.043,0.0289,0.0147,0.0084,0.0061,0.0095,0.0086,0.0095,0.0129,0.0237,0.0753,0.1462,0.157,0.0903,0.0409,0.0181,0.0112,0.0009,0.0147,0.0138,0.65,Micro/Mini Hydro (<1 MW),214.4,18.87,150.07,61.81,88.26,8.75,7.07,8.75,11.81,14.95,14.47,14.95,14.95,14.47,14.95,14.47,10.48,Kaligandaki,0,1.0,Micro (5-100 kW),0,1,1
5976,1,1088.1,929.9,158.3,1.07,25.63,423.6,37.36,83.553333,28.106111,1,0,WECS_NEA_MIP,0.9668,0.6706,0.3641,0.2221,0.1653,0.2127,0.1934,0.2127,0.29,0.5317,1.6918,3.287,3.5287,2.0302,0.9184,0.406,0.2514,0.0193,0.6706,0.6513,0.82,Commercial RoR (>1 MW),142.5,746.58,4464.21,1322.35,3141.85,164.94,134.11,164.94,223.42,437.0,553.47,571.92,571.92,553.47,571.92,319.16,197.95,Kaligandaki,0,1.0,Mini (100-1000 kW),0,1,1
5981,1,1325.5,1272.5,53.1,0.52,1.21,109.7,48.37,83.559444,28.013889,0,1,WECS_NEA_MIP,0.0485,0.0326,0.0167,0.0096,0.0069,0.0107,0.0097,0.0107,0.0146,0.0267,0.0849,0.1649,0.1771,0.1019,0.0461,0.0204,0.0126,0.001,0.0167,0.0157,0.65,Micro/Mini Hydro (<1 MW),47.8,4.79,37.94,15.58,22.36,2.2,1.78,2.2,2.98,3.79,3.66,3.79,3.79,3.66,3.79,3.66,2.63,Kaligandaki,0,1.0,Pico (<5 kW),0,1,0
5987,1,1324.3,1212.6,111.7,0.56,1.03,519.3,21.52,83.301667,28.069444,0,1,WECS_NEA_MIP,0.0414,0.0278,0.0142,0.0081,0.0058,0.0091,0.0083,0.0091,0.0124,0.0228,0.0725,0.1409,0.1512,0.087,0.0394,0.0174,0.0108,0.0008,0.0142,0.0134,0.65,Micro/Mini Hydro (<1 MW),100.5,8.59,68.0,28.03,39.97,3.96,3.23,3.96,5.35,6.77,6.55,6.77,6.77,6.55,6.77,6.55,4.77,Gulmidarbar,0,1.0,Micro (5-100 kW),0,1,1
5988,1,1212.6,1139.2,73.3,1.03,1.51,547.3,13.4,83.306389,28.069167,0,1,WECS_NEA_MIP,0.0603,0.0406,0.0209,0.012,0.0087,0.0133,0.0121,0.0133,0.0181,0.0332,0.1055,0.2049,0.22,0.1266,0.0573,0.0253,0.0157,0.0012,0.0209,0.0197,0.65,Micro/Mini Hydro (<1 MW),66.0,8.29,65.5,26.86,38.63,3.79,3.08,3.79,5.12,6.54,6.33,6.54,6.54,6.33,6.54,6.33,4.54,Gulmidarbar,0,1.0,Micro (5-100 kW),0,1,1
5989,2,1139.2,1057.3,81.9,1.51,2.59,652.3,12.56,83.310833,28.065833,0,1,WECS_NEA_MIP,0.1023,0.0693,0.036,0.021,0.0152,0.0225,0.0205,0.0225,0.0307,0.0563,0.179,0.3477,0.3733,0.2148,0.0972,0.043,0.0266,0.0021,0.036,0.0339,0.65,Micro/Mini Hydro (<1 MW),73.7,15.93,125.21,50.91,74.3,7.13,5.81,7.13,9.68,12.59,12.18,12.59,12.59,12.18,12.59,12.18,8.57,Gulmidarbar,0,1.0,Micro (5-100 kW),0,1,1
5990,2,1057.3,995.8,61.5,2.59,3.42,455.8,13.49,83.314722,28.063333,0,1,WECS_NEA_MIP,0.1343,0.0913,0.0476,0.0279,0.0204,0.0295,0.0269,0.0295,0.0403,0.0739,0.235,0.4566,0.4902,0.282,0.1276,0.0564,0.0349,0.0027,0.0476,0.0449,0.65,Micro/Mini Hydro (<1 MW),55.4,15.86,124.22,50.37,73.85,7.04,5.74,7.04,9.56,12.51,12.11,12.51,12.51,12.11,12.51,12.11,8.46,Gulmidarbar,0,1.0,Micro (5-100 kW),0,1,1
6000,1,1322.7,1264.8,57.9,0.52,4.3,260.0,22.28,83.098889,28.203889,0,1,WECS_NEA_MIP,0.1681,0.1145,0.06,0.0353,0.0258,0.037,0.0336,0.037,0.0504,0.0924,0.2942,0.5715,0.6135,0.353,0.1597,0.0706,0.0437,0.0034,0.06,0.0566,0.65,Micro/Mini Hydro (<1 MW),52.1,18.8,146.93,59.39,87.55,8.3,6.74,8.3,11.24,14.83,14.35,14.83,14.83,14.35,14.83,14.35,9.96,Madane,0,1.0,Micro (5-100 kW),0,1,1
6004,1,1322.3,1093.3,229.0,0.53,0.85,589.1,38.88,83.556667,28.090278,0,1,WECS_NEA_MIP,0.0343,0.023,0.0117,0.0067,0.0048,0.0076,0.0069,0.0076,0.0103,0.0189,0.0601,0.1167,0.1253,0.0721,0.0326,0.0144,0.0089,0.0007,0.0117,0.011,0.65,Micro/Mini Hydro (<1 MW),206.1,14.46,115.04,47.51,67.53,6.75,5.48,6.75,9.08,11.44,11.07,11.44,11.44,11.07,11.44,11.07,8.02,Kaligandaki,0,1.0,Micro (5-100 kW),0,1,1
6005,1,1093.3,797.8,295.5,0.85,31.25,410.9,71.91,83.560556,28.092778,1,0,WECS_NEA_MIP,1.1741,0.816,0.4448,0.2725,0.2032,0.2583,0.2348,0.2583,0.3522,0.6457,2.0546,3.9919,4.2854,2.4656,1.1154,0.4931,0.3053,0.0235,0.816,0.7925,0.82,Commercial RoR (>1 MW),265.9,1695.12,10128.11,2995.85,7132.26,373.66,303.72,373.66,506.21,990.16,1256.68,1298.57,1298.57,1256.68,1298.57,723.21,448.45,Kaligandaki,0,1.0,Small/Medium RoR (>1 MW),0,1,1
6012,1,1319.9,1311.8,8.1,0.54,1.29,526.7,1.53,83.406389,27.996111,0,1,WECS_NEA_MIP,0.0517,0.0348,0.0178,0.0102,0.0074,0.0114,0.0103,0.0114,0.0155,0.0284,0.0904,0.1756,0.1885,0.1085,0.0491,0.0217,0.0134,0.001,0.0178,0.0168,0.65,Micro/Mini Hydro (<1 MW),7.3,0.78,6.18,2.54,3.64,0.36,0.29,0.36,0.49,0.62,0.6,0.62,0.62,0.6,0.62,0.6,0.43,Ruru,0,1.0,Pico (<5 kW),0,1,0
6013,1,1311.8,1309.5,2.3,1.29,1.68,514.7,0.45,83.409722,27.998333,0,1,WECS_NEA_MIP,0.0669,0.0452,0.0232,0.0134,0.0097,0.0147,0.0134,0.0147,0.0201,0.0368,0.1171,0.2275,0.2443,0.1405,0.0636,0.0281,0.0174,0.0013,0.0232,0.0219,0.65,Micro/Mini Hydro (<1 MW),2.1,0.29,2.31,0.95,1.36,0.13,0.11,0.13,0.18,0.23,0.22,0.23,0.23,0.22,0.23,0.22,0.16,Ruru,0,1.0,Pico (<5 kW),0,0,0
6023,1,1319.1,1279.9,39.3,0.51,1.64,232.7,16.88,83.392222,28.121944,0,1,WECS_NEA_MIP,0.0654,0.0441,0.0227,0.0131,0.0095,0.0144,0.0131,0.0144,0.0196,0.0359,0.1144,0.2222,0.2386,0.1372,0.0621,0.0274,0.017,0.0013,0.0227,0.0214,0.65,Micro/Mini Hydro (<1 MW),35.4,4.83,38.12,15.61,22.5,2.2,1.79,2.2,2.97,3.81,3.69,3.81,3.81,3.69,3.81,3.69,2.64,Chandrakot,0,1.0,Pico (<5 kW),0,1,0
6031,1,1317.5,1237.8,79.8,0.52,0.79,533.3,14.95,83.359167,28.0225,0,1,WECS_NEA_MIP,0.0319,0.0214,0.0108,0.0062,0.0044,0.007,0.0064,0.007,0.0096,0.0176,0.0559,0.1086,0.1166,0.0671,0.0303,0.0134,0.0083,0.0006,0.0108,0.0102,0.65,Micro/Mini Hydro (<1 MW),71.8,4.67,37.13,15.41,21.72,2.18,1.78,2.18,2.97,3.68,3.56,3.68,3.68,3.56,3.68,3.56,2.62,Chatrakot,0,1.0,Pico (<5 kW),0,1,0
6032,1,1237.8,1123.3,114.5,0.79,1.22,621.4,18.43,83.363333,28.020278,0,1,WECS_NEA_MIP,0.0489,0.0329,0.0168,0.0097,0.007,0.0108,0.0098,0.0108,0.0147,0.0269,0.0856,0.1663,0.1785,0.1027,0.0465,0.0205,0.0127,0.001,0.0168,0.0158,0.65,Micro/Mini Hydro (<1 MW),103.0,10.38,82.33,33.87,48.46,4.79,3.88,4.79,6.48,8.21,7.94,8.21,8.21,7.94,8.21,7.94,5.72,Chatrakot,0,1.0,Micro (5-100 kW),0,1,1
6033,1,1123.3,1092.4,30.9,1.22,1.86,109.7,28.13,83.365278,28.017778,0,1,WECS_NEA_MIP,0.0739,0.05,0.0257,0.0149,0.0108,0.0163,0.0148,0.0163,0.0222,0.0407,0.1294,0.2514,0.2699,0.1553,0.0702,0.0311,0.0192,0.0015,0.0257,0.0242,0.65,Micro/Mini Hydro (<1 MW),27.8,4.29,33.86,13.85,20.01,1.95,1.58,1.95,2.64,3.39,3.28,3.39,3.39,3.28,3.39,3.28,2.33,Chatrakot,0,1.0,Pico (<5 kW),0,1,0
6034,3,1316.8,1316.8,0.0,28.56,29.14,274.0,0.0,83.160833,28.231111,1,0,WECS_NEA_MIP,1.0963,0.7615,0.4145,0.2535,0.189,0.2412,0.2193,0.2412,0.3289,0.603,1.9186,3.7275,4.0016,2.3023,1.0415,0.4605,0.285,0.0219,0.7615,0.7396,0.82,Commercial RoR (>1 MW),0.0,0.0,0.0,0.0,0.0,0.0,0.0,0.0,0.0,0.0,0.0,0.0,0.0,0.0,0.0,0.0,0.0,Malika,0,1.0,Pico (<5 kW),0,0,0
6035,1,1316.8,1316.8,0.0,0.52,29.14,109.1,0.0,83.161389,28.231667,1,0,WECS_NEA_MIP,1.0963,0.7615,0.4145,0.2535,0.189,0.2412,0.2193,0.2412,0.3289,0.603,1.9186,3.7275,4.0016,2.3023,1.0415,0.4605,0.285,0.0219,0.7615,0.7396,0.82,Commercial RoR (>1 MW),0.0,0.0,0.0,0.0,0.0,0.0,0.0,0.0,0.0,0.0,0.0,0.0,0.0,0.0,0.0,0.0,0.0,Malika,0,1.0,Pico (<5 kW),0,0,0
6036,3,1316.8,1281.9,35.0,29.14,29.75,592.8,5.9,83.164444,28.233333,1,0,WECS_NEA_MIP,1.1188,0.7773,0.4233,0.259,0.1931,0.2461,0.2238,0.2461,0.3356,0.6154,1.9579,3.804,4.0837,2.3495,1.0629,0.4699,0.2909,0.0224,0.7773,0.7549,0.82,Commercial RoR (>1 MW),31.5,191.29,1143.08,338.19,804.89,42.17,34.29,42.17,57.14,111.79,141.81,146.54,146.54,141.81,146.54,81.64,50.62,Malika,0,1.0,Mini (100-1000 kW),0,1,1
6037,3,1281.9,1273.8,8.1,29.75,30.55,250.4,3.24,83.1675,28.235278,1,0,WECS_NEA_MIP,1.1483,0.7979,0.4348,0.2662,0.1985,0.2526,0.2297,0.2526,0.3445,0.6316,2.0095,3.9042,4.1913,2.4114,1.0909,0.4823,0.2986,0.023,0.7979,0.7749,0.82,Commercial RoR (>1 MW),7.3,45.5,271.91,80.44,191.47,10.03,8.16,10.03,13.59,26.59,33.74,34.86,34.86,33.74,34.86,19.42,12.04,Malika,0,1.0,Micro (5-100 kW),0,1,1
6050,2,1315.0,1172.2,142.8,5.52,6.41,603.1,23.68,83.473333,28.030556,0,1,WECS_NEA_MIP,0.2486,0.1701,0.0898,0.0533,0.0391,0.0547,0.0497,0.0547,0.0746,0.1367,0.435,0.8452,0.9073,0.522,0.2361,0.1044,0.0646,0.005,0.0898,0.0848,0.65,Micro/Mini Hydro (<1 MW),128.5,69.48,540.51,217.35,323.16,30.3,24.61,30.3,41.06,54.74,52.98,54.74,54.74,52.98,54.74,52.98,36.33,Satyawati,0,1.0,Micro (5-100 kW),0,1,1
6051,2,1172.2,1016.4,155.9,6.41,7.51,470.4,33.13,83.469444,28.026944,0,1,WECS_NEA_MIP,0.2903,0.1989,0.1054,0.0627,0.0461,0.0639,0.0581,0.0639,0.0871,0.1597,0.5081,0.9871,1.0597,0.6097,0.2758,0.1219,0.0755,0.0058,0.1054,0.0996,0.65,Micro/Mini Hydro (<1 MW),140.3,89.1,691.83,277.7,414.14,38.67,31.44,38.67,52.37,70.15,67.89,70.15,70.15,67.89,70.15,67.89,46.39,Satyawati,0,1.0,Micro (5-100 kW),0,1,1
6056,1,1314.3,1204.8,109.5,0.65,1.06,477.5,22.93,83.100278,28.146389,0,1,WECS_NEA_MIP,0.0426,0.0286,0.0146,0.0084,0.006,0.0094,0.0085,0.0094,0.0128,0.0234,0.0746,0.1449,0.1555,0.0895,0.0405,0.0179,0.0111,0.0009,0.0146,0.0138,0.65,Micro/Mini Hydro (<1 MW),98.5,8.67,68.4,28.12,40.27,3.97,3.21,3.97,5.38,6.82,6.6,6.82,6.82,6.6,6.82,6.6,4.77,Madane,0,1.0,Micro (5-100 kW),0,1,1
6057,1,1204.8,1179.0,25.8,1.06,6.81,436.2,5.92,83.104722,28.146667,0,1,WECS_NEA_MIP,0.2638,0.1806,0.0955,0.0567,0.0417,0.058,0.0528,0.058,0.0791,0.1451,0.4616,0.8968,0.9628,0.5539,0.2506,0.1108,0.0686,0.0053,0.0955,0.0902,0.65,Micro/Mini Hydro (<1 MW),23.2,13.34,103.71,41.66,62.05,5.8,4.72,5.8,7.86,10.51,10.17,10.51,10.51,10.17,10.51,10.17,6.97,Madane,0,1.0,Micro (5-100 kW),0,1,1
6058,3,1314.2,1302.1,12.1,17.5,18.87,536.0,2.25,83.080556,28.171667,1,0,WECS_NEA_MIP,0.7161,0.4952,0.2673,0.1621,0.1203,0.1576,0.1432,0.1576,0.2148,0.3939,1.2533,2.4349,2.6139,1.5039,0.6803,0.3008,0.1862,0.0143,0.4952,0.4809,0.82,Commercial RoR (>1 MW),10.9,42.17,252.45,74.93,177.53,9.35,7.6,9.35,12.66,24.76,31.26,32.3,32.3,31.26,32.3,18.09,11.21,Madane,0,1.0,Micro (5-100 kW),0,1,1
6069,2,1311.6,1227.0,84.6,2.37,2.64,589.1,14.37,83.394167,28.115833,0,1,WECS_NEA_MIP,0.1042,0.0707,0.0367,0.0214,0.0156,0.0229,0.0208,0.0229,0.0313,0.0573,0.1824,0.3543,0.3804,0.2188,0.099,0.0438,0.0271,0.0021,0.0367,0.0346,0.65,Micro/Mini Hydro (<1 MW),76.1,16.79,131.81,53.59,78.22,7.51,6.1,7.51,10.2,13.25,12.82,13.25,13.25,12.82,13.25,12.82,9.03,Chandrakot,0,1.0,Micro (5-100 kW),0,1,1
6070,2,1227.0,1212.6,14.4,2.64,4.67,113.4,12.69,83.396667,28.118333,0,1,WECS_NEA_MIP,0.1823,0.1243,0.0652,0.0385,0.0281,0.0401,0.0365,0.0401,0.0547,0.1002,0.3189,0.6197,0.6652,0.3827,0.1731,0.0765,0.0474,0.0037,0.0652,0.0615,0.65,Micro/Mini Hydro (<1 MW),13.0,5.1,39.81,16.08,23.74,2.24,1.83,2.24,3.04,4.02,3.89,4.02,4.02,3.89,4.02,3.89,2.7,Chandrakot,0,1.0,Micro (5-100 kW),0,1,1
6071,1,1311.6,1137.8,173.8,0.64,1.09,577.2,30.11,83.541389,28.093611,0,1,WECS_NEA_MIP,0.0438,0.0294,0.015,0.0086,0.0062,0.0096,0.0088,0.0096,0.0131,0.0241,0.0766,0.1489,0.1599,0.092,0.0416,0.0184,0.0114,0.0009,0.015,0.0141,0.65,Micro/Mini Hydro (<1 MW),156.4,14.06,111.59,45.89,65.7,6.46,5.29,6.46,8.76,11.13,10.77,11.13,11.13,10.77,11.13,10.77,7.79,Kaligandaki,0,1.0,Micro (5-100 kW),0,1,1
6072,1,1137.8,966.0,171.9,1.09,1.72,649.3,26.47,83.538611,28.088889,0,1,WECS_NEA_MIP,0.0685,0.0462,0.0238,0.0137,0.01,0.0151,0.0137,0.0151,0.0205,0.0377,0.1198,0.2328,0.25,0.1438,0.0651,0.0288,0.0178,0.0014,0.0238,0.0224,0.65,Micro/Mini Hydro (<1 MW),154.7,22.1,174.44,71.33,103.11,10.05,8.15,10.05,13.57,17.47,16.9,17.47,17.47,16.9,17.47,16.9,12.04,Kaligandaki,0,1.0,Micro (5-100 kW),0,1,1
6073,1,966.0,953.7,12.3,1.72,5.14,82.5,14.93,83.536944,28.086389,0,1,WECS_NEA_MIP,0.2002,0.1367,0.0719,0.0425,0.0311,0.044,0.04,0.044,0.0601,0.1101,0.3504,0.6807,0.7308,0.4204,0.1902,0.0841,0.0521,0.004,0.0719,0.0679,0.65,Micro/Mini Hydro (<1 MW),11.1,4.81,37.45,15.1,22.35,2.11,1.71,2.11,2.86,3.79,3.66,3.79,3.79,3.66,3.79,3.66,2.53,Kaligandaki,0,1.0,Pico (<5 kW),0,1,0
6082,2,1310.8,1244.3,66.5,5.5,6.41,566.9,11.74,83.358056,28.131389,0,1,WECS_NEA_MIP,0.2486,0.1701,0.0898,0.0533,0.0391,0.0547,0.0497,0.0547,0.0746,0.1367,0.435,0.8452,0.9073,0.522,0.2361,0.1044,0.0646,0.005,0.0898,0.0848,0.65,Micro/Mini Hydro (<1 MW),59.9,32.39,251.96,101.32,150.64,14.12,11.47,14.12,19.14,25.52,24.7,25.52,25.52,24.7,25.52,24.7,16.94,Chandrakot,0,1.0,Micro (5-100 kW),0,1,1
6083,2,1244.3,1244.3,0.0,6.41,7.78,116.4,0.0,83.358611,28.128611,0,1,WECS_NEA_MIP,0.3005,0.206,0.1092,0.0651,0.0479,0.0661,0.0601,0.0661,0.0902,0.1653,0.5259,1.0218,1.097,0.6311,0.2855,0.1262,0.0781,0.006,0.1092,0.1032,0.65,Micro/Mini Hydro (<1 MW),0.0,0.0,0.0,0.0,0.0,0.0,0.0,0.0,0.0,0.0,0.0,0.0,0.0,0.0,0.0,0.0,0.0,Chandrakot,0,1.0,Pico (<5 kW),0,0,0
6085,2,1310.5,1278.6,31.9,2.31,2.98,505.4,6.31,83.089722,28.110833,0,1,WECS_NEA_MIP,0.1173,0.0797,0.0414,0.0242,0.0176,0.0258,0.0235,0.0258,0.0352,0.0645,0.2054,0.399,0.4283,0.2464,0.1115,0.0493,0.0305,0.0024,0.0414,0.0391,0.65,Micro/Mini Hydro (<1 MW),28.7,7.16,56.03,22.75,33.28,3.19,2.59,3.19,4.32,5.64,5.46,5.64,5.64,5.46,5.64,5.46,3.83,Dhurkot,0,1.0,Micro (5-100 kW),0,1,1
6086,2,1278.6,1258.1,20.5,2.98,3.59,218.8,9.39,83.093056,28.110278,0,1,WECS_NEA_MIP,0.1408,0.0958,0.05,0.0293,0.0214,0.031,0.0282,0.031,0.0423,0.0775,0.2465,0.4789,0.5141,0.2958,0.1338,0.0592,0.0366,0.0028,0.05,0.0472,0.65,Micro/Mini Hydro (<1 MW),18.4,5.54,43.34,17.58,25.77,2.46,2.0,2.46,3.34,4.36,4.22,4.36,4.36,4.22,4.36,4.22,2.95,Dhurkot,0,1.0,Micro (5-100 kW),0,1,1
6090,1,1310.0,1235.6,74.4,0.54,5.86,309.2,24.08,83.1675,28.253333,0,1,WECS_NEA_MIP,0.2277,0.1556,0.082,0.0486,0.0356,0.0501,0.0455,0.0501,0.0683,0.1252,0.3984,0.774,0.831,0.4781,0.2163,0.0956,0.0592,0.0046,0.082,0.0775,0.65,Micro/Mini Hydro (<1 MW),67.0,33.11,257.54,103.68,153.86,14.46,11.74,14.46,19.59,26.06,25.22,26.06,26.06,25.22,26.06,25.22,17.35,Malika,0,1.0,Micro (5-100 kW),0,1,1
6101,1,1308.9,1249.5,59.4,0.72,1.83,195.8,30.36,83.37,28.182778,0,1,WECS_NEA_MIP,0.0728,0.0492,0.0253,0.0147,0.0106,0.016,0.0146,0.016,0.0218,0.04,0.1273,0.2474,0.2656,0.1528,0.0691,0.0306,0.0189,0.0015,0.0253,0.0238,0.65,Micro/Mini Hydro (<1 MW),53.5,8.12,64.09,26.19,37.91,3.68,3.0,3.68,4.99,6.42,6.21,6.42,6.42,6.21,6.42,6.21,4.42,Musikot,0,1.0,Micro (5-100 kW),0,1,1
6104,2,1308.3,1214.0,94.2,2.69,3.23,645.7,14.59,83.48,28.086944,0,1,WECS_NEA_MIP,0.127,0.0863,0.0449,0.0263,0.0192,0.0279,0.0254,0.0279,0.0381,0.0698,0.2222,0.4318,0.4635,0.2667,0.1206,0.0533,0.033,0.0025,0.0449,0.0424,0.65,Micro/Mini Hydro (<1 MW),84.8,22.93,179.58,72.95,106.63,10.22,8.32,10.22,13.86,18.06,17.48,18.06,18.06,17.48,18.06,17.48,12.27,Satyawati,0,1.0,Micro (5-100 kW),0,1,1
6105,2,1214.0,1189.9,24.1,3.23,4.54,259.3,9.3,83.483611,28.084722,0,1,WECS_NEA_MIP,0.1773,0.1209,0.0634,0.0374,0.0273,0.039,0.0355,0.039,0.0532,0.0975,0.3102,0.6027,0.6471,0.3723,0.1684,0.0745,0.0461,0.0035,0.0634,0.0599,0.65,Micro/Mini Hydro (<1 MW),21.7,8.29,64.68,26.15,38.53,3.65,2.98,3.65,4.95,6.53,6.32,6.53,6.53,6.32,6.53,6.32,4.39,Satyawati,0,1.0,Micro (5-100 kW),0,1,1
6108,1,1307.5,1266.3,41.2,0.5,2.09,191.5,21.51,83.170556,28.073889,0,1,WECS_NEA_MIP,0.0829,0.0561,0.029,0.0168,0.0122,0.0182,0.0166,0.0182,0.0249,0.0456,0.1451,0.2818,0.3025,0.1741,0.0787,0.0348,0.0216,0.0017,0.029,0.0273,0.65,Micro/Mini Hydro (<1 MW),37.1,6.46,50.87,20.74,30.13,2.9,2.37,2.9,3.95,5.1,4.94,5.1,5.1,4.94,5.1,4.94,3.5,Dhurkot,0,1.0,Micro (5-100 kW),0,1,1
6154,3,1302.1,1293.7,8.4,18.87,20.03,329.8,2.55,83.080556,28.168056,1,0,WECS_NEA_MIP,0.7593,0.5254,0.2839,0.1723,0.1279,0.167,0.1519,0.167,0.2278,0.4176,1.3287,2.5815,2.7713,1.5944,0.7213,0.3189,0.1974,0.0152,0.5254,0.5102,0.82,Commercial RoR (>1 MW),7.6,31.19,186.69,55.37,131.32,6.9,5.62,6.9,9.36,18.3,23.13,23.9,23.9,23.13,23.9,13.37,8.29,Madane,0,1.0,Micro (5-100 kW),0,1,1
6155,1,1301.9,1266.5,35.4,0.6,0.82,565.6,6.26,83.523333,28.0925,0,1,WECS_NEA_MIP,0.0331,0.0222,0.0113,0.0064,0.0046,0.0073,0.0066,0.0073,0.0099,0.0182,0.058,0.1127,0.1209,0.0696,0.0315,0.0139,0.0086,0.0007,0.0113,0.0106,0.65,Micro/Mini Hydro (<1 MW),31.9,2.16,17.15,7.06,10.1,1.0,0.81,1.0,1.35,1.71,1.65,1.71,1.71,1.65,1.71,1.65,1.2,Kaligandaki,0,1.0,Pico (<5 kW),0,1,0
6156,1,1266.5,1205.4,61.1,0.82,1.08,582.5,10.49,83.5275,28.09,0,1,WECS_NEA_MIP,0.0434,0.0292,0.0149,0.0085,0.0061,0.0095,0.0087,0.0095,0.013,0.0239,0.076,0.1476,0.1584,0.0911,0.0412,0.0182,0.0113,0.0009,0.0149,0.014,0.65,Micro/Mini Hydro (<1 MW),55.0,4.91,38.93,15.98,22.95,2.24,1.84,2.24,3.06,3.89,3.76,3.89,3.89,3.76,3.89,3.76,2.71,Kaligandaki,0,1.0,Pico (<5 kW),0,1,0
6157,2,1205.4,1202.0,3.4,1.08,2.77,27.3,12.56,83.53,28.090833,0,1,WECS_NEA_MIP,0.1092,0.0741,0.0385,0.0225,0.0163,0.024,0.0218,0.024,0.0328,0.0601,0.1912,0.3714,0.3987,0.2294,0.1038,0.0459,0.0284,0.0022,0.0385,0.0363,0.65,Micro/Mini Hydro (<1 MW),3.1,0.72,5.63,2.29,3.34,0.32,0.26,0.32,0.44,0.57,0.55,0.57,0.57,0.55,0.57,0.55,0.39,Kaligandaki,0,1.0,Pico (<5 kW),0,1,0
6162,1,1301.5,1096.8,204.7,0.71,1.1,659.6,31.04,83.554444,27.991944,0,1,WECS_NEA_MIP,0.0442,0.0297,0.0151,0.0087,0.0063,0.0097,0.0088,0.0097,0.0133,0.0243,0.0773,0.1502,0.1613,0.0928,0.042,0.0186,0.0115,0.0009,0.0151,0.0142,0.65,Micro/Mini Hydro (<1 MW),184.2,16.68,132.46,54.56,77.9,7.69,6.24,7.69,10.49,13.2,12.77,13.2,13.2,12.77,13.2,12.77,9.26,Kaligandaki,0,1.0,Micro (5-100 kW),0,1,1
6163,1,1096.8,875.8,221.0,1.1,1.37,587.5,37.62,83.551667,27.987222,0,1,WECS_NEA_MIP,0.0548,0.0369,0.0189,0.0109,0.0079,0.0121,0.011,0.0121,0.0164,0.0301,0.0959,0.1863,0.2,0.1151,0.0521,0.023,0.0142,0.0011,0.0189,0.0178,0.65,Micro/Mini Hydro (<1 MW),198.9,22.58,178.64,73.36,105.28,10.38,8.44,10.38,13.97,17.83,17.26,17.83,17.83,17.26,17.83,17.26,12.36,Kaligandaki,0,1.0,Micro (5-100 kW),0,1,1
6164,1,875.8,862.0,13.8,1.37,2.89,92.8,14.89,83.551944,27.984444,0,1,WECS_NEA_MIP,0.1139,0.0773,0.0402,0.0235,0.0171,0.0251,0.0228,0.0251,0.0342,0.0626,0.1993,0.3872,0.4156,0.2391,0.1082,0.0478,0.0296,0.0023,0.0402,0.0379,0.65,Micro/Mini Hydro (<1 MW),12.4,3.0,23.52,9.56,13.96,1.34,1.09,1.34,1.82,2.36,2.29,2.36,2.36,2.29,2.36,2.29,1.61,Kaligandaki,0,1.0,Pico (<5 kW),0,1,0
6188,2,1297.6,1231.2,66.4,2.8,4.98,391.7,16.95,83.167778,28.195556,0,1,WECS_NEA_MIP,0.1941,0.1325,0.0696,0.0411,0.0301,0.0427,0.0388,0.0427,0.0582,0.1068,0.3397,0.6599,0.7085,0.4076,0.1844,0.0815,0.0505,0.0039,0.0696,0.0657,0.65,Micro/Mini Hydro (<1 MW),59.8,25.05,195.39,78.83,116.56,11.01,8.94,11.01,14.91,19.75,19.11,19.75,19.75,19.11,19.75,19.11,13.22,Malika,0,1.0,Micro (5-100 kW),0,1,1
6195,1,1296.1,1170.4,125.7,0.51,0.98,561.9,22.38,83.312778,28.021111,0,1,WECS_NEA_MIP,0.0395,0.0265,0.0135,0.0077,0.0055,0.0087,0.0079,0.0087,0.0118,0.0217,0.0691,0.1342,0.144,0.0829,0.0375,0.0166,0.0103,0.0008,0.0135,0.0127,0.65,Micro/Mini Hydro (<1 MW),113.1,9.16,72.73,29.97,42.76,4.24,3.44,4.24,5.71,7.24,7.01,7.24,7.24,7.01,7.24,7.01,5.1,Gulmidarbar,0,1.0,Micro (5-100 kW),0,1,1
6196,1,1170.4,1056.0,114.4,0.98,1.48,547.3,20.9,83.308611,28.018611,0,1,WECS_NEA_MIP,0.0591,0.0398,0.0204,0.0118,0.0085,0.013,0.0118,0.013,0.0177,0.0325,0.1034,0.2009,0.2157,0.1241,0.0561,0.0248,0.0154,0.0012,0.0204,0.0192,0.65,Micro/Mini Hydro (<1 MW),103.0,12.61,99.77,40.92,58.85,5.77,4.68,5.77,7.8,9.97,9.65,9.97,9.97,9.65,9.97,9.65,6.94,Gulmidarbar,0,1.0,Micro (5-100 kW),0,1,1
6197,1,1056.0,974.8,81.2,1.48,1.8,582.5,13.94,83.303889,28.018611,0,1,WECS_NEA_MIP,0.0716,0.0484,0.0249,0.0144,0.0104,0.0158,0.0143,0.0158,0.0215,0.0394,0.1253,0.2434,0.2613,0.1504,0.068,0.0301,0.0186,0.0014,0.0249,0.0235,0.65,Micro/Mini Hydro (<1 MW),73.1,10.95,86.35,35.37,50.98,4.99,4.04,4.99,6.75,8.64,8.36,8.64,8.64,8.36,8.64,8.36,5.96,Gulmidarbar,0,1.0,Micro (5-100 kW),0,1,1
6198,2,974.8,956.3,18.5,1.8,7.9,191.5,9.68,83.301389,28.016111,0,1,WECS_NEA_MIP,0.3051,0.2092,0.1109,0.0661,0.0486,0.0671,0.061,0.0671,0.0915,0.1678,0.5339,1.0373,1.1136,0.6407,0.2898,0.1281,0.0793,0.0061,0.1109,0.1048,0.65,Micro/Mini Hydro (<1 MW),16.7,11.16,86.59,34.73,51.87,4.83,3.93,4.83,6.55,8.79,8.5,8.79,8.79,8.5,8.79,8.5,5.8,Gulmidarbar,0,1.0,Micro (5-100 kW),0,1,1
6199,1,1296.1,1229.0,67.1,0.62,3.07,394.6,16.99,83.129722,28.196389,0,1,WECS_NEA_MIP,0.1208,0.082,0.0427,0.025,0.0182,0.0266,0.0242,0.0266,0.0362,0.0665,0.2114,0.4108,0.441,0.2537,0.1148,0.0507,0.0314,0.0024,0.0427,0.0403,0.65,Micro/Mini Hydro (<1 MW),60.4,15.52,121.66,49.43,72.23,6.93,5.64,6.93,9.37,12.24,11.84,12.24,12.24,11.84,12.24,11.84,8.31,Malika,0,1.0,Micro (5-100 kW),0,1,1
6212,2,1294.3,1290.9,3.4,6.1,7.25,68.5,4.95,83.453056,28.103889,0,1,WECS_NEA_MIP,0.2805,0.1921,0.1017,0.0605,0.0445,0.0617,0.0561,0.0617,0.0841,0.1543,0.4908,0.9536,1.0237,0.589,0.2664,0.1178,0.0729,0.0056,0.1017,0.0961,0.65,Micro/Mini Hydro (<1 MW),3.1,1.9,14.75,5.92,8.83,0.83,0.67,0.83,1.12,1.5,1.45,1.5,1.5,1.45,1.5,1.45,0.99,Chandrakot,0,1.0,Pico (<5 kW),0,1,0
6215,1,1293.7,1137.8,155.9,0.51,1.07,495.1,31.49,83.536111,27.995556,0,1,WECS_NEA_MIP,0.043,0.0289,0.0147,0.0084,0.0061,0.0095,0.0086,0.0095,0.0129,0.0237,0.0753,0.1462,0.157,0.0903,0.0409,0.0181,0.0112,0.0009,0.0147,0.0138,0.65,Micro/Mini Hydro (<1 MW),140.3,12.35,98.21,40.45,57.76,5.72,4.63,5.72,7.73,9.78,9.47,9.78,9.78,9.47,9.78,9.47,6.86,Satyawati,0,1.0,Micro (5-100 kW),0,1,1
6216,1,1137.8,965.6,172.2,1.07,1.51,477.5,36.06,83.531389,27.995556,0,1,WECS_NEA_MIP,0.0603,0.0406,0.0209,0.012,0.0087,0.0133,0.0121,0.0133,0.0181,0.0332,0.1055,0.2049,0.22,0.1266,0.0573,0.0253,0.0157,0.0012,0.0209,0.0197,0.65,Micro/Mini Hydro (<1 MW),155.0,19.47,153.82,63.09,90.72,8.9,7.24,8.9,12.03,15.37,14.87,15.37,15.37,14.87,15.37,14.87,10.66,Satyawati,0,1.0,Micro (5-100 kW),0,1,1
6217,1,965.6,947.7,17.9,1.51,7.12,85.5,20.93,83.528611,27.995278,0,1,WECS_NEA_MIP,0.2755,0.1887,0.0999,0.0594,0.0436,0.0606,0.0551,0.0606,0.0827,0.1515,0.4822,0.9368,1.0057,0.5786,0.2618,0.1157,0.0716,0.0055,0.0999,0.0944,0.65,Micro/Mini Hydro (<1 MW),16.1,9.69,75.27,30.22,45.04,4.21,3.42,4.21,5.71,7.63,7.38,7.63,7.63,7.38,7.63,7.38,5.05,Satyawati,0,1.0,Micro (5-100 kW),0,1,1
6218,3,1293.7,1283.2,10.4,20.03,20.41,625.1,1.67,83.0825,28.164722,1,0,WECS_NEA_MIP,0.7734,0.5352,0.2893,0.1757,0.1305,0.1701,0.1547,0.1701,0.232,0.4254,1.3534,2.6295,2.8228,1.6241,0.7347,0.3248,0.2011,0.0155,0.5352,0.5197,0.82,Commercial RoR (>1 MW),9.4,39.3,235.2,69.76,165.44,8.7,7.07,8.7,11.79,23.06,29.14,30.11,30.11,29.14,30.11,16.84,10.44,Madane,0,1.0,Micro (5-100 kW),0,1,1
6219,3,1283.2,1274.7,8.5,20.41,21.01,600.1,1.41,83.082778,28.160278,1,0,WECS_NEA_MIP,0.7956,0.5508,0.2979,0.181,0.1345,0.175,0.1591,0.175,0.2387,0.4376,1.3924,2.7052,2.9041,1.6709,0.7559,0.3342,0.2069,0.0159,0.5508,0.5349,0.82,Commercial RoR (>1 MW),7.7,33.13,198.27,58.8,139.47,7.33,5.96,7.33,9.94,19.43,24.56,25.38,25.38,24.56,25.38,14.2,8.8,Madane,0,1.0,Micro (5-100 kW),0,1,1
6220,3,1274.7,1271.5,3.2,21.01,23.83,178.2,1.81,83.085278,28.159167,1,0,WECS_NEA_MIP,0.9002,0.624,0.3383,0.2061,0.1533,0.198,0.18,0.198,0.2701,0.4951,1.5753,3.0606,3.2856,1.8904,0.8552,0.3781,0.234,0.018,0.624,0.606,0.82,Commercial RoR (>1 MW),2.9,14.14,84.55,25.05,59.5,3.12,2.54,3.12,4.23,8.28,10.48,10.83,10.83,10.48,10.83,6.05,3.75,Madane,0,1.0,Micro (5-100 kW),0,0,0
6221,2,1293.5,1271.5,22.0,2.56,23.83,367.4,5.98,83.085,28.157778,1,0,WECS_NEA_MIP,0.9002,0.624,0.3383,0.2061,0.1533,0.198,0.18,0.198,0.2701,0.4951,1.5753,3.0606,3.2856,1.8904,0.8552,0.3781,0.234,0.018,0.624,0.606,0.82,Commercial RoR (>1 MW),19.8,96.52,577.29,171.04,406.25,21.33,17.34,21.33,28.91,56.54,71.56,73.94,73.94,71.56,73.94,41.3,25.6,Madane,0,1.0,Micro (5-100 kW),0,1,1
6222,2,1292.8,1204.5,88.3,1.86,2.26,505.4,17.47,83.366111,28.112778,0,1,WECS_NEA_MIP,0.0895,0.0606,0.0313,0.0182,0.0132,0.0197,0.0179,0.0197,0.0268,0.0492,0.1566,0.3043,0.3266,0.1879,0.085,0.0376,0.0233,0.0018,0.0313,0.0295,0.65,Micro/Mini Hydro (<1 MW),79.5,14.95,117.71,48.03,69.69,6.75,5.48,6.75,9.12,11.81,11.42,11.81,11.81,11.42,11.81,11.42,8.11,Chandrakot,0,1.0,Micro (5-100 kW),0,1,1
6223,2,1204.5,1110.8,93.7,2.26,4.16,368.4,25.43,83.361944,28.113333,0,1,WECS_NEA_MIP,0.1627,0.1108,0.058,0.0341,0.025,0.0358,0.0325,0.0358,0.0488,0.0895,0.2848,0.5533,0.5939,0.3417,0.1546,0.0683,0.0423,0.0033,0.058,0.0548,0.65,Micro/Mini Hydro (<1 MW),84.3,29.46,229.88,92.95,136.93,13.0,10.55,13.0,17.61,23.2,22.45,23.2,23.2,22.45,23.2,22.45,15.6,Chandrakot,0,1.0,Micro (5-100 kW),0,1,1
6232,2,1291.7,1212.5,79.2,3.84,4.73,402.0,19.71,83.508056,28.018611,0,1,WECS_NEA_MIP,0.1845,0.1259,0.0661,0.039,0.0285,0.0406,0.0369,0.0406,0.0554,0.1015,0.323,0.6275,0.6736,0.3875,0.1753,0.0775,0.048,0.0037,0.0661,0.0624,0.65,Micro/Mini Hydro (<1 MW),71.3,28.37,221.36,89.37,131.99,12.48,10.14,12.48,16.92,22.36,21.64,22.36,22.36,21.64,22.36,21.64,14.98,Satyawati,0,1.0,Micro (5-100 kW),0,1,1
6236,2,1290.9,1240.6,50.3,7.25,7.63,547.3,9.19,83.450278,28.103889,0,1,WECS_NEA_MIP,0.2949,0.2021,0.1071,0.0638,0.0469,0.0649,0.059,0.0649,0.0885,0.1622,0.516,1.0025,1.0762,0.6192,0.2801,0.1238,0.0767,0.0059,0.1071,0.1012,0.65,Micro/Mini Hydro (<1 MW),45.3,29.23,226.95,91.08,135.87,12.68,10.31,12.68,17.18,23.02,22.27,23.02,23.02,22.27,23.02,22.27,15.22,Chandrakot,0,1.0,Micro (5-100 kW),0,1,1
6237,2,1240.6,1237.1,3.6,7.63,8.31,27.3,13.02,83.447778,28.104167,0,1,WECS_NEA_MIP,0.3206,0.2199,0.1167,0.0696,0.0512,0.0705,0.0641,0.0705,0.0962,0.1763,0.561,1.09,1.1702,0.6732,0.3046,0.1346,0.0834,0.0064,0.1167,0.1103,0.65,Micro/Mini Hydro (<1 MW),3.2,2.25,17.46,7.0,10.46,0.97,0.79,0.97,1.32,1.77,1.71,1.77,1.77,1.71,1.77,1.71,1.17,Chandrakot,0,1.0,Pico (<5 kW),0,1,0
6257,1,1285.8,1191.6,94.2,0.53,5.03,583.8,16.14,83.102222,28.1325,0,1,WECS_NEA_MIP,0.196,0.1338,0.0703,0.0415,0.0304,0.0431,0.0392,0.0431,0.0588,0.1078,0.343,0.6664,0.7154,0.4116,0.1862,0.0823,0.051,0.0039,0.0703,0.0664,0.65,Micro/Mini Hydro (<1 MW),84.8,35.9,279.92,112.97,166.95,15.77,12.83,15.77,21.37,28.28,27.37,28.28,28.28,27.37,28.28,27.37,18.95,Madane,0,1.0,Micro (5-100 kW),0,1,1
6267,1,957.3,880.5,76.7,0.74,547.37,254.0,30.2,83.1975,28.26,1,0,GAUGE_TRANSFER_DHM,21.497,13.1806,6.5903,4.2366,2.9813,4.7293,4.2994,4.7293,6.4491,11.8233,37.6197,73.0898,78.464,45.1437,20.4221,9.0287,5.5892,0.4299,13.1806,12.7507,0.82,Commercial RoR (>1 MW),69.0,3538.64,22267.81,7117.64,15150.17,1775.47,1443.3,1775.47,2405.49,4704.98,5267.44,5443.02,5443.02,5267.44,5443.02,3436.39,2130.57,Musikot,1,0.5,Small/Medium RoR (>1 MW),0,1,1
6273,1,1284.4,1163.9,120.6,0.62,1.01,607.4,19.85,83.208333,28.082222,0,1,WECS_NEA_MIP,0.0406,0.0273,0.0139,0.0079,0.0057,0.0089,0.0081,0.0089,0.0122,0.0224,0.0711,0.1382,0.1483,0.0853,0.0386,0.0171,0.0106,0.0008,0.0139,0.0131,0.65,Micro/Mini Hydro (<1 MW),108.5,9.06,71.85,29.61,42.24,4.17,3.39,4.17,5.68,7.15,6.92,7.15,7.15,6.92,7.15,6.92,5.04,Resunga,0,1.0,Micro (5-100 kW),0,1,1
6274,2,1163.9,1157.0,6.9,1.01,2.38,41.2,16.65,83.205833,28.084167,0,1,WECS_NEA_MIP,0.0941,0.0638,0.033,0.0192,0.014,0.0207,0.0188,0.0207,0.0282,0.0518,0.1648,0.3201,0.3436,0.1977,0.0894,0.0395,0.0245,0.0019,0.033,0.0311,0.65,Micro/Mini Hydro (<1 MW),6.2,1.23,9.67,3.94,5.73,0.55,0.45,0.55,0.75,0.97,0.94,0.97,0.97,0.94,0.97,0.94,0.66,Resunga,0,1.0,Pico (<5 kW),0,1,0
6286,3,1282.4,1262.1,20.3,25.95,39.65,384.3,5.28,83.459722,28.131667,1,0,WECS_NEA_MIP,1.4826,1.0329,0.5657,0.3482,0.2603,0.3262,0.2965,0.3262,0.4448,0.8154,2.5945,5.0408,5.4115,3.1134,1.4085,0.6227,0.3855,0.0296,1.0329,1.0032,0.82,Commercial RoR (>1 MW),18.3,147.68,881.62,260.42,621.2,32.48,26.4,32.48,44.01,86.06,109.48,113.13,113.13,109.48,113.13,62.86,38.98,Chandrakot,0,1.0,Mini (100-1000 kW),0,1,1
6292,2,1281.5,1279.4,2.1,6.02,6.72,547.3,0.38,83.102222,28.094444,0,1,WECS_NEA_MIP,0.2604,0.1782,0.0942,0.056,0.0411,0.0573,0.0521,0.0573,0.0781,0.1432,0.4556,0.8852,0.9503,0.5467,0.2473,0.1093,0.0677,0.0052,0.0942,0.089,0.65,Micro/Mini Hydro (<1 MW),1.9,1.08,8.38,3.37,5.01,0.47,0.38,0.47,0.64,0.85,0.82,0.85,0.85,0.82,0.85,0.82,0.56,Dhurkot,0,1.0,Pico (<5 kW),0,0,0
6293,2,1279.4,1212.4,67.0,6.72,7.82,540.6,12.39,83.106389,28.0925,0,1,WECS_NEA_MIP,0.3021,0.2071,0.1098,0.0654,0.0481,0.0665,0.0604,0.0665,0.0906,0.1661,0.5286,1.027,1.1025,0.6343,0.287,0.1269,0.0785,0.006,0.1098,0.1038,0.65,Micro/Mini Hydro (<1 MW),60.3,39.91,309.67,124.24,185.42,17.31,14.06,17.31,23.42,31.41,30.4,31.41,31.41,30.4,31.41,30.4,20.74,Dhurkot,0,1.0,Micro (5-100 kW),0,1,1
6297,1,1280.3,1212.5,67.8,0.64,4.73,237.1,28.59,83.5075,28.018056,0,1,WECS_NEA_MIP,0.1845,0.1259,0.0661,0.039,0.0285,0.0406,0.0369,0.0406,0.0554,0.1015,0.323,0.6275,0.6736,0.3875,0.1753,0.0775,0.048,0.0037,0.0661,0.0624,0.65,Micro/Mini Hydro (<1 MW),61.0,24.27,189.38,76.46,112.92,10.68,8.68,10.68,14.48,19.13,18.51,19.13,19.13,18.51,19.13,18.51,12.82,Satyawati,0,1.0,Micro (5-100 kW),0,1,1
6301,1,1279.9,1212.6,67.2,1.64,4.67,521.3,12.9,83.395,28.119444,0,1,WECS_NEA_MIP,0.1823,0.1243,0.0652,0.0385,0.0281,0.0401,0.0365,0.0401,0.0547,0.1002,0.3189,0.6197,0.6652,0.3827,0.1731,0.0765,0.0474,0.0037,0.0652,0.0615,0.65,Micro/Mini Hydro (<1 MW),60.5,23.73,185.29,74.82,110.47,10.45,8.5,10.45,14.17,18.71,18.11,18.71,18.71,18.11,18.71,18.11,12.54,Chandrakot,0,1.0,Micro (5-100 kW),0,1,1
6306,1,1279.0,1174.4,104.6,1.48,2.08,617.1,16.96,83.298889,28.058889,0,1,WECS_NEA_MIP,0.0825,0.0558,0.0288,0.0167,0.0121,0.0181,0.0165,0.0181,0.0247,0.0454,0.1444,0.2805,0.3011,0.1732,0.0784,0.0346,0.0214,0.0017,0.0288,0.0272,0.65,Micro/Mini Hydro (<1 MW),94.1,16.32,128.1,52.2,75.9,7.32,5.97,7.32,9.94,12.86,12.44,12.86,12.86,12.44,12.86,12.44,8.79,Gulmidarbar,0,1.0,Micro (5-100 kW),0,1,1
6307,2,1174.4,1120.3,54.1,2.08,2.6,618.4,8.75,83.303056,28.054722,0,1,WECS_NEA_MIP,0.1027,0.0696,0.0361,0.021,0.0153,0.0226,0.0205,0.0226,0.0308,0.0565,0.1797,0.3491,0.3747,0.2156,0.0975,0.0431,0.0267,0.0021,0.0361,0.034,0.65,Micro/Mini Hydro (<1 MW),48.7,10.56,82.99,33.75,49.24,4.74,3.84,4.74,6.42,8.34,8.07,8.34,8.34,8.07,8.34,8.07,5.68,Gulmidarbar,0,1.0,Micro (5-100 kW),0,1,1
6308,2,1120.3,1068.2,52.1,2.6,5.49,380.7,13.68,83.304722,28.051389,0,1,WECS_NEA_MIP,0.2136,0.1459,0.0768,0.0454,0.0333,0.047,0.0427,0.047,0.0641,0.1175,0.3737,0.7261,0.7795,0.4485,0.2029,0.0897,0.0555,0.0043,0.0768,0.0725,0.65,Micro/Mini Hydro (<1 MW),46.9,21.68,168.95,68.07,100.87,9.5,7.72,9.5,12.88,17.09,16.54,17.09,17.09,16.54,17.09,16.54,11.39,Gulmidarbar,0,1.0,Micro (5-100 kW),0,1,1
6318,1,1277.8,1135.7,142.1,0.51,1.02,573.5,24.78,83.548889,27.991667,0,1,WECS_NEA_MIP,0.041,0.0276,0.014,0.008,0.0058,0.009,0.0082,0.009,0.0123,0.0226,0.0718,0.1395,0.1498,0.0862,0.039,0.0172,0.0107,0.0008,0.014,0.0132,0.65,Micro/Mini Hydro (<1 MW),127.9,10.77,85.41,35.26,50.15,4.98,4.06,4.98,6.75,8.49,8.22,8.49,8.49,8.22,8.49,8.22,6.01,Kaligandaki,0,1.0,Micro (5-100 kW),0,1,1
6319,1,1135.7,906.7,229.0,1.02,1.39,617.7,37.07,83.549167,27.987222,0,1,WECS_NEA_MIP,0.0556,0.0374,0.0192,0.011,0.008,0.0122,0.0111,0.0122,0.0167,0.0306,0.0973,0.189,0.2029,0.1167,0.0528,0.0233,0.0145,0.0011,0.0192,0.0181,0.65,Micro/Mini Hydro (<1 MW),206.1,23.79,188.0,77.17,110.82,10.85,8.83,10.85,14.76,18.77,18.17,18.77,18.77,18.17,18.77,18.17,13.1,Kaligandaki,0,1.0,Micro (5-100 kW),0,1,1
6320,1,906.7,862.0,44.7,1.39,2.89,185.5,24.09,83.551667,27.984722,0,1,WECS_NEA_MIP,0.1139,0.0773,0.0402,0.0235,0.0171,0.0251,0.0228,0.0251,0.0342,0.0626,0.1993,0.3872,0.4156,0.2391,0.1082,0.0478,0.0296,0.0023,0.0402,0.0379,0.65,Micro/Mini Hydro (<1 MW),40.2,9.72,76.25,30.99,45.26,4.35,3.53,4.35,5.89,7.67,7.42,7.67,7.67,7.42,7.67,7.42,5.21,Kaligandaki,0,1.0,Micro (5-100 kW),0,1,1
6347,1,1275.0,1153.2,121.8,0.53,0.97,566.9,21.48,83.133611,28.133333,0,1,WECS_NEA_MIP,0.0391,0.0262,0.0133,0.0076,0.0055,0.0086,0.0078,0.0086,0.0117,0.0215,0.0684,0.1328,0.1426,0.082,0.0371,0.0164,0.0102,0.0008,0.0133,0.0125,0.65,Micro/Mini Hydro (<1 MW),109.6,8.74,69.51,28.69,40.82,4.06,3.29,4.06,5.48,6.92,6.69,6.92,6.92,6.69,6.92,6.69,4.89,Dhurkot,0,1.0,Micro (5-100 kW),0,1,1
6348,1,1153.2,1070.6,82.6,0.97,2.25,597.8,13.81,83.135,28.138056,0,1,WECS_NEA_MIP,0.0891,0.0603,0.0312,0.0181,0.0132,0.0196,0.0178,0.0196,0.0267,0.049,0.1559,0.3029,0.3252,0.1871,0.0846,0.0374,0.0232,0.0018,0.0312,0.0294,0.65,Micro/Mini Hydro (<1 MW),74.3,13.93,109.6,44.68,64.92,6.27,5.09,6.27,8.49,11.0,10.64,11.0,11.0,10.64,11.0,10.64,7.54,Dhurkot,0,1.0,Micro (5-100 kW),0,1,1
6351,1,1274.5,1182.8,91.7,0.52,1.06,519.3,17.65,83.215278,28.174444,0,1,WECS_NEA_MIP,0.0426,0.0286,0.0146,0.0084,0.006,0.0094,0.0085,0.0094,0.0128,0.0234,0.0746,0.1449,0.1555,0.0895,0.0405,0.0179,0.0111,0.0009,0.0146,0.0138,0.65,Micro/Mini Hydro (<1 MW),82.5,7.26,57.29,23.55,33.73,3.33,2.69,3.33,4.51,5.71,5.53,5.71,5.71,5.53,5.71,5.53,3.99,Isma,0,1.0,Micro (5-100 kW),0,1,1
6352,1,1182.8,1110.0,72.8,1.06,1.46,533.3,13.65,83.210556,28.174167,0,1,WECS_NEA_MIP,0.0583,0.0393,0.0202,0.0116,0.0084,0.0128,0.0117,0.0128,0.0175,0.0321,0.1021,0.1983,0.2129,0.1225,0.0554,0.0245,0.0152,0.0012,0.0202,0.019,0.65,Micro/Mini Hydro (<1 MW),65.5,7.94,62.74,25.69,37.05,3.6,2.95,3.6,4.9,6.28,6.07,6.28,6.28,6.07,6.28,6.07,4.35,Isma,0,1.0,Micro (5-100 kW),0,1,1
6353,2,1110.0,1061.5,48.5,1.46,2.09,575.2,8.44,83.205833,28.171944,0,1,WECS_NEA_MIP,0.0829,0.0561,0.029,0.0168,0.0122,0.0182,0.0166,0.0182,0.0249,0.0456,0.1451,0.2818,0.3025,0.1741,0.0787,0.0348,0.0216,0.0017,0.029,0.0273,0.65,Micro/Mini Hydro (<1 MW),43.6,7.59,59.78,24.37,35.41,3.41,2.78,3.41,4.64,6.0,5.8,6.0,6.0,5.8,6.0,5.8,4.12,Isma,0,1.0,Micro (5-100 kW),0,1,1
6354,2,1061.5,1040.5,21.0,2.09,4.19,192.2,10.91,83.202778,28.170556,0,1,WECS_NEA_MIP,0.1639,0.1116,0.0585,0.0344,0.0251,0.0361,0.0328,0.0361,0.0492,0.0901,0.2868,0.5572,0.5981,0.3441,0.1557,0.0688,0.0426,0.0033,0.0585,0.0552,0.65,Micro/Mini Hydro (<1 MW),18.9,6.65,51.99,21.02,30.96,2.94,2.39,2.94,3.98,5.25,5.08,5.25,5.25,5.08,5.25,5.08,3.52,Isma,0,1.0,Micro (5-100 kW),0,1,1
6355,1,1274.4,1188.2,86.2,0.54,0.89,582.5,14.81,83.359722,28.001389,0,1,WECS_NEA_MIP,0.0359,0.0241,0.0122,0.007,0.005,0.0079,0.0072,0.0079,0.0108,0.0197,0.0628,0.1221,0.1311,0.0754,0.0341,0.0151,0.0093,0.0007,0.0122,0.0115,0.65,Micro/Mini Hydro (<1 MW),77.6,5.69,45.23,18.72,26.51,2.65,2.16,2.65,3.6,4.49,4.35,4.49,4.49,4.35,4.49,4.35,3.17,Chatrakot,0,1.0,Micro (5-100 kW),0,1,1
6356,1,1188.2,1167.7,20.4,0.89,1.43,150.3,13.61,83.362222,28.003333,0,1,WECS_NEA_MIP,0.0571,0.0385,0.0197,0.0114,0.0082,0.0126,0.0114,0.0126,0.0171,0.0314,0.1,0.1943,0.2086,0.12,0.0543,0.024,0.0149,0.0011,0.0197,0.0186,0.65,Micro/Mini Hydro (<1 MW),18.4,2.18,17.25,7.1,10.15,1.0,0.81,1.0,1.35,1.72,1.66,1.72,1.72,1.66,1.72,1.66,1.2,Chatrakot,0,1.0,Pico (<5 kW),0,1,0
6357,2,1274.3,1078.0,196.3,1.97,2.5,608.1,32.28,83.496111,28.018611,0,1,WECS_NEA_MIP,0.0988,0.067,0.0347,0.0202,0.0147,0.0217,0.0198,0.0217,0.0296,0.0543,0.1729,0.3359,0.3606,0.2075,0.0939,0.0415,0.0257,0.002,0.0347,0.0327,0.65,Micro/Mini Hydro (<1 MW),176.7,36.84,289.57,117.85,171.72,16.51,13.48,16.51,22.39,29.09,28.15,29.09,29.09,28.15,29.09,28.15,19.87,Satyawati,0,1.0,Micro (5-100 kW),0,1,1
6358,2,1078.0,1039.1,38.9,2.5,3.8,569.9,6.82,83.494167,28.014167,0,1,WECS_NEA_MIP,0.1489,0.1013,0.053,0.0311,0.0227,0.0328,0.0298,0.0328,0.0447,0.0819,0.2606,0.5063,0.5435,0.3127,0.1415,0.0625,0.0387,0.003,0.053,0.05,0.65,Micro/Mini Hydro (<1 MW),35.0,11.16,87.29,35.34,51.95,4.95,4.02,4.95,6.7,8.8,8.52,8.8,8.8,8.52,8.8,8.52,5.93,Satyawati,0,1.0,Micro (5-100 kW),0,1,1
6359,2,1039.1,887.8,151.3,3.8,4.18,625.1,24.21,83.493056,28.009722,0,1,WECS_NEA_MIP,0.1635,0.1114,0.0583,0.0343,0.0251,0.036,0.0327,0.036,0.049,0.0899,0.2861,0.5559,0.5967,0.3433,0.1553,0.0687,0.0425,0.0033,0.0583,0.055,0.65,Micro/Mini Hydro (<1 MW),136.2,47.77,373.37,150.99,222.38,21.13,17.16,21.13,28.58,37.67,36.46,37.67,37.67,36.46,37.67,36.46,25.33,Satyawati,0,1.0,Micro (5-100 kW),0,1,1
6360,2,887.8,801.6,86.1,4.18,15.29,497.1,17.33,83.489722,28.006667,1,0,WECS_NEA_MIP,0.5827,0.4021,0.2161,0.1305,0.0966,0.1282,0.1165,0.1282,0.1748,0.3205,1.0198,1.9813,2.1269,1.2237,0.5536,0.2447,0.1515,0.0117,0.4021,0.3905,0.82,Commercial RoR (>1 MW),77.5,243.45,1458.34,433.26,1025.08,54.04,43.91,54.04,73.21,143.23,180.49,186.51,186.51,180.49,186.51,104.59,64.84,Satyawati,0,1.0,Mini (100-1000 kW),0,1,1
6363,3,1273.8,1263.3,10.4,30.55,31.21,544.3,1.92,83.170556,28.236389,1,0,WECS_NEA_MIP,1.1726,0.815,0.4443,0.2721,0.2029,0.258,0.2345,0.258,0.3518,0.6449,2.0521,3.9869,4.28,2.4625,1.114,0.4925,0.3049,0.0234,0.815,0.7915,0.82,Commercial RoR (>1 MW),9.4,59.85,357.64,105.8,251.83,13.2,10.73,13.2,17.88,34.96,44.37,45.85,45.85,44.37,45.85,25.54,15.84,Malika,0,1.0,Micro (5-100 kW),0,1,1
6364,3,1263.3,1263.3,0.0,31.21,31.24,27.3,0.0,83.172222,28.2375,1,0,WECS_NEA_MIP,1.1737,0.8158,0.4447,0.2724,0.2031,0.2582,0.2347,0.2582,0.3521,0.6455,2.054,3.9906,4.284,2.4648,1.115,0.493,0.3052,0.0235,0.8158,0.7923,0.82,Commercial RoR (>1 MW),0.0,0.0,0.0,0.0,0.0,0.0,0.0,0.0,0.0,0.0,0.0,0.0,0.0,0.0,0.0,0.0,0.0,Malika,0,1.0,Pico (<5 kW),0,0,0
6367,1,1272.5,1115.5,156.9,1.21,1.91,566.9,27.68,83.558889,28.016389,0,1,WECS_NEA_MIP,0.0759,0.0513,0.0264,0.0153,0.0111,0.0167,0.0152,0.0167,0.0228,0.0417,0.1328,0.258,0.277,0.1594,0.0721,0.0319,0.0197,0.0015,0.0264,0.0249,0.65,Micro/Mini Hydro (<1 MW),141.2,22.42,176.73,72.34,104.4,10.18,8.29,10.18,13.81,17.68,17.11,17.68,17.68,17.11,17.68,17.11,12.19,Kaligandaki,0,1.0,Micro (5-100 kW),0,1,1
6368,2,1115.5,1110.4,5.1,1.91,2.5,30.9,16.59,83.558056,28.018889,0,1,WECS_NEA_MIP,0.0988,0.067,0.0347,0.0202,0.0147,0.0217,0.0198,0.0217,0.0296,0.0543,0.1729,0.3359,0.3606,0.2075,0.0939,0.0415,0.0257,0.002,0.0347,0.0327,0.65,Micro/Mini Hydro (<1 MW),4.6,0.96,7.54,3.07,4.47,0.43,0.35,0.43,0.58,0.76,0.73,0.76,0.76,0.73,0.76,0.73,0.52,Kaligandaki,0,1.0,Pico (<5 kW),0,1,0
6369,1,1272.4,1169.9,102.5,0.59,5.27,468.5,21.87,83.145278,28.191111,0,1,WECS_NEA_MIP,0.2052,0.1401,0.0737,0.0436,0.0319,0.0451,0.041,0.0451,0.0616,0.1128,0.3591,0.6976,0.7489,0.4309,0.1949,0.0862,0.0533,0.0041,0.0737,0.0696,0.65,Micro/Mini Hydro (<1 MW),92.2,40.92,318.84,128.54,190.3,17.93,14.58,17.93,24.34,32.24,31.2,32.24,32.24,31.2,32.24,31.2,21.52,Malika,0,1.0,Micro (5-100 kW),0,1,1
6373,2,1272.0,1218.2,53.8,2.94,3.31,575.2,9.35,83.097222,28.137222,0,1,WECS_NEA_MIP,0.1301,0.0884,0.0461,0.027,0.0197,0.0286,0.026,0.0286,0.039,0.0715,0.2276,0.4422,0.4748,0.2731,0.1236,0.0546,0.0338,0.0026,0.0461,0.0435,0.65,Micro/Mini Hydro (<1 MW),48.4,13.43,105.12,42.63,62.49,5.97,4.85,5.97,8.09,10.59,10.24,10.59,10.59,10.24,10.59,10.24,7.16,Madane,0,1.0,Micro (5-100 kW),0,1,1
6374,2,1218.2,1203.6,14.7,3.31,4.1,164.2,8.92,83.100278,28.135556,0,1,WECS_NEA_MIP,0.1604,0.1093,0.0572,0.0336,0.0246,0.0353,0.0321,0.0353,0.0481,0.0882,0.2807,0.5454,0.5856,0.3369,0.1524,0.0674,0.0417,0.0032,0.0572,0.054,0.65,Micro/Mini Hydro (<1 MW),13.2,4.55,35.51,14.37,21.15,2.01,1.63,2.01,2.72,3.58,3.47,3.58,3.58,3.47,3.58,3.47,2.41,Madane,0,1.0,Pico (<5 kW),0,1,0
6376,3,1271.5,1258.8,12.7,23.83,24.53,620.7,2.04,83.087778,28.160278,1,0,WECS_NEA_MIP,0.9261,0.6421,0.3483,0.2123,0.158,0.2037,0.1852,0.2037,0.2778,0.5093,1.6206,3.1487,3.3802,1.9448,0.8798,0.389,0.2408,0.0185,0.6421,0.6236,0.82,Commercial RoR (>1 MW),11.4,57.19,342.0,101.32,240.68,12.64,10.27,12.64,17.12,33.49,42.4,43.81,43.81,42.4,43.81,24.46,15.17,Madane,0,1.0,Micro (5-100 kW),0,1,1
6377,3,1258.8,1249.8,9.1,24.53,25.5,555.2,1.64,83.091389,28.160556,1,0,WECS_NEA_MIP,0.962,0.6672,0.3622,0.221,0.1645,0.2116,0.1924,0.2116,0.2886,0.5291,1.6834,3.2706,3.5111,2.0201,0.9139,0.404,0.2501,0.0192,0.6672,0.648,0.82,Commercial RoR (>1 MW),8.2,42.74,255.59,75.71,179.88,9.44,7.68,9.44,12.79,25.02,31.69,32.74,32.74,31.69,32.74,18.28,11.33,Madane,0,1.0,Micro (5-100 kW),0,1,1
6378,3,1249.8,1237.0,12.7,25.5,25.68,586.2,2.17,83.094722,28.163056,1,0,WECS_NEA_MIP,0.9686,0.6719,0.3648,0.2226,0.1657,0.2131,0.1937,0.2131,0.2906,0.5327,1.6951,3.2933,3.5354,2.0341,0.9202,0.4068,0.2518,0.0194,0.6719,0.6525,0.82,Commercial RoR (>1 MW),11.4,59.84,357.79,105.96,251.83,13.22,10.74,13.22,17.91,35.02,44.36,45.84,45.84,44.36,45.84,25.58,15.86,Madane,0,1.0,Micro (5-100 kW),0,1,1
6379,3,1237.0,1234.7,2.3,25.68,25.89,232.1,1.01,83.097778,28.164444,1,0,WECS_NEA_MIP,0.9764,0.6773,0.3678,0.2245,0.1671,0.2148,0.1953,0.2148,0.2929,0.537,1.7086,3.3196,3.5637,2.0504,0.9275,0.4101,0.2539,0.0195,0.6773,0.6578,0.82,Commercial RoR (>1 MW),2.1,11.11,66.44,19.68,46.76,2.45,2.0,2.45,3.33,6.5,8.24,8.51,8.51,8.24,8.51,4.75,2.95,Madane,0,1.0,Micro (5-100 kW),0,0,0
6393,1,1268.4,1167.2,101.2,0.93,1.94,639.0,15.84,83.193889,28.186667,0,1,WECS_NEA_MIP,0.0771,0.0521,0.0269,0.0156,0.0113,0.017,0.0154,0.017,0.0231,0.0424,0.1348,0.262,0.2812,0.1618,0.0732,0.0324,0.02,0.0015,0.0269,0.0254,0.65,Micro/Mini Hydro (<1 MW),91.1,14.75,116.11,47.48,68.63,6.7,5.43,6.7,9.03,11.63,11.25,11.63,11.63,11.25,11.63,11.25,8.0,Isma,0,1.0,Micro (5-100 kW),0,1,1
6394,2,1167.2,1123.7,43.5,1.94,3.5,429.2,10.14,83.191667,28.182778,0,1,WECS_NEA_MIP,0.1374,0.0934,0.0487,0.0286,0.0209,0.0302,0.0275,0.0302,0.0412,0.0756,0.2404,0.4671,0.5014,0.2885,0.1305,0.0577,0.0357,0.0028,0.0487,0.0459,0.65,Micro/Mini Hydro (<1 MW),39.1,11.44,89.66,36.33,53.33,5.08,4.14,5.08,6.89,9.03,8.74,9.03,9.03,8.74,9.03,8.74,6.1,Isma,0,1.0,Micro (5-100 kW),0,1,1
6401,2,1267.4,1258.1,9.3,0.54,3.59,30.9,30.17,83.093889,28.110556,0,1,WECS_NEA_MIP,0.1408,0.0958,0.05,0.0293,0.0214,0.031,0.0282,0.031,0.0423,0.0775,0.2465,0.4789,0.5141,0.2958,0.1338,0.0592,0.0366,0.0028,0.05,0.0472,0.65,Micro/Mini Hydro (<1 MW),8.4,2.53,19.79,8.02,11.76,1.12,0.91,1.12,1.52,1.99,1.93,1.99,1.99,1.93,1.99,1.93,1.35,Madane,0,1.0,Pico (<5 kW),0,1,0
6402,2,1267.0,1137.1,130.0,2.41,3.2,519.3,25.02,83.533333,28.036944,0,1,WECS_NEA_MIP,0.1258,0.0855,0.0445,0.0261,0.019,0.0277,0.0252,0.0277,0.0377,0.0692,0.2202,0.4278,0.4593,0.2642,0.1195,0.0528,0.0327,0.0025,0.0445,0.042,0.65,Micro/Mini Hydro (<1 MW),117.0,31.33,245.54,99.73,145.81,13.99,11.38,13.99,18.91,24.7,23.9,24.7,24.7,23.9,24.7,23.9,16.76,Kaligandaki,0,1.0,Micro (5-100 kW),0,1,1
6403,2,1137.1,1001.2,135.9,3.2,3.58,477.5,28.46,83.538056,28.037222,0,1,WECS_NEA_MIP,0.1405,0.0955,0.0499,0.0293,0.0213,0.0309,0.0281,0.0309,0.0421,0.0773,0.2458,0.4776,0.5127,0.295,0.1334,0.059,0.0365,0.0028,0.0499,0.0471,0.65,Micro/Mini Hydro (<1 MW),122.3,36.73,287.35,116.44,170.91,16.3,13.26,16.3,22.07,28.95,28.02,28.95,28.95,28.02,28.95,28.02,19.55,Kaligandaki,0,1.0,Micro (5-100 kW),0,1,1
6404,2,1001.2,868.5,132.7,3.58,4.12,583.2,22.75,83.542222,28.039167,0,1,WECS_NEA_MIP,0.1612,0.1098,0.0575,0.0338,0.0247,0.0355,0.0322,0.0355,0.0484,0.0887,0.2821,0.5481,0.5883,0.3385,0.1531,0.0677,0.0419,0.0032,0.0575,0.0543,0.65,Micro/Mini Hydro (<1 MW),119.4,41.34,322.97,130.7,192.27,18.3,14.84,18.3,24.78,32.57,31.52,32.57,32.57,31.52,32.57,31.52,21.92,Kaligandaki,0,1.0,Micro (5-100 kW),0,1,1
6405,2,868.5,705.4,163.1,4.12,4.53,628.0,25.97,83.545278,28.043333,0,1,WECS_NEA_MIP,0.1769,0.1206,0.0632,0.0373,0.0273,0.0389,0.0354,0.0389,0.0531,0.0973,0.3096,0.6014,0.6457,0.3715,0.1681,0.0743,0.046,0.0035,0.0632,0.0597,0.65,Micro/Mini Hydro (<1 MW),146.8,55.88,436.25,176.42,259.83,24.65,20.07,24.65,33.43,44.01,42.59,44.01,44.01,42.59,44.01,42.59,29.6,Kaligandaki,0,1.0,Micro (5-100 kW),0,1,1
6406,2,705.4,647.4,58.0,4.53,5.91,475.8,12.19,83.548611,28.046667,0,1,WECS_NEA_MIP,0.2296,0.1569,0.0827,0.049,0.036,0.0505,0.0459,0.0505,0.0689,0.1263,0.4017,0.7805,0.8379,0.4821,0.2181,0.0964,0.0597,0.0046,0.0827,0.0781,0.65,Micro/Mini Hydro (<1 MW),52.2,26.0,202.4,81.51,120.9,11.37,9.24,11.37,15.41,20.48,19.82,20.48,20.48,19.82,20.48,19.82,13.65,Kaligandaki,0,1.0,Micro (5-100 kW),0,1,1
6408,2,1266.3,1186.2,80.1,2.09,2.42,583.8,13.72,83.170556,28.076944,0,1,WECS_NEA_MIP,0.0957,0.0648,0.0336,0.0195,0.0142,0.0211,0.0191,0.0211,0.0287,0.0526,0.1675,0.3254,0.3493,0.201,0.0909,0.0402,0.0249,0.0019,0.0336,0.0317,0.65,Micro/Mini Hydro (<1 MW),72.1,14.57,114.53,46.68,67.85,6.57,5.31,6.57,8.87,11.49,11.12,11.49,11.49,11.12,11.49,11.12,7.87,Dhurkot,0,1.0,Micro (5-100 kW),0,1,1
6409,2,1186.2,1109.7,76.5,2.42,3.0,589.1,12.98,83.173611,28.08,0,1,WECS_NEA_MIP,0.1181,0.0802,0.0417,0.0244,0.0178,0.026,0.0236,0.026,0.0354,0.065,0.2067,0.4016,0.4311,0.2481,0.1122,0.0496,0.0307,0.0024,0.0417,0.0393,0.65,Micro/Mini Hydro (<1 MW),68.9,17.27,135.47,55.01,80.46,7.71,6.26,7.71,10.44,13.63,13.19,13.63,13.63,13.19,13.63,13.19,9.25,Dhurkot,0,1.0,Micro (5-100 kW),0,1,1
6410,2,1109.7,1050.4,59.3,3.0,3.36,524.3,11.31,83.177778,28.083611,0,1,WECS_NEA_MIP,0.132,0.0897,0.0468,0.0274,0.02,0.029,0.0264,0.029,0.0396,0.0726,0.231,0.4488,0.4818,0.2772,0.1254,0.0554,0.0343,0.0026,0.0468,0.0442,0.65,Micro/Mini Hydro (<1 MW),53.4,15.05,117.77,47.78,69.99,6.69,5.45,6.69,9.07,11.86,11.47,11.86,11.86,11.47,11.86,11.47,8.03,Dhurkot,0,1.0,Micro (5-100 kW),0,1,1
6411,1,1266.1,1198.2,68.0,0.92,2.57,547.3,12.42,83.438333,28.046389,0,1,WECS_NEA_MIP,0.1015,0.0688,0.0357,0.0208,0.0151,0.0223,0.0203,0.0223,0.0305,0.0558,0.1776,0.3451,0.3705,0.2132,0.0964,0.0426,0.0264,0.002,0.0357,0.0337,0.65,Micro/Mini Hydro (<1 MW),61.2,13.15,103.23,42.04,61.19,5.89,4.8,5.89,8.01,10.37,10.03,10.37,10.37,10.03,10.37,10.03,7.08,Satyawati,0,1.0,Micro (5-100 kW),0,1,1
6414,2,1264.8,1229.6,35.2,4.3,5.32,474.1,7.41,83.099722,28.201667,0,1,WECS_NEA_MIP,0.2071,0.1414,0.0744,0.044,0.0322,0.0456,0.0414,0.0456,0.0621,0.1139,0.3624,0.7041,0.7558,0.4349,0.1967,0.087,0.0538,0.0041,0.0744,0.0703,0.65,Micro/Mini Hydro (<1 MW),31.7,14.21,110.7,44.65,66.05,6.24,5.07,6.24,8.44,11.19,10.83,11.19,11.19,10.83,11.19,10.83,7.47,Madane,0,1.0,Micro (5-100 kW),0,1,1
6418,1,1264.4,1211.3,53.1,0.67,1.2,563.2,9.42,83.269444,28.040833,0,1,WECS_NEA_MIP,0.0481,0.0324,0.0165,0.0095,0.0068,0.0106,0.0096,0.0106,0.0144,0.0265,0.0842,0.1636,0.1756,0.1011,0.0457,0.0202,0.0125,0.001,0.0165,0.0155,0.65,Micro/Mini Hydro (<1 MW),47.8,4.72,37.49,15.41,22.09,2.18,1.76,2.18,2.94,3.74,3.62,3.74,3.74,3.62,3.74,3.62,2.61,Resunga,0,1.0,Pico (<5 kW),0,1,0
6419,1,1211.3,1135.3,76.0,1.2,1.67,587.5,12.94,83.270278,28.036389,0,1,WECS_NEA_MIP,0.0665,0.0449,0.0231,0.0133,0.0097,0.0146,0.0133,0.0146,0.02,0.0366,0.1164,0.2262,0.2428,0.1397,0.0632,0.0279,0.0173,0.0013,0.0231,0.0218,0.65,Micro/Mini Hydro (<1 MW),68.4,9.51,74.96,30.71,44.25,4.32,3.52,4.32,5.87,7.5,7.25,7.5,7.5,7.25,7.5,7.25,5.19,Resunga,0,1.0,Micro (5-100 kW),0,1,1
6420,1,1135.3,1076.7,58.6,1.67,2.13,642.0,9.13,83.273611,28.032222,0,1,WECS_NEA_MIP,0.0844,0.0571,0.0295,0.0171,0.0124,0.0186,0.0169,0.0186,0.0253,0.0464,0.1478,0.2871,0.3082,0.1773,0.0802,0.0355,0.022,0.0017,0.0295,0.0278,0.65,Micro/Mini Hydro (<1 MW),52.7,9.34,73.58,30.04,43.54,4.23,3.43,4.23,5.71,7.38,7.14,7.38,7.38,7.14,7.38,7.14,5.08,Resunga,0,1.0,Micro (5-100 kW),0,1,1
6421,2,1076.7,1036.1,40.6,2.13,7.48,363.7,11.15,83.275833,28.029167,0,1,WECS_NEA_MIP,0.2892,0.1981,0.105,0.0625,0.0459,0.0636,0.0578,0.0636,0.0868,0.159,0.5061,0.9832,1.0555,0.6073,0.2747,0.1215,0.0752,0.0058,0.105,0.0992,0.65,Micro/Mini Hydro (<1 MW),36.5,23.09,179.25,71.92,107.33,10.01,8.13,10.01,13.57,18.18,17.6,18.18,18.18,17.6,18.18,17.6,12.02,Resunga,0,1.0,Micro (5-100 kW),0,1,1
6422,1,1264.2,1249.1,15.1,0.58,1.12,68.5,22.04,83.4375,28.047778,0,1,WECS_NEA_MIP,0.045,0.0302,0.0154,0.0088,0.0064,0.0099,0.009,0.0099,0.0135,0.0247,0.0787,0.1529,0.1642,0.0944,0.0427,0.0189,0.0117,0.0009,0.0154,0.0145,0.65,Micro/Mini Hydro (<1 MW),13.6,1.26,9.98,4.11,5.87,0.58,0.47,0.58,0.79,0.99,0.96,0.99,0.99,0.96,0.99,0.96,0.7,Satyawati,0,1.0,Pico (<5 kW),0,1,0
6428,1,1262.5,1221.4,41.1,0.51,5.25,308.5,13.31,83.1,28.114444,0,1,WECS_NEA_MIP,0.2044,0.1396,0.0734,0.0434,0.0318,0.045,0.0409,0.045,0.0613,0.1124,0.3577,0.695,0.7461,0.4293,0.1942,0.0859,0.0531,0.0041,0.0734,0.0693,0.65,Micro/Mini Hydro (<1 MW),37.0,16.35,127.45,51.39,76.06,7.18,5.83,7.18,9.72,12.88,12.47,12.88,12.88,12.47,12.88,12.47,8.6,Madane,0,1.0,Micro (5-100 kW),0,1,1
6440,1,1261.8,1002.7,259.2,0.53,0.81,607.4,42.67,83.565,27.991389,0,1,WECS_NEA_MIP,0.0327,0.0219,0.0111,0.0063,0.0046,0.0072,0.0065,0.0072,0.0098,0.018,0.0573,0.1113,0.1195,0.0688,0.0311,0.0138,0.0085,0.0006,0.0111,0.0105,0.65,Micro/Mini Hydro (<1 MW),233.3,15.62,123.92,51.39,72.52,7.3,5.9,7.3,9.85,12.29,11.89,12.29,12.29,11.89,12.29,11.89,8.74,Kaligandaki,0,1.0,Micro (5-100 kW),0,1,1
6441,1,1002.7,805.1,197.6,0.81,1.66,590.5,33.46,83.565833,27.986667,0,1,WECS_NEA_MIP,0.0661,0.0446,0.0229,0.0133,0.0096,0.0146,0.0132,0.0146,0.0198,0.0364,0.1157,0.2249,0.2414,0.1389,0.0628,0.0278,0.0172,0.0013,0.0229,0.0216,0.65,Micro/Mini Hydro (<1 MW),177.8,24.49,193.36,79.33,114.03,11.22,9.07,11.22,15.1,19.32,18.69,19.32,19.32,18.69,19.32,18.69,13.41,Kaligandaki,0,1.0,Micro (5-100 kW),0,1,1
6442,1,805.1,689.0,116.1,1.66,2.06,628.0,18.49,83.561944,27.983056,0,1,WECS_NEA_MIP,0.0817,0.0553,0.0285,0.0166,0.012,0.018,0.0163,0.018,0.0245,0.0449,0.143,0.2779,0.2983,0.1716,0.0776,0.0343,0.0212,0.0016,0.0285,0.0269,0.65,Micro/Mini Hydro (<1 MW),104.5,17.92,141.08,57.68,83.41,8.13,6.58,8.13,10.99,14.13,13.67,14.13,14.13,13.67,14.13,13.67,9.72,Kaligandaki,0,1.0,Micro (5-100 kW),0,1,1
6443,2,689.0,689.0,0.0,2.06,5.6,30.9,0.0,83.560278,27.980833,0,1,WECS_NEA_MIP,0.2178,0.1488,0.0784,0.0464,0.034,0.0479,0.0436,0.0479,0.0653,0.1198,0.3811,0.7404,0.7948,0.4573,0.2069,0.0915,0.0566,0.0044,0.0784,0.074,0.65,Micro/Mini Hydro (<1 MW),0.0,0.0,0.0,0.0,0.0,0.0,0.0,0.0,0.0,0.0,0.0,0.0,0.0,0.0,0.0,0.0,0.0,Kaligandaki,0,1.0,Pico (<5 kW),0,0,0
6445,2,1261.5,1078.6,182.9,4.78,5.56,621.4,29.43,83.291389,28.088611,0,1,WECS_NEA_MIP,0.2162,0.1477,0.0778,0.046,0.0337,0.0476,0.0432,0.0476,0.0649,0.1189,0.3784,0.7352,0.7892,0.4541,0.2054,0.0908,0.0562,0.0043,0.0778,0.0735,0.65,Micro/Mini Hydro (<1 MW),164.6,77.14,600.77,242.14,358.64,33.81,27.44,33.81,45.79,60.75,58.79,60.75,60.75,58.79,60.75,58.79,40.53,Resunga,0,1.0,Micro (5-100 kW),0,1,1
6446,2,1078.6,1004.7,73.9,5.56,6.33,606.8,12.18,83.295556,28.092222,0,1,WECS_NEA_MIP,0.2455,0.168,0.0887,0.0526,0.0386,0.054,0.0491,0.054,0.0737,0.135,0.4297,0.8348,0.8962,0.5156,0.2333,0.1031,0.0638,0.0049,0.0887,0.0838,0.65,Micro/Mini Hydro (<1 MW),66.5,35.53,276.34,111.15,165.19,15.49,12.59,15.49,21.01,27.98,27.08,27.98,27.98,27.08,27.98,27.08,18.58,Resunga,0,1.0,Micro (5-100 kW),0,1,1
6447,2,1004.7,940.4,64.4,6.33,7.34,620.7,10.37,83.3,28.095278,0,1,WECS_NEA_MIP,0.2839,0.1945,0.103,0.0613,0.045,0.0625,0.0568,0.0625,0.0852,0.1561,0.4968,0.9652,1.0361,0.5961,0.2697,0.1192,0.0738,0.0057,0.103,0.0973,0.65,Micro/Mini Hydro (<1 MW),58.0,35.99,279.51,112.21,167.31,15.63,12.7,15.63,21.17,28.34,27.43,28.34,28.34,27.43,28.34,27.43,18.74,Resunga,0,1.0,Micro (5-100 kW),0,1,1
6448,2,940.4,934.9,5.4,7.34,8.01,61.8,8.78,83.301944,28.0975,0,1,WECS_NEA_MIP,0.3092,0.212,0.1125,0.067,0.0493,0.068,0.0618,0.068,0.0928,0.1701,0.5412,1.0514,1.1287,0.6494,0.2938,0.1299,0.0804,0.0062,0.1125,0.1063,0.65,Micro/Mini Hydro (<1 MW),4.9,3.32,25.77,10.33,15.44,1.44,1.17,1.44,1.95,2.62,2.53,2.62,2.62,2.53,2.62,2.53,1.72,Resunga,0,1.0,Pico (<5 kW),0,1,0
6451,1,1260.8,1220.3,40.5,0.5,2.56,463.8,8.74,83.101944,28.167222,0,1,WECS_NEA_MIP,0.1011,0.0685,0.0355,0.0207,0.0151,0.0222,0.0202,0.0222,0.0303,0.0556,0.177,0.3438,0.3691,0.2123,0.0961,0.0425,0.0263,0.002,0.0355,0.0335,0.65,Micro/Mini Hydro (<1 MW),36.5,7.8,61.23,24.94,36.29,3.5,2.85,3.5,4.74,6.15,5.95,6.15,6.15,5.95,6.15,5.95,4.21,Dhurkot,0,1.0,Micro (5-100 kW),0,1,1
6454,3,1259.4,1208.3,51.2,19.6,20.23,587.5,8.71,83.42,28.131111,1,0,WECS_NEA_MIP,0.7667,0.5306,0.2867,0.1741,0.1293,0.1687,0.1533,0.1687,0.23,0.4217,1.3417,2.6067,2.7984,1.61,0.7284,0.322,0.1993,0.0153,0.5306,0.5153,0.82,Commercial RoR (>1 MW),46.1,191.09,1143.67,339.26,804.42,42.32,34.39,42.32,57.33,112.13,141.67,146.39,146.39,141.67,146.39,81.89,50.77,Chandrakot,0,1.0,Mini (100-1000 kW),0,1,1
6455,3,1208.3,1107.6,100.7,20.23,70.06,563.2,17.88,83.421667,28.126944,1,0,WECS_NEA_MIP,2.59,1.8148,1.0054,0.6258,0.4705,0.5698,0.518,0.5698,0.777,1.4245,4.5325,8.8061,9.4536,5.4391,2.4605,1.0878,0.6734,0.0518,1.8148,1.763,0.82,Commercial RoR (>1 MW),90.6,1284.88,7652.33,2251.99,5400.34,280.88,228.32,280.88,380.54,744.32,952.3,984.04,984.04,952.3,984.04,543.63,337.05,Chandrakot,0,1.0,Small/Medium RoR (>1 MW),0,1,1
6461,1,1258.1,1227.1,31.0,0.77,1.2,469.8,6.6,83.125278,28.084167,0,1,WECS_NEA_MIP,0.0481,0.0324,0.0165,0.0095,0.0068,0.0106,0.0096,0.0106,0.0144,0.0265,0.0842,0.1636,0.1756,0.1011,0.0457,0.0202,0.0125,0.001,0.0165,0.0155,0.65,Micro/Mini Hydro (<1 MW),27.9,2.76,21.88,8.99,12.89,1.27,1.03,1.27,1.72,2.18,2.11,2.18,2.18,2.11,2.18,2.11,1.52,Dhurkot,0,1.0,Pico (<5 kW),0,1,0
6463,2,1258.1,1236.6,21.5,3.59,4.51,561.2,3.83,83.096389,28.110833,0,1,WECS_NEA_MIP,0.1761,0.1201,0.063,0.0371,0.0271,0.0387,0.0352,0.0387,0.0528,0.0969,0.3082,0.5988,0.6429,0.3699,0.1673,0.074,0.0458,0.0035,0.063,0.0595,0.65,Micro/Mini Hydro (<1 MW),19.4,7.36,57.43,23.2,34.23,3.24,2.64,3.24,4.39,5.8,5.61,5.8,5.8,5.61,5.8,5.61,3.89,Madane,0,1.0,Micro (5-100 kW),0,1,1
6464,1,1258.0,1120.1,137.9,0.54,1.83,483.1,28.54,83.573333,28.006944,0,1,WECS_NEA_MIP,0.0728,0.0492,0.0253,0.0147,0.0106,0.016,0.0146,0.016,0.0218,0.04,0.1273,0.2474,0.2656,0.1528,0.0691,0.0306,0.0189,0.0015,0.0253,0.0238,0.65,Micro/Mini Hydro (<1 MW),124.1,18.83,148.68,60.75,87.93,8.54,6.97,8.54,11.57,14.9,14.41,14.9,14.9,14.41,14.9,14.41,10.24,Kaligandaki,0,1.0,Micro (5-100 kW),0,1,1
6480,1,1253.9,1203.6,50.3,0.61,4.1,381.3,13.19,83.100278,28.133889,0,1,WECS_NEA_MIP,0.1604,0.1093,0.0572,0.0336,0.0246,0.0353,0.0321,0.0353,0.0481,0.0882,0.2807,0.5454,0.5856,0.3369,0.1524,0.0674,0.0417,0.0032,0.0572,0.054,0.65,Micro/Mini Hydro (<1 MW),45.3,15.6,121.88,49.31,72.57,6.9,5.61,6.9,9.34,12.29,11.9,12.29,12.29,11.9,12.29,11.9,8.27,Madane,0,1.0,Micro (5-100 kW),0,1,1
6496,2,1251.0,1154.0,97.0,4.52,5.07,639.0,15.18,83.357222,28.181111,0,1,WECS_NEA_MIP,0.1975,0.1348,0.0709,0.0419,0.0307,0.0435,0.0395,0.0435,0.0593,0.1086,0.3457,0.6716,0.721,0.4148,0.1877,0.083,0.0514,0.004,0.0709,0.067,0.65,Micro/Mini Hydro (<1 MW),87.3,37.3,290.5,117.16,173.34,16.36,13.28,16.36,22.16,29.36,28.42,29.36,29.36,28.42,29.36,28.42,19.63,Musikot,0,1.0,Micro (5-100 kW),0,1,1
6497,2,1154.0,1103.2,50.8,5.07,5.51,597.8,8.5,83.354722,28.185833,0,1,WECS_NEA_MIP,0.2143,0.1464,0.0771,0.0456,0.0334,0.0472,0.0429,0.0472,0.0643,0.1179,0.3751,0.7287,0.7823,0.4501,0.2036,0.09,0.0557,0.0043,0.0771,0.0728,0.65,Micro/Mini Hydro (<1 MW),45.7,21.21,165.29,66.61,98.68,9.3,7.56,9.3,12.59,16.72,16.18,16.72,16.72,16.18,16.72,16.18,11.14,Musikot,0,1.0,Micro (5-100 kW),0,1,1
6498,2,1103.2,985.3,117.8,5.51,5.83,594.1,19.83,83.354444,28.190556,0,1,WECS_NEA_MIP,0.2265,0.1548,0.0816,0.0483,0.0354,0.0498,0.0453,0.0498,0.068,0.1246,0.3964,0.7702,0.8268,0.4757,0.2152,0.0951,0.0589,0.0045,0.0816,0.0771,0.65,Micro/Mini Hydro (<1 MW),106.0,52.11,405.62,163.39,242.24,22.78,18.53,22.78,30.9,41.03,39.71,41.03,41.03,39.71,41.03,39.71,27.36,Musikot,0,1.0,Micro (5-100 kW),0,1,1
6499,2,985.3,915.9,69.4,5.83,226.83,520.7,13.33,83.350556,28.192778,1,0,GAUGE_TRANSFER_DHM,10.1668,6.2337,3.1168,2.0037,1.41,2.2367,2.0334,2.2367,3.05,5.5917,17.7919,34.5671,37.1088,21.3503,9.6585,4.2701,2.6434,0.2033,6.2337,6.0304,0.82,Commercial RoR (>1 MW),62.5,1515.93,9539.36,3049.14,6490.22,760.6,618.31,760.6,1030.47,2015.56,2256.53,2331.75,2331.75,2256.53,2331.75,1472.14,912.73,Musikot,1,0.5,Small/Medium RoR (>1 MW),0,1,1
6504,1,1250.4,1231.2,19.2,1.9,4.98,150.9,12.72,83.169722,28.194722,0,1,WECS_NEA_MIP,0.1941,0.1325,0.0696,0.0411,0.0301,0.0427,0.0388,0.0427,0.0582,0.1068,0.3397,0.6599,0.7085,0.4076,0.1844,0.0815,0.0505,0.0039,0.0696,0.0657,0.65,Micro/Mini Hydro (<1 MW),17.3,7.25,56.53,22.81,33.72,3.18,2.59,3.18,4.31,5.71,5.53,5.71,5.71,5.53,5.71,5.53,3.82,Malika,0,1.0,Micro (5-100 kW),0,1,1
6505,1,1250.1,937.9,312.2,0.51,3.63,597.8,52.23,83.548333,28.026667,0,1,WECS_NEA_MIP,0.1424,0.0969,0.0506,0.0297,0.0217,0.0313,0.0285,0.0313,0.0427,0.0783,0.2492,0.4841,0.5197,0.299,0.1353,0.0598,0.037,0.0029,0.0506,0.0478,0.65,Micro/Mini Hydro (<1 MW),281.0,85.65,669.0,270.8,398.2,37.86,30.82,37.86,51.35,67.45,65.28,67.45,67.45,65.28,67.45,65.28,45.46,Kaligandaki,0,1.0,Micro (5-100 kW),0,1,1
6510,2,1249.5,1158.2,91.3,1.83,2.4,589.1,15.49,83.366944,28.184444,0,1,WECS_NEA_MIP,0.0949,0.0643,0.0333,0.0194,0.0141,0.0209,0.019,0.0209,0.0285,0.0522,0.1661,0.3227,0.3465,0.1993,0.0902,0.0399,0.0247,0.0019,0.0333,0.0314,0.65,Micro/Mini Hydro (<1 MW),82.2,16.46,129.42,52.76,76.66,7.41,6.02,7.41,10.04,12.99,12.57,12.99,12.99,12.57,12.99,12.57,8.89,Musikot,0,1.0,Micro (5-100 kW),0,1,1
6511,2,1158.2,1142.0,16.2,2.4,2.63,268.0,6.03,83.364167,28.186944,0,1,WECS_NEA_MIP,0.1038,0.0704,0.0365,0.0213,0.0155,0.0228,0.0208,0.0228,0.0311,0.0571,0.1817,0.353,0.379,0.218,0.0986,0.0436,0.027,0.0021,0.0365,0.0344,0.65,Micro/Mini Hydro (<1 MW),14.6,3.2,25.16,10.23,14.92,1.43,1.17,1.43,1.94,2.53,2.45,2.53,2.53,2.45,2.53,2.45,1.72,Musikot,0,1.0,Pico (<5 kW),0,1,0
6514,1,1249.1,1198.2,50.9,1.12,2.57,309.2,16.47,83.436389,28.046667,0,1,WECS_NEA_MIP,0.1015,0.0688,0.0357,0.0208,0.0151,0.0223,0.0203,0.0223,0.0305,0.0558,0.1776,0.3451,0.3705,0.2132,0.0964,0.0426,0.0264,0.002,0.0357,0.0337,0.65,Micro/Mini Hydro (<1 MW),45.8,9.84,77.26,31.46,45.79,4.41,3.59,4.41,5.99,7.76,7.51,7.76,7.76,7.51,7.76,7.51,5.3,Satyawati,0,1.0,Micro (5-100 kW),0,1,1
6520,1,1248.7,1163.6,85.1,0.75,1.49,363.1,23.45,83.1925,28.219444,0,1,WECS_NEA_MIP,0.0595,0.0401,0.0206,0.0119,0.0086,0.0131,0.0119,0.0131,0.0178,0.0327,0.1041,0.2023,0.2171,0.1249,0.0565,0.025,0.0155,0.0012,0.0206,0.0194,0.65,Micro/Mini Hydro (<1 MW),76.6,9.48,74.87,30.68,44.19,4.32,3.51,4.32,5.84,7.49,7.24,7.49,7.49,7.24,7.49,7.24,5.2,Isma,0,1.0,Micro (5-100 kW),0,1,1
6521,2,1248.4,1125.1,123.3,3.05,3.78,597.8,20.63,83.454722,28.054444,0,1,WECS_NEA_MIP,0.1481,0.1008,0.0527,0.0309,0.0226,0.0326,0.0296,0.0326,0.0444,0.0815,0.2593,0.5037,0.5407,0.3111,0.1407,0.0622,0.0385,0.003,0.0527,0.0497,0.65,Micro/Mini Hydro (<1 MW),111.0,35.18,275.19,111.37,163.82,15.59,12.65,15.59,21.1,27.75,26.86,27.75,27.75,26.86,27.75,26.86,18.69,Satyawati,0,1.0,Micro (5-100 kW),0,1,1
6522,2,1125.1,1019.7,105.3,3.78,4.38,577.2,18.25,83.453333,28.049722,0,1,WECS_NEA_MIP,0.1712,0.1166,0.0611,0.036,0.0263,0.0377,0.0342,0.0377,0.0513,0.0941,0.2995,0.5819,0.6247,0.3594,0.1626,0.0719,0.0445,0.0034,0.0611,0.0577,0.65,Micro/Mini Hydro (<1 MW),94.8,34.88,272.39,110.18,162.22,15.43,12.51,15.43,20.85,27.48,26.59,27.48,27.48,26.59,27.48,26.59,18.48,Satyawati,0,1.0,Micro (5-100 kW),0,1,1
6523,2,1019.7,926.8,92.9,4.38,7.93,621.4,14.94,83.450833,28.045556,0,1,WECS_NEA_MIP,0.3062,0.2099,0.1113,0.0664,0.0488,0.0674,0.0612,0.0674,0.0919,0.1684,0.5359,1.0411,1.1177,0.6431,0.2909,0.1286,0.0796,0.0061,0.1113,0.1052,0.65,Micro/Mini Hydro (<1 MW),83.6,56.08,435.17,174.59,260.58,24.31,19.74,24.31,32.93,44.14,42.72,44.14,44.14,42.72,44.14,42.72,29.15,Satyawati,0,1.0,Micro (5-100 kW),0,1,1
6528,2,1247.3,1175.3,72.0,3.83,4.35,587.5,12.25,83.143611,28.1925,0,1,WECS_NEA_MIP,0.17,0.1159,0.0607,0.0357,0.0261,0.0374,0.034,0.0374,0.051,0.0935,0.2975,0.578,0.6205,0.357,0.1615,0.0714,0.0442,0.0034,0.0607,0.0573,0.65,Micro/Mini Hydro (<1 MW),64.8,23.68,184.92,74.77,110.16,10.45,8.5,10.45,14.16,18.66,18.06,18.66,18.66,18.06,18.66,18.06,12.54,Malika,0,1.0,Micro (5-100 kW),0,1,1
6529,2,1175.3,1169.9,5.4,4.35,5.27,61.8,8.73,83.143611,28.19,0,1,WECS_NEA_MIP,0.2052,0.1401,0.0737,0.0436,0.0319,0.0451,0.041,0.0451,0.0616,0.1128,0.3591,0.6976,0.7489,0.4309,0.1949,0.0862,0.0533,0.0041,0.0737,0.0696,0.65,Micro/Mini Hydro (<1 MW),4.9,2.17,16.95,6.83,10.11,0.95,0.77,0.95,1.29,1.71,1.66,1.71,1.71,1.66,1.71,1.66,1.14,Malika,0,1.0,Pico (<5 kW),0,1,0
6541,1,1246.4,1157.8,88.6,0.58,1.06,547.3,16.19,83.231111,28.169722,0,1,WECS_NEA_MIP,0.0426,0.0286,0.0146,0.0084,0.006,0.0094,0.0085,0.0094,0.0128,0.0234,0.0746,0.1449,0.1555,0.0895,0.0405,0.0179,0.0111,0.0009,0.0146,0.0138,0.65,Micro/Mini Hydro (<1 MW),79.7,7.01,55.34,22.75,32.59,3.21,2.6,3.21,4.35,5.52,5.34,5.52,5.52,5.34,5.52,5.34,3.86,Isma,0,1.0,Micro (5-100 kW),0,1,1
6542,1,1157.8,1069.1,88.7,1.06,1.96,287.9,30.81,83.234444,28.168611,0,1,WECS_NEA_MIP,0.0778,0.0526,0.0271,0.0157,0.0114,0.0171,0.0156,0.0171,0.0233,0.0428,0.1362,0.2646,0.2841,0.1634,0.0739,0.0327,0.0202,0.0016,0.0271,0.0255,0.65,Micro/Mini Hydro (<1 MW),79.8,12.98,102.34,41.77,60.56,5.87,4.79,5.87,7.95,10.26,9.93,10.26,10.26,9.93,10.26,9.93,7.04,Isma,0,1.0,Micro (5-100 kW),0,1,1
6548,1,1246.0,1213.0,33.0,0.5,1.18,123.0,26.86,83.354167,28.009444,0,1,WECS_NEA_MIP,0.0473,0.0318,0.0163,0.0093,0.0067,0.0104,0.0095,0.0104,0.0142,0.026,0.0828,0.1609,0.1728,0.0994,0.045,0.0199,0.0123,0.0009,0.0163,0.0153,0.65,Micro/Mini Hydro (<1 MW),29.7,2.9,23.05,9.49,13.56,1.34,1.09,1.34,1.81,2.3,2.22,2.3,2.3,2.22,2.3,2.22,1.61,Chatrakot,0,1.0,Pico (<5 kW),0,1,0
6553,1,1245.9,1169.4,76.4,0.5,0.95,552.9,13.82,83.135,28.092778,0,1,WECS_NEA_MIP,0.0383,0.0257,0.0131,0.0075,0.0054,0.0084,0.0077,0.0084,0.0115,0.0211,0.067,0.1301,0.1397,0.0804,0.0364,0.0161,0.01,0.0008,0.0131,0.0123,0.65,Micro/Mini Hydro (<1 MW),68.8,5.4,42.89,17.65,25.24,2.48,2.03,2.48,3.38,4.28,4.14,4.28,4.28,4.14,4.28,4.14,3.0,Dhurkot,0,1.0,Micro (5-100 kW),0,1,1
6554,1,1169.4,1041.0,128.4,0.95,2.16,525.7,24.43,83.134444,28.096944,0,1,WECS_NEA_MIP,0.0856,0.0579,0.0299,0.0174,0.0126,0.0188,0.0171,0.0188,0.0257,0.0471,0.1498,0.2911,0.3125,0.1798,0.0813,0.036,0.0223,0.0017,0.0299,0.0282,0.65,Micro/Mini Hydro (<1 MW),115.6,20.79,163.62,66.82,96.8,9.38,7.63,9.38,12.74,16.4,15.87,16.4,16.4,15.87,16.4,15.87,11.3,Dhurkot,0,1.0,Micro (5-100 kW),0,1,1
6555,1,1245.8,1122.5,123.3,0.51,0.63,597.8,20.63,83.365556,28.0025,0,1,WECS_NEA_MIP,0.0256,0.0171,0.0086,0.0049,0.0035,0.0056,0.0051,0.0056,0.0077,0.0141,0.0448,0.087,0.0934,0.0537,0.0243,0.0107,0.0067,0.0005,0.0086,0.0081,0.65,Micro/Mini Hydro (<1 MW),111.0,5.73,45.76,19.02,26.73,2.69,2.19,2.69,3.67,4.53,4.38,4.53,4.53,4.38,4.53,4.38,3.26,Chatrakot,0,1.0,Micro (5-100 kW),0,1,1
6556,1,1122.5,1116.8,5.7,0.63,2.12,92.8,6.14,83.364722,28.005278,0,1,WECS_NEA_MIP,0.0841,0.0569,0.0294,0.0171,0.0124,0.0185,0.0168,0.0185,0.0252,0.0462,0.1471,0.2858,0.3068,0.1765,0.0799,0.0353,0.0219,0.0017,0.0294,0.0277,0.65,Micro/Mini Hydro (<1 MW),5.1,0.9,7.09,2.89,4.2,0.41,0.33,0.41,0.55,0.71,0.69,0.71,0.71,0.69,0.71,0.69,0.49,Chatrakot,0,1.0,Pico (<5 kW),0,1,0
6561,1,1245.6,1131.4,114.2,0.53,0.85,631.0,18.1,83.150278,28.123889,0,1,WECS_NEA_MIP,0.0343,0.023,0.0117,0.0067,0.0048,0.0076,0.0069,0.0076,0.0103,0.0189,0.0601,0.1167,0.1253,0.0721,0.0326,0.0144,0.0089,0.0007,0.0117,0.011,0.65,Micro/Mini Hydro (<1 MW),102.8,7.21,57.38,23.7,33.68,3.37,2.73,3.37,4.53,5.71,5.52,5.71,5.71,5.52,5.71,5.52,4.0,Dhurkot,0,1.0,Micro (5-100 kW),0,1,1
6562,1,1131.4,1036.9,94.6,0.85,1.67,618.4,15.29,83.153056,28.128056,0,1,WECS_NEA_MIP,0.0665,0.0449,0.0231,0.0133,0.0097,0.0146,0.0133,0.0146,0.02,0.0366,0.1164,0.2262,0.2428,0.1397,0.0632,0.0279,0.0173,0.0013,0.0231,0.0218,0.65,Micro/Mini Hydro (<1 MW),85.1,11.83,93.26,38.21,55.05,5.37,4.38,5.37,7.31,9.33,9.03,9.33,9.33,9.03,9.33,9.03,6.46,Dhurkot,0,1.0,Micro (5-100 kW),0,1,1
6563,1,1036.9,967.4,69.4,1.67,2.07,611.1,11.36,83.155278,28.132778,0,1,WECS_NEA_MIP,0.0821,0.0555,0.0287,0.0166,0.0121,0.0181,0.0164,0.0181,0.0246,0.0452,0.1437,0.2792,0.2997,0.1724,0.078,0.0345,0.0213,0.0016,0.0287,0.0271,0.65,Micro/Mini Hydro (<1 MW),62.5,10.8,84.93,34.7,50.24,4.89,3.96,4.89,6.6,8.51,8.24,8.51,8.51,8.24,8.51,8.24,5.84,Dhurkot,0,1.0,Micro (5-100 kW),0,1,1
6564,2,967.4,940.4,27.1,2.07,64.34,260.0,10.41,83.158611,28.135,1,0,WECS_NEA_MIP,2.3826,1.668,0.9225,0.5733,0.4306,0.5242,0.4765,0.5242,0.7148,1.3104,4.1696,8.1009,8.6966,5.0035,2.2635,1.0007,0.6195,0.0476,1.668,1.6203,0.82,Commercial RoR (>1 MW),24.4,318.03,1894.86,557.98,1336.88,69.6,56.57,69.6,94.29,184.41,235.72,243.58,243.58,235.72,243.58,134.69,83.52,Dhurkot,0,1.0,Mini (100-1000 kW),0,1,1
6573,1,1245.4,1124.1,121.3,0.59,1.53,608.1,19.94,83.285833,28.106111,0,1,WECS_NEA_MIP,0.0611,0.0412,0.0211,0.0122,0.0088,0.0134,0.0122,0.0134,0.0183,0.0336,0.1069,0.2076,0.2229,0.1282,0.058,0.0256,0.0159,0.0012,0.0211,0.0199,0.65,Micro/Mini Hydro (<1 MW),109.2,13.86,109.44,44.91,64.53,6.32,5.15,6.32,8.57,10.93,10.58,10.93,10.93,10.58,10.93,10.58,7.62,Resunga,0,1.0,Micro (5-100 kW),0,1,1
6574,1,1124.1,1124.1,0.0,1.53,1.6,30.9,0.0,83.286389,28.108611,0,1,WECS_NEA_MIP,0.0638,0.043,0.0221,0.0128,0.0092,0.014,0.0128,0.014,0.0191,0.0351,0.1116,0.2169,0.2328,0.134,0.0606,0.0268,0.0166,0.0013,0.0221,0.0208,0.65,Micro/Mini Hydro (<1 MW),0.0,0.0,0.0,0.0,0.0,0.0,0.0,0.0,0.0,0.0,0.0,0.0,0.0,0.0,0.0,0.0,0.0,Resunga,0,1.0,Pico (<5 kW),0,0,0
6578,1,1244.5,1141.0,103.4,0.9,1.52,278.3,37.17,83.306667,28.079444,0,1,WECS_NEA_MIP,0.0607,0.0409,0.021,0.0121,0.0088,0.0133,0.0121,0.0133,0.0182,0.0334,0.1062,0.2063,0.2214,0.1274,0.0576,0.0255,0.0158,0.0012,0.021,0.0198,0.65,Micro/Mini Hydro (<1 MW),93.1,11.75,92.78,38.03,54.75,5.34,4.35,5.34,7.27,9.28,8.98,9.28,9.28,8.98,9.28,8.98,6.45,Gulmidarbar,0,1.0,Micro (5-100 kW),0,1,1
6580,2,1244.3,1189.4,54.8,7.78,8.09,546.3,10.04,83.358889,28.126111,0,1,WECS_NEA_MIP,0.3123,0.2141,0.1136,0.0677,0.0498,0.0687,0.0625,0.0687,0.0937,0.1717,0.5465,1.0617,1.1398,0.6558,0.2967,0.1312,0.0812,0.0063,0.1136,0.1074,0.65,Micro/Mini Hydro (<1 MW),49.3,33.76,261.78,104.93,156.84,14.59,11.87,14.59,19.78,26.57,25.71,26.57,26.57,25.71,26.57,25.71,17.52,Chandrakot,0,1.0,Micro (5-100 kW),0,1,1
6581,2,1189.4,1094.2,95.2,8.09,8.83,608.1,15.65,83.357778,28.121389,0,1,WECS_NEA_MIP,0.3402,0.2335,0.1241,0.0741,0.0546,0.0749,0.068,0.0749,0.1021,0.1871,0.5954,1.1568,1.2419,0.7145,0.3232,0.1429,0.0885,0.0068,0.1241,0.1173,0.65,Micro/Mini Hydro (<1 MW),85.7,64.1,496.87,199.02,297.85,27.69,22.47,27.69,37.5,50.46,48.83,50.46,50.46,48.83,50.46,48.83,33.22,Chandrakot,0,1.0,Micro (5-100 kW),0,1,1
6582,2,1094.2,1032.2,62.1,8.83,9.23,603.8,10.28,83.354167,28.117778,0,1,WECS_NEA_MIP,0.3553,0.244,0.1298,0.0776,0.0572,0.0782,0.0711,0.0782,0.1066,0.1954,0.6218,1.2081,1.297,0.7462,0.3376,0.1492,0.0924,0.0071,0.1298,0.1227,0.65,Micro/Mini Hydro (<1 MW),55.9,43.74,338.82,135.62,203.2,18.86,15.33,18.86,25.54,34.42,33.31,34.42,34.42,33.31,34.42,33.31,22.62,Musikot,0,1.0,Micro (5-100 kW),0,1,1
6583,2,1032.2,1032.2,0.0,9.23,9.91,99.4,0.0,83.3525,28.115,0,1,WECS_NEA_MIP,0.381,0.2618,0.1395,0.0835,0.0615,0.0838,0.0762,0.0838,0.1143,0.2095,0.6667,1.2953,1.3906,0.8,0.3619,0.16,0.0991,0.0076,0.1395,0.1319,0.65,Micro/Mini Hydro (<1 MW),0.0,0.0,0.0,0.0,0.0,0.0,0.0,0.0,0.0,0.0,0.0,0.0,0.0,0.0,0.0,0.0,0.0,Musikot,0,1.0,Pico (<5 kW),0,0,0
6611,1,1241.5,1131.1,110.4,0.54,0.83,631.0,17.5,83.283333,28.127222,0,1,WECS_NEA_MIP,0.0335,0.0225,0.0114,0.0065,0.0047,0.0074,0.0067,0.0074,0.0101,0.0184,0.0587,0.114,0.1224,0.0704,0.0319,0.0141,0.0087,0.0007,0.0114,0.0107,0.65,Micro/Mini Hydro (<1 MW),99.4,6.78,54.05,22.31,31.73,3.16,2.56,3.16,4.29,5.38,5.2,5.38,5.38,5.2,5.38,5.2,3.77,Musikot,0,1.0,Micro (5-100 kW),0,1,1
6612,1,1131.1,796.0,335.1,0.83,1.06,649.3,51.61,83.278889,28.123056,0,1,WECS_NEA_MIP,0.0426,0.0286,0.0146,0.0084,0.006,0.0094,0.0085,0.0094,0.0128,0.0234,0.0746,0.1449,0.1555,0.0895,0.0405,0.0179,0.0111,0.0009,0.0146,0.0138,0.65,Micro/Mini Hydro (<1 MW),301.6,26.54,209.43,86.11,123.32,12.16,9.82,12.16,16.48,20.89,20.22,20.89,20.89,20.22,20.89,20.22,14.59,Musikot,0,1.0,Micro (5-100 kW),0,1,1
6613,1,796.0,783.7,12.3,1.06,268.29,243.7,5.05,83.2775,28.12,1,0,GAUGE_TRANSFER_DHM,11.7261,7.1897,3.5949,2.311,1.6262,2.5797,2.3452,2.5797,3.5178,6.4493,20.5206,39.8687,42.8002,24.6248,11.1398,4.925,3.0488,0.2345,7.1897,6.9552,0.82,Commercial RoR (>1 MW),11.1,310.51,1954.01,624.58,1329.43,155.8,126.65,155.8,211.08,412.86,462.22,477.63,477.63,462.22,477.63,301.55,186.96,Musikot,1,0.5,Mini (100-1000 kW),0,1,1
6619,1,1240.9,1150.0,91.0,0.95,1.36,561.2,16.21,83.402778,28.11,0,1,WECS_NEA_MIP,0.0544,0.0366,0.0188,0.0108,0.0078,0.012,0.0109,0.012,0.0163,0.0299,0.0952,0.185,0.1986,0.1142,0.0517,0.0228,0.0141,0.0011,0.0188,0.0177,0.65,Micro/Mini Hydro (<1 MW),81.9,9.24,73.1,29.98,43.12,4.24,3.44,4.24,5.72,7.3,7.07,7.3,7.3,7.07,7.3,7.07,5.05,Chandrakot,0,1.0,Micro (5-100 kW),0,1,1
6620,1,1150.0,1112.9,37.0,1.36,7.09,309.2,11.98,83.405833,28.112222,0,1,WECS_NEA_MIP,0.2744,0.1879,0.0994,0.0591,0.0434,0.0604,0.0549,0.0604,0.0823,0.1509,0.4802,0.9329,1.0015,0.5762,0.2607,0.1152,0.0713,0.0055,0.0994,0.0939,0.65,Micro/Mini Hydro (<1 MW),33.3,19.94,154.93,62.23,92.7,8.67,7.05,8.67,11.74,15.7,15.2,15.7,15.7,15.2,15.7,15.2,10.4,Chandrakot,0,1.0,Micro (5-100 kW),0,1,1
6621,1,1240.9,1110.6,130.2,0.5,0.75,608.1,21.42,83.145278,28.133056,0,1,WECS_NEA_MIP,0.0304,0.0203,0.0103,0.0058,0.0042,0.0067,0.0061,0.0067,0.0091,0.0167,0.0531,0.1032,0.1108,0.0638,0.0288,0.0128,0.0079,0.0006,0.0103,0.0097,0.65,Micro/Mini Hydro (<1 MW),117.2,7.25,57.71,23.9,33.81,3.39,2.76,3.39,4.57,5.73,5.54,5.73,5.73,5.54,5.73,5.54,4.06,Dhurkot,0,1.0,Micro (5-100 kW),0,1,1
6622,1,1110.6,1004.1,106.5,0.75,0.95,596.5,17.85,83.148056,28.136944,0,1,WECS_NEA_MIP,0.0383,0.0257,0.0131,0.0075,0.0054,0.0084,0.0077,0.0084,0.0115,0.0211,0.067,0.1301,0.1397,0.0804,0.0364,0.0161,0.01,0.0008,0.0131,0.0123,0.65,Micro/Mini Hydro (<1 MW),95.9,7.52,59.79,24.61,35.18,3.46,2.84,3.46,4.71,5.96,5.77,5.96,5.96,5.77,5.96,5.77,4.19,Dhurkot,0,1.0,Micro (5-100 kW),0,1,1
6623,1,1004.1,967.3,36.8,0.95,5.07,243.7,15.12,83.151111,28.139167,0,1,WECS_NEA_MIP,0.1975,0.1348,0.0709,0.0419,0.0307,0.0435,0.0395,0.0435,0.0593,0.1086,0.3457,0.6716,0.721,0.4148,0.1877,0.083,0.0514,0.004,0.0709,0.067,0.65,Micro/Mini Hydro (<1 MW),33.1,14.14,110.14,44.42,65.72,6.2,5.04,6.2,8.4,11.13,10.77,11.13,11.13,10.77,11.13,10.77,7.44,Dhurkot,0,1.0,Micro (5-100 kW),0,1,1
6628,1,1240.8,1134.7,106.1,0.51,8.03,511.0,20.76,83.100833,28.189722,0,1,WECS_NEA_MIP,0.31,0.2126,0.1128,0.0672,0.0495,0.0682,0.062,0.0682,0.093,0.1705,0.5425,1.054,1.1315,0.651,0.2945,0.1302,0.0806,0.0062,0.1128,0.1066,0.65,Micro/Mini Hydro (<1 MW),95.5,64.91,503.57,201.88,301.69,28.09,22.83,28.09,38.06,51.11,49.46,51.11,51.11,49.46,51.11,49.46,33.71,Madane,0,1.0,Micro (5-100 kW),0,1,1
6632,1,1240.2,997.3,242.9,0.79,1.2,576.5,42.13,83.195278,28.253056,0,1,WECS_NEA_MIP,0.0481,0.0324,0.0165,0.0095,0.0068,0.0106,0.0096,0.0106,0.0144,0.0265,0.0842,0.1636,0.1756,0.1011,0.0457,0.0202,0.0125,0.001,0.0165,0.0155,0.65,Micro/Mini Hydro (<1 MW),218.6,21.61,171.47,70.45,101.01,9.96,8.06,9.96,13.45,17.11,16.56,17.11,17.11,16.56,17.11,16.56,11.93,Musikot,0,1.0,Micro (5-100 kW),0,1,1
6633,1,997.3,874.9,122.4,1.2,549.33,528.6,23.16,83.198889,28.256111,1,0,GAUGE_TRANSFER_DHM,21.5624,13.2207,6.6104,4.2495,2.9904,4.7437,4.3125,4.7437,6.4687,11.8593,37.7342,73.3122,78.7028,45.281,20.4843,9.0562,5.6062,0.4313,13.2207,12.7895,0.82,Commercial RoR (>1 MW),110.2,5668.76,35671.96,11402.01,24269.95,2844.18,2312.06,2844.18,3853.42,7537.16,8438.23,8719.51,8719.51,8438.23,8719.51,5504.92,3413.02,Musikot,1,0.5,Small/Medium RoR (>1 MW),0,1,1
6653,1,1237.4,1076.5,160.9,0.6,0.71,546.3,29.46,83.146389,28.094444,0,1,WECS_NEA_MIP,0.0288,0.0193,0.0097,0.0055,0.004,0.0063,0.0058,0.0063,0.0086,0.0158,0.0504,0.0978,0.105,0.0604,0.0273,0.0121,0.0075,0.0006,0.0097,0.0091,0.65,Micro/Mini Hydro (<1 MW),144.8,8.4,67.11,27.78,39.34,3.92,3.23,3.92,5.32,6.66,6.45,6.66,6.66,6.45,6.66,6.45,4.74,Dhurkot,0,1.0,Micro (5-100 kW),0,1,1
6654,1,1076.5,1012.8,63.6,0.71,37.6,226.8,28.05,83.145556,28.097778,1,0,WECS_NEA_MIP,1.4074,0.98,0.5362,0.3297,0.2463,0.3096,0.2815,0.3096,0.4222,0.7741,2.463,4.7853,5.1371,2.9556,1.3371,0.5911,0.3659,0.0281,0.98,0.9518,0.82,Commercial RoR (>1 MW),57.2,437.95,2614.99,772.67,1842.32,96.37,78.35,96.37,130.56,255.38,324.67,335.49,335.49,324.67,335.49,186.52,115.64,Dhurkot,0,1.0,Mini (100-1000 kW),0,1,1
6657,2,1237.1,1191.9,45.2,8.31,9.25,491.4,9.2,83.445278,28.104167,0,1,WECS_NEA_MIP,0.3561,0.2445,0.1301,0.0778,0.0573,0.0783,0.0712,0.0783,0.1068,0.1959,0.6232,1.2107,1.2997,0.7478,0.3383,0.1496,0.0926,0.0071,0.1301,0.123,0.65,Micro/Mini Hydro (<1 MW),40.7,31.92,247.22,98.93,148.29,13.75,11.18,13.75,18.63,25.12,24.31,25.12,25.12,24.31,25.12,24.31,16.51,Chandrakot,0,1.0,Micro (5-100 kW),0,1,1
6658,2,1191.9,1173.0,18.9,9.25,10.35,369.7,5.12,83.441389,28.104722,1,0,WECS_NEA_MIP,0.3975,0.2733,0.1457,0.0873,0.0644,0.0875,0.0795,0.0875,0.1193,0.2186,0.6957,1.3516,1.451,0.8348,0.3777,0.167,0.1034,0.008,0.2733,0.2653,0.82,Commercial RoR (>1 MW),17.0,36.28,217.73,64.84,152.89,8.09,6.57,8.09,10.96,21.43,26.91,27.81,27.81,26.91,27.81,15.66,9.71,Chandrakot,0,1.0,Micro (5-100 kW),0,1,1
6664,2,1236.6,1221.4,15.2,4.51,5.25,277.6,5.47,83.099444,28.112778,0,1,WECS_NEA_MIP,0.2044,0.1396,0.0734,0.0434,0.0318,0.045,0.0409,0.045,0.0613,0.1124,0.3577,0.695,0.7461,0.4293,0.1942,0.0859,0.0531,0.0041,0.0734,0.0693,0.65,Micro/Mini Hydro (<1 MW),13.7,6.05,47.19,19.03,28.16,2.66,2.16,2.66,3.6,4.77,4.62,4.77,4.77,4.62,4.77,4.62,3.18,Madane,0,1.0,Micro (5-100 kW),0,1,1
6671,2,1235.6,1182.7,52.9,5.86,8.13,412.3,12.82,83.167222,28.256111,0,1,WECS_NEA_MIP,0.3138,0.2152,0.1142,0.0681,0.0501,0.069,0.0628,0.069,0.0941,0.1726,0.5491,1.0669,1.1453,0.6589,0.2981,0.1318,0.0816,0.0063,0.1142,0.1079,0.65,Micro/Mini Hydro (<1 MW),47.6,32.75,254.06,101.82,152.24,14.16,11.52,14.16,19.19,25.79,24.96,25.79,25.79,24.96,25.79,24.96,17.0,Malika,0,1.0,Micro (5-100 kW),0,1,1
6694,2,1231.2,1155.4,75.8,4.98,6.14,552.9,13.7,83.168333,28.191944,0,1,WECS_NEA_MIP,0.2383,0.163,0.086,0.051,0.0374,0.0524,0.0477,0.0524,0.0715,0.1311,0.417,0.8103,0.8698,0.5005,0.2264,0.1001,0.062,0.0048,0.086,0.0812,0.65,Micro/Mini Hydro (<1 MW),68.2,35.31,274.81,110.56,164.26,15.4,12.54,15.4,20.88,27.83,26.93,27.83,27.83,26.93,27.83,26.93,18.51,Malika,0,1.0,Micro (5-100 kW),0,1,1
6714,2,1229.6,1165.5,64.1,5.32,5.89,577.2,11.11,83.098611,28.1975,0,1,WECS_NEA_MIP,0.2288,0.1564,0.0825,0.0488,0.0358,0.0503,0.0458,0.0503,0.0686,0.1258,0.4004,0.7779,0.8351,0.4805,0.2174,0.0961,0.0595,0.0046,0.0825,0.0779,0.65,Micro/Mini Hydro (<1 MW),57.7,28.66,223.08,89.77,133.31,12.51,10.19,12.51,16.95,22.58,21.85,22.58,22.58,21.85,22.58,21.85,15.03,Madane,0,1.0,Micro (5-100 kW),0,1,1
6715,2,1165.5,1144.6,20.9,5.89,7.16,350.4,5.96,83.1,28.193889,0,1,WECS_NEA_MIP,0.277,0.1897,0.1004,0.0597,0.0439,0.061,0.0554,0.061,0.0831,0.1524,0.4848,0.942,1.0112,0.5818,0.2632,0.1164,0.072,0.0055,0.1004,0.0949,0.65,Micro/Mini Hydro (<1 MW),18.8,11.38,88.36,35.5,52.86,4.95,4.02,4.95,6.7,8.95,8.67,8.95,8.95,8.67,8.95,8.67,5.93,Madane,0,1.0,Micro (5-100 kW),0,1,1
6726,2,1229.0,1145.6,83.4,3.07,3.52,597.8,13.95,83.1275,28.193056,0,1,WECS_NEA_MIP,0.1382,0.0939,0.049,0.0287,0.021,0.0304,0.0276,0.0304,0.0414,0.076,0.2418,0.4697,0.5043,0.2901,0.1312,0.058,0.0359,0.0028,0.049,0.0462,0.65,Micro/Mini Hydro (<1 MW),75.1,22.12,173.27,70.21,103.06,9.83,7.98,9.83,13.31,17.46,16.89,17.46,17.46,16.89,17.46,16.89,11.79,Malika,0,1.0,Micro (5-100 kW),0,1,1
6727,2,1145.6,1095.0,50.7,3.52,6.51,429.2,11.8,83.127222,28.189167,0,1,WECS_NEA_MIP,0.2524,0.1727,0.0912,0.0542,0.0398,0.0555,0.0505,0.0555,0.0757,0.1388,0.4417,0.8581,0.9212,0.53,0.2398,0.106,0.0656,0.0051,0.0912,0.0862,0.65,Micro/Mini Hydro (<1 MW),45.6,25.06,194.74,78.28,116.47,10.9,8.87,10.9,14.78,19.73,19.09,19.73,19.73,19.09,19.73,19.09,13.09,Malika,0,1.0,Micro (5-100 kW),0,1,1
6728,1,1228.6,1009.2,219.5,0.62,1.15,659.6,33.27,83.504722,28.005278,0,1,WECS_NEA_MIP,0.0462,0.031,0.0158,0.0091,0.0066,0.0102,0.0092,0.0102,0.0138,0.0254,0.0808,0.1569,0.1685,0.0969,0.0438,0.0194,0.012,0.0009,0.0158,0.0149,0.65,Micro/Mini Hydro (<1 MW),197.6,18.77,148.82,61.38,87.44,8.72,7.03,8.72,11.7,14.81,14.33,14.81,14.81,14.33,14.81,14.33,10.41,Satyawati,0,1.0,Micro (5-100 kW),0,1,1
6729,2,1009.2,1001.9,7.3,1.15,8.89,27.3,26.81,83.502222,28.0075,0,1,WECS_NEA_MIP,0.3425,0.2351,0.125,0.0746,0.055,0.0754,0.0685,0.0754,0.1028,0.1884,0.5994,1.1645,1.2501,0.7193,0.3254,0.1439,0.0891,0.0069,0.125,0.1182,0.65,Micro/Mini Hydro (<1 MW),6.6,4.97,38.53,15.43,23.1,2.14,1.74,2.14,2.91,3.91,3.79,3.91,3.91,3.79,3.91,3.79,2.57,Satyawati,0,1.0,Pico (<5 kW),0,1,0
6730,1,1228.5,1131.5,97.1,0.55,4.37,486.7,19.94,83.281111,28.036667,0,1,WECS_NEA_MIP,0.1708,0.1164,0.061,0.0359,0.0263,0.0376,0.0342,0.0376,0.0512,0.0939,0.2988,0.5806,0.6233,0.3586,0.1622,0.0717,0.0444,0.0034,0.061,0.0576,0.65,Micro/Mini Hydro (<1 MW),87.4,32.1,250.68,101.37,149.31,14.18,11.53,14.18,19.18,25.29,24.48,25.29,25.29,24.48,25.29,24.48,17.0,Gulmidarbar,0,1.0,Micro (5-100 kW),0,1,1
6736,1,1227.8,1063.2,164.6,0.51,1.33,525.7,31.3,83.333333,28.181667,0,1,WECS_NEA_MIP,0.0532,0.0358,0.0183,0.0105,0.0076,0.0117,0.0106,0.0117,0.016,0.0293,0.0931,0.181,0.1943,0.1118,0.0506,0.0224,0.0138,0.0011,0.0183,0.0172,0.65,Micro/Mini Hydro (<1 MW),148.1,16.24,128.74,52.84,75.9,7.45,6.03,7.45,10.13,12.86,12.44,12.86,12.86,12.44,12.86,12.44,8.92,Musikot,0,1.0,Micro (5-100 kW),0,1,1
6737,1,1063.2,903.9,159.3,1.33,1.5,583.8,27.29,83.333056,28.186389,0,1,WECS_NEA_MIP,0.0599,0.0404,0.0207,0.0119,0.0086,0.0132,0.012,0.0132,0.018,0.0329,0.1048,0.2036,0.2186,0.1258,0.0569,0.0252,0.0156,0.0012,0.0207,0.0195,0.65,Micro/Mini Hydro (<1 MW),143.4,17.83,141.03,57.9,83.13,8.16,6.64,8.16,11.06,14.08,13.63,14.08,14.08,13.63,14.08,13.63,9.8,Musikot,0,1.0,Micro (5-100 kW),0,1,1
6748,1,1226.7,1123.2,103.5,0.82,1.14,592.8,17.47,83.305278,28.030556,0,1,WECS_NEA_MIP,0.0458,0.0308,0.0157,0.009,0.0065,0.0101,0.0092,0.0101,0.0137,0.0252,0.0801,0.1556,0.167,0.0961,0.0435,0.0192,0.0119,0.0009,0.0157,0.0148,0.65,Micro/Mini Hydro (<1 MW),93.2,8.8,69.71,28.73,40.98,4.07,3.31,4.07,5.48,6.94,6.72,6.94,6.94,6.72,6.94,6.72,4.86,Gulmidarbar,0,1.0,Micro (5-100 kW),0,1,1
6749,1,1123.2,1107.4,15.8,1.14,2.71,92.8,17.04,83.303889,28.028333,0,1,WECS_NEA_MIP,0.1069,0.0725,0.0376,0.022,0.016,0.0235,0.0214,0.0235,0.0321,0.0588,0.1871,0.3635,0.3903,0.2245,0.1016,0.0449,0.0278,0.0021,0.0376,0.0355,0.65,Micro/Mini Hydro (<1 MW),14.2,3.21,25.23,10.28,14.95,1.44,1.17,1.44,1.96,2.53,2.45,2.53,2.53,2.45,2.53,2.45,1.73,Gulmidarbar,0,1.0,Pico (<5 kW),0,1,0
6751,2,1226.1,1224.4,1.7,4.39,5.11,565.6,0.31,83.183889,28.231944,0,1,WECS_NEA_MIP,0.1991,0.1359,0.0714,0.0422,0.0309,0.0438,0.0398,0.0438,0.0597,0.1095,0.3484,0.6768,0.7266,0.418,0.1891,0.0836,0.0518,0.004,0.0714,0.0674,0.65,Micro/Mini Hydro (<1 MW),1.5,0.64,5.03,2.03,3.0,0.28,0.23,0.28,0.38,0.51,0.49,0.51,0.51,0.49,0.51,0.49,0.34,Malika,0,1.0,Pico (<5 kW),0,0,0
6752,2,1224.4,1213.5,10.9,5.11,6.37,575.2,1.9,83.188056,28.229167,0,1,WECS_NEA_MIP,0.2471,0.169,0.0892,0.053,0.0389,0.0544,0.0494,0.0544,0.0741,0.1359,0.4324,0.84,0.9018,0.5188,0.2347,0.1038,0.0642,0.0049,0.0892,0.0843,0.65,Micro/Mini Hydro (<1 MW),9.8,5.27,40.97,16.49,24.48,2.3,1.87,2.3,3.11,4.15,4.01,4.15,4.15,4.01,4.15,4.01,2.76,Malika,0,1.0,Micro (5-100 kW),0,1,1
6753,2,1213.5,1206.0,7.5,6.37,6.78,509.0,1.47,83.192778,28.228889,0,1,WECS_NEA_MIP,0.2626,0.1798,0.095,0.0565,0.0415,0.0578,0.0525,0.0578,0.0788,0.1444,0.4596,0.893,0.9586,0.5515,0.2495,0.1103,0.0683,0.0053,0.095,0.0897,0.65,Micro/Mini Hydro (<1 MW),6.8,3.89,30.25,12.15,18.09,1.69,1.38,1.69,2.29,3.06,2.97,3.06,3.06,2.97,3.06,2.97,2.03,Malika,0,1.0,Pico (<5 kW),0,1,0
6754,2,1206.0,1168.8,37.2,6.78,7.22,631.0,5.89,83.197222,28.230278,0,1,WECS_NEA_MIP,0.2793,0.1913,0.1013,0.0602,0.0443,0.0615,0.0559,0.0615,0.0838,0.1536,0.4888,0.9497,1.0195,0.5866,0.2654,0.1173,0.0726,0.0056,0.1013,0.0957,0.65,Micro/Mini Hydro (<1 MW),33.5,20.44,158.8,63.76,95.04,8.88,7.22,8.88,12.03,16.1,15.58,16.1,16.1,15.58,16.1,15.58,10.65,Malika,0,1.0,Micro (5-100 kW),0,1,1
6755,2,1168.8,1162.8,6.0,7.22,8.41,467.8,1.28,83.201389,28.232778,0,1,WECS_NEA_MIP,0.3244,0.2225,0.1182,0.0705,0.0519,0.0714,0.0649,0.0714,0.0973,0.1784,0.5677,1.1029,1.184,0.6812,0.3082,0.1362,0.0843,0.0065,0.1182,0.1117,0.65,Micro/Mini Hydro (<1 MW),5.4,3.85,29.82,11.95,17.88,1.66,1.35,1.66,2.25,3.03,2.93,3.03,3.03,2.93,3.03,2.93,1.99,Malika,0,1.0,Pico (<5 kW),0,1,0
6762,1,1225.0,1194.3,30.7,0.57,1.3,589.8,5.2,83.116667,28.145833,0,1,WECS_NEA_MIP,0.052,0.035,0.0179,0.0103,0.0074,0.0115,0.0104,0.0115,0.0156,0.0286,0.0911,0.177,0.19,0.1093,0.0494,0.0219,0.0135,0.001,0.0179,0.0169,0.65,Micro/Mini Hydro (<1 MW),27.6,2.97,23.53,9.69,13.84,1.37,1.11,1.37,1.85,2.34,2.27,2.34,2.34,2.27,2.34,2.27,1.64,Dhurkot,0,1.0,Pico (<5 kW),0,1,0
6763,1,1194.3,1179.0,15.4,1.3,9.14,340.1,4.52,83.113611,28.143056,0,1,WECS_NEA_MIP,0.3519,0.2416,0.1285,0.0768,0.0566,0.0774,0.0704,0.0774,0.1056,0.1936,0.6159,1.1966,1.2846,0.7391,0.3343,0.1478,0.0915,0.007,0.1285,0.1215,0.65,Micro/Mini Hydro (<1 MW),13.9,10.77,83.42,33.4,50.02,4.64,3.78,4.64,6.29,8.47,8.2,8.47,8.47,8.2,8.47,8.2,5.57,Dhurkot,0,1.0,Micro (5-100 kW),0,1,1
6768,1,1225.0,1203.0,22.0,0.74,1.2,550.9,3.99,83.161111,28.110833,0,1,WECS_NEA_MIP,0.0481,0.0324,0.0165,0.0095,0.0068,0.0106,0.0096,0.0106,0.0144,0.0265,0.0842,0.1636,0.1756,0.1011,0.0457,0.0202,0.0125,0.001,0.0165,0.0155,0.65,Micro/Mini Hydro (<1 MW),19.8,1.96,15.53,6.38,9.15,0.9,0.73,0.9,1.22,1.55,1.5,1.55,1.55,1.5,1.55,1.5,1.08,Dhurkot,0,1.0,Pico (<5 kW),0,1,0
6769,1,1203.0,1170.7,32.2,1.2,1.91,519.3,6.21,83.165833,28.110833,0,1,WECS_NEA_MIP,0.0759,0.0513,0.0264,0.0153,0.0111,0.0167,0.0152,0.0167,0.0228,0.0417,0.1328,0.258,0.277,0.1594,0.0721,0.0319,0.0197,0.0015,0.0264,0.0249,0.65,Micro/Mini Hydro (<1 MW),29.0,4.6,36.3,14.86,21.44,2.09,1.7,2.09,2.84,3.63,3.51,3.63,3.63,3.51,3.63,3.51,2.5,Dhurkot,0,1.0,Pico (<5 kW),0,1,0
6770,2,1170.7,1134.7,36.0,1.91,2.42,533.3,6.76,83.170556,28.109722,0,1,WECS_NEA_MIP,0.0957,0.0648,0.0336,0.0195,0.0142,0.0211,0.0191,0.0211,0.0287,0.0526,0.1675,0.3254,0.3493,0.201,0.0909,0.0402,0.0249,0.0019,0.0336,0.0317,0.65,Micro/Mini Hydro (<1 MW),32.4,6.55,51.46,20.98,30.49,2.95,2.39,2.95,3.99,5.16,5.0,5.16,5.16,5.0,5.16,5.0,3.54,Dhurkot,0,1.0,Micro (5-100 kW),0,1,1
6771,2,1134.7,1108.4,26.3,2.42,3.19,561.2,4.68,83.175278,28.108333,0,1,WECS_NEA_MIP,0.1254,0.0852,0.0444,0.026,0.0189,0.0276,0.0251,0.0276,0.0376,0.069,0.2195,0.4265,0.4579,0.2634,0.1192,0.0527,0.0326,0.0025,0.0444,0.0419,0.65,Micro/Mini Hydro (<1 MW),23.7,6.33,49.6,20.14,29.47,2.82,2.3,2.82,3.82,4.99,4.83,4.99,4.99,4.83,4.99,4.83,3.38,Dhurkot,0,1.0,Micro (5-100 kW),0,1,1
6772,2,1108.4,1092.1,16.3,3.19,3.7,589.1,2.76,83.18,28.105278,0,1,WECS_NEA_MIP,0.1451,0.0987,0.0516,0.0303,0.0221,0.0319,0.029,0.0319,0.0435,0.0798,0.2539,0.4932,0.5295,0.3046,0.1378,0.0609,0.0377,0.0029,0.0516,0.0487,0.65,Micro/Mini Hydro (<1 MW),14.7,4.56,35.7,14.45,21.24,2.02,1.64,2.02,2.74,3.6,3.48,3.6,3.6,3.48,3.6,3.48,2.43,Dhurkot,0,1.0,Pico (<5 kW),0,1,0
6773,2,1092.1,1082.9,9.3,3.7,4.13,519.3,1.79,83.184722,28.106111,0,1,WECS_NEA_MIP,0.1616,0.1101,0.0576,0.0339,0.0248,0.0355,0.0323,0.0355,0.0485,0.0889,0.2828,0.5494,0.5897,0.3393,0.1535,0.0679,0.042,0.0032,0.0576,0.0544,0.65,Micro/Mini Hydro (<1 MW),8.4,2.91,22.76,9.21,13.55,1.29,1.05,1.29,1.75,2.3,2.22,2.3,2.3,2.22,2.3,2.22,1.55,Dhurkot,0,1.0,Pico (<5 kW),0,1,0
6774,2,1082.9,1079.3,3.5,4.13,4.43,368.4,0.95,83.188889,28.106389,0,1,WECS_NEA_MIP,0.1731,0.118,0.0618,0.0364,0.0266,0.0381,0.0346,0.0381,0.0519,0.0952,0.3029,0.5884,0.6317,0.3634,0.1644,0.0727,0.045,0.0035,0.0618,0.0583,0.65,Micro/Mini Hydro (<1 MW),3.1,1.15,9.0,3.64,5.37,0.51,0.41,0.51,0.69,0.91,0.88,0.91,0.91,0.88,0.91,0.88,0.61,Dhurkot,0,1.0,Pico (<5 kW),0,0,0
6784,1,1223.4,1108.9,114.5,0.54,2.59,453.5,25.25,83.303333,28.046944,0,1,WECS_NEA_MIP,0.1023,0.0693,0.036,0.021,0.0152,0.0225,0.0205,0.0225,0.0307,0.0563,0.179,0.3477,0.3733,0.2148,0.0972,0.043,0.0266,0.0021,0.036,0.0339,0.65,Micro/Mini Hydro (<1 MW),103.0,22.26,174.99,71.14,103.84,9.97,8.12,9.97,13.52,17.59,17.02,17.59,17.59,17.02,17.59,17.02,11.97,Gulmidarbar,0,1.0,Micro (5-100 kW),0,1,1
6796,2,1221.4,1181.6,39.9,5.25,6.12,519.3,7.68,83.103056,28.113333,0,1,WECS_NEA_MIP,0.2376,0.1624,0.0857,0.0508,0.0373,0.0523,0.0475,0.0523,0.0713,0.1307,0.4157,0.8077,0.8671,0.4989,0.2257,0.0998,0.0618,0.0048,0.0857,0.0809,0.65,Micro/Mini Hydro (<1 MW),35.9,18.52,144.18,58.01,86.16,8.09,6.57,8.09,10.96,14.6,14.13,14.6,14.6,14.13,14.6,14.13,9.71,Madane,0,1.0,Micro (5-100 kW),0,1,1
6797,2,1181.6,1150.6,30.9,6.12,6.96,561.2,5.51,83.107778,28.111944,0,1,WECS_NEA_MIP,0.2695,0.1845,0.0976,0.058,0.0426,0.0593,0.0539,0.0593,0.0808,0.1482,0.4716,0.9162,0.9835,0.5659,0.256,0.1132,0.0701,0.0054,0.0976,0.0922,0.65,Micro/Mini Hydro (<1 MW),27.8,16.34,127.01,51.02,75.99,7.11,5.78,7.11,9.62,12.87,12.46,12.87,12.87,12.46,12.87,12.46,8.53,Dhurkot,0,1.0,Micro (5-100 kW),0,1,1
6798,2,1150.6,1149.6,1.0,6.96,7.67,136.3,0.74,83.110833,28.110833,0,1,WECS_NEA_MIP,0.2964,0.2031,0.1077,0.0641,0.0471,0.0652,0.0593,0.0652,0.0889,0.163,0.5187,1.0077,1.0818,0.6224,0.2816,0.1245,0.0771,0.0059,0.1077,0.1018,0.65,Micro/Mini Hydro (<1 MW),0.9,0.58,4.53,1.82,2.71,0.25,0.21,0.25,0.34,0.46,0.45,0.46,0.46,0.45,0.46,0.45,0.3,Dhurkot,0,1.0,Pico (<5 kW),0,0,0
6805,2,1220.3,1213.0,7.3,2.56,3.08,617.7,1.19,83.101944,28.163333,0,1,WECS_NEA_MIP,0.1212,0.0823,0.0428,0.0251,0.0183,0.0267,0.0242,0.0267,0.0364,0.0667,0.2121,0.4121,0.4424,0.2545,0.1151,0.0509,0.0315,0.0024,0.0428,0.0404,0.65,Micro/Mini Hydro (<1 MW),6.6,1.7,13.33,5.42,7.91,0.76,0.62,0.76,1.03,1.34,1.3,1.34,1.34,1.3,1.34,1.3,0.91,Madane,0,1.0,Pico (<5 kW),0,1,0
6806,2,1213.0,1203.3,9.7,3.08,3.36,590.5,1.64,83.103889,28.160278,0,1,WECS_NEA_MIP,0.132,0.0897,0.0468,0.0274,0.02,0.029,0.0264,0.029,0.0396,0.0726,0.231,0.4488,0.4818,0.2772,0.1254,0.0554,0.0343,0.0026,0.0468,0.0442,0.65,Micro/Mini Hydro (<1 MW),8.7,2.45,19.19,7.78,11.4,1.09,0.89,1.09,1.48,1.93,1.87,1.93,1.93,1.87,1.93,1.87,1.31,Madane,0,1.0,Pico (<5 kW),0,1,0
6807,2,1203.3,1184.9,18.4,3.36,4.07,617.7,2.98,83.107222,28.159167,0,1,WECS_NEA_MIP,0.1593,0.1085,0.0568,0.0334,0.0244,0.035,0.0319,0.035,0.0478,0.0876,0.2787,0.5415,0.5814,0.3345,0.1513,0.0669,0.0414,0.0032,0.0568,0.0536,0.65,Micro/Mini Hydro (<1 MW),16.6,5.67,44.34,17.93,26.41,2.5,2.04,2.5,3.4,4.47,4.33,4.47,4.47,4.33,4.47,4.33,3.01,Dhurkot,0,1.0,Micro (5-100 kW),0,1,1
6808,2,1184.9,1179.7,5.2,4.07,4.19,566.2,0.92,83.108333,28.155833,0,1,WECS_NEA_MIP,0.1639,0.1116,0.0585,0.0344,0.0251,0.0361,0.0328,0.0361,0.0492,0.0901,0.2868,0.5572,0.5981,0.3441,0.1557,0.0688,0.0426,0.0033,0.0585,0.0552,0.65,Micro/Mini Hydro (<1 MW),4.7,1.65,12.93,5.23,7.7,0.73,0.59,0.73,0.99,1.3,1.26,1.3,1.3,1.26,1.3,1.26,0.88,Madane,0,1.0,Pico (<5 kW),0,1,0
6809,2,1179.7,1179.7,0.0,4.19,4.61,538.3,0.0,83.111111,28.155,0,1,WECS_NEA_MIP,0.18,0.1227,0.0644,0.038,0.0278,0.0396,0.036,0.0396,0.054,0.099,0.3149,0.6119,0.6568,0.3779,0.171,0.0756,0.0468,0.0036,0.0644,0.0608,0.65,Micro/Mini Hydro (<1 MW),0.0,0.0,0.0,0.0,0.0,0.0,0.0,0.0,0.0,0.0,0.0,0.0,0.0,0.0,0.0,0.0,0.0,Madane,0,1.0,Pico (<5 kW),0,0,0
6810,2,1179.7,1179.0,0.7,4.61,5.07,559.6,0.12,83.109167,28.151667,0,1,WECS_NEA_MIP,0.1975,0.1348,0.0709,0.0419,0.0307,0.0435,0.0395,0.0435,0.0593,0.1086,0.3457,0.6716,0.721,0.4148,0.1877,0.083,0.0514,0.004,0.0709,0.067,0.65,Micro/Mini Hydro (<1 MW),0.6,0.26,2.0,0.81,1.19,0.11,0.09,0.11,0.15,0.2,0.2,0.2,0.2,0.2,0.2,0.2,0.13,Madane,0,1.0,Pico (<5 kW),0,0,0
6811,2,1179.0,1179.0,0.0,5.07,6.81,381.3,0.0,83.107222,28.148056,0,1,WECS_NEA_MIP,0.2638,0.1806,0.0955,0.0567,0.0417,0.058,0.0528,0.058,0.0791,0.1451,0.4616,0.8968,0.9628,0.5539,0.2506,0.1108,0.0686,0.0053,0.0955,0.0902,0.65,Micro/Mini Hydro (<1 MW),0.0,0.0,0.0,0.0,0.0,0.0,0.0,0.0,0.0,0.0,0.0,0.0,0.0,0.0,0.0,0.0,0.0,Madane,0,1.0,Pico (<5 kW),0,0,0
6814,1,1219.7,1161.0,58.6,0.51,0.83,597.1,9.82,83.313333,27.936944,0,1,WECS_NEA_MIP,0.0335,0.0225,0.0114,0.0065,0.0047,0.0074,0.0067,0.0074,0.0101,0.0184,0.0587,0.114,0.1224,0.0704,0.0319,0.0141,0.0087,0.0007,0.0114,0.0107,0.65,Micro/Mini Hydro (<1 MW),52.7,3.6,28.65,11.83,16.83,1.68,1.35,1.68,2.27,2.85,2.76,2.85,2.85,2.76,2.85,2.76,2.0,Chatrakot,0,1.0,Pico (<5 kW),0,1,0
6815,1,1161.0,812.3,348.7,0.83,0.89,645.0,54.07,83.31,27.933333,0,1,WECS_NEA_MIP,0.0359,0.0241,0.0122,0.007,0.005,0.0079,0.0072,0.0079,0.0108,0.0197,0.0628,0.1221,0.1311,0.0754,0.0341,0.0151,0.0093,0.0007,0.0122,0.0115,0.65,Micro/Mini Hydro (<1 MW),313.8,23.01,182.91,75.69,107.22,10.72,8.74,10.72,14.55,18.16,17.58,18.16,18.16,17.58,18.16,17.58,12.8,Chatrakot,0,1.0,Micro (5-100 kW),0,1,1
6816,1,812.3,725.5,86.9,0.89,1.64,192.2,45.2,83.306944,27.930556,0,1,WECS_NEA_MIP,0.0654,0.0441,0.0227,0.0131,0.0095,0.0144,0.0131,0.0144,0.0196,0.0359,0.1144,0.2222,0.2386,0.1372,0.0621,0.0274,0.017,0.0013,0.0227,0.0214,0.65,Micro/Mini Hydro (<1 MW),78.2,10.67,84.2,34.49,49.71,4.86,3.95,4.86,6.57,8.42,8.15,8.42,8.42,8.15,8.42,8.15,5.82,Chatrakot,0,1.0,Micro (5-100 kW),0,1,1
6817,1,1219.5,1213.0,6.5,0.65,1.18,41.2,15.76,83.354722,28.009444,0,1,WECS_NEA_MIP,0.0473,0.0318,0.0163,0.0093,0.0067,0.0104,0.0095,0.0104,0.0142,0.026,0.0828,0.1609,0.1728,0.0994,0.045,0.0199,0.0123,0.0009,0.0163,0.0153,0.65,Micro/Mini Hydro (<1 MW),5.9,0.58,4.58,1.88,2.69,0.27,0.22,0.27,0.36,0.46,0.44,0.46,0.46,0.44,0.46,0.44,0.32,Chatrakot,0,1.0,Pico (<5 kW),0,1,0
6825,2,1217.9,1124.8,93.1,2.52,3.01,561.2,16.59,83.151667,28.083333,0,1,WECS_NEA_MIP,0.1185,0.0805,0.0419,0.0245,0.0178,0.0261,0.0237,0.0261,0.0356,0.0652,0.2074,0.4029,0.4325,0.2489,0.1126,0.0498,0.0308,0.0024,0.0419,0.0395,0.65,Micro/Mini Hydro (<1 MW),83.8,21.11,165.55,67.21,98.33,9.42,7.65,9.42,12.77,16.66,16.12,16.66,16.66,16.12,16.66,16.12,11.29,Dhurkot,0,1.0,Micro (5-100 kW),0,1,1
6826,2,1124.8,1071.5,53.4,3.01,3.64,547.3,9.75,83.156389,28.085,0,1,WECS_NEA_MIP,0.1428,0.0971,0.0507,0.0298,0.0217,0.0314,0.0286,0.0314,0.0428,0.0785,0.2498,0.4854,0.5211,0.2998,0.1356,0.06,0.0371,0.0029,0.0507,0.0478,0.65,Micro/Mini Hydro (<1 MW),48.1,14.66,114.78,46.49,68.3,6.5,5.3,6.5,8.81,11.57,11.2,11.57,11.57,11.2,11.57,11.2,7.8,Dhurkot,0,1.0,Micro (5-100 kW),0,1,1
6827,2,1071.5,1032.9,38.6,3.64,4.44,600.1,6.43,83.160833,28.086389,0,1,WECS_NEA_MIP,0.1735,0.1182,0.062,0.0365,0.0267,0.0382,0.0347,0.0382,0.052,0.0954,0.3035,0.5897,0.6331,0.3642,0.1648,0.0728,0.0451,0.0035,0.062,0.0585,0.65,Micro/Mini Hydro (<1 MW),34.7,12.94,101.1,40.85,60.25,5.71,4.64,5.71,7.73,10.21,9.88,10.21,10.21,9.88,10.21,9.88,6.85,Dhurkot,0,1.0,Micro (5-100 kW),0,1,1
6828,2,1032.9,979.4,53.4,4.44,46.05,576.5,9.27,83.163889,28.090278,1,0,WECS_NEA_MIP,1.7168,1.1979,0.658,0.4062,0.3041,0.3777,0.3434,0.3777,0.515,0.9442,3.0043,5.837,6.2662,3.6052,1.6309,0.721,0.4464,0.0343,1.1979,1.1636,0.82,Commercial RoR (>1 MW),48.1,450.23,2685.84,792.57,1893.27,98.86,80.37,98.86,133.92,261.94,333.72,344.84,344.84,333.72,344.84,191.31,118.63,Dhurkot,0,1.0,Mini (100-1000 kW),0,1,1
6839,3,1195.8,1185.1,10.8,42.67,43.32,287.3,3.75,83.445,28.125,1,0,WECS_NEA_MIP,1.617,1.1275,0.6187,0.3814,0.2854,0.3557,0.3234,0.3557,0.4851,0.8893,2.8297,5.4976,5.9019,3.3956,1.5361,0.6791,0.4204,0.0323,1.1275,1.0952,0.82,Commercial RoR (>1 MW),9.7,85.46,509.92,150.53,359.39,18.77,15.26,18.77,25.44,49.75,63.34,65.46,65.46,63.34,65.46,36.34,22.53,Chandrakot,0,1.0,Micro (5-100 kW),0,1,1
6853,1,1214.6,1104.7,109.9,0.57,8.08,519.3,21.16,83.168889,28.183611,0,1,WECS_NEA_MIP,0.3119,0.2139,0.1135,0.0676,0.0498,0.0686,0.0624,0.0686,0.0936,0.1715,0.5458,1.0604,1.1384,0.655,0.2963,0.131,0.0811,0.0062,0.1135,0.1073,0.65,Micro/Mini Hydro (<1 MW),98.9,67.67,524.82,210.45,314.37,29.28,23.82,29.28,39.68,53.25,51.54,53.25,53.25,51.54,53.25,51.54,35.14,Malika,0,1.0,Micro (5-100 kW),0,1,1
6873,1,1213.0,1170.3,42.7,1.18,1.92,505.4,8.44,83.357222,28.009167,0,1,WECS_NEA_MIP,0.0763,0.0516,0.0266,0.0154,0.0112,0.0168,0.0153,0.0168,0.0229,0.042,0.1335,0.2593,0.2784,0.1602,0.0725,0.032,0.0198,0.0015,0.0266,0.0251,0.65,Micro/Mini Hydro (<1 MW),38.4,6.15,48.4,19.8,28.61,2.79,2.27,2.79,3.77,4.85,4.69,4.85,4.85,4.69,4.85,4.69,3.33,Chatrakot,0,1.0,Micro (5-100 kW),0,1,1
6874,2,1170.3,1109.3,61.0,1.92,2.18,589.1,10.35,83.361944,28.0075,0,1,WECS_NEA_MIP,0.0864,0.0585,0.0302,0.0175,0.0127,0.019,0.0173,0.019,0.0259,0.0475,0.1512,0.2937,0.3153,0.1814,0.0821,0.0363,0.0225,0.0017,0.0302,0.0285,0.65,Micro/Mini Hydro (<1 MW),54.9,9.98,78.5,32.06,46.43,4.51,3.67,4.51,6.1,7.87,7.61,7.87,7.87,7.61,7.87,7.61,5.42,Chatrakot,0,1.0,Micro (5-100 kW),0,1,1
6875,2,1109.3,1108.5,0.9,2.18,4.31,27.3,3.12,83.364444,28.006111,0,1,WECS_NEA_MIP,0.1685,0.1148,0.0601,0.0354,0.0259,0.0371,0.0337,0.0371,0.0505,0.0927,0.2948,0.5728,0.6149,0.3538,0.16,0.0708,0.0438,0.0034,0.0601,0.0567,0.65,Micro/Mini Hydro (<1 MW),0.8,0.29,2.26,0.91,1.35,0.13,0.1,0.13,0.17,0.23,0.22,0.23,0.23,0.22,0.23,0.22,0.15,Chatrakot,0,1.0,Pico (<5 kW),0,1,0
6877,2,1212.6,1159.4,53.2,4.67,5.09,575.2,9.25,83.399444,28.117222,0,1,WECS_NEA_MIP,0.1983,0.1354,0.0712,0.042,0.0308,0.0436,0.0397,0.0436,0.0595,0.1091,0.347,0.6742,0.7238,0.4164,0.1884,0.0833,0.0516,0.004,0.0712,0.0672,0.65,Micro/Mini Hydro (<1 MW),47.9,20.53,160.04,64.53,95.51,9.0,7.33,9.0,12.21,16.18,15.66,16.18,16.18,15.66,16.18,15.66,10.82,Chandrakot,0,1.0,Micro (5-100 kW),0,1,1
6878,2,1159.4,1115.4,44.0,5.09,5.67,606.8,7.25,83.403889,28.113889,0,1,WECS_NEA_MIP,0.2204,0.1506,0.0793,0.047,0.0344,0.0485,0.0441,0.0485,0.0661,0.1212,0.3857,0.7494,0.8045,0.4629,0.2094,0.0926,0.0573,0.0044,0.0793,0.0749,0.65,Micro/Mini Hydro (<1 MW),39.6,18.91,147.31,59.36,87.95,8.28,6.74,8.28,11.22,14.9,14.42,14.9,14.9,14.42,14.9,14.42,9.94,Chandrakot,0,1.0,Micro (5-100 kW),0,1,1
6879,2,1115.4,1112.9,2.5,5.67,7.09,54.5,4.53,83.406389,28.113333,0,1,WECS_NEA_MIP,0.2744,0.1879,0.0994,0.0591,0.0434,0.0604,0.0549,0.0604,0.0823,0.1509,0.4802,0.9329,1.0015,0.5762,0.2607,0.1152,0.0713,0.0055,0.0994,0.0939,0.65,Micro/Mini Hydro (<1 MW),2.2,1.32,10.24,4.11,6.12,0.57,0.47,0.57,0.78,1.04,1.0,1.04,1.04,1.0,1.04,1.0,0.69,Chandrakot,0,1.0,Pico (<5 kW),0,1,0
6880,2,1212.5,1100.2,112.3,4.73,5.19,604.4,18.58,83.506111,28.014722,0,1,WECS_NEA_MIP,0.2021,0.138,0.0726,0.0429,0.0314,0.0445,0.0404,0.0445,0.0606,0.1112,0.3537,0.6872,0.7377,0.4244,0.192,0.0849,0.0526,0.004,0.0726,0.0686,0.65,Micro/Mini Hydro (<1 MW),101.1,44.22,344.58,139.02,205.56,19.43,15.77,19.43,26.27,34.82,33.7,34.82,34.82,33.7,34.82,33.7,23.31,Satyawati,0,1.0,Micro (5-100 kW),0,1,1
6881,2,1100.2,1094.0,6.3,5.19,6.77,61.8,10.13,83.505,28.013056,0,1,WECS_NEA_MIP,0.2623,0.1795,0.0949,0.0564,0.0414,0.0577,0.0525,0.0577,0.0787,0.1442,0.4589,0.8917,0.9572,0.5507,0.2491,0.1101,0.0682,0.0053,0.0949,0.0896,0.65,Micro/Mini Hydro (<1 MW),5.7,3.26,25.32,10.17,15.15,1.42,1.15,1.42,1.92,2.57,2.48,2.57,2.57,2.48,2.57,2.48,1.7,Satyawati,0,1.0,Pico (<5 kW),0,1,0
6882,2,1212.4,1208.1,4.3,7.82,8.49,509.0,0.85,83.110833,28.093333,0,1,WECS_NEA_MIP,0.3274,0.2246,0.1193,0.0712,0.0524,0.072,0.0655,0.072,0.0982,0.1801,0.5729,1.1131,1.195,0.6875,0.311,0.1375,0.0851,0.0066,0.1193,0.1128,0.65,Micro/Mini Hydro (<1 MW),3.9,2.81,21.73,8.7,13.03,1.21,0.98,1.21,1.64,2.21,2.14,2.21,2.21,2.14,2.21,2.14,1.45,Dhurkot,0,1.0,Pico (<5 kW),0,0,0
6883,2,1208.1,1160.7,47.4,8.49,9.42,495.1,9.57,83.115278,28.094722,0,1,WECS_NEA_MIP,0.3625,0.249,0.1325,0.0792,0.0584,0.0798,0.0725,0.0798,0.1088,0.1994,0.6344,1.2325,1.3231,0.7613,0.3444,0.1523,0.0943,0.0072,0.1325,0.1253,0.65,Micro/Mini Hydro (<1 MW),42.7,34.12,264.21,105.76,158.45,14.71,11.95,14.71,19.92,26.84,25.98,26.84,26.84,25.98,26.84,25.98,17.64,Dhurkot,0,1.0,Micro (5-100 kW),0,1,1
6884,2,1160.7,1118.1,42.5,9.42,10.08,564.9,7.53,83.12,28.095278,1,0,WECS_NEA_MIP,0.3874,0.2662,0.1419,0.085,0.0626,0.0852,0.0775,0.0852,0.1162,0.2131,0.6779,1.3171,1.4139,0.8135,0.368,0.1627,0.1007,0.0077,0.2662,0.2585,0.82,Commercial RoR (>1 MW),38.2,79.43,476.74,142.08,334.66,17.72,14.41,17.72,24.01,46.96,58.9,60.86,60.86,58.9,60.86,34.29,21.26,Dhurkot,0,1.0,Micro (5-100 kW),0,1,1
6885,3,1118.1,1116.3,1.9,10.08,10.3,341.8,0.54,83.123611,28.096111,1,0,WECS_NEA_MIP,0.3957,0.272,0.145,0.0869,0.0641,0.087,0.0791,0.087,0.1187,0.2176,0.6924,1.3452,1.4442,0.8309,0.3759,0.1662,0.1029,0.0079,0.272,0.2641,0.82,Commercial RoR (>1 MW),1.7,3.61,21.67,6.45,15.22,0.8,0.65,0.8,1.09,2.13,2.68,2.77,2.77,2.68,2.77,1.56,0.97,Dhurkot,0,1.0,Pico (<5 kW),0,0,0
6909,1,1209.4,1131.2,78.2,0.53,1.18,597.1,13.09,83.133333,28.1125,0,1,WECS_NEA_MIP,0.0473,0.0318,0.0163,0.0093,0.0067,0.0104,0.0095,0.0104,0.0142,0.026,0.0828,0.1609,0.1728,0.0994,0.045,0.0199,0.0123,0.0009,0.0163,0.0153,0.65,Micro/Mini Hydro (<1 MW),70.4,6.87,54.63,22.49,32.14,3.17,2.59,3.17,4.3,5.44,5.27,5.44,5.44,5.27,5.44,5.27,3.81,Dhurkot,0,1.0,Micro (5-100 kW),0,1,1
6910,1,1131.2,1059.6,71.6,1.18,31.25,555.2,12.89,83.129167,28.109444,1,0,WECS_NEA_MIP,1.1741,0.816,0.4448,0.2725,0.2032,0.2583,0.2348,0.2583,0.3522,0.6457,2.0546,3.9919,4.2854,2.4656,1.1154,0.4931,0.3053,0.0235,0.816,0.7925,0.82,Commercial RoR (>1 MW),64.4,410.55,2452.99,725.58,1727.41,90.5,73.56,90.5,122.6,239.81,304.36,314.51,314.51,304.36,314.51,175.16,108.61,Dhurkot,0,1.0,Mini (100-1000 kW),0,1,1
6920,1,1207.8,1089.0,118.8,0.55,0.96,597.1,19.9,83.264167,28.090278,0,1,WECS_NEA_MIP,0.0387,0.026,0.0132,0.0075,0.0054,0.0085,0.0077,0.0085,0.0116,0.0213,0.0677,0.1315,0.1411,0.0812,0.0367,0.0162,0.0101,0.0008,0.0132,0.0124,0.65,Micro/Mini Hydro (<1 MW),106.9,8.45,67.2,27.68,39.52,3.91,3.16,3.91,5.3,6.69,6.48,6.69,6.69,6.48,6.69,6.48,4.72,Resunga,0,1.0,Micro (5-100 kW),0,1,1
6921,1,1089.0,1062.6,26.4,0.96,3.6,237.1,11.13,83.266667,28.092778,0,1,WECS_NEA_MIP,0.1412,0.0961,0.0501,0.0294,0.0215,0.0311,0.0282,0.0311,0.0424,0.0777,0.2471,0.4802,0.5155,0.2966,0.1342,0.0593,0.0367,0.0028,0.0501,0.0473,0.65,Micro/Mini Hydro (<1 MW),23.8,7.18,56.19,22.79,33.39,3.2,2.59,3.2,4.33,5.66,5.47,5.66,5.66,5.47,5.66,5.47,3.83,Resunga,0,1.0,Micro (5-100 kW),0,1,1
6944,1,1205.9,1185.1,20.9,0.5,43.32,206.1,10.13,83.444444,28.124722,1,0,WECS_NEA_MIP,1.617,1.1275,0.6187,0.3814,0.2854,0.3557,0.3234,0.3557,0.4851,0.8893,2.8297,5.4976,5.9019,3.3956,1.5361,0.6791,0.4204,0.0323,1.1275,1.0952,0.82,Commercial RoR (>1 MW),18.8,165.63,988.31,291.76,696.55,36.39,29.58,36.39,49.3,96.43,122.77,126.86,126.86,122.77,126.86,70.43,43.67,Chandrakot,0,1.0,Mini (100-1000 kW),0,1,1
6952,1,1205.6,1036.5,169.0,0.53,0.88,550.9,30.68,83.244167,28.023889,0,1,WECS_NEA_MIP,0.0355,0.0238,0.0121,0.0069,0.005,0.0078,0.0071,0.0078,0.0107,0.0195,0.0621,0.1207,0.1296,0.0746,0.0337,0.0149,0.0092,0.0007,0.0121,0.0114,0.65,Micro/Mini Hydro (<1 MW),152.1,11.06,87.81,36.27,51.54,5.12,4.17,5.12,6.98,8.73,8.45,8.73,8.73,8.45,8.73,8.45,6.13,Resunga,0,1.0,Micro (5-100 kW),0,1,1
6953,1,1036.5,974.6,61.9,0.88,1.27,621.4,9.97,83.240556,28.021111,0,1,WECS_NEA_MIP,0.0509,0.0342,0.0175,0.0101,0.0073,0.0112,0.0102,0.0112,0.0153,0.028,0.089,0.173,0.1857,0.1068,0.0483,0.0214,0.0132,0.001,0.0175,0.0165,0.65,Micro/Mini Hydro (<1 MW),55.7,5.86,46.39,19.09,27.3,2.7,2.2,2.7,3.66,4.62,4.48,4.62,4.62,4.48,4.62,4.48,3.22,Resunga,0,1.0,Micro (5-100 kW),0,1,1
6954,1,974.6,936.5,38.1,1.27,18.35,237.0,16.06,83.238056,28.018333,1,0,WECS_NEA_MIP,0.6968,0.4817,0.2598,0.1575,0.1168,0.1533,0.1394,0.1533,0.209,0.3832,1.2194,2.3691,2.5433,1.4633,0.662,0.2927,0.1812,0.0139,0.4817,0.4678,0.82,Commercial RoR (>1 MW),34.3,129.07,772.84,229.41,543.43,28.62,23.27,28.62,38.76,75.81,95.69,98.88,98.88,95.69,98.88,55.39,34.34,Resunga,0,1.0,Mini (100-1000 kW),0,1,1
6955,1,1205.5,1041.4,164.1,0.53,0.79,614.1,26.72,83.136944,28.106944,0,1,WECS_NEA_MIP,0.0319,0.0214,0.0108,0.0062,0.0044,0.007,0.0064,0.007,0.0096,0.0176,0.0559,0.1086,0.1166,0.0671,0.0303,0.0134,0.0083,0.0006,0.0108,0.0102,0.65,Micro/Mini Hydro (<1 MW),147.7,9.61,76.38,31.71,44.67,4.48,3.67,4.48,6.1,7.57,7.32,7.57,7.57,7.32,7.57,7.32,5.4,Dhurkot,0,1.0,Micro (5-100 kW),0,1,1
6956,3,1041.4,1039.7,1.7,0.79,32.71,30.9,5.57,83.135556,28.104444,1,0,WECS_NEA_MIP,1.2278,0.8538,0.4658,0.2856,0.2131,0.2701,0.2456,0.2701,0.3683,0.6753,2.1487,4.1745,4.4815,2.5784,1.1664,0.5157,0.3192,0.0246,0.8538,0.8292,0.82,Commercial RoR (>1 MW),1.5,10.01,59.77,17.67,42.1,2.2,1.79,2.2,2.99,5.84,7.42,7.66,7.66,7.42,7.66,4.27,2.64,Dhurkot,0,1.0,Micro (5-100 kW),0,1,1
6962,1,1204.6,1155.3,49.3,0.5,1.65,185.5,26.57,83.494167,28.074722,0,1,WECS_NEA_MIP,0.0657,0.0444,0.0228,0.0132,0.0095,0.0145,0.0131,0.0145,0.0197,0.0362,0.1151,0.2235,0.24,0.1381,0.0625,0.0276,0.0171,0.0013,0.0228,0.0215,0.65,Micro/Mini Hydro (<1 MW),44.4,6.09,48.04,19.69,28.35,2.78,2.25,2.78,3.75,4.8,4.65,4.8,4.8,4.65,4.8,4.65,3.33,Kaligandaki,0,1.0,Micro (5-100 kW),0,1,1
6966,1,1204.0,1093.1,110.9,0.51,0.88,577.2,19.22,83.346111,28.184444,0,1,WECS_NEA_MIP,0.0355,0.0238,0.0121,0.0069,0.005,0.0078,0.0071,0.0078,0.0107,0.0195,0.0621,0.1207,0.1296,0.0746,0.0337,0.0149,0.0092,0.0007,0.0121,0.0114,0.65,Micro/Mini Hydro (<1 MW),99.8,7.25,57.61,23.8,33.82,3.36,2.74,3.36,4.58,5.73,5.54,5.73,5.73,5.54,5.73,5.54,4.02,Musikot,0,1.0,Micro (5-100 kW),0,1,1
6967,1,1093.1,1093.1,0.0,0.88,0.91,113.4,0.0,83.345833,28.187222,0,1,WECS_NEA_MIP,0.0367,0.0246,0.0125,0.0071,0.0051,0.0081,0.0073,0.0081,0.011,0.0202,0.0642,0.1248,0.1339,0.0771,0.0349,0.0154,0.0095,0.0007,0.0125,0.0118,0.65,Micro/Mini Hydro (<1 MW),0.0,0.0,0.0,0.0,0.0,0.0,0.0,0.0,0.0,0.0,0.0,0.0,0.0,0.0,0.0,0.0,0.0,Musikot,0,1.0,Pico (<5 kW),0,0,0
6974,1,1203.8,1141.0,62.7,0.5,1.52,95.8,65.5,83.307222,28.080278,0,1,WECS_NEA_MIP,0.0607,0.0409,0.021,0.0121,0.0088,0.0133,0.0121,0.0133,0.0182,0.0334,0.1062,0.2063,0.2214,0.1274,0.0576,0.0255,0.0158,0.0012,0.021,0.0198,0.65,Micro/Mini Hydro (<1 MW),56.4,7.12,56.21,23.04,33.17,3.24,2.63,3.24,4.4,5.62,5.44,5.62,5.62,5.44,5.62,5.44,3.91,Gulmidarbar,0,1.0,Micro (5-100 kW),0,1,1
6975,2,1203.6,1191.6,12.0,4.1,5.03,397.0,3.02,83.1025,28.135,0,1,WECS_NEA_MIP,0.196,0.1338,0.0703,0.0415,0.0304,0.0431,0.0392,0.0431,0.0588,0.1078,0.343,0.6664,0.7154,0.4116,0.1862,0.0823,0.051,0.0039,0.0703,0.0664,0.65,Micro/Mini Hydro (<1 MW),10.8,4.57,35.65,14.39,21.26,2.01,1.63,2.01,2.72,3.6,3.49,3.6,3.6,3.49,3.6,3.49,2.41,Madane,0,1.0,Pico (<5 kW),0,1,0
6982,1,1202.7,1120.1,82.6,0.75,1.83,274.0,30.15,83.573889,28.005,0,1,WECS_NEA_MIP,0.0728,0.0492,0.0253,0.0147,0.0106,0.016,0.0146,0.016,0.0218,0.04,0.1273,0.2474,0.2656,0.1528,0.0691,0.0306,0.0189,0.0015,0.0253,0.0238,0.65,Micro/Mini Hydro (<1 MW),74.3,11.28,89.01,36.37,52.64,5.11,4.17,5.11,6.92,8.92,8.63,8.92,8.92,8.63,8.92,8.63,6.13,Kaligandaki,0,1.0,Micro (5-100 kW),0,1,1
6994,2,1202.0,1041.3,160.7,2.77,3.12,617.1,26.05,83.5325,28.09,0,1,WECS_NEA_MIP,0.1227,0.0834,0.0434,0.0254,0.0185,0.027,0.0245,0.027,0.0368,0.0675,0.2148,0.4173,0.448,0.2578,0.1166,0.0516,0.0319,0.0025,0.0434,0.041,0.65,Micro/Mini Hydro (<1 MW),144.6,37.8,295.71,119.96,175.75,16.81,13.63,16.81,22.77,29.77,28.81,29.77,29.77,28.81,29.77,28.81,20.17,Kaligandaki,0,1.0,Micro (5-100 kW),0,1,1
6995,2,1041.3,953.7,87.6,3.12,5.14,319.5,27.42,83.535833,28.087222,0,1,WECS_NEA_MIP,0.2002,0.1367,0.0719,0.0425,0.0311,0.044,0.04,0.044,0.0601,0.1101,0.3504,0.6807,0.7308,0.4204,0.1902,0.0841,0.0521,0.004,0.0719,0.0679,0.65,Micro/Mini Hydro (<1 MW),78.8,34.12,265.89,107.22,158.67,14.95,12.16,14.95,20.3,26.88,26.01,26.88,26.88,26.01,26.88,26.01,17.98,Kaligandaki,0,1.0,Micro (5-100 kW),0,1,1
6996,1,1201.6,1089.8,111.9,0.59,0.86,533.3,20.97,83.335556,28.009167,0,1,WECS_NEA_MIP,0.0347,0.0233,0.0118,0.0067,0.0048,0.0076,0.0069,0.0076,0.0104,0.0191,0.0608,0.118,0.1267,0.0729,0.033,0.0146,0.009,0.0007,0.0118,0.0111,0.65,Micro/Mini Hydro (<1 MW),100.7,7.13,56.63,23.35,33.28,3.3,2.68,3.3,4.48,5.64,5.46,5.64,5.64,5.46,5.64,5.46,3.97,Chatrakot,0,1.0,Micro (5-100 kW),0,1,1
6997,1,1089.8,1005.2,84.6,0.86,1.98,568.5,14.88,83.330833,28.010833,0,1,WECS_NEA_MIP,0.0786,0.0532,0.0274,0.0159,0.0115,0.0173,0.0157,0.0173,0.0236,0.0432,0.1376,0.2673,0.2869,0.1651,0.0747,0.033,0.0204,0.0016,0.0274,0.0258,0.65,Micro/Mini Hydro (<1 MW),76.1,12.52,98.7,40.3,58.4,5.67,4.6,5.67,7.69,9.89,9.57,9.89,9.89,9.57,9.89,9.57,6.79,Gulmidarbar,0,1.0,Micro (5-100 kW),0,1,1
6998,2,1005.2,953.5,51.7,1.98,3.5,453.5,11.41,83.3275,28.008333,0,1,WECS_NEA_MIP,0.1374,0.0934,0.0487,0.0286,0.0209,0.0302,0.0275,0.0302,0.0412,0.0756,0.2404,0.4671,0.5014,0.2885,0.1305,0.0577,0.0357,0.0028,0.0487,0.0459,0.65,Micro/Mini Hydro (<1 MW),46.5,13.61,106.63,43.21,63.42,6.04,4.92,6.04,8.2,10.74,10.4,10.74,10.74,10.4,10.74,10.4,7.26,Gulmidarbar,0,1.0,Micro (5-100 kW),0,1,1
7002,1,1201.1,982.4,218.8,0.5,115.25,480.8,45.51,83.413333,28.0925,1,0,WECS_NEA_MIP,4.2184,2.9705,1.6621,1.045,0.7896,0.9281,0.8437,0.9281,1.2655,2.3201,7.3823,14.3427,15.3973,8.8587,4.0075,1.7717,1.0968,0.0844,2.9705,2.8861,0.82,Commercial RoR (>1 MW),196.9,4571.3,27172.15,7971.24,19200.91,994.24,808.19,994.24,1346.94,2634.6,3387.59,3500.51,3500.51,3387.59,3500.51,1924.21,1193.04,Chandrakot,0,1.0,Small/Medium RoR (>1 MW),0,1,1
7015,1,1200.3,1163.6,36.7,0.54,1.49,274.0,13.41,83.192222,28.221111,0,1,WECS_NEA_MIP,0.0595,0.0401,0.0206,0.0119,0.0086,0.0131,0.0119,0.0131,0.0178,0.0327,0.1041,0.2023,0.2171,0.1249,0.0565,0.025,0.0155,0.0012,0.0206,0.0194,0.65,Micro/Mini Hydro (<1 MW),33.0,4.08,32.26,13.22,19.04,1.86,1.51,1.86,2.51,3.23,3.12,3.23,3.23,3.12,3.23,3.12,2.24,Isma,0,1.0,Pico (<5 kW),0,1,0
7030,2,1199.1,1198.3,0.8,3.58,3.95,205.5,0.39,83.231667,28.0775,0,1,WECS_NEA_MIP,0.1547,0.1053,0.0551,0.0324,0.0236,0.034,0.0309,0.034,0.0464,0.0851,0.2707,0.5259,0.5645,0.3248,0.1469,0.065,0.0402,0.0031,0.0551,0.052,0.65,Micro/Mini Hydro (<1 MW),0.7,0.23,1.81,0.73,1.08,0.1,0.08,0.1,0.14,0.18,0.18,0.18,0.18,0.18,0.18,0.18,0.12,Resunga,0,1.0,Pico (<5 kW),0,0,0
7031,1,1198.8,1131.4,67.3,0.78,1.39,505.4,13.32,83.213889,28.189444,0,1,WECS_NEA_MIP,0.0556,0.0374,0.0192,0.011,0.008,0.0122,0.0111,0.0122,0.0167,0.0306,0.0973,0.189,0.2029,0.1167,0.0528,0.0233,0.0145,0.0011,0.0192,0.0181,0.65,Micro/Mini Hydro (<1 MW),60.6,6.99,55.28,22.69,32.59,3.19,2.6,3.19,4.34,5.52,5.34,5.52,5.52,5.34,5.52,5.34,3.85,Isma,0,1.0,Micro (5-100 kW),0,1,1
7032,1,1131.4,1075.6,55.9,1.39,2.56,452.2,12.36,83.218056,28.190833,0,1,WECS_NEA_MIP,0.1011,0.0685,0.0355,0.0207,0.0151,0.0222,0.0202,0.0222,0.0303,0.0556,0.177,0.3438,0.3691,0.2123,0.0961,0.0425,0.0263,0.002,0.0355,0.0335,0.65,Micro/Mini Hydro (<1 MW),50.3,10.74,84.38,34.37,50.01,4.82,3.92,4.82,6.54,8.47,8.2,8.47,8.47,8.2,8.47,8.2,5.8,Isma,0,1.0,Micro (5-100 kW),0,1,1
7037,1,1198.3,1198.3,0.0,0.53,0.55,30.9,0.0,83.232778,28.0775,0,1,WECS_NEA_MIP,0.0224,0.015,0.0075,0.0042,0.003,0.0049,0.0045,0.0049,0.0067,0.0123,0.0392,0.0762,0.0818,0.047,0.0213,0.0094,0.0058,0.0004,0.0075,0.007,0.65,Micro/Mini Hydro (<1 MW),0.0,0.0,0.0,0.0,0.0,0.0,0.0,0.0,0.0,0.0,0.0,0.0,0.0,0.0,0.0,0.0,0.0,Resunga,0,1.0,Pico (<5 kW),0,0,0
7038,1,1198.3,1198.3,0.0,3.95,0.55,27.3,0.0,83.232778,28.0775,0,1,WECS_NEA_MIP,0.0224,0.015,0.0075,0.0042,0.003,0.0049,0.0045,0.0049,0.0067,0.0123,0.0392,0.0762,0.0818,0.047,0.0213,0.0094,0.0058,0.0004,0.0075,0.007,0.65,Micro/Mini Hydro (<1 MW),0.0,0.0,0.0,0.0,0.0,0.0,0.0,0.0,0.0,0.0,0.0,0.0,0.0,0.0,0.0,0.0,0.0,Resunga,0,1.0,Pico (<5 kW),0,0,0
7039,2,1198.3,1198.3,0.0,0.55,3.95,27.3,0.0,83.2325,28.0775,0,1,WECS_NEA_MIP,0.1547,0.1053,0.0551,0.0324,0.0236,0.034,0.0309,0.034,0.0464,0.0851,0.2707,0.5259,0.5645,0.3248,0.1469,0.065,0.0402,0.0031,0.0551,0.052,0.65,Micro/Mini Hydro (<1 MW),0.0,0.0,0.0,0.0,0.0,0.0,0.0,0.0,0.0,0.0,0.0,0.0,0.0,0.0,0.0,0.0,0.0,Resunga,0,1.0,Pico (<5 kW),0,0,0
7040,2,1198.2,1017.6,180.6,2.57,3.0,589.1,30.65,83.433611,28.044167,0,1,WECS_NEA_MIP,0.1181,0.0802,0.0417,0.0244,0.0178,0.026,0.0236,0.026,0.0354,0.065,0.2067,0.4016,0.4311,0.2481,0.1122,0.0496,0.0307,0.0024,0.0417,0.0393,0.65,Micro/Mini Hydro (<1 MW),162.5,40.72,319.51,129.73,189.77,18.19,14.76,18.19,24.62,32.15,31.11,32.15,32.15,31.11,32.15,31.11,21.82,Satyawati,0,1.0,Micro (5-100 kW),0,1,1
7041,2,1017.6,843.2,174.4,3.0,3.83,519.3,33.59,83.428889,28.043056,0,1,WECS_NEA_MIP,0.1501,0.1021,0.0534,0.0314,0.0229,0.033,0.03,0.033,0.045,0.0825,0.2626,0.5102,0.5477,0.3151,0.1426,0.063,0.039,0.003,0.0534,0.0504,0.65,Micro/Mini Hydro (<1 MW),157.0,50.46,394.51,159.71,234.79,22.34,18.16,22.34,30.27,39.77,38.49,39.77,39.77,38.49,39.77,38.49,26.81,Satyawati,0,1.0,Micro (5-100 kW),0,1,1
7042,2,843.2,714.8,128.3,3.83,4.84,564.9,22.72,83.424167,28.041944,0,1,WECS_NEA_MIP,0.1888,0.1288,0.0676,0.0399,0.0292,0.0415,0.0378,0.0415,0.0566,0.1038,0.3303,0.6418,0.6889,0.3964,0.1793,0.0793,0.0491,0.0038,0.0676,0.0638,0.65,Micro/Mini Hydro (<1 MW),115.5,46.99,366.67,148.0,218.66,20.66,16.83,20.66,28.0,37.04,35.85,37.04,37.04,35.85,37.04,35.85,24.82,Satyawati,0,1.0,Micro (5-100 kW),0,1,1
7043,2,714.8,636.2,78.6,4.84,5.41,606.8,12.96,83.42,28.038056,0,1,WECS_NEA_MIP,0.2105,0.1438,0.0757,0.0448,0.0328,0.0463,0.0421,0.0463,0.0632,0.1158,0.3684,0.7157,0.7684,0.4421,0.2,0.0884,0.0547,0.0042,0.0757,0.0715,0.65,Micro/Mini Hydro (<1 MW),70.7,32.23,251.09,101.2,149.89,14.12,11.48,14.12,19.15,25.39,24.57,25.39,25.39,24.57,25.39,24.57,16.94,Satyawati,0,1.0,Micro (5-100 kW),0,1,1
7044,2,636.2,589.8,46.3,5.41,5.58,592.8,7.82,83.415278,28.036389,0,1,WECS_NEA_MIP,0.217,0.1482,0.0781,0.0462,0.0339,0.0477,0.0434,0.0477,0.0651,0.1193,0.3797,0.7378,0.792,0.4557,0.2061,0.0911,0.0564,0.0043,0.0781,0.0738,0.65,Micro/Mini Hydro (<1 MW),41.7,19.62,152.76,61.56,91.21,8.59,6.99,8.59,11.64,15.45,14.95,15.45,15.45,14.95,15.45,14.95,10.31,Satyawati,0,1.0,Micro (5-100 kW),0,1,1
7045,2,589.8,582.0,7.8,5.58,1513.2,154.6,5.06,83.413333,28.033611,1,0,GAUGE_TRANSFER_DHM,51.0212,31.2831,15.6415,10.0553,7.0759,11.2247,10.2042,11.2247,15.3064,28.0617,89.2871,173.4721,186.2274,107.1445,48.4701,21.4289,13.2655,1.0204,31.2831,30.2627,0.82,Commercial RoR (>1 MW),7.0,852.03,5361.68,1713.79,3647.88,427.5,347.51,427.5,579.19,1132.87,1268.3,1310.58,1310.58,1268.3,1310.58,827.42,513.0,Chatrakot,1,0.5,Mini (100-1000 kW),0,1,1
7046,1,1197.9,1092.2,105.7,0.68,1.5,547.3,19.32,83.275,28.096667,0,1,WECS_NEA_MIP,0.0599,0.0404,0.0207,0.0119,0.0086,0.0132,0.012,0.0132,0.018,0.0329,0.1048,0.2036,0.2186,0.1258,0.0569,0.0252,0.0156,0.0012,0.0207,0.0195,0.65,Micro/Mini Hydro (<1 MW),95.1,11.82,93.53,38.4,55.13,5.41,4.4,5.41,7.34,9.34,9.04,9.34,9.34,9.04,9.34,9.04,6.5,Resunga,0,1.0,Micro (5-100 kW),0,1,1
7047,1,1092.2,1000.4,91.8,1.5,2.51,610.4,15.04,83.270556,28.099167,0,1,WECS_NEA_MIP,0.0992,0.0672,0.0348,0.0203,0.0148,0.0218,0.0198,0.0218,0.0298,0.0545,0.1736,0.3372,0.362,0.2083,0.0942,0.0417,0.0258,0.002,0.0348,0.0328,0.65,Micro/Mini Hydro (<1 MW),82.6,17.28,135.83,55.32,80.5,7.76,6.3,7.76,10.54,13.64,13.2,13.64,13.64,13.2,13.64,13.2,9.33,Resunga,0,1.0,Micro (5-100 kW),0,1,1
7048,2,1000.4,934.2,66.2,2.51,2.67,540.6,12.24,83.266111,28.100278,0,1,WECS_NEA_MIP,0.1054,0.0715,0.0371,0.0216,0.0157,0.0232,0.0211,0.0232,0.0316,0.058,0.1844,0.3583,0.3846,0.2213,0.1001,0.0443,0.0274,0.0021,0.0371,0.035,0.65,Micro/Mini Hydro (<1 MW),59.6,13.3,104.42,42.5,61.92,5.97,4.85,5.97,8.07,10.49,10.15,10.49,10.49,10.15,10.49,10.15,7.15,Resunga,0,1.0,Micro (5-100 kW),0,1,1
7049,2,934.2,934.2,0.0,2.67,7.47,41.2,0.0,83.264167,28.101944,0,1,WECS_NEA_MIP,0.2888,0.1979,0.1048,0.0624,0.0459,0.0635,0.0578,0.0635,0.0866,0.1588,0.5054,0.9819,1.0541,0.6065,0.2744,0.1213,0.0751,0.0058,0.1048,0.099,0.65,Micro/Mini Hydro (<1 MW),0.0,0.0,0.0,0.0,0.0,0.0,0.0,0.0,0.0,0.0,0.0,0.0,0.0,0.0,0.0,0.0,0.0,Resunga,0,1.0,Pico (<5 kW),0,0,0
7062,1,1196.3,1095.2,101.1,0.51,0.8,519.3,19.47,83.238889,28.03,0,1,WECS_NEA_MIP,0.0323,0.0217,0.011,0.0062,0.0045,0.0071,0.0065,0.0071,0.0097,0.0178,0.0566,0.11,0.118,0.0679,0.0307,0.0136,0.0084,0.0006,0.011,0.0103,0.65,Micro/Mini Hydro (<1 MW),91.0,5.98,47.86,19.83,28.03,2.81,2.3,2.81,3.8,4.75,4.6,4.75,4.75,4.6,4.75,4.6,3.37,Resunga,0,1.0,Micro (5-100 kW),0,1,1
7063,1,1095.2,991.4,103.8,0.8,1.02,608.1,17.07,83.235833,28.026944,0,1,WECS_NEA_MIP,0.041,0.0276,0.014,0.008,0.0058,0.009,0.0082,0.009,0.0123,0.0226,0.0718,0.1395,0.1498,0.0862,0.039,0.0172,0.0107,0.0008,0.014,0.0132,0.65,Micro/Mini Hydro (<1 MW),93.4,7.86,62.37,25.75,36.62,3.63,2.96,3.63,4.93,6.2,6.0,6.2,6.2,6.0,6.2,6.0,4.39,Resunga,0,1.0,Micro (5-100 kW),0,1,1
7065,1,1196.2,1120.9,75.3,0.61,0.85,566.9,13.28,83.375,28.011389,0,1,WECS_NEA_MIP,0.0343,0.023,0.0117,0.0067,0.0048,0.0076,0.0069,0.0076,0.0103,0.0189,0.0601,0.1167,0.1253,0.0721,0.0326,0.0144,0.0089,0.0007,0.0117,0.011,0.65,Micro/Mini Hydro (<1 MW),67.8,4.76,37.84,15.63,22.22,2.22,1.8,2.22,2.99,3.76,3.64,3.76,3.76,3.64,3.76,3.64,2.64,Chatrakot,0,1.0,Pico (<5 kW),0,1,0
7066,1,1120.9,1016.8,104.1,0.85,4.08,573.5,18.15,83.373889,28.015833,0,1,WECS_NEA_MIP,0.1597,0.1087,0.0569,0.0335,0.0245,0.0351,0.0319,0.0351,0.0479,0.0878,0.2794,0.5428,0.5828,0.3353,0.1517,0.0671,0.0415,0.0032,0.0569,0.0537,0.65,Micro/Mini Hydro (<1 MW),93.7,32.08,250.74,101.43,149.31,14.18,11.52,14.18,19.23,25.29,24.48,25.29,25.29,24.48,25.29,24.48,17.03,Chatrakot,0,1.0,Micro (5-100 kW),0,1,1
7094,1,1193.0,1044.2,148.8,0.52,1.24,505.4,29.45,83.522778,27.998056,0,1,WECS_NEA_MIP,0.0497,0.0334,0.0171,0.0098,0.0071,0.0109,0.0099,0.0109,0.0149,0.0273,0.087,0.169,0.1814,0.1044,0.0472,0.0209,0.0129,0.001,0.0171,0.0161,0.65,Micro/Mini Hydro (<1 MW),133.9,13.75,108.78,44.65,64.12,6.29,5.11,6.29,8.54,10.86,10.51,10.86,10.86,10.51,10.86,10.51,7.56,Satyawati,0,1.0,Micro (5-100 kW),0,1,1
7095,1,1044.2,1001.7,42.5,1.24,5.35,178.2,23.83,83.525833,27.998611,0,1,WECS_NEA_MIP,0.2082,0.1422,0.0748,0.0442,0.0324,0.0458,0.0416,0.0458,0.0625,0.1145,0.3644,0.708,0.76,0.4373,0.1978,0.0875,0.0541,0.0042,0.0748,0.0706,0.65,Micro/Mini Hydro (<1 MW),38.2,17.2,134.05,54.02,80.02,7.54,6.12,7.54,10.22,13.56,13.12,13.56,13.56,13.12,13.56,13.12,9.04,Satyawati,0,1.0,Micro (5-100 kW),0,1,1
7097,1,1192.6,1033.2,159.4,0.65,0.95,589.1,27.06,83.266111,28.145833,0,1,WECS_NEA_MIP,0.0383,0.0257,0.0131,0.0075,0.0054,0.0084,0.0077,0.0084,0.0115,0.0211,0.067,0.1301,0.1397,0.0804,0.0364,0.0161,0.01,0.0008,0.0131,0.0123,0.65,Micro/Mini Hydro (<1 MW),143.5,11.25,89.47,36.82,52.65,5.17,4.24,5.17,7.05,8.92,8.63,8.92,8.92,8.63,8.92,8.63,6.26,Musikot,0,1.0,Micro (5-100 kW),0,1,1
7098,1,1033.2,894.6,138.6,0.95,1.12,631.0,21.97,83.261389,28.142222,0,1,WECS_NEA_MIP,0.045,0.0302,0.0154,0.0088,0.0064,0.0099,0.009,0.0099,0.0135,0.0247,0.0787,0.1529,0.1642,0.0944,0.0427,0.0189,0.0117,0.0009,0.0154,0.0145,0.65,Micro/Mini Hydro (<1 MW),124.7,11.53,91.47,37.69,53.78,5.32,4.33,5.32,7.21,9.11,8.82,9.11,9.11,8.82,9.11,8.82,6.39,Musikot,0,1.0,Micro (5-100 kW),0,1,1
7099,1,894.6,839.8,54.8,1.12,1.41,561.9,9.75,83.256944,28.14,0,1,WECS_NEA_MIP,0.0564,0.038,0.0195,0.0112,0.0081,0.0124,0.0113,0.0124,0.0169,0.031,0.0986,0.1916,0.2057,0.1184,0.0535,0.0237,0.0147,0.0011,0.0195,0.0184,0.65,Micro/Mini Hydro (<1 MW),49.3,5.78,45.68,18.76,26.92,2.64,2.15,2.64,3.58,4.56,4.41,4.56,4.56,4.41,4.56,4.41,3.18,Musikot,0,1.0,Micro (5-100 kW),0,1,1
7100,1,839.8,839.8,0.0,1.41,50.87,216.5,0.0,83.255556,28.1375,1,0,WECS_NEA_MIP,1.8927,1.3219,0.7277,0.4501,0.3373,0.4164,0.3785,0.4164,0.5678,1.041,3.3122,6.4351,6.9083,3.9746,1.798,0.7949,0.4921,0.0379,1.3219,1.2841,0.82,Commercial RoR (>1 MW),0.0,0.0,0.0,0.0,0.0,0.0,0.0,0.0,0.0,0.0,0.0,0.0,0.0,0.0,0.0,0.0,0.0,Isma,0,1.0,Pico (<5 kW),0,0,0
7101,1,1192.2,1077.3,114.9,0.62,0.83,597.8,19.23,83.183056,28.173056,0,1,WECS_NEA_MIP,0.0335,0.0225,0.0114,0.0065,0.0047,0.0074,0.0067,0.0074,0.0101,0.0184,0.0587,0.114,0.1224,0.0704,0.0319,0.0141,0.0087,0.0007,0.0114,0.0107,0.65,Micro/Mini Hydro (<1 MW),103.4,7.05,56.22,23.21,33.01,3.29,2.66,3.29,4.46,5.59,5.41,5.59,5.59,5.41,5.59,5.41,3.92,Malika,0,1.0,Micro (5-100 kW),0,1,1
7102,1,1077.3,1018.0,59.3,0.83,6.38,536.0,11.07,83.1825,28.168611,0,1,WECS_NEA_MIP,0.2474,0.1693,0.0894,0.053,0.0389,0.0544,0.0495,0.0544,0.0742,0.1361,0.433,0.8413,0.9032,0.5196,0.2351,0.1039,0.0643,0.005,0.0894,0.0844,0.65,Micro/Mini Hydro (<1 MW),53.4,28.74,223.55,89.85,133.7,12.51,10.18,12.51,16.97,22.65,21.92,22.65,22.65,21.92,22.65,21.92,15.02,Malika,0,1.0,Micro (5-100 kW),0,1,1
7110,2,1191.6,1161.5,30.1,5.03,5.54,519.3,5.79,83.106667,28.133611,0,1,WECS_NEA_MIP,0.2155,0.1472,0.0775,0.0459,0.0336,0.0474,0.0431,0.0474,0.0646,0.1185,0.3771,0.7326,0.7865,0.4525,0.2047,0.0905,0.056,0.0043,0.0775,0.0732,0.65,Micro/Mini Hydro (<1 MW),27.1,12.65,98.52,39.7,58.82,5.54,4.51,5.54,7.5,9.96,9.64,9.96,9.96,9.64,9.96,9.64,6.65,Madane,0,1.0,Micro (5-100 kW),0,1,1
7111,2,1161.5,1124.0,37.5,5.54,6.26,617.7,6.07,83.110833,28.131667,0,1,WECS_NEA_MIP,0.2429,0.1661,0.0877,0.052,0.0382,0.0534,0.0486,0.0534,0.0729,0.1336,0.425,0.8258,0.8865,0.51,0.2307,0.102,0.0631,0.0049,0.0877,0.0828,0.65,Micro/Mini Hydro (<1 MW),33.8,17.85,138.85,55.83,83.02,7.78,6.33,7.78,10.55,14.06,13.61,14.06,14.06,13.61,14.06,13.61,9.33,Madane,0,1.0,Micro (5-100 kW),0,1,1
7112,2,1124.0,1105.1,18.9,6.26,16.62,396.3,4.77,83.114444,28.128889,1,0,WECS_NEA_MIP,0.6324,0.4368,0.2351,0.1422,0.1054,0.1391,0.1265,0.1391,0.1897,0.3478,1.1066,2.15,2.3081,1.3279,0.6007,0.2656,0.1644,0.0127,0.4368,0.4242,0.82,Commercial RoR (>1 MW),17.0,58.01,347.38,103.13,244.24,12.86,10.46,12.86,17.43,34.09,43.01,44.44,44.44,43.01,44.44,24.9,15.43,Madane,0,1.0,Micro (5-100 kW),0,1,1
7113,1,1191.6,1167.7,23.8,0.51,1.43,61.8,38.56,83.362778,28.003056,0,1,WECS_NEA_MIP,0.0571,0.0385,0.0197,0.0114,0.0082,0.0126,0.0114,0.0126,0.0171,0.0314,0.1,0.1943,0.2086,0.12,0.0543,0.024,0.0149,0.0011,0.0197,0.0186,0.65,Micro/Mini Hydro (<1 MW),21.4,2.54,20.06,8.25,11.81,1.17,0.94,1.17,1.57,2.0,1.94,2.0,2.0,1.94,2.0,1.94,1.4,Chatrakot,0,1.0,Pico (<5 kW),0,1,0
7125,2,1189.9,1188.6,1.3,4.54,7.18,41.2,3.15,83.485,28.084444,0,1,WECS_NEA_MIP,0.2778,0.1903,0.1007,0.0599,0.044,0.0611,0.0556,0.0611,0.0833,0.1528,0.4862,0.9445,1.014,0.5834,0.2639,0.1167,0.0722,0.0056,0.1007,0.0951,0.65,Micro/Mini Hydro (<1 MW),1.2,0.73,5.65,2.27,3.38,0.32,0.26,0.32,0.43,0.57,0.55,0.57,0.57,0.55,0.57,0.55,0.38,Satyawati,0,1.0,Pico (<5 kW),0,1,0
7141,1,1188.8,1051.2,137.6,0.56,1.03,547.3,25.15,83.549167,28.119444,0,1,WECS_NEA_MIP,0.0414,0.0278,0.0142,0.0081,0.0058,0.0091,0.0083,0.0091,0.0124,0.0228,0.0725,0.1409,0.1512,0.087,0.0394,0.0174,0.0108,0.0008,0.0142,0.0134,0.65,Micro/Mini Hydro (<1 MW),123.8,10.58,83.77,34.53,49.23,4.87,3.98,4.87,6.59,8.34,8.07,8.34,8.34,8.07,8.34,8.07,5.87,Kaligandaki,0,1.0,Micro (5-100 kW),0,1,1
7142,1,1051.2,988.3,62.9,1.03,21.57,458.8,13.7,83.553333,28.1175,1,0,WECS_NEA_MIP,0.8164,0.5654,0.3059,0.186,0.1382,0.1796,0.1633,0.1796,0.2449,0.449,1.4287,2.7758,2.98,1.7145,0.7756,0.3429,0.2123,0.0163,0.5654,0.5491,0.82,Commercial RoR (>1 MW),56.6,250.01,1495.86,443.52,1052.34,55.32,44.98,55.32,74.94,146.57,185.35,191.53,191.53,185.35,191.53,107.07,66.39,Kaligandaki,0,1.0,Mini (100-1000 kW),0,1,1
7148,2,1188.6,1144.3,44.3,7.18,7.78,642.0,6.91,83.486944,28.082222,0,1,WECS_NEA_MIP,0.3005,0.206,0.1092,0.0651,0.0479,0.0661,0.0601,0.0661,0.0902,0.1653,0.5259,1.0218,1.097,0.6311,0.2855,0.1262,0.0781,0.006,0.1092,0.1032,0.65,Micro/Mini Hydro (<1 MW),39.9,26.26,203.77,81.74,122.02,11.38,9.25,11.38,15.42,20.67,20.0,20.67,20.67,20.0,20.67,20.0,13.65,Satyawati,0,1.0,Micro (5-100 kW),0,1,1
7149,2,1144.3,1124.5,19.7,7.78,11.24,327.8,6.02,83.490556,28.08,1,0,WECS_NEA_MIP,0.431,0.2965,0.1584,0.095,0.0702,0.0948,0.0862,0.0948,0.1293,0.2371,0.7543,1.4655,1.5732,0.9051,0.4095,0.181,0.1121,0.0086,0.2965,0.2879,0.82,Commercial RoR (>1 MW),17.7,40.99,245.92,73.23,172.69,9.13,7.42,9.13,12.37,24.21,30.4,31.41,31.41,30.4,31.41,17.67,10.96,Satyawati,0,1.0,Micro (5-100 kW),0,1,1
7162,1,1187.5,1145.3,42.2,0.51,12.21,236.4,17.86,83.436389,28.106111,1,0,WECS_NEA_MIP,0.4674,0.3219,0.1722,0.1035,0.0765,0.1028,0.0935,0.1028,0.1402,0.2571,0.818,1.5893,1.7062,0.9816,0.4441,0.1963,0.1215,0.0094,0.3219,0.3125,0.82,Commercial RoR (>1 MW),38.0,95.52,572.83,170.37,402.45,21.24,17.28,21.24,28.79,56.33,70.85,73.21,73.21,70.85,73.21,41.13,25.49,Chandrakot,0,1.0,Micro (5-100 kW),0,1,1
7168,1,1186.8,932.9,253.9,0.55,33.02,505.4,50.24,83.239722,28.178333,1,0,WECS_NEA_MIP,1.2392,0.8618,0.4703,0.2884,0.2152,0.2726,0.2478,0.2726,0.3718,0.6816,2.1686,4.2133,4.5231,2.6023,1.1772,0.5205,0.3222,0.0248,0.8618,0.837,0.82,Commercial RoR (>1 MW),228.5,1538.49,9190.1,2717.35,6472.75,338.88,275.45,338.88,459.23,898.2,1140.53,1178.55,1178.55,1140.53,1178.55,656.03,406.71,Isma,0,1.0,Small/Medium RoR (>1 MW),0,1,1
7169,1,1186.5,1149.6,36.9,0.6,7.67,268.0,13.77,83.110556,28.11,0,1,WECS_NEA_MIP,0.2964,0.2031,0.1077,0.0641,0.0471,0.0652,0.0593,0.0652,0.0889,0.163,0.5187,1.0077,1.0818,0.6224,0.2816,0.1245,0.0771,0.0059,0.1077,0.1018,0.65,Micro/Mini Hydro (<1 MW),33.2,21.55,167.24,67.11,100.14,9.34,7.6,9.34,12.65,16.96,16.42,16.96,16.96,16.42,16.96,16.42,11.21,Dhurkot,0,1.0,Micro (5-100 kW),0,1,1
7179,1,1185.6,1095.0,90.6,0.57,1.09,566.9,15.98,83.379167,27.990278,0,1,WECS_NEA_MIP,0.0438,0.0294,0.015,0.0086,0.0062,0.0096,0.0088,0.0096,0.0131,0.0241,0.0766,0.1489,0.1599,0.092,0.0416,0.0184,0.0114,0.0009,0.015,0.0141,0.65,Micro/Mini Hydro (<1 MW),81.5,7.33,58.15,23.91,34.24,3.36,2.76,3.36,4.56,5.8,5.61,5.8,5.8,5.61,5.8,5.61,4.06,Chatrakot,0,1.0,Micro (5-100 kW),0,1,1
7180,1,1095.0,1026.9,68.1,1.09,2.05,494.7,13.77,83.379444,27.986111,0,1,WECS_NEA_MIP,0.0813,0.055,0.0284,0.0165,0.012,0.0179,0.0163,0.0179,0.0244,0.0447,0.1423,0.2765,0.2969,0.1708,0.0773,0.0342,0.0211,0.0016,0.0284,0.0268,0.65,Micro/Mini Hydro (<1 MW),61.3,10.48,82.44,33.69,48.76,4.74,3.86,4.74,6.42,8.26,7.99,8.26,8.26,7.99,8.26,7.99,5.67,Chatrakot,0,1.0,Micro (5-100 kW),0,1,1
7193,3,1185.1,1164.5,20.6,43.32,46.95,635.3,3.24,83.441944,28.127778,1,0,WECS_NEA_MIP,1.7496,1.221,0.671,0.4144,0.3103,0.3849,0.3499,0.3849,0.5249,0.9623,3.0619,5.9487,6.3861,3.6742,1.6621,0.7348,0.4549,0.035,1.221,1.186,0.82,Commercial RoR (>1 MW),18.5,176.5,1052.84,310.63,742.21,38.74,31.49,38.74,52.49,102.67,130.83,135.19,135.19,130.83,135.19,74.98,46.49,Chandrakot,0,1.0,Mini (100-1000 kW),0,1,1
7200,1,1184.9,1035.3,149.6,0.51,0.95,533.3,28.05,83.225278,28.208889,0,1,WECS_NEA_MIP,0.0383,0.0257,0.0131,0.0075,0.0054,0.0084,0.0077,0.0084,0.0115,0.0211,0.067,0.1301,0.1397,0.0804,0.0364,0.0161,0.01,0.0008,0.0131,0.0123,0.65,Micro/Mini Hydro (<1 MW),134.6,10.56,83.92,34.54,49.38,4.85,3.98,4.85,6.61,8.37,8.1,8.37,8.37,8.1,8.37,8.1,5.87,Isma,0,1.0,Micro (5-100 kW),0,1,1
7201,1,1035.3,987.2,48.1,0.95,21.23,342.5,14.04,83.228889,28.209444,1,0,WECS_NEA_MIP,0.8038,0.5565,0.301,0.183,0.1359,0.1768,0.1608,0.1768,0.2411,0.4421,1.4067,2.733,2.9339,1.688,0.7636,0.3376,0.209,0.0161,0.5565,0.5404,0.82,Commercial RoR (>1 MW),43.3,188.23,1126.37,333.97,792.4,41.64,33.87,41.64,56.43,110.4,139.56,144.21,144.21,139.56,144.21,80.63,49.99,Isma,0,1.0,Mini (100-1000 kW),0,1,1
7208,1,1183.9,1117.7,66.2,0.55,1.4,551.6,12.01,83.215556,28.160833,0,1,WECS_NEA_MIP,0.056,0.0377,0.0193,0.0111,0.008,0.0123,0.0112,0.0123,0.0168,0.0308,0.0979,0.1903,0.2043,0.1175,0.0532,0.0235,0.0146,0.0011,0.0193,0.0182,0.65,Micro/Mini Hydro (<1 MW),59.6,6.92,54.7,22.48,32.21,3.17,2.58,3.17,4.3,5.46,5.28,5.46,5.46,5.28,5.46,5.28,3.82,Isma,0,1.0,Micro (5-100 kW),0,1,1
7209,1,1117.7,1055.0,62.6,1.4,1.82,592.8,10.56,83.211111,28.158333,0,1,WECS_NEA_MIP,0.0724,0.0489,0.0252,0.0146,0.0106,0.0159,0.0145,0.0159,0.0217,0.0398,0.1267,0.2461,0.2642,0.152,0.0688,0.0304,0.0188,0.0015,0.0252,0.0238,0.65,Micro/Mini Hydro (<1 MW),56.3,8.54,67.13,27.4,39.73,3.85,3.14,3.85,5.22,6.73,6.51,6.73,6.73,6.51,6.73,6.51,4.62,Isma,0,1.0,Micro (5-100 kW),0,1,1
7210,2,1055.0,1023.6,31.5,1.82,2.48,491.4,6.4,83.206389,28.158611,0,1,WECS_NEA_MIP,0.098,0.0664,0.0344,0.02,0.0146,0.0216,0.0196,0.0216,0.0294,0.0539,0.1715,0.3333,0.3578,0.2058,0.0931,0.0412,0.0255,0.002,0.0344,0.0324,0.65,Micro/Mini Hydro (<1 MW),28.4,5.87,46.16,18.8,27.36,2.64,2.14,2.64,3.57,4.63,4.49,4.63,4.63,4.49,4.63,4.49,3.17,Isma,0,1.0,Micro (5-100 kW),0,1,1
7211,2,1023.6,993.8,29.7,2.48,2.72,550.9,5.39,83.201667,28.158333,0,1,WECS_NEA_MIP,0.1073,0.0728,0.0378,0.022,0.016,0.0236,0.0215,0.0236,0.0322,0.059,0.1878,0.3648,0.3917,0.2253,0.1019,0.0451,0.0279,0.0022,0.0378,0.0357,0.65,Micro/Mini Hydro (<1 MW),26.7,6.08,47.62,19.35,28.26,2.71,2.21,2.71,3.68,4.79,4.63,4.79,4.79,4.63,4.79,4.63,3.26,Isma,0,1.0,Micro (5-100 kW),0,1,1
7212,2,993.8,973.0,20.8,2.72,8.8,369.1,5.64,83.198056,28.156667,0,1,WECS_NEA_MIP,0.3391,0.2327,0.1237,0.0739,0.0544,0.0746,0.0678,0.0746,0.1017,0.1865,0.5934,1.153,1.2377,0.7121,0.3222,0.1424,0.0882,0.0068,0.1237,0.1169,0.65,Micro/Mini Hydro (<1 MW),18.7,13.94,108.04,43.26,64.78,6.01,4.89,6.01,8.15,10.97,10.62,10.97,10.97,10.62,10.97,10.62,7.22,Isma,0,1.0,Micro (5-100 kW),0,1,1
7217,1,1183.8,1035.6,148.2,0.5,0.83,575.2,25.77,83.245833,28.018889,0,1,WECS_NEA_MIP,0.0335,0.0225,0.0114,0.0065,0.0047,0.0074,0.0067,0.0074,0.0101,0.0184,0.0587,0.114,0.1224,0.0704,0.0319,0.0141,0.0087,0.0007,0.0114,0.0107,0.65,Micro/Mini Hydro (<1 MW),133.4,9.1,72.53,29.94,42.59,4.24,3.43,4.24,5.76,7.21,6.98,7.21,7.21,6.98,7.21,6.98,5.06,Resunga,0,1.0,Micro (5-100 kW),0,1,1
7218,1,1035.6,955.7,79.9,0.83,1.1,597.8,13.36,83.243056,28.015556,0,1,WECS_NEA_MIP,0.0442,0.0297,0.0151,0.0087,0.0063,0.0097,0.0088,0.0097,0.0133,0.0243,0.0773,0.1502,0.1613,0.0928,0.042,0.0186,0.0115,0.0009,0.0151,0.0142,0.65,Micro/Mini Hydro (<1 MW),71.9,6.51,51.7,21.3,30.41,3.0,2.43,3.0,4.09,5.15,4.98,5.15,5.15,4.98,5.15,4.98,3.62,Resunga,0,1.0,Micro (5-100 kW),0,1,1
7220,1,1183.7,1144.6,39.1,0.61,7.16,205.5,19.03,83.099722,28.192778,0,1,WECS_NEA_MIP,0.277,0.1897,0.1004,0.0597,0.0439,0.061,0.0554,0.061,0.0831,0.1524,0.4848,0.942,1.0112,0.5818,0.2632,0.1164,0.072,0.0055,0.1004,0.0949,0.65,Micro/Mini Hydro (<1 MW),35.2,21.3,165.45,66.47,98.97,9.27,7.53,9.27,12.54,16.77,16.23,16.77,16.77,16.23,16.77,16.23,11.11,Madane,0,1.0,Micro (5-100 kW),0,1,1
7223,1,1183.5,1106.8,76.7,0.58,0.74,578.8,13.25,83.207222,28.175833,0,1,WECS_NEA_MIP,0.03,0.0201,0.0101,0.0058,0.0041,0.0066,0.006,0.0066,0.009,0.0165,0.0524,0.1019,0.1094,0.0629,0.0285,0.0126,0.0078,0.0006,0.0101,0.0095,0.65,Micro/Mini Hydro (<1 MW),69.0,4.18,33.37,13.85,19.52,1.96,1.6,1.96,2.66,3.31,3.2,3.31,3.31,3.2,3.31,3.2,2.36,Isma,0,1.0,Pico (<5 kW),0,1,0
7224,1,1106.8,1074.0,32.8,0.74,1.81,247.4,13.27,83.204444,28.174167,0,1,WECS_NEA_MIP,0.072,0.0486,0.025,0.0145,0.0105,0.0158,0.0144,0.0158,0.0216,0.0396,0.126,0.2448,0.2628,0.1512,0.0684,0.0302,0.0187,0.0014,0.025,0.0236,0.65,Micro/Mini Hydro (<1 MW),29.5,4.44,34.98,14.33,20.65,2.02,1.64,2.02,2.74,3.5,3.39,3.5,3.5,3.39,3.5,3.39,2.42,Isma,0,1.0,Pico (<5 kW),0,1,0
7225,1,1183.5,1016.4,167.1,0.57,7.51,410.9,40.67,83.469722,28.025,0,1,WECS_NEA_MIP,0.2903,0.1989,0.1054,0.0627,0.0461,0.0639,0.0581,0.0639,0.0871,0.1597,0.5081,0.9871,1.0597,0.6097,0.2758,0.1219,0.0755,0.0058,0.1054,0.0996,0.65,Micro/Mini Hydro (<1 MW),150.4,95.52,741.64,297.69,443.95,41.46,33.71,41.46,56.14,75.2,72.78,75.2,75.2,72.78,75.2,72.78,49.73,Satyawati,0,1.0,Micro (5-100 kW),0,1,1
7227,1,1183.2,1100.0,83.3,0.52,4.99,525.6,15.85,83.366667,28.004722,0,1,WECS_NEA_MIP,0.1945,0.1327,0.0697,0.0412,0.0302,0.0428,0.0389,0.0428,0.0583,0.107,0.3403,0.6612,0.7099,0.4084,0.1848,0.0817,0.0506,0.0039,0.0697,0.0658,0.65,Micro/Mini Hydro (<1 MW),75.0,31.47,245.48,99.08,146.4,13.84,11.25,13.84,18.73,24.8,24.0,24.8,24.8,24.0,24.8,24.0,16.62,Chatrakot,0,1.0,Micro (5-100 kW),0,1,1
7231,1,1182.6,1096.0,86.6,0.51,71.02,382.4,22.66,83.424722,28.121111,1,0,WECS_NEA_MIP,2.6248,1.8394,1.0193,0.6347,0.4772,0.5775,0.525,0.5775,0.7874,1.4436,4.5934,8.9243,9.5805,5.5121,2.4936,1.1024,0.6824,0.0525,1.8394,1.7869,0.82,Commercial RoR (>1 MW),77.9,1119.75,6668.53,1962.32,4706.22,244.77,198.97,244.77,331.57,648.56,829.91,857.57,857.57,829.91,857.57,473.7,293.67,Chandrakot,0,1.0,Small/Medium RoR (>1 MW),0,1,1
7247,1,1180.0,1110.4,69.6,0.54,2.5,205.5,33.86,83.557222,28.018611,0,1,WECS_NEA_MIP,0.0988,0.067,0.0347,0.0202,0.0147,0.0217,0.0198,0.0217,0.0296,0.0543,0.1729,0.3359,0.3606,0.2075,0.0939,0.0415,0.0257,0.002,0.0347,0.0327,0.65,Micro/Mini Hydro (<1 MW),62.6,13.05,102.59,41.75,60.83,5.85,4.77,5.85,7.93,10.31,9.97,10.31,10.31,9.97,10.31,9.97,7.04,Kaligandaki,0,1.0,Micro (5-100 kW),0,1,1
7248,1,1179.9,1061.2,118.7,1.03,1.41,625.1,19.0,83.221667,28.189722,0,1,WECS_NEA_MIP,0.0564,0.038,0.0195,0.0112,0.0081,0.0124,0.0113,0.0124,0.0169,0.031,0.0986,0.1916,0.2057,0.1184,0.0535,0.0237,0.0147,0.0011,0.0195,0.0184,0.65,Micro/Mini Hydro (<1 MW),106.8,12.53,98.96,40.64,58.32,5.73,4.67,5.73,7.75,9.88,9.56,9.88,9.88,9.56,9.88,9.56,6.89,Isma,0,1.0,Micro (5-100 kW),0,1,1
7249,2,1061.2,1047.6,13.6,1.41,4.17,30.9,43.96,83.223056,28.191944,0,1,WECS_NEA_MIP,0.1631,0.1111,0.0582,0.0342,0.025,0.0359,0.0326,0.0359,0.0489,0.0897,0.2854,0.5546,0.5953,0.3425,0.155,0.0685,0.0424,0.0033,0.0582,0.0549,0.65,Micro/Mini Hydro (<1 MW),12.2,4.27,33.38,13.49,19.89,1.89,1.53,1.89,2.55,3.37,3.26,3.37,3.37,3.26,3.37,3.26,2.26,Isma,0,1.0,Pico (<5 kW),0,1,0
7262,1,1179.2,935.5,243.7,0.51,1.01,666.3,36.58,83.409167,28.0525,0,1,WECS_NEA_MIP,0.0406,0.0273,0.0139,0.0079,0.0057,0.0089,0.0081,0.0089,0.0122,0.0224,0.0711,0.1382,0.1483,0.0853,0.0386,0.0171,0.0106,0.0008,0.0139,0.0131,0.65,Micro/Mini Hydro (<1 MW),219.3,18.32,145.22,59.85,85.37,8.43,6.86,8.43,11.48,14.46,13.99,14.46,14.46,13.99,14.46,13.99,10.2,Satyawati,0,1.0,Micro (5-100 kW),0,1,1
7263,1,935.5,712.1,223.4,1.01,1.32,577.2,38.7,83.406111,28.048056,0,1,WECS_NEA_MIP,0.0528,0.0356,0.0182,0.0105,0.0076,0.0116,0.0106,0.0116,0.0158,0.0291,0.0925,0.1796,0.1928,0.1109,0.0502,0.0222,0.0137,0.0011,0.0182,0.0171,0.65,Micro/Mini Hydro (<1 MW),201.1,21.93,173.68,71.18,102.5,10.02,8.19,10.02,13.57,17.36,16.8,17.36,17.36,16.8,17.36,16.8,12.02,Satyawati,0,1.0,Micro (5-100 kW),0,1,1
7264,1,712.1,627.5,84.6,1.32,1.63,617.7,13.7,83.404444,28.043333,0,1,WECS_NEA_MIP,0.065,0.0438,0.0225,0.013,0.0094,0.0143,0.013,0.0143,0.0195,0.0357,0.1137,0.2209,0.2371,0.1364,0.0617,0.0273,0.0169,0.0013,0.0225,0.0212,0.65,Micro/Mini Hydro (<1 MW),76.1,10.29,81.27,33.32,47.95,4.69,3.82,4.69,6.36,8.12,7.86,8.12,8.12,7.86,8.12,7.86,5.63,Satyawati,0,1.0,Micro (5-100 kW),0,1,1
7265,1,627.5,596.0,31.5,1.63,1486.98,360.1,8.74,83.400833,28.041389,1,0,GAUGE_TRANSFER_DHM,50.2688,30.8217,15.4109,9.907,6.9716,11.0591,10.0538,11.0591,15.0806,27.6478,87.9703,170.9138,183.481,105.5644,47.7553,21.1129,13.0699,1.0054,30.8217,29.8163,0.82,Commercial RoR (>1 MW),28.4,3405.84,21432.21,6850.52,14581.69,1708.83,1389.13,1708.83,2315.2,4528.43,5069.79,5238.79,5238.79,5069.79,5238.79,3307.44,2050.61,Satyawati,1,0.5,Small/Medium RoR (>1 MW),0,1,1
7266,2,1179.0,1179.0,0.0,6.81,7.65,600.1,0.0,83.108889,28.145,0,1,WECS_NEA_MIP,0.2956,0.2026,0.1074,0.0639,0.047,0.065,0.0591,0.065,0.0887,0.1626,0.5173,1.0051,1.079,0.6208,0.2808,0.1242,0.0769,0.0059,0.1074,0.1015,0.65,Micro/Mini Hydro (<1 MW),0.0,0.0,0.0,0.0,0.0,0.0,0.0,0.0,0.0,0.0,0.0,0.0,0.0,0.0,0.0,0.0,0.0,Madane,0,1.0,Pico (<5 kW),0,0,0
7267,2,1179.0,1179.0,0.0,7.65,9.14,338.8,0.0,83.111667,28.141944,0,1,WECS_NEA_MIP,0.3519,0.2416,0.1285,0.0768,0.0566,0.0774,0.0704,0.0774,0.1056,0.1936,0.6159,1.1966,1.2846,0.7391,0.3343,0.1478,0.0915,0.007,0.1285,0.1215,0.65,Micro/Mini Hydro (<1 MW),0.0,0.0,0.0,0.0,0.0,0.0,0.0,0.0,0.0,0.0,0.0,0.0,0.0,0.0,0.0,0.0,0.0,Madane,0,1.0,Pico (<5 kW),0,0,0
7268,2,1179.0,1179.0,0.0,9.14,9.5,511.0,0.0,83.113611,28.14,0,1,WECS_NEA_MIP,0.3655,0.251,0.1336,0.0799,0.0589,0.0804,0.0731,0.0804,0.1097,0.201,0.6397,1.2428,1.3342,0.7676,0.3472,0.1535,0.095,0.0073,0.1336,0.1263,0.65,Micro/Mini Hydro (<1 MW),0.0,0.0,0.0,0.0,0.0,0.0,0.0,0.0,0.0,0.0,0.0,0.0,0.0,0.0,0.0,0.0,0.0,Madane,0,1.0,Pico (<5 kW),0,0,0
7269,2,1179.0,1123.4,55.5,9.5,9.94,555.9,9.99,83.115,28.136389,0,1,WECS_NEA_MIP,0.3821,0.2626,0.1399,0.0837,0.0617,0.0841,0.0764,0.0841,0.1146,0.2102,0.6687,1.2992,1.3947,0.8024,0.363,0.1605,0.0993,0.0076,0.1399,0.1323,0.65,Micro/Mini Hydro (<1 MW),50.0,42.18,326.43,130.53,195.9,18.15,14.74,18.15,24.56,33.19,32.11,33.19,33.19,32.11,33.19,32.11,21.75,Madane,0,1.0,Micro (5-100 kW),0,1,1
7270,3,1123.4,1110.8,12.6,9.94,10.21,625.1,2.02,83.115,28.132222,1,0,WECS_NEA_MIP,0.3923,0.2696,0.1437,0.0861,0.0635,0.0863,0.0785,0.0863,0.1177,0.2158,0.6865,1.3337,1.4318,0.8238,0.3727,0.1648,0.102,0.0079,0.2696,0.2617,0.82,Commercial RoR (>1 MW),11.3,23.79,142.78,42.53,100.26,5.3,4.31,5.3,7.19,14.06,17.64,18.23,18.23,17.64,18.23,10.27,6.36,Madane,0,1.0,Micro (5-100 kW),0,1,1
7271,3,1110.8,1105.1,5.7,10.21,16.62,103.1,5.53,83.116111,28.129444,1,0,WECS_NEA_MIP,0.6324,0.4368,0.2351,0.1422,0.1054,0.1391,0.1265,0.1391,0.1897,0.3478,1.1066,2.15,2.3081,1.3279,0.6007,0.2656,0.1644,0.0127,0.4368,0.4242,0.82,Commercial RoR (>1 MW),5.1,17.4,104.21,30.94,73.27,3.86,3.14,3.86,5.23,10.23,12.9,13.33,13.33,12.9,13.33,7.47,4.63,Madane,0,1.0,Micro (5-100 kW),0,1,1
7272,1,1178.9,1173.0,6.0,0.51,10.35,109.7,5.43,83.440278,28.105556,1,0,WECS_NEA_MIP,0.3975,0.2733,0.1457,0.0873,0.0644,0.0875,0.0795,0.0875,0.1193,0.2186,0.6957,1.3516,1.451,0.8348,0.3777,0.167,0.1034,0.008,0.2733,0.2653,0.82,Commercial RoR (>1 MW),5.4,11.52,69.16,20.6,48.57,2.57,2.09,2.57,3.48,6.81,8.55,8.83,8.83,8.55,8.83,4.97,3.08,Chandrakot,0,1.0,Micro (5-100 kW),0,1,1
7312,1,1175.3,1069.1,106.2,0.62,1.96,278.3,38.15,83.234722,28.166944,0,1,WECS_NEA_MIP,0.0778,0.0526,0.0271,0.0157,0.0114,0.0171,0.0156,0.0171,0.0233,0.0428,0.1362,0.2646,0.2841,0.1634,0.0739,0.0327,0.0202,0.0016,0.0271,0.0255,0.65,Micro/Mini Hydro (<1 MW),95.6,15.54,122.6,50.05,72.56,7.03,5.74,7.03,9.52,12.29,11.89,12.29,12.29,11.89,12.29,11.89,8.44,Isma,0,1.0,Micro (5-100 kW),0,1,1
7331,1,1173.8,1023.3,150.5,1.35,1.62,519.3,28.99,83.471389,28.016111,0,1,WECS_NEA_MIP,0.0646,0.0436,0.0224,0.0129,0.0094,0.0142,0.0129,0.0142,0.0194,0.0355,0.113,0.2196,0.2357,0.1356,0.0613,0.0271,0.0168,0.0013,0.0224,0.0211,0.65,Micro/Mini Hydro (<1 MW),135.5,18.23,143.95,58.94,85.0,8.29,6.74,8.29,11.26,14.4,13.93,14.4,14.4,13.93,14.4,13.93,9.96,Satyawati,0,1.0,Micro (5-100 kW),0,1,1
7332,1,1023.3,757.2,266.1,1.62,2.63,575.2,46.26,83.466667,28.014444,0,1,WECS_NEA_MIP,0.1038,0.0704,0.0365,0.0213,0.0155,0.0228,0.0208,0.0228,0.0311,0.0571,0.1817,0.353,0.379,0.218,0.0986,0.0436,0.027,0.0021,0.0365,0.0344,0.65,Micro/Mini Hydro (<1 MW),239.5,52.53,412.7,167.88,244.82,23.52,19.19,23.52,31.89,41.47,40.13,41.47,41.47,40.13,41.47,40.13,28.29,Satyawati,0,1.0,Micro (5-100 kW),0,1,1
7333,2,757.2,655.4,101.8,2.63,2.99,611.1,16.66,83.4625,28.010833,0,1,WECS_NEA_MIP,0.1177,0.0799,0.0416,0.0243,0.0177,0.0259,0.0235,0.0259,0.0353,0.0648,0.206,0.4003,0.4297,0.2472,0.1118,0.0494,0.0306,0.0024,0.0416,0.0393,0.65,Micro/Mini Hydro (<1 MW),91.6,22.95,179.59,72.87,106.72,10.21,8.28,10.21,13.84,18.08,17.49,18.08,18.08,17.49,18.08,17.49,12.25,Satyawati,0,1.0,Micro (5-100 kW),0,1,1
7334,2,655.4,563.7,91.7,2.99,3.45,586.2,15.65,83.458889,28.007778,0,1,WECS_NEA_MIP,0.1355,0.0921,0.048,0.0282,0.0205,0.0298,0.0271,0.0298,0.0406,0.0745,0.2371,0.4606,0.4944,0.2845,0.1287,0.0569,0.0352,0.0027,0.048,0.0453,0.65,Micro/Mini Hydro (<1 MW),82.5,23.83,186.6,75.7,110.9,10.61,8.63,10.61,14.36,18.79,18.18,18.79,18.79,18.18,18.79,18.18,12.72,Satyawati,0,1.0,Micro (5-100 kW),0,1,1
7335,2,563.7,545.2,18.5,3.45,3.56,551.6,3.35,83.455,28.005556,0,1,WECS_NEA_MIP,0.1397,0.095,0.0496,0.0291,0.0212,0.0307,0.0279,0.0307,0.0419,0.0768,0.2445,0.4749,0.5099,0.2933,0.1327,0.0587,0.0363,0.0028,0.0496,0.0468,0.65,Micro/Mini Hydro (<1 MW),16.7,4.98,39.0,15.8,23.2,2.21,1.8,2.21,3.0,3.93,3.8,3.93,3.93,3.8,3.93,3.8,2.65,Satyawati,0,1.0,Pico (<5 kW),0,1,0
7336,2,545.2,545.2,0.0,3.56,1556.7,309.2,0.0,83.454167,28.002222,1,0,GAUGE_TRANSFER_DHM,52.2653,32.0458,16.0229,10.3005,7.2485,11.4984,10.4531,11.4984,15.6796,28.7459,91.4642,177.7019,190.7682,109.757,49.652,21.9514,13.589,1.0453,32.0458,31.0005,0.82,Commercial RoR (>1 MW),0.0,0.0,0.0,0.0,0.0,0.0,0.0,0.0,0.0,0.0,0.0,0.0,0.0,0.0,0.0,0.0,0.0,Ruru,1,0.5,Pico (<5 kW),0,0,0
7349,1,1173.6,1016.6,157.1,0.52,1.32,604.4,25.98,83.294167,28.025,0,1,WECS_NEA_MIP,0.0528,0.0356,0.0182,0.0105,0.0076,0.0116,0.0106,0.0116,0.0158,0.0291,0.0925,0.1796,0.1928,0.1109,0.0502,0.0222,0.0137,0.0011,0.0182,0.0171,0.65,Micro/Mini Hydro (<1 MW),141.4,15.42,122.12,50.05,72.07,7.04,5.76,7.04,9.54,12.21,11.82,12.21,12.21,11.82,12.21,11.82,8.45,Gulmidarbar,0,1.0,Micro (5-100 kW),0,1,1
7350,1,1016.6,999.1,17.5,1.32,5.41,209.1,8.36,83.296389,28.0225,0,1,WECS_NEA_MIP,0.2105,0.1438,0.0757,0.0448,0.0328,0.0463,0.0421,0.0463,0.0632,0.1158,0.3684,0.7157,0.7684,0.4421,0.2,0.0884,0.0547,0.0042,0.0757,0.0715,0.65,Micro/Mini Hydro (<1 MW),15.8,7.2,56.11,22.62,33.5,3.16,2.57,3.16,4.28,5.67,5.49,5.67,5.67,5.49,5.67,5.49,3.79,Gulmidarbar,0,1.0,Micro (5-100 kW),0,1,1
7358,3,1173.0,1145.3,27.7,10.35,12.21,464.2,5.97,83.437778,28.105833,1,0,WECS_NEA_MIP,0.4674,0.3219,0.1722,0.1035,0.0765,0.1028,0.0935,0.1028,0.1402,0.2571,0.818,1.5893,1.7062,0.9816,0.4441,0.1963,0.1215,0.0094,0.3219,0.3125,0.82,Commercial RoR (>1 MW),24.9,62.59,375.35,111.64,263.71,13.92,11.32,13.92,18.86,36.91,46.42,47.97,47.97,46.42,47.97,26.95,16.71,Chandrakot,0,1.0,Micro (5-100 kW),0,1,1
7359,1,1172.9,1075.6,97.3,0.5,2.56,336.5,28.93,83.218889,28.192778,0,1,WECS_NEA_MIP,0.1011,0.0685,0.0355,0.0207,0.0151,0.0222,0.0202,0.0222,0.0303,0.0556,0.177,0.3438,0.3691,0.2123,0.0961,0.0425,0.0263,0.002,0.0355,0.0335,0.65,Micro/Mini Hydro (<1 MW),87.6,18.71,146.95,59.85,87.09,8.39,6.83,8.39,11.38,14.75,14.28,14.75,14.75,14.28,14.75,14.28,10.1,Isma,0,1.0,Micro (5-100 kW),0,1,1
7366,1,1172.2,1065.8,106.3,0.66,1.09,519.3,20.47,83.239722,28.0375,0,1,WECS_NEA_MIP,0.0438,0.0294,0.015,0.0086,0.0062,0.0096,0.0088,0.0096,0.0131,0.0241,0.0766,0.1489,0.1599,0.092,0.0416,0.0184,0.0114,0.0009,0.015,0.0141,0.65,Micro/Mini Hydro (<1 MW),95.7,8.6,68.28,28.08,40.2,3.95,3.24,3.95,5.36,6.81,6.59,6.81,6.81,6.59,6.81,6.59,4.77,Resunga,0,1.0,Micro (5-100 kW),0,1,1
7367,1,1065.8,1022.5,43.4,1.09,6.72,524.3,8.27,83.235278,28.036389,0,1,WECS_NEA_MIP,0.2604,0.1782,0.0942,0.056,0.0411,0.0573,0.0521,0.0573,0.0781,0.1432,0.4556,0.8852,0.9503,0.5467,0.2473,0.1093,0.0677,0.0052,0.0942,0.089,0.65,Micro/Mini Hydro (<1 MW),39.1,22.19,172.49,69.34,103.15,9.66,7.86,9.66,13.09,17.47,16.91,17.47,17.47,16.91,17.47,16.91,11.59,Resunga,0,1.0,Micro (5-100 kW),0,1,1
7396,2,1169.9,1115.4,54.6,5.27,6.31,620.7,8.79,83.141111,28.187778,0,1,WECS_NEA_MIP,0.2448,0.1674,0.0884,0.0524,0.0385,0.0539,0.049,0.0539,0.0734,0.1346,0.4284,0.8322,0.8934,0.514,0.2325,0.1028,0.0636,0.0049,0.0884,0.0835,0.65,Micro/Mini Hydro (<1 MW),49.1,26.14,203.37,81.81,121.56,11.41,9.28,11.41,15.44,20.59,19.93,20.59,20.59,19.93,20.59,19.93,13.67,Malika,0,1.0,Micro (5-100 kW),0,1,1
7397,2,1115.4,1080.4,34.9,6.31,6.83,586.8,5.95,83.136944,28.184722,0,1,WECS_NEA_MIP,0.2645,0.1811,0.0958,0.0569,0.0418,0.0582,0.0529,0.0582,0.0794,0.1455,0.4629,0.8994,0.9655,0.5555,0.2513,0.1111,0.0688,0.0053,0.0958,0.0905,0.65,Micro/Mini Hydro (<1 MW),31.4,18.12,140.82,56.58,84.24,7.88,6.4,7.88,10.68,14.27,13.81,14.27,14.27,13.81,14.27,13.81,9.46,Malika,0,1.0,Micro (5-100 kW),0,1,1
7398,2,1080.4,1054.4,26.1,6.83,7.45,577.2,4.52,83.137222,28.18,0,1,WECS_NEA_MIP,0.288,0.1974,0.1045,0.0622,0.0457,0.0634,0.0576,0.0634,0.0864,0.1584,0.5041,0.9793,1.0514,0.6049,0.2736,0.121,0.0749,0.0058,0.1045,0.0987,0.65,Micro/Mini Hydro (<1 MW),23.5,14.79,114.88,46.11,68.77,6.42,5.22,6.42,8.7,11.65,11.27,11.65,11.65,11.27,11.65,11.27,7.7,Malika,0,1.0,Micro (5-100 kW),0,1,1
7399,2,1054.4,1027.4,27.0,7.45,8.02,577.2,4.67,83.137778,28.175278,0,1,WECS_NEA_MIP,0.3096,0.2123,0.1126,0.0671,0.0494,0.0681,0.0619,0.0681,0.0929,0.1703,0.5418,1.0527,1.1301,0.6502,0.2941,0.13,0.0805,0.0062,0.1126,0.1064,0.65,Micro/Mini Hydro (<1 MW),24.3,16.49,127.92,51.29,76.63,7.14,5.8,7.14,9.67,12.98,12.56,12.98,12.98,12.56,12.98,12.56,8.57,Malika,0,1.0,Micro (5-100 kW),0,1,1
7400,2,1027.4,1004.1,23.3,8.02,8.6,608.1,3.84,83.139444,28.170556,0,1,WECS_NEA_MIP,0.3316,0.2275,0.1208,0.0721,0.0531,0.0729,0.0663,0.0729,0.0995,0.1824,0.5802,1.1273,1.2102,0.6963,0.315,0.1393,0.0862,0.0066,0.1208,0.1142,0.65,Micro/Mini Hydro (<1 MW),21.0,15.29,118.55,47.5,71.04,6.61,5.37,6.61,8.96,12.03,11.65,12.03,12.03,11.65,12.03,11.65,7.93,Malika,0,1.0,Micro (5-100 kW),0,1,1
7401,2,1004.1,989.1,14.9,8.6,8.79,587.5,2.54,83.137778,28.165833,0,1,WECS_NEA_MIP,0.3387,0.2325,0.1235,0.0738,0.0543,0.0745,0.0677,0.0745,0.1016,0.1863,0.5928,1.1517,1.2364,0.7113,0.3218,0.1423,0.0881,0.0068,0.1235,0.1167,0.65,Micro/Mini Hydro (<1 MW),13.4,9.97,77.3,30.96,46.35,4.3,3.5,4.3,5.83,7.85,7.6,7.85,7.85,7.6,7.85,7.6,5.17,Malika,0,1.0,Micro (5-100 kW),0,1,1
7402,2,989.1,985.3,3.8,8.79,34.58,103.1,3.72,83.138056,28.163056,1,0,WECS_NEA_MIP,1.2966,0.9021,0.4927,0.3024,0.2258,0.2852,0.2593,0.2852,0.389,0.7131,2.269,4.4083,4.7324,2.7228,1.2317,0.5446,0.3371,0.0259,0.9021,0.8762,0.82,Commercial RoR (>1 MW),3.4,23.96,143.12,42.31,100.81,5.28,4.29,5.28,7.15,13.98,17.76,18.36,18.36,17.76,18.36,10.21,6.33,Malika,0,1.0,Micro (5-100 kW),0,1,1
7405,1,1168.0,1100.7,67.3,0.69,1.3,628.7,10.7,83.392778,27.999444,0,1,WECS_NEA_MIP,0.052,0.035,0.0179,0.0103,0.0074,0.0115,0.0104,0.0115,0.0156,0.0286,0.0911,0.177,0.19,0.1093,0.0494,0.0219,0.0135,0.001,0.0179,0.0169,0.65,Micro/Mini Hydro (<1 MW),60.6,6.53,51.66,21.28,30.38,3.02,2.44,3.02,4.06,5.15,4.98,5.15,5.15,4.98,5.15,4.98,3.59,Ruru,0,1.0,Micro (5-100 kW),0,1,1
7406,2,1100.7,1037.9,62.8,1.3,2.91,577.2,10.88,83.393611,28.004167,0,1,WECS_NEA_MIP,0.1146,0.0778,0.0405,0.0236,0.0172,0.0252,0.0229,0.0252,0.0344,0.0631,0.2006,0.3898,0.4185,0.2408,0.1089,0.0482,0.0298,0.0023,0.0405,0.0382,0.65,Micro/Mini Hydro (<1 MW),56.5,13.76,107.9,43.82,64.08,6.14,4.99,6.14,8.33,10.86,10.51,10.86,10.86,10.51,10.86,10.51,7.37,Ruru,0,1.0,Micro (5-100 kW),0,1,1
7408,1,1167.7,1116.8,50.9,1.43,2.12,353.4,14.4,83.363611,28.004722,0,1,WECS_NEA_MIP,0.0841,0.0569,0.0294,0.0171,0.0124,0.0185,0.0168,0.0185,0.0252,0.0462,0.1471,0.2858,0.3068,0.1765,0.0799,0.0353,0.0219,0.0017,0.0294,0.0277,0.65,Micro/Mini Hydro (<1 MW),45.8,8.09,63.69,25.98,37.71,3.65,2.96,3.65,4.94,6.39,6.18,6.39,6.39,6.18,6.39,6.18,4.39,Chatrakot,0,1.0,Micro (5-100 kW),0,1,1
7411,1,1165.9,998.6,167.3,0.54,0.89,544.3,30.73,83.243889,28.088889,0,1,WECS_NEA_MIP,0.0359,0.0241,0.0122,0.007,0.005,0.0079,0.0072,0.0079,0.0108,0.0197,0.0628,0.1221,0.1311,0.0754,0.0341,0.0151,0.0093,0.0007,0.0122,0.0115,0.65,Micro/Mini Hydro (<1 MW),150.6,11.04,87.78,36.33,51.46,5.14,4.19,5.14,6.98,8.72,8.44,8.72,8.72,8.44,8.72,8.44,6.14,Resunga,0,1.0,Micro (5-100 kW),0,1,1
7412,1,998.6,943.5,55.1,0.89,1.27,597.8,9.22,83.241111,28.092778,0,1,WECS_NEA_MIP,0.0509,0.0342,0.0175,0.0101,0.0073,0.0112,0.0102,0.0112,0.0153,0.028,0.089,0.173,0.1857,0.1068,0.0483,0.0214,0.0132,0.001,0.0175,0.0165,0.65,Micro/Mini Hydro (<1 MW),49.6,5.22,41.31,17.0,24.31,2.4,1.96,2.4,3.26,4.12,3.99,4.12,4.12,3.99,4.12,3.99,2.87,Resunga,0,1.0,Micro (5-100 kW),0,1,1
7413,1,943.5,871.3,72.2,1.27,2.61,573.5,12.59,83.2425,28.097222,0,1,WECS_NEA_MIP,0.1031,0.0699,0.0362,0.0211,0.0154,0.0227,0.0206,0.0227,0.0309,0.0567,0.1803,0.3504,0.3761,0.2164,0.0979,0.0433,0.0268,0.0021,0.0362,0.0341,0.65,Micro/Mini Hydro (<1 MW),65.0,14.13,111.13,45.23,65.9,6.35,5.15,6.35,8.59,11.16,10.8,11.16,11.16,10.8,11.16,10.8,7.62,Resunga,0,1.0,Micro (5-100 kW),0,1,1
7414,1,1165.8,1164.5,1.4,0.51,46.95,61.8,2.23,83.440278,28.129444,1,0,WECS_NEA_MIP,1.7496,1.221,0.671,0.4144,0.3103,0.3849,0.3499,0.3849,0.5249,0.9623,3.0619,5.9487,6.3861,3.6742,1.6621,0.7348,0.4549,0.035,1.221,1.186,0.82,Commercial RoR (>1 MW),1.3,12.4,73.98,21.83,52.16,2.72,2.21,2.72,3.69,7.21,9.19,9.5,9.5,9.19,9.5,5.27,3.27,Chandrakot,0,1.0,Micro (5-100 kW),0,1,1
7422,3,1118.9,1107.6,11.3,49.22,70.06,331.5,3.42,83.424444,28.125833,1,0,WECS_NEA_MIP,2.59,1.8148,1.0054,0.6258,0.4705,0.5698,0.518,0.5698,0.777,1.4245,4.5325,8.8061,9.4536,5.4391,2.4605,1.0878,0.6734,0.0518,1.8148,1.763,0.82,Commercial RoR (>1 MW),10.2,144.66,861.52,253.53,607.99,31.62,25.71,31.62,42.84,83.8,107.21,110.79,110.79,107.21,110.79,61.2,37.95,Chandrakot,0,1.0,Mini (100-1000 kW),0,1,1
7427,1,1163.7,1075.9,87.8,0.5,0.82,586.2,14.98,83.115556,28.179167,0,1,WECS_NEA_MIP,0.0331,0.0222,0.0113,0.0064,0.0046,0.0073,0.0066,0.0073,0.0099,0.0182,0.058,0.1127,0.1209,0.0696,0.0315,0.0139,0.0086,0.0007,0.0113,0.0106,0.65,Micro/Mini Hydro (<1 MW),79.0,5.34,42.48,17.48,25.0,2.47,2.0,2.47,3.34,4.24,4.1,4.24,4.24,4.1,4.24,4.1,2.96,Madane,0,1.0,Micro (5-100 kW),0,1,1
7428,1,1075.9,1050.6,25.3,0.82,11.87,410.3,6.16,83.119444,28.181111,1,0,WECS_NEA_MIP,0.4547,0.313,0.1673,0.1005,0.0743,0.1,0.0909,0.1,0.1364,0.2501,0.7957,1.5459,1.6596,0.9548,0.4319,0.191,0.1182,0.0091,0.313,0.3039,0.82,Commercial RoR (>1 MW),22.8,55.74,334.29,99.47,234.82,12.4,10.08,12.4,16.81,32.89,41.33,42.71,42.71,41.33,42.71,24.02,14.89,Madane,0,1.0,Micro (5-100 kW),0,1,1
7429,1,1163.6,1137.1,26.5,1.49,3.47,328.5,8.07,83.194722,28.220833,0,1,WECS_NEA_MIP,0.1362,0.0926,0.0483,0.0283,0.0207,0.03,0.0272,0.03,0.0409,0.0749,0.2384,0.4632,0.4972,0.2861,0.1294,0.0572,0.0354,0.0027,0.0483,0.0456,0.65,Micro/Mini Hydro (<1 MW),23.9,6.95,54.4,22.08,32.33,3.1,2.51,3.1,4.19,5.48,5.3,5.48,5.48,5.3,5.48,5.3,3.71,Isma,0,1.0,Micro (5-100 kW),0,1,1
7430,1,1163.5,988.9,174.6,0.54,1.0,639.0,27.33,83.523056,28.057778,0,1,WECS_NEA_MIP,0.0402,0.027,0.0138,0.0079,0.0057,0.0089,0.008,0.0089,0.0121,0.0221,0.0704,0.1368,0.1469,0.0845,0.0382,0.0169,0.0105,0.0008,0.0138,0.013,0.65,Micro/Mini Hydro (<1 MW),157.1,13.02,103.3,42.59,60.72,6.04,4.85,6.04,8.15,10.29,9.95,10.29,10.29,9.95,10.29,9.95,7.23,Kaligandaki,0,1.0,Micro (5-100 kW),0,1,1
7431,1,988.9,954.3,34.6,1.0,2.21,288.6,11.98,83.523889,28.061111,0,1,WECS_NEA_MIP,0.0875,0.0593,0.0306,0.0178,0.0129,0.0193,0.0175,0.0193,0.0263,0.0482,0.1532,0.2977,0.3196,0.1839,0.0832,0.0368,0.0228,0.0018,0.0306,0.0288,0.65,Micro/Mini Hydro (<1 MW),31.1,5.71,45.02,18.37,26.65,2.58,2.09,2.58,3.5,4.51,4.37,4.51,4.51,4.37,4.51,4.37,3.1,Kaligandaki,0,1.0,Micro (5-100 kW),0,1,1
7441,2,1162.8,1162.8,0.0,0.57,8.41,41.2,0.0,83.203611,28.233056,0,1,WECS_NEA_MIP,0.3244,0.2225,0.1182,0.0705,0.0519,0.0714,0.0649,0.0714,0.0973,0.1784,0.5677,1.1029,1.184,0.6812,0.3082,0.1362,0.0843,0.0065,0.1182,0.1117,0.65,Micro/Mini Hydro (<1 MW),0.0,0.0,0.0,0.0,0.0,0.0,0.0,0.0,0.0,0.0,0.0,0.0,0.0,0.0,0.0,0.0,0.0,Malika,0,1.0,Pico (<5 kW),0,0,0
7442,2,1162.8,1149.1,13.7,8.41,8.86,606.8,2.26,83.205833,28.231389,0,1,WECS_NEA_MIP,0.3414,0.2343,0.1245,0.0744,0.0548,0.0751,0.0683,0.0751,0.1024,0.1878,0.5974,1.1607,1.246,0.7169,0.3243,0.1434,0.0888,0.0068,0.1245,0.1177,0.65,Micro/Mini Hydro (<1 MW),12.3,9.23,71.55,28.66,42.89,3.99,3.24,3.99,5.4,7.26,7.03,7.26,7.26,7.03,7.26,7.03,4.78,Isma,0,1.0,Micro (5-100 kW),0,1,1
7443,2,1149.1,1145.4,3.6,8.86,9.6,590.5,0.62,83.204167,28.2275,0,1,WECS_NEA_MIP,0.3693,0.2537,0.135,0.0808,0.0595,0.0812,0.0739,0.0812,0.1108,0.2031,0.6463,1.2556,1.3479,0.7755,0.3508,0.1551,0.096,0.0074,0.135,0.1276,0.65,Micro/Mini Hydro (<1 MW),3.2,2.6,20.16,8.07,12.1,1.12,0.91,1.12,1.52,2.05,1.98,2.05,2.05,1.98,2.05,1.98,1.35,Isma,0,1.0,Pico (<5 kW),0,0,0
7444,2,1145.4,1145.4,0.0,9.6,10.14,600.8,0.0,83.201944,28.223611,1,0,WECS_NEA_MIP,0.3896,0.2678,0.1427,0.0855,0.063,0.0857,0.0779,0.0857,0.1169,0.2143,0.6819,1.3248,1.4222,0.8182,0.3702,0.1636,0.1013,0.0078,0.2678,0.26,0.82,Commercial RoR (>1 MW),0.0,0.0,0.0,0.0,0.0,0.0,0.0,0.0,0.0,0.0,0.0,0.0,0.0,0.0,0.0,0.0,0.0,Isma,0,1.0,Pico (<5 kW),0,0,0
7445,3,1145.4,1123.8,21.6,10.14,13.83,315.8,6.83,83.199444,28.220833,1,0,WECS_NEA_MIP,0.5281,0.3641,0.1953,0.1177,0.087,0.1162,0.1056,0.1162,0.1584,0.2905,0.9242,1.7957,1.9277,1.1091,0.5017,0.2218,0.1373,0.0106,0.3641,0.3535,0.82,Commercial RoR (>1 MW),19.4,55.17,330.68,98.3,232.38,12.26,9.96,12.26,16.61,32.5,40.91,42.27,42.27,40.91,42.27,23.73,14.71,Isma,0,1.0,Micro (5-100 kW),0,1,1
7452,1,1162.0,972.6,189.4,0.59,1.04,566.9,33.41,83.238611,28.125833,0,1,WECS_NEA_MIP,0.0418,0.0281,0.0143,0.0082,0.0059,0.0092,0.0084,0.0092,0.0125,0.023,0.0732,0.1422,0.1527,0.0878,0.0397,0.0176,0.0109,0.0008,0.0143,0.0135,0.65,Micro/Mini Hydro (<1 MW),170.5,14.68,116.32,48.04,68.28,6.79,5.55,6.79,9.16,11.57,11.19,11.57,11.57,11.19,11.57,11.19,8.17,Isma,0,1.0,Micro (5-100 kW),0,1,1
7453,1,972.6,877.2,95.4,1.04,1.52,608.1,15.7,83.2375,28.121111,0,1,WECS_NEA_MIP,0.0607,0.0409,0.021,0.0121,0.0088,0.0133,0.0121,0.0133,0.0182,0.0334,0.1062,0.2063,0.2214,0.1274,0.0576,0.0255,0.0158,0.0012,0.021,0.0198,0.65,Micro/Mini Hydro (<1 MW),85.9,10.85,85.61,35.09,50.52,4.93,4.01,4.93,6.7,8.56,8.28,8.56,8.56,8.28,8.56,8.28,5.95,Isma,0,1.0,Micro (5-100 kW),0,1,1
7454,1,877.2,858.0,19.2,1.52,122.69,381.4,5.03,83.235833,28.117222,1,0,WECS_NEA_MIP,4.4851,3.1603,1.7705,1.1146,0.8426,0.9867,0.897,0.9867,1.3455,2.4668,7.849,15.2495,16.3708,9.4188,4.2609,1.8838,1.1661,0.0897,3.1603,3.0706,0.82,Commercial RoR (>1 MW),17.3,427.32,2539.36,744.65,1794.72,92.87,75.5,92.87,125.83,246.12,316.66,327.21,327.21,316.66,327.21,179.77,111.45,Isma,0,1.0,Mini (100-1000 kW),0,1,1
7464,1,1160.8,1077.6,83.2,0.63,1.48,247.4,33.63,83.222222,28.086111,0,1,WECS_NEA_MIP,0.0591,0.0398,0.0204,0.0118,0.0085,0.013,0.0118,0.013,0.0177,0.0325,0.1034,0.2009,0.2157,0.1241,0.0561,0.0248,0.0154,0.0012,0.0204,0.0192,0.65,Micro/Mini Hydro (<1 MW),74.9,9.17,72.55,29.76,42.79,4.19,3.4,4.19,5.67,7.25,7.01,7.25,7.25,7.01,7.25,7.01,5.05,Resunga,0,1.0,Micro (5-100 kW),0,1,1
7495,2,1157.0,1036.7,120.3,2.38,3.29,597.8,20.12,83.205,28.086667,0,1,WECS_NEA_MIP,0.1293,0.0879,0.0458,0.0268,0.0196,0.0284,0.0259,0.0284,0.0388,0.0711,0.2263,0.4396,0.4719,0.2715,0.1228,0.0543,0.0336,0.0026,0.0458,0.0432,0.65,Micro/Mini Hydro (<1 MW),108.3,29.83,233.69,94.78,138.91,13.26,10.81,13.26,18.0,23.53,22.77,23.53,23.53,22.77,23.53,22.77,15.93,Dhurkot,0,1.0,Micro (5-100 kW),0,1,1
7496,2,1036.7,1012.8,23.9,3.29,3.95,175.2,13.63,83.203889,28.089722,0,1,WECS_NEA_MIP,0.1547,0.1053,0.0551,0.0324,0.0236,0.034,0.0309,0.034,0.0464,0.0851,0.2707,0.5259,0.5645,0.3248,0.1469,0.065,0.0402,0.0031,0.0551,0.052,0.65,Micro/Mini Hydro (<1 MW),21.5,7.13,55.72,22.54,33.18,3.15,2.56,3.15,4.27,5.62,5.44,5.62,5.62,5.44,5.62,5.44,3.78,Dhurkot,0,1.0,Micro (5-100 kW),0,1,1
7509,2,1155.4,1111.3,44.1,6.14,6.89,577.2,7.65,83.167222,28.1875,0,1,WECS_NEA_MIP,0.2668,0.1827,0.0966,0.0574,0.0422,0.0587,0.0534,0.0587,0.08,0.1467,0.4669,0.9071,0.9738,0.5603,0.2535,0.1121,0.0694,0.0053,0.0966,0.0913,0.65,Micro/Mini Hydro (<1 MW),39.7,23.11,179.58,72.18,107.4,10.06,8.18,10.06,13.62,18.19,17.61,18.19,18.19,17.61,18.19,17.61,12.07,Malika,0,1.0,Micro (5-100 kW),0,1,1
7510,2,1111.3,1104.7,6.6,6.89,8.08,264.3,2.49,83.166111,28.184167,0,1,WECS_NEA_MIP,0.3119,0.2139,0.1135,0.0676,0.0498,0.0686,0.0624,0.0686,0.0936,0.1715,0.5458,1.0604,1.1384,0.655,0.2963,0.131,0.0811,0.0062,0.1135,0.1073,0.65,Micro/Mini Hydro (<1 MW),5.9,4.04,31.31,12.55,18.75,1.75,1.42,1.75,2.37,3.18,3.07,3.18,3.18,3.07,3.18,3.07,2.1,Malika,0,1.0,Pico (<5 kW),0,1,0
7511,1,1155.3,1064.0,91.3,1.65,13.71,563.2,16.22,83.495833,28.0775,1,0,WECS_NEA_MIP,0.5236,0.361,0.1936,0.1166,0.0863,0.1152,0.1047,0.1152,0.1571,0.288,0.9164,1.7804,1.9113,1.0997,0.4975,0.2199,0.1361,0.0105,0.361,0.3505,0.82,Commercial RoR (>1 MW),82.2,231.76,1389.19,412.98,976.22,51.51,41.86,51.51,69.79,136.52,171.87,177.6,177.6,171.87,177.6,99.69,61.79,Kaligandaki,0,1.0,Mini (100-1000 kW),0,1,1
7546,1,1150.7,1036.7,114.0,0.52,1.19,555.9,20.51,83.322778,28.013056,0,1,WECS_NEA_MIP,0.0477,0.0321,0.0164,0.0094,0.0068,0.0105,0.0095,0.0105,0.0143,0.0263,0.0835,0.1623,0.1742,0.1002,0.0453,0.02,0.0124,0.0009,0.0164,0.0155,0.65,Micro/Mini Hydro (<1 MW),102.6,10.14,80.14,33.02,47.12,4.67,3.78,4.67,6.31,7.98,7.73,7.98,7.98,7.73,7.98,7.73,5.6,Gulmidarbar,0,1.0,Micro (5-100 kW),0,1,1
7547,1,1036.7,962.0,74.7,1.19,1.49,577.2,12.94,83.322222,28.008333,0,1,WECS_NEA_MIP,0.0595,0.0401,0.0206,0.0119,0.0086,0.0131,0.0119,0.0131,0.0178,0.0327,0.1041,0.2023,0.2171,0.1249,0.0565,0.025,0.0155,0.0012,0.0206,0.0194,0.65,Micro/Mini Hydro (<1 MW),67.2,8.31,65.69,26.92,38.77,3.79,3.08,3.79,5.12,6.57,6.36,6.57,6.57,6.36,6.57,6.36,4.56,Gulmidarbar,0,1.0,Micro (5-100 kW),0,1,1
7548,1,962.0,913.9,48.2,1.49,5.53,566.9,8.5,83.321944,28.003889,0,1,WECS_NEA_MIP,0.2151,0.1469,0.0774,0.0458,0.0336,0.0473,0.043,0.0473,0.0645,0.1183,0.3764,0.7313,0.7851,0.4517,0.2043,0.0903,0.0559,0.0043,0.0774,0.0731,0.65,Micro/Mini Hydro (<1 MW),43.4,20.23,157.53,63.46,94.08,8.85,7.2,8.85,12.0,15.94,15.42,15.94,15.94,15.42,15.94,15.42,10.62,Gulmidarbar,0,1.0,Micro (5-100 kW),0,1,1
7549,1,1150.5,1096.7,53.8,0.55,0.82,533.3,10.09,83.131944,28.139722,0,1,WECS_NEA_MIP,0.0331,0.0222,0.0113,0.0064,0.0046,0.0073,0.0066,0.0073,0.0099,0.0182,0.058,0.1127,0.1209,0.0696,0.0315,0.0139,0.0086,0.0007,0.0113,0.0106,0.65,Micro/Mini Hydro (<1 MW),48.4,3.27,26.02,10.71,15.32,1.52,1.22,1.52,2.04,2.59,2.51,2.59,2.59,2.51,2.59,2.51,1.81,Dhurkot,0,1.0,Pico (<5 kW),0,1,0
7550,1,1096.7,1070.6,26.0,0.82,2.25,177.5,14.65,83.135,28.140556,0,1,WECS_NEA_MIP,0.0891,0.0603,0.0312,0.0181,0.0132,0.0196,0.0178,0.0196,0.0267,0.049,0.1559,0.3029,0.3252,0.1871,0.0846,0.0374,0.0232,0.0018,0.0312,0.0294,0.65,Micro/Mini Hydro (<1 MW),23.4,4.39,34.52,14.07,20.45,1.98,1.6,1.98,2.68,3.46,3.35,3.46,3.46,3.35,3.46,3.35,2.38,Dhurkot,0,1.0,Pico (<5 kW),0,1,0
7557,2,1150.3,1130.5,19.8,4.87,5.27,559.6,3.54,83.255278,28.038889,0,1,WECS_NEA_MIP,0.2052,0.1401,0.0737,0.0436,0.0319,0.0451,0.041,0.0451,0.0616,0.1128,0.3591,0.6976,0.7489,0.4309,0.1949,0.0862,0.0533,0.0041,0.0737,0.0696,0.65,Micro/Mini Hydro (<1 MW),17.8,7.9,61.56,24.82,36.74,3.46,2.81,3.46,4.7,6.22,6.02,6.22,6.22,6.02,6.22,6.02,4.15,Resunga,0,1.0,Micro (5-100 kW),0,1,1
7558,2,1130.5,1097.1,33.4,5.27,6.11,603.8,5.52,83.257222,28.035278,0,1,WECS_NEA_MIP,0.2372,0.1622,0.0856,0.0507,0.0372,0.0522,0.0474,0.0522,0.0712,0.1304,0.4151,0.8064,0.8657,0.4981,0.2253,0.0996,0.0617,0.0047,0.0856,0.0809,0.65,Micro/Mini Hydro (<1 MW),30.1,15.53,120.78,48.63,72.16,6.78,5.51,6.78,9.19,12.22,11.83,12.22,12.22,11.83,12.22,11.83,8.14,Resunga,0,1.0,Micro (5-100 kW),0,1,1
7559,2,1097.1,1052.8,44.3,6.11,7.17,617.7,7.17,83.260556,28.030833,0,1,WECS_NEA_MIP,0.2774,0.19,0.1006,0.0598,0.044,0.061,0.0555,0.061,0.0832,0.1526,0.4855,0.9433,1.0126,0.5826,0.2636,0.1165,0.0721,0.0056,0.1006,0.095,0.65,Micro/Mini Hydro (<1 MW),39.9,24.17,187.76,75.35,112.41,10.49,8.53,10.49,14.22,19.04,18.43,19.04,19.04,18.43,19.04,18.43,12.59,Resunga,0,1.0,Micro (5-100 kW),0,1,1
7560,2,1052.8,1017.8,35.0,7.17,7.67,631.7,5.55,83.264444,28.027222,0,1,WECS_NEA_MIP,0.2964,0.2031,0.1077,0.0641,0.0471,0.0652,0.0593,0.0652,0.0889,0.163,0.5187,1.0077,1.0818,0.6224,0.2816,0.1245,0.0771,0.0059,0.1077,0.1018,0.65,Micro/Mini Hydro (<1 MW),31.5,20.45,158.68,63.67,95.01,8.86,7.21,8.86,12.0,16.09,15.58,16.09,16.09,15.58,16.09,15.58,10.64,Resunga,0,1.0,Micro (5-100 kW),0,1,1
7561,2,1017.8,978.2,39.6,7.67,8.02,625.1,6.33,83.267778,28.023056,0,1,WECS_NEA_MIP,0.3096,0.2123,0.1126,0.0671,0.0494,0.0681,0.0619,0.0681,0.0929,0.1703,0.5418,1.0527,1.1301,0.6502,0.2941,0.13,0.0805,0.0062,0.1126,0.1064,0.65,Micro/Mini Hydro (<1 MW),35.6,24.15,187.4,75.14,112.26,10.45,8.5,10.45,14.17,19.02,18.4,19.02,19.02,18.4,19.02,18.4,12.55,Resunga,0,1.0,Micro (5-100 kW),0,1,1
7562,2,978.2,966.0,12.2,8.02,17.12,369.7,3.31,83.270278,28.020556,1,0,WECS_NEA_MIP,0.651,0.4498,0.2422,0.1466,0.1087,0.1432,0.1302,0.1432,0.1953,0.358,1.1392,2.2134,2.3761,1.3671,0.6184,0.2734,0.1693,0.013,0.4498,0.4368,0.82,Commercial RoR (>1 MW),11.0,38.65,231.47,68.73,162.74,8.57,6.97,8.57,11.61,22.71,28.66,29.61,29.61,28.66,29.61,16.59,10.29,Resunga,0,1.0,Micro (5-100 kW),0,1,1
7565,2,1149.6,1128.5,21.1,7.67,8.03,578.8,3.65,83.113889,28.112222,0,1,WECS_NEA_MIP,0.31,0.2126,0.1128,0.0672,0.0495,0.0682,0.062,0.0682,0.093,0.1705,0.5425,1.054,1.1315,0.651,0.2945,0.1302,0.0806,0.0062,0.1128,0.1066,0.65,Micro/Mini Hydro (<1 MW),19.0,12.91,100.19,40.17,60.02,5.59,4.54,5.59,7.57,10.17,9.84,10.17,10.17,9.84,10.17,9.84,6.71,Madane,0,1.0,Micro (5-100 kW),0,1,1
7566,2,1128.5,1091.1,37.3,8.03,8.57,533.3,7.0,83.118333,28.114444,0,1,WECS_NEA_MIP,0.3304,0.2267,0.1204,0.0719,0.0529,0.0727,0.0661,0.0727,0.0991,0.1817,0.5782,1.1234,1.206,0.6939,0.3139,0.1388,0.0859,0.0066,0.1204,0.1138,0.65,Micro/Mini Hydro (<1 MW),33.6,24.38,189.04,75.74,113.29,10.54,8.57,10.54,14.27,19.19,18.57,19.19,19.19,18.57,19.19,18.57,12.64,Madane,0,1.0,Micro (5-100 kW),0,1,1
7567,2,1091.1,1085.2,5.9,8.57,28.41,335.1,1.76,83.121667,28.113889,1,0,WECS_NEA_MIP,1.0694,0.7426,0.404,0.247,0.184,0.2353,0.2139,0.2353,0.3208,0.5882,1.8715,3.636,3.9034,2.2458,1.0159,0.4492,0.278,0.0214,0.7426,0.7212,0.82,Commercial RoR (>1 MW),5.3,30.75,183.78,54.39,129.39,6.78,5.52,6.78,9.19,17.98,22.8,23.56,23.56,22.8,23.56,13.13,8.14,Dhurkot,0,1.0,Micro (5-100 kW),0,1,1
7575,1,1147.7,1092.4,55.3,0.52,1.86,277.6,19.92,83.364722,28.016667,0,1,WECS_NEA_MIP,0.0739,0.05,0.0257,0.0149,0.0108,0.0163,0.0148,0.0163,0.0222,0.0407,0.1294,0.2514,0.2699,0.1553,0.0702,0.0311,0.0192,0.0015,0.0257,0.0242,0.65,Micro/Mini Hydro (<1 MW),49.8,7.68,60.66,24.82,35.84,3.5,2.84,3.5,4.73,6.07,5.88,6.07,6.07,5.88,6.07,5.88,4.18,Chatrakot,0,1.0,Micro (5-100 kW),0,1,1
7584,1,1145.6,1028.5,117.2,0.57,2.71,360.8,32.48,83.578611,28.003333,0,1,WECS_NEA_MIP,0.1069,0.0725,0.0376,0.022,0.016,0.0235,0.0214,0.0235,0.0321,0.0588,0.1871,0.3635,0.3903,0.2245,0.1016,0.0449,0.0278,0.0021,0.0376,0.0355,0.65,Micro/Mini Hydro (<1 MW),105.5,23.88,187.45,76.36,111.09,10.71,8.72,10.71,14.53,18.82,18.21,18.82,18.82,18.21,18.82,18.21,12.86,Kaligandaki,0,1.0,Micro (5-100 kW),0,1,1
7591,3,1145.3,1113.2,32.0,12.21,12.76,519.3,6.17,83.433056,28.105556,1,0,WECS_NEA_MIP,0.4881,0.3362,0.18,0.1083,0.0801,0.1074,0.0976,0.1074,0.1464,0.2684,0.8541,1.6594,1.7814,1.0249,0.4637,0.205,0.1269,0.0098,0.3362,0.3264,0.82,Commercial RoR (>1 MW),28.8,75.62,453.42,134.86,318.57,16.82,13.67,16.82,22.79,44.57,56.08,57.95,57.95,56.08,57.95,32.56,20.18,Chandrakot,0,1.0,Micro (5-100 kW),0,1,1
7592,3,1113.2,1084.7,28.5,12.76,14.0,491.4,5.8,83.428333,28.105278,1,0,WECS_NEA_MIP,0.5345,0.3685,0.1977,0.1192,0.0882,0.1176,0.1069,0.1176,0.1604,0.294,0.9354,1.8173,1.9509,1.1225,0.5078,0.2245,0.139,0.0107,0.3685,0.3578,0.82,Commercial RoR (>1 MW),25.7,73.97,443.41,131.84,311.57,16.44,13.36,16.44,22.28,43.57,54.85,56.68,56.68,54.85,56.68,31.82,19.73,Chandrakot,0,1.0,Micro (5-100 kW),0,1,1
7593,3,1084.7,1064.9,19.8,14.0,14.42,505.4,3.92,83.423611,28.105,1,0,WECS_NEA_MIP,0.5502,0.3795,0.2037,0.1228,0.0909,0.121,0.11,0.121,0.1651,0.3026,0.9629,1.8707,2.0083,1.1554,0.5227,0.2311,0.1431,0.011,0.3795,0.3685,0.82,Commercial RoR (>1 MW),17.8,52.76,316.21,93.99,222.23,11.72,9.53,11.72,15.89,31.06,39.12,40.43,40.43,39.12,40.43,22.69,14.07,Chandrakot,0,1.0,Micro (5-100 kW),0,1,1
7594,3,1064.9,1047.2,17.8,14.42,14.73,505.4,3.52,83.418889,28.105833,1,0,WECS_NEA_MIP,0.5618,0.3876,0.2081,0.1256,0.0929,0.1236,0.1124,0.1236,0.1685,0.309,0.9832,1.9101,2.0506,1.1798,0.5337,0.236,0.1461,0.0112,0.3876,0.3764,0.82,Commercial RoR (>1 MW),16.0,48.45,290.31,86.29,204.02,10.76,8.75,10.76,14.58,28.52,35.92,37.12,37.12,35.92,37.12,20.83,12.92,Chandrakot,0,1.0,Micro (5-100 kW),0,1,1
7595,3,1047.2,1047.2,0.0,14.73,108.28,178.2,0.0,83.415833,28.105278,1,0,WECS_NEA_MIP,3.9683,2.7926,1.5606,0.98,0.74,0.873,0.7937,0.873,1.1905,2.1825,6.9445,13.4921,14.4842,8.3334,3.7699,1.6667,1.0317,0.0794,2.7926,2.7132,0.82,Commercial RoR (>1 MW),0.0,0.0,0.0,0.0,0.0,0.0,0.0,0.0,0.0,0.0,0.0,0.0,0.0,0.0,0.0,0.0,0.0,Chandrakot,0,1.0,Pico (<5 kW),0,0,0
7603,2,1144.6,1134.7,9.9,7.16,8.03,277.6,3.56,83.101667,28.191667,0,1,WECS_NEA_MIP,0.31,0.2126,0.1128,0.0672,0.0495,0.0682,0.062,0.0682,0.093,0.1705,0.5425,1.054,1.1315,0.651,0.2945,0.1302,0.0806,0.0062,0.1128,0.1066,0.65,Micro/Mini Hydro (<1 MW),8.9,6.05,46.93,18.81,28.12,2.62,2.13,2.62,3.55,4.76,4.61,4.76,4.76,4.61,4.76,4.61,3.14,Madane,0,1.0,Micro (5-100 kW),0,1,1
7616,1,1142.8,914.7,228.1,0.51,4.1,538.9,42.33,83.303611,28.176667,0,1,WECS_NEA_MIP,0.1604,0.1093,0.0572,0.0336,0.0246,0.0353,0.0321,0.0353,0.0481,0.0882,0.2807,0.5454,0.5856,0.3369,0.1524,0.0674,0.0417,0.0032,0.0572,0.054,0.65,Micro/Mini Hydro (<1 MW),205.3,70.69,552.36,223.48,328.87,31.26,25.42,31.26,42.32,55.71,53.91,55.71,55.71,53.91,55.71,53.91,37.5,Musikot,0,1.0,Micro (5-100 kW),0,1,1
7636,1,1141.0,1051.9,89.2,1.52,1.88,617.1,14.45,83.31,28.081944,0,1,WECS_NEA_MIP,0.0747,0.0505,0.026,0.0151,0.0109,0.0164,0.0149,0.0164,0.0224,0.0411,0.1308,0.254,0.2727,0.1569,0.071,0.0314,0.0194,0.0015,0.026,0.0245,0.65,Micro/Mini Hydro (<1 MW),80.3,12.54,98.86,40.39,58.47,5.68,4.61,5.68,7.71,9.9,9.59,9.9,9.9,9.59,9.9,9.59,6.82,Resunga,0,1.0,Micro (5-100 kW),0,1,1
7637,2,1051.9,982.2,69.6,1.88,3.35,614.7,11.33,83.314167,28.085556,0,1,WECS_NEA_MIP,0.1316,0.0895,0.0466,0.0273,0.0199,0.029,0.0263,0.029,0.0395,0.0724,0.2303,0.4475,0.4804,0.2764,0.125,0.0553,0.0342,0.0026,0.0466,0.044,0.65,Micro/Mini Hydro (<1 MW),62.6,17.56,137.56,55.87,81.7,7.84,6.36,7.84,10.61,13.84,13.39,13.84,13.84,13.39,13.84,13.39,9.38,Resunga,0,1.0,Micro (5-100 kW),0,1,1
7638,2,982.2,921.3,60.9,3.35,4.44,597.8,10.19,83.3125,28.090278,0,1,WECS_NEA_MIP,0.1735,0.1182,0.062,0.0365,0.0267,0.0382,0.0347,0.0382,0.052,0.0954,0.3035,0.5897,0.6331,0.3642,0.1648,0.0728,0.0451,0.0035,0.062,0.0585,0.65,Micro/Mini Hydro (<1 MW),54.8,20.44,159.66,64.5,95.15,9.02,7.33,9.02,12.2,16.12,15.6,16.12,16.12,15.6,16.12,15.6,10.82,Resunga,0,1.0,Micro (5-100 kW),0,1,1
7639,2,921.3,876.2,45.1,4.44,4.85,583.8,7.73,83.3125,28.095,0,1,WECS_NEA_MIP,0.1891,0.129,0.0678,0.04,0.0293,0.0416,0.0378,0.0416,0.0567,0.104,0.331,0.6431,0.6903,0.3972,0.1797,0.0794,0.0492,0.0038,0.0678,0.064,0.65,Micro/Mini Hydro (<1 MW),40.6,16.57,129.23,52.14,77.09,7.28,5.92,7.28,9.86,13.06,12.64,13.06,13.06,12.64,13.06,12.64,8.74,Resunga,0,1.0,Micro (5-100 kW),0,1,1
7640,2,876.2,821.8,54.4,4.85,14.76,415.3,13.09,83.313611,28.098611,1,0,WECS_NEA_MIP,0.5629,0.3883,0.2085,0.1258,0.0931,0.1238,0.1126,0.1238,0.1689,0.3096,0.9851,1.9139,2.0547,1.1821,0.5348,0.2364,0.1464,0.0113,0.3883,0.377,0.82,Commercial RoR (>1 MW),49.0,148.6,890.54,264.64,625.9,32.99,26.83,32.99,44.73,87.48,110.2,113.87,113.87,110.2,113.87,63.88,39.62,Resunga,0,1.0,Mini (100-1000 kW),0,1,1
7649,1,1140.0,1044.9,95.1,0.51,1.1,597.8,15.91,83.434444,27.996389,0,1,WECS_NEA_MIP,0.0442,0.0297,0.0151,0.0087,0.0063,0.0097,0.0088,0.0097,0.0133,0.0243,0.0773,0.1502,0.1613,0.0928,0.042,0.0186,0.0115,0.0009,0.0151,0.0142,0.65,Micro/Mini Hydro (<1 MW),85.6,7.75,61.55,25.35,36.2,3.57,2.9,3.57,4.87,6.13,5.93,6.13,6.13,5.93,6.13,5.93,4.3,Ruru,0,1.0,Micro (5-100 kW),0,1,1
7650,1,1044.9,997.6,47.3,1.1,1.87,589.1,8.04,83.438611,28.0,0,1,WECS_NEA_MIP,0.0743,0.0502,0.0259,0.015,0.0109,0.0164,0.0149,0.0164,0.0223,0.0409,0.1301,0.2527,0.2713,0.1561,0.0706,0.0312,0.0193,0.0015,0.0259,0.0244,0.65,Micro/Mini Hydro (<1 MW),42.6,6.63,52.27,21.37,30.9,3.01,2.45,3.01,4.07,5.23,5.07,5.23,5.23,5.07,5.23,5.07,3.6,Ruru,0,1.0,Micro (5-100 kW),0,1,1
7651,2,997.6,806.6,191.0,1.87,2.18,608.1,31.41,83.441389,28.003611,0,1,WECS_NEA_MIP,0.0864,0.0585,0.0302,0.0175,0.0127,0.019,0.0173,0.019,0.0259,0.0475,0.1512,0.2937,0.3153,0.1814,0.0821,0.0363,0.0225,0.0017,0.0302,0.0285,0.65,Micro/Mini Hydro (<1 MW),171.9,31.24,245.79,100.4,145.39,14.11,11.49,14.11,19.1,24.63,23.83,24.63,24.63,23.83,24.63,23.83,16.96,Ruru,0,1.0,Micro (5-100 kW),0,1,1
7652,2,806.6,545.2,261.4,2.18,2.39,580.2,45.05,83.444722,28.008333,0,1,WECS_NEA_MIP,0.0945,0.064,0.0332,0.0193,0.014,0.0208,0.0189,0.0208,0.0284,0.052,0.1654,0.3214,0.345,0.1985,0.0898,0.0397,0.0246,0.0019,0.0332,0.0313,0.65,Micro/Mini Hydro (<1 MW),235.3,46.96,369.14,150.36,218.78,21.1,17.14,21.1,28.63,37.06,35.87,37.06,37.06,35.87,37.06,35.87,25.34,Ruru,0,1.0,Micro (5-100 kW),0,1,1
7653,2,545.2,545.2,0.0,2.39,1549.91,232.7,0.0,83.446389,28.010278,1,0,GAUGE_TRANSFER_DHM,52.0714,31.927,15.9635,10.2622,7.2216,11.4557,10.4143,11.4557,15.6214,28.6393,91.125,177.0428,190.0607,109.35,49.4678,21.87,13.5386,1.0414,31.927,30.8856,0.82,Commercial RoR (>1 MW),0.0,0.0,0.0,0.0,0.0,0.0,0.0,0.0,0.0,0.0,0.0,0.0,0.0,0.0,0.0,0.0,0.0,Satyawati,1,0.5,Pico (<5 kW),0,0,0
7658,1,1139.1,1103.8,35.3,0.51,17.21,274.0,12.89,83.116111,28.127222,1,0,WECS_NEA_MIP,0.6543,0.4521,0.2435,0.1474,0.1093,0.144,0.1309,0.144,0.1963,0.3599,1.1451,2.2248,2.3884,1.3741,0.6216,0.2748,0.1701,0.0131,0.4521,0.439,0.82,Commercial RoR (>1 MW),31.8,112.3,672.57,199.7,472.87,24.91,20.25,24.91,33.74,66.0,83.27,86.04,86.04,83.27,86.04,48.2,29.88,Madane,0,1.0,Mini (100-1000 kW),0,1,1
7659,1,1139.0,1086.1,52.9,0.5,1.26,402.0,13.16,83.348889,27.99,0,1,WECS_NEA_MIP,0.0505,0.034,0.0174,0.01,0.0072,0.0111,0.0101,0.0111,0.0151,0.0278,0.0883,0.1716,0.1842,0.106,0.048,0.0212,0.0131,0.001,0.0174,0.0164,0.65,Micro/Mini Hydro (<1 MW),47.6,4.98,39.36,16.16,23.2,2.28,1.86,2.28,3.08,3.93,3.8,3.93,3.93,3.8,3.93,3.8,2.73,Chatrakot,0,1.0,Pico (<5 kW),0,1,0
7669,2,1137.1,1123.8,13.2,3.47,13.83,277.0,4.77,83.1975,28.220278,1,0,WECS_NEA_MIP,0.5281,0.3641,0.1953,0.1177,0.087,0.1162,0.1056,0.1162,0.1584,0.2905,0.9242,1.7957,1.9277,1.1091,0.5017,0.2218,0.1373,0.0106,0.3641,0.3535,0.82,Commercial RoR (>1 MW),11.9,33.84,202.84,60.3,142.54,7.52,6.11,7.52,10.19,19.93,25.09,25.93,25.93,25.09,25.93,14.56,9.02,Isma,0,1.0,Micro (5-100 kW),0,1,1
7681,1,1136.2,913.5,222.7,0.59,1.13,625.1,35.63,83.5325,28.055556,0,1,WECS_NEA_MIP,0.0454,0.0305,0.0156,0.0089,0.0064,0.01,0.0091,0.01,0.0136,0.025,0.0794,0.1543,0.1656,0.0953,0.0431,0.0191,0.0118,0.0009,0.0156,0.0147,0.65,Micro/Mini Hydro (<1 MW),200.4,18.78,148.78,61.22,87.55,8.65,7.04,8.65,11.68,14.83,14.35,14.83,14.83,14.35,14.83,14.35,10.36,Kaligandaki,0,1.0,Micro (5-100 kW),0,1,1
7682,1,913.5,822.0,91.6,1.13,1.43,533.3,17.17,83.536944,28.058333,0,1,WECS_NEA_MIP,0.0571,0.0385,0.0197,0.0114,0.0082,0.0126,0.0114,0.0126,0.0171,0.0314,0.1,0.1943,0.2086,0.12,0.0543,0.024,0.0149,0.0011,0.0197,0.0186,0.65,Micro/Mini Hydro (<1 MW),82.4,9.77,77.24,31.78,45.46,4.5,3.64,4.5,6.05,7.7,7.45,7.7,7.7,7.45,7.7,7.45,5.39,Kaligandaki,0,1.0,Micro (5-100 kW),0,1,1
7683,1,822.0,766.9,55.0,1.43,10.82,287.3,19.16,83.540556,28.057778,1,0,WECS_NEA_MIP,0.4152,0.2856,0.1524,0.0914,0.0674,0.0914,0.083,0.0914,0.1246,0.2284,0.7266,1.4118,1.5156,0.872,0.3945,0.1744,0.108,0.0083,0.2856,0.2773,0.82,Commercial RoR (>1 MW),49.5,110.42,662.52,197.31,465.21,24.62,19.99,24.62,33.34,65.21,81.88,84.61,84.61,81.88,84.61,47.62,29.54,Kaligandaki,0,1.0,Mini (100-1000 kW),0,1,1
7698,2,1134.7,1105.0,29.7,8.03,8.73,617.1,4.81,83.105,28.19,0,1,WECS_NEA_MIP,0.3365,0.2309,0.1227,0.0733,0.0539,0.074,0.0673,0.074,0.1009,0.1851,0.5888,1.144,1.2281,0.7066,0.3196,0.1413,0.0875,0.0067,0.1227,0.116,0.65,Micro/Mini Hydro (<1 MW),26.7,19.75,153.06,61.31,91.75,8.52,6.93,8.52,11.55,15.54,15.04,15.54,15.54,15.04,15.54,15.04,10.23,Madane,0,1.0,Micro (5-100 kW),0,1,1
7699,2,1105.0,1083.0,22.0,8.73,9.51,550.9,4.0,83.109722,28.189167,0,1,WECS_NEA_MIP,0.3659,0.2513,0.1338,0.08,0.059,0.0805,0.0732,0.0805,0.1098,0.2012,0.6403,1.2441,1.3355,0.7684,0.3476,0.1537,0.0951,0.0073,0.1338,0.1265,0.65,Micro/Mini Hydro (<1 MW),19.8,15.97,123.67,49.48,74.19,6.88,5.59,6.88,9.32,12.57,12.16,12.57,12.57,12.16,12.57,12.16,8.25,Malika,0,1.0,Micro (5-100 kW),0,1,1
7700,3,1083.0,1070.5,12.5,9.51,10.48,575.2,2.18,83.114167,28.186389,1,0,WECS_NEA_MIP,0.4024,0.2767,0.1476,0.0884,0.0652,0.0885,0.0805,0.0885,0.1207,0.2213,0.7043,1.3683,1.4689,0.8451,0.3823,0.169,0.1046,0.008,0.2767,0.2686,0.82,Commercial RoR (>1 MW),11.2,24.2,145.25,43.26,101.98,5.4,4.39,5.4,7.31,14.3,17.95,18.55,18.55,17.95,18.55,10.44,6.48,Madane,0,1.0,Micro (5-100 kW),0,1,1
7701,3,1070.5,1059.1,11.4,10.48,10.74,537.6,2.11,83.1175,28.183611,1,0,WECS_NEA_MIP,0.4122,0.2835,0.1513,0.0907,0.0669,0.0907,0.0824,0.0907,0.1237,0.2267,0.7214,1.4015,1.5046,0.8657,0.3916,0.1731,0.1072,0.0082,0.2835,0.2753,0.82,Commercial RoR (>1 MW),10.3,22.81,136.86,40.76,96.09,5.09,4.13,5.09,6.89,13.47,16.91,17.48,17.48,16.91,17.48,9.84,6.1,Madane,0,1.0,Micro (5-100 kW),0,1,1
7702,3,1059.1,1050.6,8.5,10.74,11.87,367.4,2.31,83.121111,28.181944,1,0,WECS_NEA_MIP,0.4547,0.313,0.1673,0.1005,0.0743,0.1,0.0909,0.1,0.1364,0.2501,0.7957,1.5459,1.6596,0.9548,0.4319,0.191,0.1182,0.0091,0.313,0.3039,0.82,Commercial RoR (>1 MW),7.7,18.82,112.9,33.59,79.3,4.19,3.4,4.19,5.68,11.11,13.96,14.42,14.42,13.96,14.42,8.11,5.03,Madane,0,1.0,Micro (5-100 kW),0,1,1
7733,2,1131.5,1069.7,61.8,4.37,4.81,556.6,11.1,83.279444,28.0325,0,1,WECS_NEA_MIP,0.1876,0.128,0.0672,0.0396,0.029,0.0413,0.0375,0.0413,0.0563,0.1032,0.3283,0.6379,0.6848,0.394,0.1782,0.0788,0.0488,0.0037,0.0672,0.0634,0.65,Micro/Mini Hydro (<1 MW),55.6,22.48,175.57,70.94,104.64,9.92,8.05,9.92,13.43,17.73,17.15,17.73,17.73,17.15,17.73,17.15,11.9,Resunga,0,1.0,Micro (5-100 kW),0,1,1
7734,2,1069.7,1036.1,33.6,4.81,7.48,405.0,8.29,83.278333,28.029167,0,1,WECS_NEA_MIP,0.2892,0.1981,0.105,0.0625,0.0459,0.0636,0.0578,0.0636,0.0868,0.159,0.5061,0.9832,1.0555,0.6073,0.2747,0.1215,0.0752,0.0058,0.105,0.0992,0.65,Micro/Mini Hydro (<1 MW),30.2,19.1,148.31,59.51,88.81,8.28,6.73,8.28,11.23,15.04,14.56,15.04,15.04,14.56,15.04,14.56,9.94,Resunga,0,1.0,Micro (5-100 kW),0,1,1
7735,1,1131.4,1032.2,99.2,0.52,9.91,504.4,19.66,83.350833,28.116111,0,1,WECS_NEA_MIP,0.381,0.2618,0.1395,0.0835,0.0615,0.0838,0.0762,0.0838,0.1143,0.2095,0.6667,1.2953,1.3906,0.8,0.3619,0.16,0.0991,0.0076,0.1395,0.1319,0.65,Micro/Mini Hydro (<1 MW),89.3,75.11,581.3,232.42,348.88,32.28,26.25,32.28,43.75,59.1,57.19,59.1,59.1,57.19,59.1,57.19,38.76,Musikot,0,1.0,Micro (5-100 kW),0,1,1
7751,1,1128.7,1034.1,94.7,0.53,1.15,596.5,15.87,83.385556,27.984444,0,1,WECS_NEA_MIP,0.0462,0.031,0.0158,0.0091,0.0066,0.0102,0.0092,0.0102,0.0138,0.0254,0.0808,0.1569,0.1685,0.0969,0.0438,0.0194,0.012,0.0009,0.0158,0.0149,0.65,Micro/Mini Hydro (<1 MW),85.2,8.09,64.17,26.47,37.7,3.76,3.03,3.76,5.05,6.39,6.18,6.39,6.39,6.18,6.39,6.18,4.49,Chatrakot,0,1.0,Micro (5-100 kW),0,1,1
7752,1,1034.1,984.3,49.8,1.15,3.85,367.4,13.55,83.383333,27.981111,0,1,WECS_NEA_MIP,0.1508,0.1027,0.0537,0.0315,0.023,0.0332,0.0302,0.0332,0.0452,0.083,0.264,0.5128,0.5505,0.3167,0.1433,0.0633,0.0392,0.003,0.0537,0.0507,0.65,Micro/Mini Hydro (<1 MW),44.8,14.48,113.22,45.85,67.37,6.42,5.22,6.42,8.68,11.41,11.05,11.41,11.41,11.05,11.41,11.05,7.69,Chatrakot,0,1.0,Micro (5-100 kW),0,1,1
7753,1,1127.7,1025.5,102.2,0.9,1.41,525.7,19.45,83.339444,28.023333,0,1,WECS_NEA_MIP,0.0564,0.038,0.0195,0.0112,0.0081,0.0124,0.0113,0.0124,0.0169,0.031,0.0986,0.1916,0.2057,0.1184,0.0535,0.0237,0.0147,0.0011,0.0195,0.0184,0.65,Micro/Mini Hydro (<1 MW),92.0,10.79,85.25,35.01,50.24,4.93,4.02,4.93,6.67,8.51,8.24,8.51,8.51,8.24,8.51,8.24,5.94,Gulmidarbar,0,1.0,Micro (5-100 kW),0,1,1
7775,1,1125.6,896.1,229.5,0.53,0.93,666.3,34.44,83.299444,28.180833,0,1,WECS_NEA_MIP,0.0375,0.0252,0.0128,0.0073,0.0053,0.0082,0.0075,0.0082,0.0112,0.0206,0.0656,0.1274,0.1368,0.0787,0.0356,0.0157,0.0097,0.0008,0.0128,0.012,0.65,Micro/Mini Hydro (<1 MW),206.6,15.81,125.63,51.57,74.06,7.25,5.93,7.25,9.86,12.55,12.14,12.55,12.55,12.14,12.55,12.14,8.72,Musikot,0,1.0,Micro (5-100 kW),0,1,1
7776,1,896.1,826.2,69.9,0.93,5.83,315.8,22.14,83.296389,28.177778,0,1,WECS_NEA_MIP,0.2265,0.1548,0.0816,0.0483,0.0354,0.0498,0.0453,0.0498,0.068,0.1246,0.3964,0.7702,0.8268,0.4757,0.2152,0.0951,0.0589,0.0045,0.0816,0.0771,0.65,Micro/Mini Hydro (<1 MW),62.9,30.92,240.7,96.95,143.74,13.52,11.0,13.52,18.34,24.35,23.56,24.35,24.35,23.56,24.35,23.56,16.23,Musikot,0,1.0,Micro (5-100 kW),0,1,1
7777,1,1125.3,1086.1,39.2,0.54,1.26,328.5,11.93,83.350278,27.988333,0,1,WECS_NEA_MIP,0.0505,0.034,0.0174,0.01,0.0072,0.0111,0.0101,0.0111,0.0151,0.0278,0.0883,0.1716,0.1842,0.106,0.048,0.0212,0.0131,0.001,0.0174,0.0164,0.65,Micro/Mini Hydro (<1 MW),35.3,3.69,29.19,11.98,17.2,1.69,1.38,1.69,2.29,2.91,2.82,2.91,2.91,2.82,2.91,2.82,2.03,Chatrakot,0,1.0,Pico (<5 kW),0,1,0
7780,3,1124.5,1069.2,55.3,11.24,11.94,505.4,10.95,83.494444,28.079722,1,0,WECS_NEA_MIP,0.4573,0.3148,0.1683,0.1011,0.0747,0.1006,0.0915,0.1006,0.1372,0.2515,0.8003,1.5548,1.6692,0.9603,0.4344,0.1921,0.1189,0.0092,0.3148,0.3057,0.82,Commercial RoR (>1 MW),49.8,122.46,734.3,218.47,515.83,27.24,22.16,27.24,36.92,72.22,90.8,93.83,93.83,90.8,93.83,52.75,32.7,Chandrakot,0,1.0,Mini (100-1000 kW),0,1,1
7781,3,1069.2,1064.0,5.2,11.94,13.71,54.5,9.61,83.496944,28.079444,1,0,WECS_NEA_MIP,0.5236,0.361,0.1936,0.1166,0.0863,0.1152,0.1047,0.1152,0.1571,0.288,0.9164,1.7804,1.9113,1.0997,0.4975,0.2199,0.1361,0.0105,0.361,0.3505,0.82,Commercial RoR (>1 MW),4.7,13.25,79.43,23.61,55.82,2.95,2.39,2.95,3.99,7.81,9.83,10.15,10.15,9.83,10.15,5.7,3.53,Kaligandaki,0,1.0,Micro (5-100 kW),0,1,1
7788,3,1123.8,1086.5,37.4,13.83,14.11,611.1,6.12,83.198056,28.217222,1,0,WECS_NEA_MIP,0.5386,0.3714,0.1993,0.1201,0.0889,0.1185,0.1077,0.1185,0.1616,0.2962,0.9426,1.8313,1.966,1.1311,0.5117,0.2262,0.14,0.0108,0.3714,0.3606,0.82,Commercial RoR (>1 MW),33.7,97.75,585.9,174.15,411.75,21.72,17.65,21.72,29.43,57.56,72.49,74.91,74.91,72.49,74.91,42.04,26.06,Isma,0,1.0,Micro (5-100 kW),0,1,1
7789,3,1086.5,1084.1,2.4,14.11,14.54,537.0,0.44,83.201667,28.215556,1,0,WECS_NEA_MIP,0.5547,0.3826,0.2054,0.1239,0.0917,0.122,0.1109,0.122,0.1664,0.3051,0.9707,1.886,2.0246,1.1649,0.527,0.233,0.1442,0.0111,0.3826,0.3715,0.82,Commercial RoR (>1 MW),2.2,6.57,39.4,11.71,27.69,1.46,1.19,1.46,1.98,3.87,4.88,5.04,5.04,4.88,5.04,2.83,1.75,Musikot,0,1.0,Micro (5-100 kW),0,0,0
7790,3,1084.1,1074.6,9.5,14.54,15.9,204.8,4.65,83.204722,28.214444,1,0,WECS_NEA_MIP,0.6055,0.418,0.2248,0.1359,0.1006,0.1332,0.1211,0.1332,0.1816,0.333,1.0596,2.0587,2.2101,1.2715,0.5752,0.2543,0.1574,0.0121,0.418,0.4059,0.82,Commercial RoR (>1 MW),8.6,28.08,168.22,49.97,118.25,6.23,5.07,6.23,8.44,16.52,20.82,21.51,21.51,20.82,21.51,12.06,7.48,Musikot,0,1.0,Micro (5-100 kW),0,1,1
7793,2,1123.7,1104.3,19.4,3.5,4.12,604.4,3.2,83.190278,28.178889,0,1,WECS_NEA_MIP,0.1612,0.1098,0.0575,0.0338,0.0247,0.0355,0.0322,0.0355,0.0484,0.0887,0.2821,0.5481,0.5883,0.3385,0.1531,0.0677,0.0419,0.0032,0.0575,0.0543,0.65,Micro/Mini Hydro (<1 MW),17.5,6.06,47.34,19.16,28.18,2.68,2.17,2.68,3.63,4.77,4.62,4.77,4.77,4.62,4.77,4.62,3.21,Isma,0,1.0,Micro (5-100 kW),0,1,1
7794,2,1104.3,1066.0,38.3,4.12,4.51,600.1,6.38,83.186944,28.175,0,1,WECS_NEA_MIP,0.1761,0.1201,0.063,0.0371,0.0271,0.0387,0.0352,0.0387,0.0528,0.0969,0.3082,0.5988,0.6429,0.3699,0.1673,0.074,0.0458,0.0035,0.063,0.0595,0.65,Micro/Mini Hydro (<1 MW),34.5,13.09,102.12,41.25,60.87,5.76,4.69,5.76,7.81,10.31,9.98,10.31,10.31,9.98,10.31,9.98,6.92,Isma,0,1.0,Micro (5-100 kW),0,1,1
7795,2,1066.0,1045.5,20.5,4.51,5.07,586.8,3.49,83.186111,28.171389,0,1,WECS_NEA_MIP,0.1975,0.1348,0.0709,0.0419,0.0307,0.0435,0.0395,0.0435,0.0593,0.1086,0.3457,0.6716,0.721,0.4148,0.1877,0.083,0.0514,0.004,0.0709,0.067,0.65,Micro/Mini Hydro (<1 MW),18.4,7.86,61.23,24.69,36.53,3.45,2.8,3.45,4.67,6.19,5.99,6.19,6.19,5.99,6.19,5.99,4.14,Malika,0,1.0,Micro (5-100 kW),0,1,1
7796,2,1045.5,1020.2,25.3,5.07,5.41,575.9,4.39,83.183889,28.168333,0,1,WECS_NEA_MIP,0.2105,0.1438,0.0757,0.0448,0.0328,0.0463,0.0421,0.0463,0.0632,0.1158,0.3684,0.7157,0.7684,0.4421,0.2,0.0884,0.0547,0.0042,0.0757,0.0715,0.65,Micro/Mini Hydro (<1 MW),22.8,10.39,80.97,32.64,48.34,4.55,3.7,4.55,6.18,8.19,7.92,8.19,8.19,7.92,8.19,7.92,5.46,Malika,0,1.0,Micro (5-100 kW),0,1,1
7797,2,1020.2,1018.0,2.3,5.41,6.38,191.5,1.18,83.183056,28.166389,0,1,WECS_NEA_MIP,0.2474,0.1693,0.0894,0.053,0.0389,0.0544,0.0495,0.0544,0.0742,0.1361,0.433,0.8413,0.9032,0.5196,0.2351,0.1039,0.0643,0.005,0.0894,0.0844,0.65,Micro/Mini Hydro (<1 MW),2.1,1.13,8.79,3.53,5.26,0.49,0.4,0.49,0.67,0.89,0.86,0.89,0.89,0.86,0.89,0.86,0.59,Malika,0,1.0,Pico (<5 kW),0,0,0
7802,1,1123.4,1072.1,51.3,0.54,0.8,576.5,8.89,83.160556,28.178611,0,1,WECS_NEA_MIP,0.0323,0.0217,0.011,0.0062,0.0045,0.0071,0.0065,0.0071,0.0097,0.0178,0.0566,0.11,0.118,0.0679,0.0307,0.0136,0.0084,0.0006,0.011,0.0103,0.65,Micro/Mini Hydro (<1 MW),46.2,3.03,24.3,10.07,14.23,1.42,1.17,1.42,1.93,2.41,2.33,2.41,2.41,2.33,2.41,2.33,1.71,Malika,0,1.0,Pico (<5 kW),0,1,0
7803,1,1072.1,1030.2,41.9,0.8,10.78,511.7,8.19,83.160833,28.174444,1,0,WECS_NEA_MIP,0.4137,0.2845,0.1518,0.091,0.0672,0.091,0.0827,0.091,0.1241,0.2275,0.724,1.4067,1.5101,0.8688,0.393,0.1738,0.1076,0.0083,0.2845,0.2762,0.82,Commercial RoR (>1 MW),37.7,83.76,502.58,149.63,352.95,18.66,15.16,18.66,25.29,49.46,62.12,64.19,64.19,62.12,64.19,36.14,22.41,Malika,0,1.0,Micro (5-100 kW),0,1,1
7820,1,1121.4,1037.6,83.9,0.56,1.0,625.1,13.42,83.343611,27.9925,0,1,WECS_NEA_MIP,0.0402,0.027,0.0138,0.0079,0.0057,0.0089,0.008,0.0089,0.0121,0.0221,0.0704,0.1368,0.1469,0.0845,0.0382,0.0169,0.0105,0.0008,0.0138,0.013,0.65,Micro/Mini Hydro (<1 MW),75.5,6.26,49.65,20.47,29.18,2.9,2.33,2.9,3.92,4.94,4.78,4.94,4.94,4.78,4.94,4.78,3.47,Chatrakot,0,1.0,Micro (5-100 kW),0,1,1
7821,1,1037.6,955.7,81.9,1.0,1.33,572.2,14.31,83.339167,27.989444,0,1,WECS_NEA_MIP,0.0532,0.0358,0.0183,0.0105,0.0076,0.0117,0.0106,0.0117,0.016,0.0293,0.0931,0.181,0.1943,0.1118,0.0506,0.0224,0.0138,0.0011,0.0183,0.0172,0.65,Micro/Mini Hydro (<1 MW),73.7,8.08,64.06,26.29,37.77,3.71,3.0,3.71,5.04,6.4,6.19,6.4,6.4,6.19,6.4,6.19,4.44,Chatrakot,0,1.0,Micro (5-100 kW),0,1,1
7822,2,955.7,949.5,6.2,1.33,3.75,41.2,14.98,83.3375,27.9875,0,1,WECS_NEA_MIP,0.147,0.1,0.0523,0.0307,0.0224,0.0323,0.0294,0.0323,0.0441,0.0808,0.2572,0.4998,0.5365,0.3087,0.1396,0.0617,0.0382,0.0029,0.0523,0.0494,0.65,Micro/Mini Hydro (<1 MW),5.6,1.76,13.79,5.58,8.2,0.78,0.64,0.78,1.06,1.39,1.34,1.39,1.39,1.34,1.39,1.34,0.94,Chatrakot,0,1.0,Pico (<5 kW),0,1,0
7833,1,988.3,988.3,0.0,0.73,22.33,72.1,0.0,83.555,28.113611,1,0,WECS_NEA_MIP,0.8446,0.5851,0.3168,0.1927,0.1433,0.1858,0.1689,0.1858,0.2534,0.4645,1.4781,2.8717,3.0828,1.7737,0.8024,0.3547,0.2196,0.0169,0.5851,0.5682,0.82,Commercial RoR (>1 MW),0.0,0.0,0.0,0.0,0.0,0.0,0.0,0.0,0.0,0.0,0.0,0.0,0.0,0.0,0.0,0.0,0.0,Kaligandaki,0,1.0,Pico (<5 kW),0,0,0
7845,1,1120.1,1028.5,91.7,1.83,2.71,451.5,20.3,83.576944,28.004722,0,1,WECS_NEA_MIP,0.1069,0.0725,0.0376,0.022,0.016,0.0235,0.0214,0.0235,0.0321,0.0588,0.1871,0.3635,0.3903,0.2245,0.1016,0.0449,0.0278,0.0021,0.0376,0.0355,0.65,Micro/Mini Hydro (<1 MW),82.5,18.68,146.59,59.71,86.87,8.38,6.82,8.38,11.36,14.72,14.24,14.72,14.72,14.24,14.72,14.24,10.06,Kaligandaki,0,1.0,Micro (5-100 kW),0,1,1
7852,1,1120.0,1074.0,45.9,0.59,1.81,360.7,12.74,83.202778,28.174722,0,1,WECS_NEA_MIP,0.072,0.0486,0.025,0.0145,0.0105,0.0158,0.0144,0.0158,0.0216,0.0396,0.126,0.2448,0.2628,0.1512,0.0684,0.0302,0.0187,0.0014,0.025,0.0236,0.65,Micro/Mini Hydro (<1 MW),41.3,6.22,48.98,20.06,28.92,2.82,2.3,2.82,3.83,4.9,4.74,4.9,4.9,4.74,4.9,4.74,3.39,Isma,0,1.0,Micro (5-100 kW),0,1,1
7863,1,1117.7,940.9,176.8,0.5,1.03,505.4,34.98,83.431944,27.979722,0,1,WECS_NEA_MIP,0.0414,0.0278,0.0142,0.0081,0.0058,0.0091,0.0083,0.0091,0.0124,0.0228,0.0725,0.1409,0.1512,0.087,0.0394,0.0174,0.0108,0.0008,0.0142,0.0134,0.65,Micro/Mini Hydro (<1 MW),159.1,13.59,107.65,44.38,63.27,6.26,5.11,6.26,8.47,10.72,10.37,10.72,10.72,10.37,10.72,10.37,7.55,Ruru,0,1.0,Micro (5-100 kW),0,1,1
7864,1,940.9,863.9,77.0,1.03,3.26,366.7,21.0,83.428056,27.979444,0,1,WECS_NEA_MIP,0.1281,0.0871,0.0454,0.0266,0.0194,0.0282,0.0256,0.0282,0.0384,0.0705,0.2243,0.4357,0.4677,0.2691,0.1217,0.0538,0.0333,0.0026,0.0454,0.0428,0.65,Micro/Mini Hydro (<1 MW),69.3,18.91,148.18,60.07,88.11,8.42,6.83,8.42,11.39,14.93,14.44,14.93,14.93,14.44,14.93,14.44,10.09,Ruru,0,1.0,Micro (5-100 kW),0,1,1
7865,1,1117.5,1006.5,110.9,0.57,1.24,577.2,19.22,83.321389,28.035833,0,1,WECS_NEA_MIP,0.0497,0.0334,0.0171,0.0098,0.0071,0.0109,0.0099,0.0109,0.0149,0.0273,0.087,0.169,0.1814,0.1044,0.0472,0.0209,0.0129,0.001,0.0171,0.0161,0.65,Micro/Mini Hydro (<1 MW),99.8,10.25,81.07,33.28,47.79,4.69,3.81,4.69,6.37,8.1,7.84,8.1,8.1,7.84,8.1,7.84,5.63,Gulmidarbar,0,1.0,Micro (5-100 kW),0,1,1
7866,1,1006.5,920.5,86.1,1.24,9.65,536.0,16.06,83.3225,28.040278,0,1,WECS_NEA_MIP,0.3712,0.255,0.1358,0.0812,0.0599,0.0817,0.0742,0.0817,0.1114,0.2041,0.6496,1.262,1.3548,0.7795,0.3526,0.1559,0.0965,0.0074,0.1358,0.1284,0.65,Micro/Mini Hydro (<1 MW),77.5,63.45,491.26,196.51,294.74,27.32,22.18,27.32,37.0,49.93,48.32,49.93,49.93,48.32,49.93,48.32,32.76,Gulmidarbar,0,1.0,Micro (5-100 kW),0,1,1
7869,2,1116.8,1108.5,8.4,2.12,4.31,72.1,11.6,83.364444,28.005833,0,1,WECS_NEA_MIP,0.1685,0.1148,0.0601,0.0354,0.0259,0.0371,0.0337,0.0371,0.0505,0.0927,0.2948,0.5728,0.6149,0.3538,0.16,0.0708,0.0438,0.0034,0.0601,0.0567,0.65,Micro/Mini Hydro (<1 MW),7.6,2.75,21.48,8.68,12.79,1.22,0.99,1.22,1.64,2.17,2.1,2.17,2.17,2.1,2.17,2.1,1.46,Chatrakot,0,1.0,Pico (<5 kW),0,1,0
7872,1,1116.4,1043.1,73.3,0.58,1.74,505.0,14.52,83.1225,28.164722,0,1,WECS_NEA_MIP,0.0693,0.0468,0.0241,0.0139,0.0101,0.0152,0.0139,0.0152,0.0208,0.0381,0.1212,0.2355,0.2528,0.1454,0.0658,0.0291,0.018,0.0014,0.0241,0.0227,0.65,Micro/Mini Hydro (<1 MW),66.0,9.55,75.34,30.8,44.55,4.32,3.54,4.32,5.88,7.55,7.3,7.55,7.55,7.3,7.55,7.3,5.2,Dhurkot,0,1.0,Micro (5-100 kW),0,1,1
7890,1,1114.7,1021.9,92.8,0.55,0.81,583.8,15.9,83.178889,28.168611,0,1,WECS_NEA_MIP,0.0327,0.0219,0.0111,0.0063,0.0046,0.0072,0.0065,0.0072,0.0098,0.018,0.0573,0.1113,0.1195,0.0688,0.0311,0.0138,0.0085,0.0006,0.0111,0.0105,0.65,Micro/Mini Hydro (<1 MW),83.5,5.59,44.35,18.39,25.96,2.61,2.11,2.61,3.53,4.4,4.26,4.4,4.4,4.26,4.4,4.26,3.13,Malika,0,1.0,Micro (5-100 kW),0,1,1
7891,1,1021.9,1006.6,15.2,0.81,7.51,247.4,6.16,83.180278,28.165278,0,1,WECS_NEA_MIP,0.2903,0.1989,0.1054,0.0627,0.0461,0.0639,0.0581,0.0639,0.0871,0.1597,0.5081,0.9871,1.0597,0.6097,0.2758,0.1219,0.0755,0.0058,0.1054,0.0996,0.65,Micro/Mini Hydro (<1 MW),13.7,8.7,67.56,27.12,40.44,3.78,3.07,3.78,5.11,6.85,6.63,6.85,6.85,6.63,6.85,6.63,4.53,Malika,0,1.0,Micro (5-100 kW),0,1,1
7892,1,1114.6,861.7,252.9,0.5,0.82,589.1,42.93,83.563889,28.075,0,1,WECS_NEA_MIP,0.0331,0.0222,0.0113,0.0064,0.0046,0.0073,0.0066,0.0073,0.0099,0.0182,0.058,0.1127,0.1209,0.0696,0.0315,0.0139,0.0086,0.0007,0.0113,0.0106,0.65,Micro/Mini Hydro (<1 MW),227.6,15.38,122.38,50.35,72.03,7.13,5.75,7.13,9.61,12.2,11.81,12.2,12.2,11.81,12.2,11.81,8.53,Kaligandaki,0,1.0,Micro (5-100 kW),0,1,1
7893,1,861.7,585.5,276.2,0.82,0.96,603.8,45.74,83.568611,28.071667,0,1,WECS_NEA_MIP,0.0387,0.026,0.0132,0.0075,0.0054,0.0085,0.0077,0.0085,0.0116,0.0213,0.0677,0.1315,0.1411,0.0812,0.0367,0.0162,0.0101,0.0008,0.0132,0.0124,0.65,Micro/Mini Hydro (<1 MW),248.6,19.66,156.28,64.38,91.9,9.08,7.35,9.08,12.33,15.57,15.07,15.57,15.57,15.07,15.57,15.07,10.97,Kaligandaki,0,1.0,Micro (5-100 kW),0,1,1
7894,1,585.5,585.5,0.0,0.96,244.79,154.6,0.0,83.569722,28.069167,1,0,GAUGE_TRANSFER_DHM,10.8471,6.6508,3.3254,2.1377,1.5043,2.3864,2.1694,2.3864,3.2541,5.9659,18.9824,36.8801,39.5919,22.7789,10.3047,4.5558,2.8202,0.2169,6.6508,6.4339,0.82,Commercial RoR (>1 MW),0.0,0.0,0.0,0.0,0.0,0.0,0.0,0.0,0.0,0.0,0.0,0.0,0.0,0.0,0.0,0.0,0.0,Kaligandaki,1,0.5,Pico (<5 kW),0,0,0
7895,1,1114.6,802.5,312.1,0.54,1.21,656.0,47.58,83.515278,27.984444,0,1,WECS_NEA_MIP,0.0485,0.0326,0.0167,0.0096,0.0069,0.0107,0.0097,0.0107,0.0146,0.0267,0.0849,0.1649,0.1771,0.1019,0.0461,0.0204,0.0126,0.001,0.0167,0.0157,0.65,Micro/Mini Hydro (<1 MW),280.9,28.12,222.95,91.58,131.38,12.93,10.47,12.93,17.54,22.25,21.54,22.25,22.25,21.54,22.25,21.54,15.46,Satyawati,0,1.0,Micro (5-100 kW),0,1,1
7896,1,802.5,661.8,140.7,1.21,1.82,594.1,23.68,83.511944,27.98,0,1,WECS_NEA_MIP,0.0724,0.0489,0.0252,0.0146,0.0106,0.0159,0.0145,0.0159,0.0217,0.0398,0.1267,0.2461,0.2642,0.152,0.0688,0.0304,0.0188,0.0015,0.0252,0.0238,0.65,Micro/Mini Hydro (<1 MW),126.6,19.21,150.96,61.62,89.35,8.65,7.05,8.65,11.74,15.14,14.65,15.14,15.14,14.65,15.14,14.65,10.39,Satyawati,0,1.0,Micro (5-100 kW),0,1,1
7897,2,661.8,545.2,116.6,1.82,2.5,590.5,19.74,83.510278,27.975278,0,1,WECS_NEA_MIP,0.0988,0.067,0.0347,0.0202,0.0147,0.0217,0.0198,0.0217,0.0296,0.0543,0.1729,0.3359,0.3606,0.2075,0.0939,0.0415,0.0257,0.002,0.0347,0.0327,0.65,Micro/Mini Hydro (<1 MW),104.9,21.87,171.91,69.96,101.94,9.8,8.0,9.8,13.29,17.27,16.71,17.27,17.27,16.71,17.27,16.71,11.79,Satyawati,0,1.0,Micro (5-100 kW),0,1,1
7919,2,1112.9,1075.2,37.7,7.09,7.51,547.3,6.89,83.409167,28.111944,0,1,WECS_NEA_MIP,0.2903,0.1989,0.1054,0.0627,0.0461,0.0639,0.0581,0.0639,0.0871,0.1597,0.5081,0.9871,1.0597,0.6097,0.2758,0.1219,0.0755,0.0058,0.1054,0.0996,0.65,Micro/Mini Hydro (<1 MW),33.9,21.53,167.16,67.1,100.07,9.34,7.6,9.34,12.65,16.95,16.4,16.95,16.95,16.4,16.95,16.4,11.21,Chandrakot,0,1.0,Micro (5-100 kW),0,1,1
7920,2,1075.2,1057.4,17.8,7.51,92.58,328.5,5.43,83.412778,28.111944,1,0,WECS_NEA_MIP,3.4035,2.3915,1.3322,0.834,0.6287,0.7488,0.6807,0.7488,1.0211,1.8719,5.9562,11.572,12.4229,7.1474,3.2334,1.4295,0.8849,0.0681,2.3915,2.3234,0.82,Commercial RoR (>1 MW),16.0,299.04,1779.02,522.61,1256.41,65.18,52.98,65.18,88.31,172.73,221.62,229.01,229.01,221.62,229.01,126.16,78.22,Chandrakot,0,1.0,Mini (100-1000 kW),0,1,1
7927,1,1112.8,1062.2,50.7,0.66,1.34,607.4,8.34,83.4025,27.978889,0,1,WECS_NEA_MIP,0.0536,0.0361,0.0185,0.0106,0.0077,0.0118,0.0107,0.0118,0.0161,0.0295,0.0938,0.1823,0.1957,0.1126,0.0509,0.0225,0.0139,0.0011,0.0185,0.0174,0.65,Micro/Mini Hydro (<1 MW),45.6,5.06,40.04,16.42,23.63,2.31,1.88,2.31,3.14,4.0,3.87,4.0,4.0,3.87,4.0,3.87,2.77,Ruru,0,1.0,Micro (5-100 kW),0,1,1
7928,1,1062.2,956.4,105.8,1.34,1.99,579.5,18.26,83.404722,27.975278,0,1,WECS_NEA_MIP,0.079,0.0534,0.0276,0.016,0.0116,0.0174,0.0158,0.0174,0.0237,0.0434,0.1382,0.2686,0.2883,0.1659,0.075,0.0332,0.0205,0.0016,0.0276,0.026,0.65,Micro/Mini Hydro (<1 MW),95.2,15.78,124.31,50.72,73.59,7.14,5.79,7.14,9.66,12.47,12.06,12.47,12.47,12.06,12.47,12.06,8.54,Ruru,0,1.0,Micro (5-100 kW),0,1,1
7929,2,956.4,915.1,41.3,1.99,2.65,597.1,6.91,83.4075,27.972222,0,1,WECS_NEA_MIP,0.1046,0.0709,0.0368,0.0215,0.0156,0.023,0.0209,0.023,0.0314,0.0575,0.183,0.3556,0.3818,0.2197,0.0994,0.0439,0.0272,0.0021,0.0368,0.0347,0.65,Micro/Mini Hydro (<1 MW),37.2,8.23,64.64,26.3,38.34,3.69,3.0,3.69,5.0,6.49,6.29,6.49,6.49,6.29,6.49,6.29,4.43,Ruru,0,1.0,Micro (5-100 kW),0,1,1
7930,2,915.1,872.9,42.2,2.65,3.5,607.4,6.94,83.409444,27.967778,0,1,WECS_NEA_MIP,0.1374,0.0934,0.0487,0.0286,0.0209,0.0302,0.0275,0.0302,0.0412,0.0756,0.2404,0.4671,0.5014,0.2885,0.1305,0.0577,0.0357,0.0028,0.0487,0.0459,0.65,Micro/Mini Hydro (<1 MW),38.0,11.12,87.14,35.31,51.83,4.94,4.02,4.94,6.7,8.78,8.5,8.78,8.78,8.5,8.78,8.5,5.93,Ruru,0,1.0,Micro (5-100 kW),0,1,1
7931,2,872.9,817.4,55.5,3.5,4.49,610.4,9.1,83.413333,27.964444,0,1,WECS_NEA_MIP,0.1754,0.1195,0.0627,0.0369,0.027,0.0386,0.0351,0.0386,0.0526,0.0965,0.3069,0.5962,0.6401,0.3683,0.1666,0.0737,0.0456,0.0035,0.0627,0.0592,0.65,Micro/Mini Hydro (<1 MW),50.0,18.87,147.35,59.55,87.8,8.33,6.77,8.33,11.27,14.87,14.39,14.87,14.87,14.39,14.87,14.39,9.99,Ruru,0,1.0,Micro (5-100 kW),0,1,1
7932,2,817.4,796.3,21.1,4.49,5.03,82.5,25.63,83.415833,27.9625,0,1,WECS_NEA_MIP,0.196,0.1338,0.0703,0.0415,0.0304,0.0431,0.0392,0.0431,0.0588,0.1078,0.343,0.6664,0.7154,0.4116,0.1862,0.0823,0.051,0.0039,0.0703,0.0664,0.65,Micro/Mini Hydro (<1 MW),19.0,8.04,62.72,25.31,37.41,3.53,2.87,3.53,4.79,6.34,6.13,6.34,6.34,6.13,6.34,6.13,4.25,Ruru,0,1.0,Micro (5-100 kW),0,1,1
7937,1,1111.9,1085.2,26.7,0.5,19.61,237.1,11.25,83.124444,28.117222,1,0,WECS_NEA_MIP,0.7437,0.5145,0.2778,0.1686,0.1252,0.1636,0.1487,0.1636,0.2231,0.409,1.3014,2.5284,2.7143,1.5617,0.7065,0.3123,0.1934,0.0149,0.5145,0.4996,0.82,Commercial RoR (>1 MW),24.0,96.45,577.34,171.26,406.08,21.36,17.36,21.36,28.94,56.61,71.52,73.9,73.9,71.52,73.9,41.34,25.64,Dhurkot,0,1.0,Micro (5-100 kW),0,1,1
7943,2,1110.8,1012.3,98.6,4.16,4.51,547.3,18.01,83.357778,28.1125,0,1,WECS_NEA_MIP,0.1761,0.1201,0.063,0.0371,0.0271,0.0387,0.0352,0.0387,0.0528,0.0969,0.3082,0.5988,0.6429,0.3699,0.1673,0.074,0.0458,0.0035,0.063,0.0595,0.65,Micro/Mini Hydro (<1 MW),88.7,33.65,262.56,106.06,156.5,14.81,12.05,14.81,20.08,26.51,25.66,26.51,26.51,25.66,26.51,25.66,17.8,Musikot,0,1.0,Micro (5-100 kW),0,1,1
7944,2,1012.3,955.0,57.2,4.51,6.37,195.8,29.23,83.355,28.110833,0,1,WECS_NEA_MIP,0.2471,0.169,0.0892,0.053,0.0389,0.0544,0.0494,0.0544,0.0741,0.1359,0.4324,0.84,0.9018,0.5188,0.2347,0.1038,0.0642,0.0049,0.0892,0.0843,0.65,Micro/Mini Hydro (<1 MW),51.5,27.68,215.3,86.65,128.65,12.09,9.82,12.09,16.36,21.79,21.09,21.79,21.79,21.09,21.79,21.09,14.49,Musikot,0,1.0,Micro (5-100 kW),0,1,1
7948,2,1110.4,1008.5,101.9,2.5,3.22,600.1,16.98,83.559722,28.021389,0,1,WECS_NEA_MIP,0.1266,0.086,0.0448,0.0262,0.0191,0.0279,0.0253,0.0279,0.038,0.0696,0.2216,0.4304,0.4621,0.2659,0.1203,0.0532,0.0329,0.0025,0.0448,0.0423,0.65,Micro/Mini Hydro (<1 MW),91.7,24.73,193.77,78.72,115.05,11.05,8.96,11.05,14.95,19.49,18.86,19.49,19.49,18.86,19.49,18.86,13.23,Kaligandaki,0,1.0,Micro (5-100 kW),0,1,1
7949,2,1008.5,975.4,33.1,3.22,3.81,246.7,13.43,83.563056,28.023056,0,1,WECS_NEA_MIP,0.1493,0.1016,0.0531,0.0312,0.0228,0.0328,0.0299,0.0328,0.0448,0.0821,0.2613,0.5076,0.5449,0.3135,0.1418,0.0627,0.0388,0.003,0.0531,0.0501,0.65,Micro/Mini Hydro (<1 MW),29.8,9.52,74.46,30.15,44.32,4.21,3.43,4.21,5.72,7.51,7.26,7.51,7.51,7.26,7.51,7.26,5.06,Kaligandaki,0,1.0,Micro (5-100 kW),0,1,1
7970,1,1108.9,1046.6,62.3,0.52,0.88,533.3,11.67,83.121111,28.167222,0,1,WECS_NEA_MIP,0.0355,0.0238,0.0121,0.0069,0.005,0.0078,0.0071,0.0078,0.0107,0.0195,0.0621,0.1207,0.1296,0.0746,0.0337,0.0149,0.0092,0.0007,0.0121,0.0114,0.65,Micro/Mini Hydro (<1 MW),56.1,4.08,32.39,13.38,19.01,1.89,1.54,1.89,2.58,3.22,3.12,3.22,3.22,3.12,3.22,3.12,2.26,Dhurkot,0,1.0,Pico (<5 kW),0,1,0
7971,1,1046.6,1043.1,3.5,0.88,1.74,68.5,5.14,83.123611,28.166944,0,1,WECS_NEA_MIP,0.0693,0.0468,0.0241,0.0139,0.0101,0.0152,0.0139,0.0152,0.0208,0.0381,0.1212,0.2355,0.2528,0.1454,0.0658,0.0291,0.018,0.0014,0.0241,0.0227,0.65,Micro/Mini Hydro (<1 MW),3.1,0.45,3.54,1.45,2.09,0.2,0.17,0.2,0.28,0.35,0.34,0.35,0.35,0.34,0.35,0.34,0.24,Dhurkot,0,1.0,Pico (<5 kW),0,1,0
7972,2,1108.9,1068.2,40.6,2.59,5.49,329.1,12.34,83.304722,28.049167,0,1,WECS_NEA_MIP,0.2136,0.1459,0.0768,0.0454,0.0333,0.047,0.0427,0.047,0.0641,0.1175,0.3737,0.7261,0.7795,0.4485,0.2029,0.0897,0.0555,0.0043,0.0768,0.0725,0.65,Micro/Mini Hydro (<1 MW),36.5,16.87,131.48,52.98,78.51,7.39,6.01,7.39,10.02,13.3,12.87,13.3,13.3,12.87,13.3,12.87,8.87,Gulmidarbar,0,1.0,Micro (5-100 kW),0,1,1
7974,2,1108.5,1100.0,8.5,4.31,4.99,137.0,6.21,83.365,28.006389,0,1,WECS_NEA_MIP,0.1945,0.1327,0.0697,0.0412,0.0302,0.0428,0.0389,0.0428,0.0583,0.107,0.3403,0.6612,0.7099,0.4084,0.1848,0.0817,0.0506,0.0039,0.0697,0.0658,0.65,Micro/Mini Hydro (<1 MW),7.7,3.23,25.2,10.17,15.03,1.42,1.15,1.42,1.92,2.55,2.46,2.55,2.55,2.46,2.55,2.46,1.71,Chatrakot,0,1.0,Pico (<5 kW),0,1,0
7987,4,1107.6,1096.0,11.6,70.06,71.02,463.8,2.5,83.423333,28.123056,1,0,WECS_NEA_MIP,2.6248,1.8394,1.0193,0.6347,0.4772,0.5775,0.525,0.5775,0.7874,1.4436,4.5934,8.9243,9.5805,5.5121,2.4936,1.1024,0.6824,0.0525,1.8394,1.7869,0.82,Commercial RoR (>1 MW),10.4,149.49,890.28,261.98,628.3,32.68,26.56,32.68,44.27,86.59,110.8,114.49,114.49,110.8,114.49,63.24,39.21,Chandrakot,0,1.0,Mini (100-1000 kW),0,1,1
7989,2,1107.4,1053.2,54.1,2.71,3.32,558.9,9.69,83.303889,28.025833,0,1,WECS_NEA_MIP,0.1305,0.0887,0.0462,0.0271,0.0197,0.0287,0.0261,0.0287,0.0391,0.0717,0.2283,0.4435,0.4762,0.274,0.1239,0.0548,0.0339,0.0026,0.0462,0.0436,0.65,Micro/Mini Hydro (<1 MW),48.7,13.54,106.04,43.03,63.01,6.03,4.9,6.03,8.16,10.67,10.33,10.67,10.67,10.33,10.67,10.33,7.23,Gulmidarbar,0,1.0,Micro (5-100 kW),0,1,1
7990,2,1053.2,1023.5,29.8,3.32,3.8,617.1,4.82,83.299722,28.024722,0,1,WECS_NEA_MIP,0.1489,0.1013,0.053,0.0311,0.0227,0.0328,0.0298,0.0328,0.0447,0.0819,0.2606,0.5063,0.5435,0.3127,0.1415,0.0625,0.0387,0.003,0.053,0.05,0.65,Micro/Mini Hydro (<1 MW),26.8,8.54,66.84,27.06,39.78,3.79,3.08,3.79,5.13,6.74,6.52,6.74,6.74,6.52,6.74,6.52,4.54,Gulmidarbar,0,1.0,Micro (5-100 kW),0,1,1
7991,2,1023.5,999.1,24.4,3.8,5.41,103.1,23.68,83.297222,28.022222,0,1,WECS_NEA_MIP,0.2105,0.1438,0.0757,0.0448,0.0328,0.0463,0.0421,0.0463,0.0632,0.1158,0.3684,0.7157,0.7684,0.4421,0.2,0.0884,0.0547,0.0042,0.0757,0.0715,0.65,Micro/Mini Hydro (<1 MW),22.0,10.03,78.13,31.49,46.64,4.39,3.57,4.39,5.96,7.9,7.65,7.9,7.9,7.65,7.9,7.65,5.27,Gulmidarbar,0,1.0,Micro (5-100 kW),0,1,1
8011,1,1105.4,998.1,107.3,0.55,1.04,583.8,18.37,83.230833,28.148333,0,1,WECS_NEA_MIP,0.0418,0.0281,0.0143,0.0082,0.0059,0.0092,0.0084,0.0092,0.0125,0.023,0.0732,0.1422,0.1527,0.0878,0.0397,0.0176,0.0109,0.0008,0.0143,0.0135,0.65,Micro/Mini Hydro (<1 MW),96.6,8.32,65.9,27.22,38.69,3.85,3.15,3.85,5.19,6.55,6.34,6.55,6.55,6.34,6.55,6.34,4.63,Isma,0,1.0,Micro (5-100 kW),0,1,1
8012,1,998.1,944.4,53.7,1.04,1.29,586.2,9.16,83.2275,28.145556,0,1,WECS_NEA_MIP,0.0517,0.0348,0.0178,0.0102,0.0074,0.0114,0.0103,0.0114,0.0155,0.0284,0.0904,0.1756,0.1885,0.1085,0.0491,0.0217,0.0134,0.001,0.0178,0.0168,0.65,Micro/Mini Hydro (<1 MW),48.3,5.17,40.9,16.83,24.08,2.38,1.92,2.38,3.22,4.08,3.95,4.08,4.08,3.95,4.08,3.95,2.84,Isma,0,1.0,Micro (5-100 kW),0,1,1
8013,1,944.4,937.1,7.3,1.29,2.33,144.3,5.07,83.225556,28.142778,0,1,WECS_NEA_MIP,0.0922,0.0624,0.0323,0.0188,0.0137,0.0203,0.0184,0.0203,0.0277,0.0507,0.1614,0.3135,0.3365,0.1936,0.0876,0.0387,0.024,0.0018,0.0323,0.0305,0.65,Micro/Mini Hydro (<1 MW),6.6,1.28,10.09,4.12,5.97,0.58,0.47,0.58,0.78,1.01,0.98,1.01,1.01,0.98,1.01,0.98,0.7,Isma,0,1.0,Pico (<5 kW),0,1,0
8016,3,1105.1,1103.8,1.3,16.62,17.21,164.9,0.79,83.116667,28.128611,1,0,WECS_NEA_MIP,0.6543,0.4521,0.2435,0.1474,0.1093,0.144,0.1309,0.144,0.1963,0.3599,1.1451,2.2248,2.3884,1.3741,0.6216,0.2748,0.1701,0.0131,0.4521,0.439,0.82,Commercial RoR (>1 MW),1.2,4.24,25.38,7.54,17.84,0.94,0.76,0.94,1.27,2.49,3.14,3.25,3.25,3.14,3.25,1.82,1.13,Madane,0,1.0,Pico (<5 kW),0,0,0
8017,1,1105.1,922.0,183.1,0.65,1.85,625.1,29.29,83.273889,28.132222,0,1,WECS_NEA_MIP,0.0735,0.0497,0.0256,0.0148,0.0107,0.0162,0.0147,0.0162,0.0221,0.0405,0.1287,0.2501,0.2685,0.1545,0.0699,0.0309,0.0191,0.0015,0.0256,0.0241,0.65,Micro/Mini Hydro (<1 MW),164.8,25.33,199.82,81.67,118.15,11.49,9.32,11.49,15.59,20.01,19.37,20.01,20.01,19.37,20.01,19.37,13.76,Musikot,0,1.0,Micro (5-100 kW),0,1,1
8018,2,922.0,799.9,122.0,1.85,2.35,556.6,21.93,83.272778,28.1275,0,1,WECS_NEA_MIP,0.093,0.063,0.0326,0.019,0.0138,0.0205,0.0186,0.0205,0.0279,0.0511,0.1627,0.3161,0.3394,0.1953,0.0883,0.0391,0.0242,0.0019,0.0326,0.0307,0.65,Micro/Mini Hydro (<1 MW),109.8,21.49,169.18,68.94,100.25,9.69,7.86,9.69,13.11,16.98,16.43,16.98,16.98,16.43,16.98,16.43,11.62,Musikot,0,1.0,Micro (5-100 kW),0,1,1
8019,2,799.9,783.7,16.2,2.35,266.69,326.2,4.98,83.271944,28.123889,1,0,GAUGE_TRANSFER_DHM,11.6666,7.1532,3.5766,2.2993,1.618,2.5667,2.3333,2.5667,3.5,6.4166,20.4166,39.6665,42.5831,24.4999,11.0833,4.9,3.0333,0.2333,7.1532,6.9199,0.82,Commercial RoR (>1 MW),14.6,406.36,2557.11,817.36,1739.75,203.89,165.74,203.89,276.23,540.29,604.88,625.04,625.04,604.88,625.04,394.62,244.66,Musikot,1,0.5,Mini (100-1000 kW),0,1,1
8020,2,1104.7,1066.1,38.7,8.08,8.68,639.0,6.05,83.166389,28.180833,0,1,WECS_NEA_MIP,0.3346,0.2296,0.122,0.0728,0.0536,0.0736,0.0669,0.0736,0.1004,0.184,0.5855,1.1376,1.2212,0.7026,0.3178,0.1405,0.087,0.0067,0.122,0.1153,0.65,Micro/Mini Hydro (<1 MW),34.8,25.59,198.34,79.44,118.9,11.04,8.98,11.04,14.97,20.14,19.49,20.14,20.14,19.49,20.14,19.49,13.26,Malika,0,1.0,Micro (5-100 kW),0,1,1
8021,2,1066.1,1060.5,5.6,8.68,9.37,72.1,7.71,83.164444,28.178333,0,1,WECS_NEA_MIP,0.3606,0.2476,0.1318,0.0788,0.0581,0.0793,0.0721,0.0793,0.1082,0.1983,0.6311,1.2261,1.3163,0.7573,0.3426,0.1515,0.0938,0.0072,0.1318,0.1246,0.65,Micro/Mini Hydro (<1 MW),5.0,3.97,30.77,12.31,18.46,1.71,1.39,1.71,2.32,3.13,3.03,3.13,3.13,3.03,3.13,3.03,2.05,Malika,0,1.0,Pico (<5 kW),0,1,0
8022,1,1104.7,908.6,196.1,0.66,1.19,635.4,30.86,83.343889,28.033889,0,1,WECS_NEA_MIP,0.0477,0.0321,0.0164,0.0094,0.0068,0.0105,0.0095,0.0105,0.0143,0.0263,0.0835,0.1623,0.1742,0.1002,0.0453,0.02,0.0124,0.0009,0.0164,0.0155,0.65,Micro/Mini Hydro (<1 MW),176.5,17.44,137.87,56.8,81.06,8.04,6.5,8.04,10.86,13.73,13.29,13.73,13.73,13.29,13.73,13.29,9.63,Chatrakot,0,1.0,Micro (5-100 kW),0,1,1
8023,1,908.6,784.4,124.2,1.19,16.07,515.3,24.11,83.340833,28.037778,1,0,WECS_NEA_MIP,0.6118,0.4224,0.2272,0.1373,0.1018,0.1346,0.1224,0.1346,0.1836,0.3365,1.0707,2.0803,2.2332,1.2849,0.5812,0.257,0.1591,0.0122,0.4224,0.4102,0.82,Commercial RoR (>1 MW),111.8,368.91,2210.11,656.67,1553.44,81.9,66.6,81.9,110.99,216.99,273.51,282.63,282.63,273.51,282.63,158.51,98.29,Chatrakot,0,1.0,Mini (100-1000 kW),0,1,1
8030,3,1103.8,1100.8,3.0,17.21,18.22,586.8,0.51,83.118889,28.126111,1,0,WECS_NEA_MIP,0.692,0.4784,0.258,0.1563,0.1159,0.1522,0.1384,0.1522,0.2076,0.3806,1.2109,2.3527,2.5257,1.4531,0.6574,0.2906,0.1799,0.0138,0.4784,0.4646,0.82,Commercial RoR (>1 MW),2.7,10.09,60.42,17.93,42.48,2.24,1.82,2.24,3.03,5.93,7.48,7.73,7.73,7.48,7.73,4.33,2.68,Madane,0,1.0,Micro (5-100 kW),0,0,0
8031,3,1100.8,1085.2,15.6,18.22,18.54,555.2,2.81,83.121944,28.123056,1,0,WECS_NEA_MIP,0.7039,0.4867,0.2625,0.1591,0.1181,0.1549,0.1408,0.1549,0.2112,0.3871,1.2318,2.3931,2.5691,1.4781,0.6687,0.2956,0.183,0.0141,0.4867,0.4726,0.82,Commercial RoR (>1 MW),14.0,53.22,318.66,94.57,224.09,11.8,9.59,11.8,15.98,31.25,39.46,40.78,40.78,39.46,40.78,22.83,14.15,Madane,0,1.0,Micro (5-100 kW),0,1,1
8032,3,1085.2,1085.2,0.0,18.54,18.96,552.3,0.0,83.121111,28.119444,1,0,WECS_NEA_MIP,0.7195,0.4976,0.2685,0.1629,0.1208,0.1583,0.1439,0.1583,0.2158,0.3957,1.2591,2.4463,2.6261,1.5109,0.6835,0.3022,0.1871,0.0144,0.4976,0.4832,0.82,Commercial RoR (>1 MW),0.0,0.0,0.0,0.0,0.0,0.0,0.0,0.0,0.0,0.0,0.0,0.0,0.0,0.0,0.0,0.0,0.0,Madane,0,1.0,Pico (<5 kW),0,0,0
8033,3,1085.2,1085.2,0.0,18.96,19.61,301.2,0.0,83.123333,28.116389,1,0,WECS_NEA_MIP,0.7437,0.5145,0.2778,0.1686,0.1252,0.1636,0.1487,0.1636,0.2231,0.409,1.3014,2.5284,2.7143,1.5617,0.7065,0.3123,0.1934,0.0149,0.5145,0.4996,0.82,Commercial RoR (>1 MW),0.0,0.0,0.0,0.0,0.0,0.0,0.0,0.0,0.0,0.0,0.0,0.0,0.0,0.0,0.0,0.0,0.0,Madane,0,1.0,Pico (<5 kW),0,0,0
8038,2,1103.2,1025.9,77.3,3.08,4.06,395.7,19.54,83.32,28.157222,0,1,WECS_NEA_MIP,0.1589,0.1082,0.0566,0.0333,0.0243,0.035,0.0318,0.035,0.0477,0.0874,0.2781,0.5402,0.58,0.3337,0.1509,0.0667,0.0413,0.0032,0.0566,0.0534,0.65,Micro/Mini Hydro (<1 MW),69.6,23.7,185.34,75.02,110.32,10.5,8.53,10.5,14.22,18.69,18.09,18.69,18.69,18.09,18.69,18.09,12.58,Musikot,0,1.0,Micro (5-100 kW),0,1,1
8040,1,1103.0,1025.9,77.2,0.5,4.06,195.8,39.4,83.318333,28.157778,0,1,WECS_NEA_MIP,0.1589,0.1082,0.0566,0.0333,0.0243,0.035,0.0318,0.035,0.0477,0.0874,0.2781,0.5402,0.58,0.3337,0.1509,0.0667,0.0413,0.0032,0.0566,0.0534,0.65,Micro/Mini Hydro (<1 MW),69.5,23.67,185.08,74.91,110.17,10.48,8.52,10.48,14.2,18.66,18.06,18.66,18.66,18.06,18.66,18.06,12.56,Musikot,0,1.0,Micro (5-100 kW),0,1,1
8053,1,1102.0,1026.9,75.1,0.51,2.05,514.7,14.59,83.3775,27.986111,0,1,WECS_NEA_MIP,0.0813,0.055,0.0284,0.0165,0.012,0.0179,0.0163,0.0179,0.0244,0.0447,0.1423,0.2765,0.2969,0.1708,0.0773,0.0342,0.0211,0.0016,0.0284,0.0268,0.65,Micro/Mini Hydro (<1 MW),67.6,11.55,90.92,37.15,53.77,5.23,4.26,5.23,7.08,9.11,8.81,9.11,9.11,8.81,9.11,8.81,6.25,Chatrakot,0,1.0,Micro (5-100 kW),0,1,1
8057,1,1101.7,919.7,182.0,0.5,0.98,617.1,29.5,83.331667,28.034444,0,1,WECS_NEA_MIP,0.0395,0.0265,0.0135,0.0077,0.0055,0.0087,0.0079,0.0087,0.0118,0.0217,0.0691,0.1342,0.144,0.0829,0.0375,0.0166,0.0103,0.0008,0.0135,0.0127,0.65,Micro/Mini Hydro (<1 MW),163.8,13.26,105.34,43.41,61.93,6.14,4.98,6.14,8.27,10.49,10.15,10.49,10.49,10.15,10.49,10.15,7.38,Gulmidarbar,0,1.0,Micro (5-100 kW),0,1,1
8058,1,919.7,857.1,62.7,0.98,2.89,396.3,15.81,83.335833,28.035556,0,1,WECS_NEA_MIP,0.1139,0.0773,0.0402,0.0235,0.0171,0.0251,0.0228,0.0251,0.0342,0.0626,0.1993,0.3872,0.4156,0.2391,0.1082,0.0478,0.0296,0.0023,0.0402,0.0379,0.65,Micro/Mini Hydro (<1 MW),56.4,13.63,106.97,43.48,63.5,6.1,4.95,6.1,8.26,10.76,10.41,10.76,10.76,10.41,10.76,10.41,7.3,Gulmidarbar,0,1.0,Micro (5-100 kW),0,1,1
8069,1,1101.3,982.0,119.4,0.53,1.16,537.0,22.23,83.261944,28.151111,0,1,WECS_NEA_MIP,0.0465,0.0313,0.016,0.0092,0.0066,0.0102,0.0093,0.0102,0.014,0.0256,0.0815,0.1583,0.1699,0.0978,0.0442,0.0196,0.0121,0.0009,0.016,0.0151,0.65,Micro/Mini Hydro (<1 MW),107.5,10.35,81.86,33.69,48.17,4.74,3.87,4.74,6.47,8.16,7.9,8.16,8.16,7.9,8.16,7.9,5.71,Musikot,0,1.0,Micro (5-100 kW),0,1,1
8070,1,982.0,896.3,85.7,1.16,1.63,607.4,14.1,83.258056,28.148889,0,1,WECS_NEA_MIP,0.065,0.0438,0.0225,0.013,0.0094,0.0143,0.013,0.0143,0.0195,0.0357,0.1137,0.2209,0.2371,0.1364,0.0617,0.0273,0.0169,0.0013,0.0225,0.0212,0.65,Micro/Mini Hydro (<1 MW),77.1,10.42,82.34,33.75,48.58,4.76,3.87,4.76,6.44,8.23,7.96,8.23,8.23,7.96,8.23,7.96,5.71,Musikot,0,1.0,Micro (5-100 kW),0,1,1
8071,1,896.3,859.8,36.5,1.63,1.87,530.3,6.88,83.254444,28.146111,0,1,WECS_NEA_MIP,0.0743,0.0502,0.0259,0.015,0.0109,0.0164,0.0149,0.0164,0.0223,0.0409,0.1301,0.2527,0.2713,0.1561,0.0706,0.0312,0.0193,0.0015,0.0259,0.0244,0.65,Micro/Mini Hydro (<1 MW),32.9,5.12,40.37,16.5,23.86,2.33,1.89,2.33,3.14,4.04,3.91,4.04,4.04,3.91,4.04,3.91,2.78,Musikot,0,1.0,Micro (5-100 kW),0,1,1
8072,1,859.8,850.0,9.9,1.87,48.28,209.1,4.73,83.252222,28.144167,1,0,WECS_NEA_MIP,1.7982,1.2553,0.6902,0.4265,0.3195,0.3956,0.3596,0.3956,0.5395,0.989,3.1468,6.1138,6.5634,3.7762,1.7083,0.7552,0.4675,0.036,1.2553,1.2193,0.82,Commercial RoR (>1 MW),8.9,87.29,520.66,153.58,367.08,19.15,15.57,19.15,25.95,50.76,64.71,66.86,66.86,64.71,66.86,37.07,22.98,Isma,0,1.0,Micro (5-100 kW),0,1,1
8076,1,1101.1,871.4,229.6,0.51,0.69,568.5,40.39,83.304444,27.949444,0,1,WECS_NEA_MIP,0.028,0.0187,0.0095,0.0054,0.0039,0.0062,0.0056,0.0062,0.0084,0.0154,0.049,0.0951,0.1021,0.0588,0.0266,0.0118,0.0073,0.0006,0.0095,0.0089,0.65,Micro/Mini Hydro (<1 MW),206.6,11.72,93.65,38.68,54.97,5.49,4.43,5.49,7.4,9.31,9.01,9.31,9.31,9.01,9.31,9.01,6.57,Chatrakot,0,1.0,Micro (5-100 kW),0,1,1
8077,1,871.4,709.9,161.5,0.69,111.78,478.8,33.74,83.3,27.950833,1,0,WECS_NEA_MIP,4.0939,2.882,1.6116,1.0126,0.7649,0.9007,0.8188,0.9007,1.2282,2.2517,7.1644,13.9194,14.9428,8.5972,3.8892,1.7194,1.0644,0.0819,2.882,2.8001,0.82,Commercial RoR (>1 MW),145.3,3272.82,19456.12,5708.78,13747.34,712.03,578.8,712.03,964.67,1886.87,2425.35,2506.2,2506.2,2425.35,2506.2,1378.04,854.39,Chatrakot,0,1.0,Small/Medium RoR (>1 MW),0,1,1
8079,1,1100.9,927.6,173.2,0.54,1.21,634.7,27.29,83.326667,28.062778,0,1,WECS_NEA_MIP,0.0485,0.0326,0.0167,0.0096,0.0069,0.0107,0.0097,0.0107,0.0146,0.0267,0.0849,0.1649,0.1771,0.1019,0.0461,0.0204,0.0126,0.001,0.0167,0.0157,0.65,Micro/Mini Hydro (<1 MW),155.9,15.61,123.74,50.83,72.91,7.17,5.81,7.17,9.73,12.35,11.95,12.35,12.35,11.95,12.35,11.95,8.58,Gulmidarbar,0,1.0,Micro (5-100 kW),0,1,1
8080,1,927.6,879.6,48.1,1.21,6.73,154.6,31.1,83.328889,28.060556,0,1,WECS_NEA_MIP,0.2607,0.1785,0.0943,0.056,0.0412,0.0574,0.0521,0.0574,0.0782,0.1434,0.4563,0.8865,0.9517,0.5475,0.2477,0.1095,0.0678,0.0052,0.0943,0.0891,0.65,Micro/Mini Hydro (<1 MW),43.3,24.6,191.24,76.89,114.35,10.72,8.7,10.72,14.51,19.37,18.75,19.37,19.37,18.75,19.37,18.75,12.86,Gulmidarbar,0,1.0,Micro (5-100 kW),0,1,1
8089,2,1100.0,1096.1,3.9,4.99,5.31,353.4,1.1,83.366389,28.008056,0,1,WECS_NEA_MIP,0.2067,0.1411,0.0743,0.0439,0.0322,0.0455,0.0413,0.0455,0.062,0.1137,0.3617,0.7028,0.7544,0.4341,0.1964,0.0868,0.0537,0.0041,0.0743,0.0702,0.65,Micro/Mini Hydro (<1 MW),3.5,1.57,12.2,4.92,7.28,0.69,0.56,0.69,0.93,1.23,1.19,1.23,1.23,1.19,1.23,1.19,0.82,Chatrakot,0,1.0,Pico (<5 kW),0,0,0
8090,1,1099.9,1060.5,39.4,0.5,9.37,346.8,11.36,83.163333,28.179444,0,1,WECS_NEA_MIP,0.3606,0.2476,0.1318,0.0788,0.0581,0.0793,0.0721,0.0793,0.1082,0.1983,0.6311,1.2261,1.3163,0.7573,0.3426,0.1515,0.0938,0.0072,0.1318,0.1246,0.65,Micro/Mini Hydro (<1 MW),35.5,28.21,218.44,87.4,131.04,12.14,9.87,12.14,16.46,22.2,21.48,22.2,22.2,21.48,22.2,21.48,14.58,Malika,0,1.0,Micro (5-100 kW),0,1,1
8099,1,736.6,553.5,183.1,1.53,487.3,401.3,45.63,83.604167,27.996667,1,0,GAUGE_TRANSFER_DHM,19.4745,11.9406,5.9703,3.838,2.7008,4.2844,3.8949,4.2844,5.8423,10.711,34.0803,66.2132,71.0818,40.8964,18.5008,8.1793,5.0634,0.3895,11.9406,11.5511,0.82,Commercial RoR (>1 MW),164.8,7656.56,48180.91,15400.36,32780.55,3841.57,3122.82,3841.57,5204.66,10180.19,11397.21,11777.12,11777.12,11397.21,11777.12,7435.31,4609.91,Kaligandaki,1,0.5,Small/Medium RoR (>1 MW),0,1,1
8104,1,1099.1,1037.9,61.3,0.59,2.91,287.9,21.27,83.391667,28.005278,0,1,WECS_NEA_MIP,0.1146,0.0778,0.0405,0.0236,0.0172,0.0252,0.0229,0.0252,0.0344,0.0631,0.2006,0.3898,0.4185,0.2408,0.1089,0.0482,0.0298,0.0023,0.0405,0.0382,0.65,Micro/Mini Hydro (<1 MW),55.2,13.45,105.42,42.81,62.61,6.0,4.87,6.0,8.14,10.61,10.26,10.61,10.61,10.26,10.61,10.26,7.2,Ruru,0,1.0,Micro (5-100 kW),0,1,1
8120,1,1096.5,1006.9,89.6,0.55,0.74,550.9,16.27,83.131389,28.161667,0,1,WECS_NEA_MIP,0.03,0.0201,0.0101,0.0058,0.0041,0.0066,0.006,0.0066,0.009,0.0165,0.0524,0.1019,0.1094,0.0629,0.0285,0.0126,0.0078,0.0006,0.0101,0.0095,0.65,Micro/Mini Hydro (<1 MW),80.6,4.88,38.98,16.18,22.8,2.29,1.87,2.29,3.11,3.86,3.74,3.86,3.86,3.74,3.86,3.74,2.75,Dhurkot,0,1.0,Pico (<5 kW),0,1,0
8121,1,1006.9,993.9,12.9,0.74,24.87,136.3,9.48,83.134444,28.161667,1,0,WECS_NEA_MIP,0.9387,0.6509,0.3532,0.2154,0.1602,0.2065,0.1877,0.2065,0.2816,0.5163,1.6426,3.1914,3.4261,1.9712,0.8917,0.3942,0.2441,0.0188,0.6509,0.6321,0.82,Commercial RoR (>1 MW),11.6,58.98,352.74,104.49,248.25,13.03,10.59,13.03,17.66,34.54,43.73,45.19,45.19,43.73,45.19,25.22,15.64,Dhurkot,0,1.0,Micro (5-100 kW),0,1,1
8132,1,1096.2,881.7,214.5,0.51,119.49,484.4,44.29,83.396111,28.093333,1,0,WECS_NEA_MIP,4.3705,3.0787,1.7239,1.0846,0.8198,0.9615,0.8741,0.9615,1.3111,2.4038,7.6483,14.8596,15.9522,9.178,4.1519,1.8356,1.1363,0.0874,3.0787,2.9913,0.82,Commercial RoR (>1 MW),193.1,4646.49,27614.97,8099.35,19515.62,1010.18,821.19,1010.18,1368.59,2677.02,3443.22,3558.0,3558.0,3443.22,3558.0,1955.19,1212.19,Chandrakot,0,1.0,Small/Medium RoR (>1 MW),0,1,1
8133,4,1096.0,1078.8,17.2,71.02,71.6,606.8,2.83,83.420833,28.119167,1,0,WECS_NEA_MIP,2.6458,1.8543,1.0277,0.64,0.4813,0.5821,0.5292,0.5821,0.7937,1.4552,4.6302,8.9957,9.6572,5.5562,2.5135,1.1112,0.6879,0.0529,1.8543,1.8014,0.82,Commercial RoR (>1 MW),15.5,224.61,1337.57,393.59,943.99,49.09,39.91,49.09,66.5,130.09,166.47,172.02,172.02,166.47,172.02,95.01,58.91,Chandrakot,0,1.0,Mini (100-1000 kW),0,1,1
8134,4,1078.8,1065.4,13.4,71.6,71.77,600.1,2.23,83.416111,28.116944,1,0,WECS_NEA_MIP,2.652,1.8586,1.0301,0.6416,0.4825,0.5834,0.5304,0.5834,0.7956,1.4586,4.6409,9.0167,9.6797,5.5691,2.5194,1.1138,0.6895,0.053,1.8586,1.8056,0.82,Commercial RoR (>1 MW),12.1,175.75,1046.6,307.97,738.63,38.41,31.23,38.41,52.04,101.79,130.25,134.59,134.59,130.25,134.59,74.34,46.09,Chandrakot,0,1.0,Mini (100-1000 kW),0,1,1
8135,4,1065.4,1063.2,2.2,71.77,84.71,89.1,2.52,83.414722,28.114167,1,0,WECS_NEA_MIP,3.1197,2.1901,1.2179,0.761,0.5732,0.6863,0.6239,0.6863,0.9359,1.7159,5.4596,10.6071,11.3871,6.5515,2.9638,1.3103,0.8111,0.0624,2.1901,2.1277,0.82,Commercial RoR (>1 MW),2.0,34.23,203.72,59.88,143.84,7.47,6.07,7.47,10.12,19.79,25.37,26.21,26.21,25.37,26.21,14.46,8.96,Chandrakot,0,1.0,Micro (5-100 kW),0,1,1
8136,1,1095.9,1059.6,36.3,0.59,31.25,191.5,18.95,83.126389,28.108333,1,0,WECS_NEA_MIP,1.1741,0.816,0.4448,0.2725,0.2032,0.2583,0.2348,0.2583,0.3522,0.6457,2.0546,3.9919,4.2854,2.4656,1.1154,0.4931,0.3053,0.0235,0.816,0.7925,0.82,Commercial RoR (>1 MW),32.7,208.46,1245.54,368.43,877.12,45.95,37.35,45.95,62.25,121.77,154.54,159.7,159.7,154.54,159.7,88.94,55.15,Dhurkot,0,1.0,Mini (100-1000 kW),0,1,1
8138,2,1095.0,1063.0,31.9,6.51,6.99,583.8,5.47,83.127222,28.185278,0,1,WECS_NEA_MIP,0.2706,0.1853,0.098,0.0583,0.0428,0.0595,0.0541,0.0595,0.0812,0.1488,0.4736,0.92,0.9877,0.5683,0.2571,0.1137,0.0704,0.0054,0.098,0.0926,0.65,Micro/Mini Hydro (<1 MW),28.7,16.95,131.67,52.9,78.77,7.37,5.99,7.37,9.99,13.34,12.91,13.34,13.34,12.91,13.34,12.91,8.85,Malika,0,1.0,Micro (5-100 kW),0,1,1
8139,2,1063.0,1039.0,24.0,6.99,7.25,628.7,3.82,83.126667,28.180833,0,1,WECS_NEA_MIP,0.2805,0.1921,0.1017,0.0605,0.0445,0.0617,0.0561,0.0617,0.0841,0.1543,0.4908,0.9536,1.0237,0.589,0.2664,0.1178,0.0729,0.0056,0.1017,0.0961,0.65,Micro/Mini Hydro (<1 MW),21.6,13.24,102.79,41.27,61.52,5.75,4.67,5.75,7.78,10.42,10.09,10.42,10.42,10.09,10.42,10.09,6.9,Malika,0,1.0,Micro (5-100 kW),0,1,1
8140,2,1039.0,1025.1,13.9,7.25,7.59,608.1,2.29,83.13,28.176111,0,1,WECS_NEA_MIP,0.2933,0.201,0.1065,0.0634,0.0466,0.0645,0.0587,0.0645,0.088,0.1613,0.5134,0.9974,1.0707,0.616,0.2787,0.1232,0.0763,0.0059,0.1065,0.1006,0.65,Micro/Mini Hydro (<1 MW),12.5,8.02,62.26,24.98,37.28,3.48,2.83,3.48,4.71,6.32,6.11,6.32,6.32,6.11,6.32,6.11,4.17,Malika,0,1.0,Micro (5-100 kW),0,1,1
8141,2,1025.1,1018.9,6.2,7.59,20.96,61.8,10.02,83.129444,28.173611,1,0,WECS_NEA_MIP,0.7938,0.5495,0.2972,0.1806,0.1341,0.1746,0.1588,0.1746,0.2381,0.4366,1.3891,2.6989,2.8973,1.667,0.7541,0.3334,0.2064,0.0159,0.5495,0.5336,0.82,Commercial RoR (>1 MW),5.6,24.04,143.85,42.66,101.19,5.32,4.33,5.32,7.21,14.1,17.82,18.42,18.42,17.82,18.42,10.3,6.38,Dhurkot,0,1.0,Micro (5-100 kW),0,1,1
8160,2,1094.0,1035.5,58.4,6.77,7.61,422.6,13.83,83.504167,28.011111,0,1,WECS_NEA_MIP,0.2941,0.2015,0.1068,0.0636,0.0468,0.0647,0.0588,0.0647,0.0882,0.1618,0.5147,1.0,1.0735,0.6176,0.2794,0.1235,0.0765,0.0059,0.1068,0.1009,0.65,Micro/Mini Hydro (<1 MW),52.6,33.84,262.74,105.41,157.33,14.67,11.92,14.67,19.87,26.65,25.79,26.65,26.65,25.79,26.65,25.79,17.62,Satyawati,0,1.0,Micro (5-100 kW),0,1,1
8175,1,1093.3,1060.8,32.5,0.51,1.13,579.5,5.6,83.1525,28.175556,0,1,WECS_NEA_MIP,0.0454,0.0305,0.0156,0.0089,0.0064,0.01,0.0091,0.01,0.0136,0.025,0.0794,0.1543,0.1656,0.0953,0.0431,0.0191,0.0118,0.0009,0.0156,0.0147,0.65,Micro/Mini Hydro (<1 MW),29.2,2.74,21.68,8.92,12.76,1.26,1.03,1.26,1.7,2.16,2.09,2.16,2.16,2.09,2.16,2.09,1.51,Malika,0,1.0,Pico (<5 kW),0,1,0
8176,1,1060.8,1012.9,47.9,1.13,1.46,618.4,7.75,83.1525,28.170833,0,1,WECS_NEA_MIP,0.0583,0.0393,0.0202,0.0116,0.0084,0.0128,0.0117,0.0128,0.0175,0.0321,0.1021,0.1983,0.2129,0.1225,0.0554,0.0245,0.0152,0.0012,0.0202,0.019,0.65,Micro/Mini Hydro (<1 MW),43.1,5.22,41.28,16.9,24.38,2.37,1.94,2.37,3.23,4.13,4.0,4.13,4.13,4.0,4.13,4.0,2.86,Malika,0,1.0,Micro (5-100 kW),0,1,1
8177,1,1012.9,992.2,20.7,1.46,1.59,566.9,3.65,83.151944,28.166111,0,1,WECS_NEA_MIP,0.0634,0.0428,0.022,0.0127,0.0092,0.0139,0.0127,0.0139,0.019,0.0349,0.111,0.2156,0.2314,0.1331,0.0602,0.0266,0.0165,0.0013,0.022,0.0207,0.65,Micro/Mini Hydro (<1 MW),18.6,2.46,19.39,7.93,11.46,1.11,0.91,1.11,1.51,1.94,1.88,1.94,1.94,1.88,1.94,1.88,1.34,Malika,0,1.0,Pico (<5 kW),0,1,0
8178,1,992.2,983.4,8.8,1.59,14.87,315.9,2.79,83.150278,28.162778,1,0,WECS_NEA_MIP,0.567,0.3912,0.2101,0.1268,0.0939,0.1247,0.1134,0.1247,0.1701,0.3119,0.9923,1.9279,2.0697,1.1908,0.5387,0.2382,0.1474,0.0113,0.3912,0.3799,0.82,Commercial RoR (>1 MW),7.9,24.14,144.67,43.0,101.67,5.36,4.36,5.36,7.27,14.21,17.9,18.5,18.5,17.9,18.5,10.38,6.43,Malika,0,1.0,Micro (5-100 kW),0,1,1
8179,1,1093.2,1015.9,77.2,0.51,1.14,582.5,13.26,83.331389,28.003056,0,1,WECS_NEA_MIP,0.0458,0.0308,0.0157,0.009,0.0065,0.0101,0.0092,0.0101,0.0137,0.0252,0.0801,0.1556,0.167,0.0961,0.0435,0.0192,0.0119,0.0009,0.0157,0.0148,0.65,Micro/Mini Hydro (<1 MW),69.5,6.56,51.98,21.43,30.56,3.03,2.47,3.03,4.08,5.18,5.01,5.18,5.18,5.01,5.18,5.01,3.63,Chatrakot,0,1.0,Micro (5-100 kW),0,1,1
8180,1,1015.9,953.5,62.5,1.14,3.5,387.3,16.13,83.328333,28.006111,0,1,WECS_NEA_MIP,0.1374,0.0934,0.0487,0.0286,0.0209,0.0302,0.0275,0.0302,0.0412,0.0756,0.2404,0.4671,0.5014,0.2885,0.1305,0.0577,0.0357,0.0028,0.0487,0.0459,0.65,Micro/Mini Hydro (<1 MW),56.2,16.45,128.87,52.22,76.65,7.31,5.95,7.31,9.91,12.98,12.57,12.98,12.98,12.57,12.98,12.57,8.77,Gulmidarbar,0,1.0,Micro (5-100 kW),0,1,1
8192,1,1092.4,1051.7,40.7,1.86,2.18,564.9,7.21,83.368056,28.0175,0,1,WECS_NEA_MIP,0.0864,0.0585,0.0302,0.0175,0.0127,0.019,0.0173,0.019,0.0259,0.0475,0.1512,0.2937,0.3153,0.1814,0.0821,0.0363,0.0225,0.0017,0.0302,0.0285,0.65,Micro/Mini Hydro (<1 MW),36.6,6.65,52.33,21.38,30.96,3.0,2.45,3.0,4.07,5.24,5.07,5.24,5.24,5.07,5.24,5.07,3.61,Chatrakot,0,1.0,Micro (5-100 kW),0,1,1
8193,2,1051.7,1038.1,13.6,2.18,2.94,565.6,2.4,83.371111,28.018333,0,1,WECS_NEA_MIP,0.1158,0.0786,0.0409,0.0239,0.0174,0.0255,0.0232,0.0255,0.0347,0.0637,0.2027,0.3937,0.4227,0.2432,0.11,0.0486,0.0301,0.0023,0.0409,0.0386,0.65,Micro/Mini Hydro (<1 MW),12.2,3.0,23.54,9.57,13.97,1.34,1.09,1.34,1.81,2.37,2.29,2.37,2.37,2.29,2.37,2.29,1.61,Chatrakot,0,1.0,Pico (<5 kW),0,1,0
8194,2,1038.1,1016.8,21.3,2.94,4.08,260.7,8.17,83.374444,28.018056,0,1,WECS_NEA_MIP,0.1597,0.1087,0.0569,0.0335,0.0245,0.0351,0.0319,0.0351,0.0479,0.0878,0.2794,0.5428,0.5828,0.3353,0.1517,0.0671,0.0415,0.0032,0.0569,0.0537,0.65,Micro/Mini Hydro (<1 MW),19.2,6.57,51.38,20.78,30.6,2.91,2.36,2.91,3.94,5.18,5.02,5.18,5.18,5.02,5.18,5.02,3.49,Chatrakot,0,1.0,Micro (5-100 kW),0,1,1
8207,1,1090.2,1002.1,88.2,0.71,39.59,577.2,15.27,83.151667,28.100556,1,0,WECS_NEA_MIP,1.4804,1.0314,0.5649,0.3476,0.2599,0.3257,0.2961,0.3257,0.4441,0.8142,2.5907,5.0333,5.4034,3.1088,1.4064,0.6218,0.3849,0.0296,1.0314,1.0018,0.82,Commercial RoR (>1 MW),79.4,639.86,3819.42,1128.1,2691.32,140.71,114.39,140.71,190.62,372.84,474.31,490.12,490.12,474.31,490.12,272.34,168.84,Dhurkot,0,1.0,Mini (100-1000 kW),0,1,1
8219,1,1087.7,1044.7,43.0,0.55,18.13,373.4,11.51,83.212778,28.213889,1,0,WECS_NEA_MIP,0.6886,0.476,0.2567,0.1555,0.1154,0.1515,0.1377,0.1515,0.2066,0.3787,1.2051,2.3413,2.5134,1.4461,0.6542,0.2892,0.179,0.0138,0.476,0.4622,0.82,Commercial RoR (>1 MW),38.7,143.89,861.56,255.7,605.86,31.89,25.92,31.89,43.21,84.52,106.69,110.25,110.25,106.69,110.25,61.73,38.26,Isma,0,1.0,Mini (100-1000 kW),0,1,1
8233,1,1086.4,850.8,235.6,0.52,120.78,412.3,57.14,83.391667,28.091667,1,0,WECS_NEA_MIP,4.4167,3.1116,1.7427,1.0967,0.829,0.9717,0.8833,0.9717,1.325,2.4292,7.7292,15.0168,16.121,9.2751,4.1959,1.855,1.1483,0.0883,3.1116,3.0233,0.82,Commercial RoR (>1 MW),212.0,5155.85,30640.82,8986.33,21654.49,1120.85,911.08,1120.85,1518.5,2970.12,3820.63,3947.98,3947.98,3820.63,3947.98,2169.27,1344.92,Chandrakot,0,1.0,Small/Medium RoR (>1 MW),0,1,1
8237,1,1086.1,1031.9,54.2,1.26,1.75,606.8,8.92,83.346389,27.989167,0,1,WECS_NEA_MIP,0.0696,0.047,0.0242,0.014,0.0101,0.0153,0.0139,0.0153,0.0209,0.0383,0.1219,0.2368,0.2542,0.1463,0.0662,0.0293,0.0181,0.0014,0.0242,0.0228,0.65,Micro/Mini Hydro (<1 MW),48.8,7.09,55.96,22.89,33.07,3.22,2.61,3.22,4.37,5.6,5.42,5.6,5.6,5.42,5.6,5.42,3.87,Chatrakot,0,1.0,Micro (5-100 kW),0,1,1
8238,1,1031.9,967.6,64.3,1.75,2.18,547.3,11.75,83.341944,27.987222,0,1,WECS_NEA_MIP,0.0864,0.0585,0.0302,0.0175,0.0127,0.019,0.0173,0.019,0.0259,0.0475,0.1512,0.2937,0.3153,0.1814,0.0821,0.0363,0.0225,0.0017,0.0302,0.0285,0.65,Micro/Mini Hydro (<1 MW),57.9,10.52,82.79,33.82,48.97,4.75,3.87,4.75,6.43,8.3,8.03,8.3,8.3,8.03,8.3,8.03,5.71,Chatrakot,0,1.0,Micro (5-100 kW),0,1,1
8239,2,967.6,949.5,18.1,2.18,3.75,218.1,8.31,83.338611,27.9875,0,1,WECS_NEA_MIP,0.147,0.1,0.0523,0.0307,0.0224,0.0323,0.0294,0.0323,0.0441,0.0808,0.2572,0.4998,0.5365,0.3087,0.1396,0.0617,0.0382,0.0029,0.0523,0.0494,0.65,Micro/Mini Hydro (<1 MW),16.3,5.13,40.13,16.26,23.87,2.27,1.85,2.27,3.08,4.04,3.91,4.04,4.04,3.91,4.04,3.91,2.73,Chatrakot,0,1.0,Micro (5-100 kW),0,1,1
8241,1,1085.9,976.0,109.9,0.55,0.81,579.5,18.97,83.335,28.028333,0,1,WECS_NEA_MIP,0.0327,0.0219,0.0111,0.0063,0.0046,0.0072,0.0065,0.0072,0.0098,0.018,0.0573,0.1113,0.1195,0.0688,0.0311,0.0138,0.0085,0.0006,0.0111,0.0105,0.65,Micro/Mini Hydro (<1 MW),98.9,6.62,52.53,21.79,30.74,3.1,2.5,3.1,4.18,5.21,5.04,5.21,5.21,5.04,5.21,5.04,3.71,Gulmidarbar,0,1.0,Micro (5-100 kW),0,1,1
8242,1,976.0,894.2,81.8,0.81,1.36,573.5,14.26,83.338333,28.03,0,1,WECS_NEA_MIP,0.0544,0.0366,0.0188,0.0108,0.0078,0.012,0.0109,0.012,0.0163,0.0299,0.0952,0.185,0.1986,0.1142,0.0517,0.0228,0.0141,0.0011,0.0188,0.0177,0.65,Micro/Mini Hydro (<1 MW),73.6,8.31,65.69,26.94,38.75,3.81,3.09,3.81,5.14,6.56,6.35,6.56,6.56,6.35,6.56,6.35,4.54,Gulmidarbar,0,1.0,Micro (5-100 kW),0,1,1
8243,1,894.2,857.1,37.1,1.36,2.89,505.0,7.35,83.338611,28.034167,0,1,WECS_NEA_MIP,0.1139,0.0773,0.0402,0.0235,0.0171,0.0251,0.0228,0.0251,0.0342,0.0626,0.1993,0.3872,0.4156,0.2391,0.1082,0.0478,0.0296,0.0023,0.0402,0.0379,0.65,Micro/Mini Hydro (<1 MW),33.4,8.07,63.35,25.75,37.6,3.61,2.93,3.61,4.89,6.37,6.16,6.37,6.37,6.16,6.37,6.16,4.33,Gulmidarbar,0,1.0,Micro (5-100 kW),0,1,1
8246,3,1085.2,1085.2,0.0,19.61,28.41,360.7,0.0,83.123333,28.115,1,0,WECS_NEA_MIP,1.0694,0.7426,0.404,0.247,0.184,0.2353,0.2139,0.2353,0.3208,0.5882,1.8715,3.636,3.9034,2.2458,1.0159,0.4492,0.278,0.0214,0.7426,0.7212,0.82,Commercial RoR (>1 MW),0.0,0.0,0.0,0.0,0.0,0.0,0.0,0.0,0.0,0.0,0.0,0.0,0.0,0.0,0.0,0.0,0.0,Madane,0,1.0,Pico (<5 kW),0,0,0
8247,3,1085.2,1066.1,19.1,28.41,29.0,537.0,3.56,83.124167,28.112222,1,0,WECS_NEA_MIP,1.0912,0.7579,0.4125,0.2523,0.188,0.2401,0.2182,0.2401,0.3274,0.6001,1.9096,3.71,3.9828,2.2915,1.0366,0.4583,0.2837,0.0218,0.7579,0.7361,0.82,Commercial RoR (>1 MW),17.2,101.85,608.68,180.14,428.54,22.47,18.26,22.47,30.44,59.53,75.5,78.02,78.02,75.5,78.02,43.48,26.96,Dhurkot,0,1.0,Mini (100-1000 kW),0,1,1
8248,3,1066.1,1059.6,6.6,29.0,31.25,573.5,1.14,83.125556,28.110278,1,0,WECS_NEA_MIP,1.1741,0.816,0.4448,0.2725,0.2032,0.2583,0.2348,0.2583,0.3522,0.6457,2.0546,3.9919,4.2854,2.4656,1.1154,0.4931,0.3053,0.0235,0.816,0.7925,0.82,Commercial RoR (>1 MW),5.9,37.61,224.73,66.47,158.26,8.29,6.74,8.29,11.23,21.97,27.88,28.81,28.81,27.88,28.81,16.05,9.95,Dhurkot,0,1.0,Micro (5-100 kW),0,1,1
8265,1,1083.7,1044.5,39.3,0.61,1.47,578.8,6.78,83.339722,28.118611,0,1,WECS_NEA_MIP,0.0587,0.0396,0.0203,0.0117,0.0085,0.0129,0.0117,0.0129,0.0176,0.0323,0.1027,0.1996,0.2143,0.1233,0.0558,0.0247,0.0153,0.0012,0.0203,0.0191,0.65,Micro/Mini Hydro (<1 MW),35.4,4.31,34.09,13.97,20.13,1.96,1.59,1.96,2.67,3.41,3.3,3.41,3.41,3.3,3.41,3.3,2.37,Musikot,0,1.0,Pico (<5 kW),0,1,0
8266,1,1044.5,763.5,280.9,1.47,1.8,628.0,44.73,83.336111,28.114444,0,1,WECS_NEA_MIP,0.0716,0.0484,0.0249,0.0144,0.0104,0.0158,0.0143,0.0158,0.0215,0.0394,0.1253,0.2434,0.2613,0.1504,0.068,0.0301,0.0186,0.0014,0.0249,0.0235,0.65,Micro/Mini Hydro (<1 MW),252.8,37.88,298.62,122.33,176.29,17.27,13.97,17.27,23.33,29.86,28.9,29.86,29.86,28.9,29.86,28.9,20.63,Musikot,0,1.0,Micro (5-100 kW),0,1,1
8267,1,763.5,659.8,103.7,1.8,1259.59,536.0,19.35,83.3325,28.110833,1,0,GAUGE_TRANSFER_DHM,43.655,26.7666,13.3833,8.6035,6.0543,9.6041,8.731,9.6041,13.0965,24.0102,76.3962,148.4269,159.3406,91.6754,41.4722,18.3351,11.3503,0.8731,26.7666,25.8935,0.82,Commercial RoR (>1 MW),93.3,9716.84,61145.82,19544.44,41601.39,4875.3,3963.15,4875.3,6605.25,12919.52,14464.06,14946.2,14946.2,14464.06,14946.2,9436.07,5850.36,Gulmidarbar,1,0.5,Small/Medium RoR (>1 MW),0,1,1
8282,1,1082.6,1061.5,21.1,0.62,1.57,246.0,8.58,83.440833,27.968611,0,1,WECS_NEA_MIP,0.0626,0.0422,0.0217,0.0125,0.0091,0.0138,0.0125,0.0138,0.0188,0.0344,0.1096,0.2129,0.2286,0.1315,0.0595,0.0263,0.0163,0.0013,0.0217,0.0204,0.65,Micro/Mini Hydro (<1 MW),19.0,2.47,19.55,8.0,11.55,1.13,0.91,1.13,1.53,1.96,1.89,1.96,1.96,1.89,1.96,1.89,1.35,Ruru,0,1.0,Pico (<5 kW),0,1,0
8293,1,1081.5,1077.6,3.9,0.52,1.48,27.3,14.32,83.222778,28.086944,0,1,WECS_NEA_MIP,0.0591,0.0398,0.0204,0.0118,0.0085,0.013,0.0118,0.013,0.0177,0.0325,0.1034,0.2009,0.2157,0.1241,0.0561,0.0248,0.0154,0.0012,0.0204,0.0192,0.65,Micro/Mini Hydro (<1 MW),3.5,0.43,3.39,1.39,2.0,0.2,0.16,0.2,0.27,0.34,0.33,0.34,0.34,0.33,0.34,0.33,0.24,Resunga,0,1.0,Pico (<5 kW),0,1,0
8310,1,1079.0,1061.5,17.6,0.63,1.57,494.7,3.55,83.438056,27.97,0,1,WECS_NEA_MIP,0.0626,0.0422,0.0217,0.0125,0.0091,0.0138,0.0125,0.0138,0.0188,0.0344,0.1096,0.2129,0.2286,0.1315,0.0595,0.0263,0.0163,0.0013,0.0217,0.0204,0.65,Micro/Mini Hydro (<1 MW),15.8,2.06,16.25,6.65,9.6,0.94,0.76,0.94,1.27,1.63,1.57,1.63,1.63,1.57,1.63,1.57,1.12,Ruru,0,1.0,Pico (<5 kW),0,1,0
8323,1,1077.6,1071.2,6.4,1.48,1.54,161.3,3.94,83.223056,28.087778,0,1,WECS_NEA_MIP,0.0614,0.0414,0.0213,0.0123,0.0089,0.0135,0.0123,0.0135,0.0184,0.0338,0.1075,0.2089,0.2243,0.129,0.0584,0.0258,0.016,0.0012,0.0213,0.0201,0.65,Micro/Mini Hydro (<1 MW),5.8,0.74,5.86,2.4,3.46,0.34,0.28,0.34,0.46,0.59,0.57,0.59,0.59,0.57,0.59,0.57,0.41,Resunga,0,1.0,Pico (<5 kW),0,1,0
8336,1,1076.1,1012.8,63.4,0.53,3.51,329.8,19.21,83.143611,28.138056,0,1,WECS_NEA_MIP,0.1378,0.0937,0.0489,0.0287,0.0209,0.0303,0.0276,0.0303,0.0413,0.0758,0.2411,0.4684,0.5028,0.2893,0.1309,0.0579,0.0358,0.0028,0.0489,0.0461,0.65,Micro/Mini Hydro (<1 MW),57.1,16.78,131.44,53.25,78.2,7.45,6.07,7.45,10.09,13.25,12.82,13.25,13.25,12.82,13.25,12.82,8.94,Dhurkot,0,1.0,Micro (5-100 kW),0,1,1
8346,2,1075.6,1047.6,28.0,2.56,4.17,383.0,7.3,83.221389,28.1925,0,1,WECS_NEA_MIP,0.1631,0.1111,0.0582,0.0342,0.025,0.0359,0.0326,0.0359,0.0489,0.0897,0.2854,0.5546,0.5953,0.3425,0.155,0.0685,0.0424,0.0033,0.0582,0.0549,0.65,Micro/Mini Hydro (<1 MW),25.2,8.82,68.94,27.87,41.07,3.9,3.16,3.9,5.28,6.96,6.73,6.96,6.96,6.73,6.96,6.73,4.67,Isma,0,1.0,Micro (5-100 kW),0,1,1
8347,1,1075.5,1067.0,8.5,0.5,12.89,397.6,2.14,83.415278,28.1175,1,0,WECS_NEA_MIP,0.4929,0.3396,0.1819,0.1094,0.0809,0.1084,0.0986,0.1084,0.1479,0.2711,0.8626,1.676,1.7992,1.0352,0.4683,0.207,0.1282,0.0099,0.3396,0.3297,0.82,Commercial RoR (>1 MW),7.7,20.42,122.44,36.41,86.03,4.54,3.69,4.54,6.15,12.04,15.15,15.65,15.65,15.15,15.65,8.79,5.45,Chandrakot,0,1.0,Micro (5-100 kW),0,1,1
8358,1,1074.6,1012.8,61.8,0.51,3.95,273.3,22.6,83.202778,28.089722,0,1,WECS_NEA_MIP,0.1547,0.1053,0.0551,0.0324,0.0236,0.034,0.0309,0.034,0.0464,0.0851,0.2707,0.5259,0.5645,0.3248,0.1469,0.065,0.0402,0.0031,0.0551,0.052,0.65,Micro/Mini Hydro (<1 MW),55.6,18.44,144.09,58.3,85.8,8.15,6.62,8.15,11.05,14.53,14.07,14.53,14.53,14.07,14.53,14.07,9.79,Dhurkot,0,1.0,Micro (5-100 kW),0,1,1
8359,3,1074.6,1049.1,25.5,15.9,16.3,533.3,4.77,83.208056,28.215556,1,0,WECS_NEA_MIP,0.6204,0.4284,0.2305,0.1394,0.1033,0.1365,0.1241,0.1365,0.1861,0.3412,1.0857,2.1094,2.2645,1.3029,0.5894,0.2606,0.1613,0.0124,0.4284,0.416,0.82,Commercial RoR (>1 MW),22.9,76.63,459.05,136.35,322.7,17.01,13.83,17.01,23.04,45.06,56.82,58.71,58.71,56.82,58.71,32.92,20.41,Musikot,0,1.0,Micro (5-100 kW),0,1,1
8360,3,1049.1,1044.7,4.4,16.3,17.04,219.4,2.0,83.211111,28.216389,1,0,WECS_NEA_MIP,0.648,0.4477,0.2411,0.1459,0.1081,0.1426,0.1296,0.1426,0.1944,0.3564,1.134,2.2032,2.3652,1.3608,0.6156,0.2722,0.1685,0.013,0.4477,0.4347,0.82,Commercial RoR (>1 MW),4.0,13.99,83.77,24.87,58.9,3.1,2.52,3.1,4.2,8.22,10.37,10.72,10.72,10.37,10.72,6.0,3.72,Musikot,0,1.0,Micro (5-100 kW),0,1,1
8369,1,1074.0,1040.5,33.5,1.81,4.19,422.6,7.93,83.202778,28.171667,0,1,WECS_NEA_MIP,0.1639,0.1116,0.0585,0.0344,0.0251,0.0361,0.0328,0.0361,0.0492,0.0901,0.2868,0.5572,0.5981,0.3441,0.1557,0.0688,0.0426,0.0033,0.0585,0.0552,0.65,Micro/Mini Hydro (<1 MW),30.2,10.63,83.07,33.59,49.48,4.7,3.82,4.7,6.36,8.38,8.11,8.38,8.38,8.11,8.38,8.11,5.63,Isma,0,1.0,Micro (5-100 kW),0,1,1
8374,1,1073.5,1033.9,39.6,0.6,13.04,485.4,8.15,83.1225,28.174722,1,0,WECS_NEA_MIP,0.4986,0.3435,0.184,0.1108,0.0819,0.1097,0.0997,0.1097,0.1496,0.2742,0.8725,1.6951,1.8197,1.047,0.4736,0.2094,0.1296,0.01,0.3435,0.3335,0.82,Commercial RoR (>1 MW),35.6,95.51,572.63,170.3,402.33,21.24,17.26,21.24,28.78,56.29,70.83,73.19,73.19,70.83,73.19,41.11,25.48,Madane,0,1.0,Micro (5-100 kW),0,1,1
8399,1,1070.7,993.9,76.8,0.5,0.79,597.1,12.86,83.134167,28.16,0,1,WECS_NEA_MIP,0.0319,0.0214,0.0108,0.0062,0.0044,0.007,0.0064,0.007,0.0096,0.0176,0.0559,0.1086,0.1166,0.0671,0.0303,0.0134,0.0083,0.0006,0.0108,0.0102,0.65,Micro/Mini Hydro (<1 MW),69.1,4.49,35.73,14.83,20.9,2.1,1.72,2.1,2.86,3.54,3.43,3.54,3.54,3.43,3.54,3.43,2.52,Dhurkot,0,1.0,Pico (<5 kW),0,1,0
8400,3,993.9,993.9,0.0,0.79,25.67,41.2,0.0,83.136111,28.161667,1,0,WECS_NEA_MIP,0.9682,0.6716,0.3647,0.2225,0.1656,0.213,0.1936,0.213,0.2905,0.5325,1.6944,3.292,3.5341,2.0333,0.9198,0.4067,0.2517,0.0194,0.6716,0.6522,0.82,Commercial RoR (>1 MW),0.0,0.0,0.0,0.0,0.0,0.0,0.0,0.0,0.0,0.0,0.0,0.0,0.0,0.0,0.0,0.0,0.0,Dhurkot,0,1.0,Pico (<5 kW),0,0,0
8401,2,1070.6,1038.1,32.5,2.25,2.68,575.2,5.65,83.138333,28.140833,0,1,WECS_NEA_MIP,0.1058,0.0717,0.0372,0.0217,0.0158,0.0233,0.0212,0.0233,0.0317,0.0582,0.1851,0.3596,0.386,0.2221,0.1005,0.0444,0.0275,0.0021,0.0372,0.0351,0.65,Micro/Mini Hydro (<1 MW),29.2,6.54,51.32,20.9,30.42,2.94,2.39,2.94,3.97,5.15,4.99,5.15,5.15,4.99,5.15,4.99,3.52,Dhurkot,0,1.0,Micro (5-100 kW),0,1,1
8402,2,1038.1,1012.8,25.4,2.68,3.51,510.4,4.97,83.142778,28.141111,0,1,WECS_NEA_MIP,0.1378,0.0937,0.0489,0.0287,0.0209,0.0303,0.0276,0.0303,0.0413,0.0758,0.2411,0.4684,0.5028,0.2893,0.1309,0.0579,0.0358,0.0028,0.0489,0.0461,0.65,Micro/Mini Hydro (<1 MW),22.9,6.73,52.72,21.35,31.36,2.99,2.43,2.99,4.05,5.31,5.14,5.31,5.31,5.14,5.31,5.14,3.59,Dhurkot,0,1.0,Micro (5-100 kW),0,1,1
8412,1,1070.1,1012.9,57.2,0.53,0.99,589.1,9.71,83.209444,28.150833,0,1,WECS_NEA_MIP,0.0399,0.0268,0.0136,0.0078,0.0056,0.0088,0.008,0.0088,0.012,0.0219,0.0697,0.1355,0.1455,0.0837,0.0379,0.0167,0.0104,0.0008,0.0136,0.0128,0.65,Micro/Mini Hydro (<1 MW),51.5,4.2,33.43,13.81,19.62,1.95,1.59,1.95,2.65,3.32,3.22,3.32,3.32,3.22,3.32,3.22,2.35,Isma,0,1.0,Pico (<5 kW),0,1,0
8413,1,1012.9,981.1,31.8,0.99,1.27,505.4,6.29,83.204722,28.150278,0,1,WECS_NEA_MIP,0.0509,0.0342,0.0175,0.0101,0.0073,0.0112,0.0102,0.0112,0.0153,0.028,0.089,0.173,0.1857,0.1068,0.0483,0.0214,0.0132,0.001,0.0175,0.0165,0.65,Micro/Mini Hydro (<1 MW),28.6,3.01,23.82,9.8,14.02,1.38,1.13,1.38,1.88,2.37,2.3,2.37,2.37,2.3,2.37,2.3,1.66,Isma,0,1.0,Pico (<5 kW),0,1,0
8414,1,981.1,952.7,28.4,1.27,1.57,617.1,4.61,83.2,28.148611,0,1,WECS_NEA_MIP,0.0626,0.0422,0.0217,0.0125,0.0091,0.0138,0.0125,0.0138,0.0188,0.0344,0.1096,0.2129,0.2286,0.1315,0.0595,0.0263,0.0163,0.0013,0.0217,0.0204,0.65,Micro/Mini Hydro (<1 MW),25.6,3.33,26.34,10.78,15.56,1.52,1.23,1.52,2.06,2.64,2.55,2.64,2.64,2.55,2.64,2.55,1.82,Isma,0,1.0,Pico (<5 kW),0,1,0
8415,1,952.7,938.2,14.5,1.57,12.68,410.3,3.53,83.195833,28.145833,1,0,WECS_NEA_MIP,0.4851,0.3341,0.1789,0.1076,0.0795,0.1067,0.097,0.1067,0.1455,0.2668,0.8489,1.6492,1.7705,1.0186,0.4608,0.2037,0.1261,0.0097,0.3341,0.3244,0.82,Commercial RoR (>1 MW),13.1,34.18,204.98,60.98,144.0,7.6,6.18,7.6,10.3,20.16,25.35,26.19,26.19,25.35,26.19,14.72,9.13,Isma,0,1.0,Micro (5-100 kW),0,1,1
8427,1,1069.2,1045.2,24.0,0.74,1.1,537.0,4.46,83.136111,28.146111,0,1,WECS_NEA_MIP,0.0442,0.0297,0.0151,0.0087,0.0063,0.0097,0.0088,0.0097,0.0133,0.0243,0.0773,0.1502,0.1613,0.0928,0.042,0.0186,0.0115,0.0009,0.0151,0.0142,0.65,Micro/Mini Hydro (<1 MW),21.6,1.96,15.53,6.4,9.13,0.9,0.73,0.9,1.23,1.55,1.5,1.55,1.55,1.5,1.55,1.5,1.09,Dhurkot,0,1.0,Pico (<5 kW),0,1,0
8428,1,1045.2,1010.5,34.8,1.1,1.9,596.5,5.83,83.14,28.149444,0,1,WECS_NEA_MIP,0.0755,0.051,0.0263,0.0152,0.011,0.0166,0.0151,0.0166,0.0226,0.0415,0.1321,0.2567,0.2756,0.1585,0.0717,0.0317,0.0196,0.0015,0.0263,0.0248,0.65,Micro/Mini Hydro (<1 MW),31.3,4.95,38.99,15.93,23.05,2.24,1.82,2.24,3.03,3.91,3.78,3.91,3.91,3.78,3.91,3.78,2.69,Dhurkot,0,1.0,Pico (<5 kW),0,1,0
8429,2,1010.5,970.3,40.1,1.9,2.37,564.9,7.11,83.144722,28.151667,0,1,WECS_NEA_MIP,0.0938,0.0635,0.0329,0.0191,0.0139,0.0206,0.0188,0.0206,0.0281,0.0516,0.1641,0.3188,0.3422,0.1969,0.0891,0.0394,0.0244,0.0019,0.0329,0.031,0.65,Micro/Mini Hydro (<1 MW),36.1,7.14,56.11,22.85,33.26,3.2,2.61,3.2,4.34,5.63,5.45,5.63,5.63,5.45,5.63,5.45,3.85,Dhurkot,0,1.0,Micro (5-100 kW),0,1,1
8430,2,970.3,961.9,8.4,2.37,53.58,136.3,6.15,83.1475,28.151944,1,0,WECS_NEA_MIP,1.9914,1.3916,0.7668,0.4748,0.356,0.4381,0.3983,0.4381,0.5974,1.0953,3.485,6.7709,7.2687,4.182,1.8919,0.8364,0.5178,0.0398,1.3916,1.3518,0.82,Commercial RoR (>1 MW),7.6,82.64,492.72,145.26,347.47,18.12,14.73,18.12,24.54,48.01,61.26,63.3,63.3,61.26,63.3,35.06,21.74,Dhurkot,0,1.0,Micro (5-100 kW),0,1,1
8436,2,1069.1,947.2,121.9,1.96,2.3,491.4,24.8,83.238056,28.168056,0,1,WECS_NEA_MIP,0.091,0.0616,0.0319,0.0185,0.0135,0.02,0.0182,0.02,0.0273,0.0501,0.1593,0.3095,0.3323,0.1912,0.0865,0.0382,0.0237,0.0018,0.0319,0.0301,0.65,Micro/Mini Hydro (<1 MW),109.7,21.06,165.5,67.49,98.0,9.47,7.71,9.47,12.84,16.6,16.07,16.6,16.6,16.07,16.6,16.07,11.4,Isma,0,1.0,Micro (5-100 kW),0,1,1
8437,2,947.2,900.2,47.0,2.3,2.74,537.0,8.75,83.2425,28.168889,0,1,WECS_NEA_MIP,0.1081,0.0733,0.0381,0.0222,0.0162,0.0238,0.0216,0.0238,0.0324,0.0594,0.1891,0.3675,0.3945,0.227,0.1027,0.0454,0.0281,0.0022,0.0381,0.0359,0.65,Micro/Mini Hydro (<1 MW),42.3,9.68,76.03,30.89,45.13,4.33,3.52,4.33,5.86,7.65,7.4,7.65,7.65,7.4,7.65,7.4,5.2,Isma,0,1.0,Micro (5-100 kW),0,1,1
8438,2,900.2,866.6,33.6,2.74,40.77,513.4,6.55,83.246944,28.168889,1,0,WECS_NEA_MIP,1.5236,1.0618,0.5819,0.3583,0.2679,0.3352,0.3047,0.3352,0.4571,0.838,2.6663,5.1803,5.5612,3.1996,1.4474,0.6399,0.3961,0.0305,1.0618,1.0313,0.82,Commercial RoR (>1 MW),30.2,250.54,1495.33,441.56,1053.78,55.07,44.76,55.07,74.62,145.95,185.72,191.91,191.91,185.72,191.91,106.59,66.08,Isma,0,1.0,Mini (100-1000 kW),0,1,1
8439,1,1069.1,965.6,103.4,0.51,1.12,505.4,20.47,83.521667,28.062222,0,1,WECS_NEA_MIP,0.045,0.0302,0.0154,0.0088,0.0064,0.0099,0.009,0.0099,0.0135,0.0247,0.0787,0.1529,0.1642,0.0944,0.0427,0.0189,0.0117,0.0009,0.0154,0.0145,0.65,Micro/Mini Hydro (<1 MW),93.1,8.61,68.29,28.14,40.15,3.98,3.23,3.98,5.39,6.8,6.58,6.8,6.8,6.58,6.8,6.58,4.77,Kaligandaki,0,1.0,Micro (5-100 kW),0,1,1
8440,1,965.6,954.3,11.3,1.12,2.21,68.5,16.48,83.524167,28.061944,0,1,WECS_NEA_MIP,0.0875,0.0593,0.0306,0.0178,0.0129,0.0193,0.0175,0.0193,0.0263,0.0482,0.1532,0.2977,0.3196,0.1839,0.0832,0.0368,0.0228,0.0018,0.0306,0.0288,0.65,Micro/Mini Hydro (<1 MW),10.2,1.87,14.77,6.02,8.74,0.85,0.69,0.85,1.15,1.48,1.43,1.48,1.48,1.43,1.48,1.43,1.02,Kaligandaki,0,1.0,Pico (<5 kW),0,1,0
8441,1,1068.9,937.6,131.3,0.5,0.63,519.3,25.28,83.254444,28.172778,0,1,WECS_NEA_MIP,0.0256,0.0171,0.0086,0.0049,0.0035,0.0056,0.0051,0.0056,0.0077,0.0141,0.0448,0.087,0.0934,0.0537,0.0243,0.0107,0.0067,0.0005,0.0086,0.0081,0.65,Micro/Mini Hydro (<1 MW),118.2,6.1,48.72,20.26,28.47,2.86,2.33,2.86,3.91,4.82,4.67,4.82,4.82,4.67,4.82,4.67,3.48,Musikot,0,1.0,Micro (5-100 kW),0,1,1
8442,1,937.6,873.7,63.9,0.63,35.76,472.8,13.51,83.250278,28.172778,1,0,WECS_NEA_MIP,1.3399,0.9326,0.5097,0.3131,0.2338,0.2948,0.268,0.2948,0.402,0.7369,2.3448,4.5557,4.8906,2.8138,1.2729,0.5628,0.3484,0.0268,0.9326,0.9058,0.82,Commercial RoR (>1 MW),57.5,418.97,2501.9,739.42,1762.48,92.23,74.97,92.23,124.95,244.37,310.58,320.94,320.94,310.58,320.94,178.5,110.67,Isma,0,1.0,Mini (100-1000 kW),0,1,1
8447,2,1068.2,1040.6,27.6,5.49,5.88,572.2,4.82,83.308333,28.048889,0,1,WECS_NEA_MIP,0.2284,0.1561,0.0823,0.0488,0.0358,0.0503,0.0457,0.0503,0.0685,0.1256,0.3997,0.7766,0.8337,0.4797,0.217,0.0959,0.0594,0.0046,0.0823,0.0777,0.65,Micro/Mini Hydro (<1 MW),24.8,12.29,95.69,38.53,57.16,5.38,4.37,5.38,7.28,9.68,9.37,9.68,9.68,9.37,9.68,9.37,6.45,Gulmidarbar,0,1.0,Micro (5-100 kW),0,1,1
8448,2,1040.6,998.7,42.0,5.88,6.59,565.6,7.42,83.310833,28.045278,0,1,WECS_NEA_MIP,0.2554,0.1748,0.0924,0.0548,0.0403,0.0562,0.0511,0.0562,0.0766,0.1405,0.447,0.8684,0.9323,0.5364,0.2426,0.1073,0.0664,0.0051,0.0924,0.0873,0.65,Micro/Mini Hydro (<1 MW),37.8,21.04,163.56,65.75,97.82,9.16,7.45,9.16,12.41,16.57,16.04,16.57,16.57,16.04,16.57,16.04,10.99,Gulmidarbar,0,1.0,Micro (5-100 kW),0,1,1
8449,2,998.7,949.0,49.7,6.59,7.64,519.3,9.56,83.315556,28.043611,0,1,WECS_NEA_MIP,0.2952,0.2023,0.1072,0.0639,0.047,0.065,0.059,0.065,0.0886,0.1624,0.5167,1.0038,1.0776,0.62,0.2805,0.124,0.0768,0.0059,0.1072,0.1013,0.65,Micro/Mini Hydro (<1 MW),44.7,28.87,224.17,89.98,134.2,12.53,10.17,12.53,16.97,22.73,22.0,22.73,22.73,22.0,22.73,22.0,15.04,Gulmidarbar,0,1.0,Micro (5-100 kW),0,1,1
8450,2,949.0,920.5,28.5,7.64,9.65,561.9,5.08,83.32,28.042222,0,1,WECS_NEA_MIP,0.3712,0.255,0.1358,0.0812,0.0599,0.0817,0.0742,0.0817,0.1114,0.2041,0.6496,1.262,1.3548,0.7795,0.3526,0.1559,0.0965,0.0074,0.1358,0.1284,0.65,Micro/Mini Hydro (<1 MW),25.7,21.04,162.91,65.17,97.74,9.06,7.36,9.06,12.27,16.56,16.02,16.56,16.56,16.02,16.56,16.02,10.86,Gulmidarbar,0,1.0,Micro (5-100 kW),0,1,1
8451,1,1068.2,1036.1,32.1,0.5,14.47,216.4,14.84,83.499722,28.078889,1,0,WECS_NEA_MIP,0.5521,0.3808,0.2044,0.1233,0.0912,0.1215,0.1104,0.1215,0.1656,0.3036,0.9661,1.8771,2.0151,1.1594,0.5245,0.2319,0.1435,0.011,0.3808,0.3698,0.82,Commercial RoR (>1 MW),28.9,85.97,515.21,153.16,362.05,19.11,15.53,19.11,25.88,50.61,63.74,65.86,65.86,63.74,65.86,36.98,22.92,Kaligandaki,0,1.0,Micro (5-100 kW),0,1,1
8453,1,1067.5,966.0,101.5,0.51,0.59,575.9,17.63,83.273889,28.019444,0,1,WECS_NEA_MIP,0.024,0.016,0.0081,0.0046,0.0033,0.0053,0.0048,0.0053,0.0072,0.0132,0.042,0.0816,0.0876,0.0504,0.0228,0.0101,0.0062,0.0005,0.0081,0.0076,0.65,Micro/Mini Hydro (<1 MW),91.4,4.43,35.38,14.64,20.73,2.08,1.68,2.08,2.81,3.51,3.4,3.51,3.51,3.4,3.51,3.4,2.47,Resunga,0,1.0,Pico (<5 kW),0,1,0
8454,1,966.0,966.0,0.0,0.59,17.76,92.8,0.0,83.272778,28.0175,1,0,WECS_NEA_MIP,0.6748,0.4664,0.2514,0.1522,0.1129,0.1485,0.135,0.1485,0.2025,0.3712,1.181,2.2944,2.4631,1.4172,0.6411,0.2834,0.1755,0.0135,0.4664,0.4529,0.82,Commercial RoR (>1 MW),0.0,0.0,0.0,0.0,0.0,0.0,0.0,0.0,0.0,0.0,0.0,0.0,0.0,0.0,0.0,0.0,0.0,Resunga,0,1.0,Pico (<5 kW),0,0,0
8456,3,1067.0,1063.2,3.8,12.89,84.71,254.0,1.5,83.414167,28.115,1,0,WECS_NEA_MIP,3.1197,2.1901,1.2179,0.761,0.5732,0.6863,0.6239,0.6863,0.9359,1.7159,5.4596,10.6071,11.3871,6.5515,2.9638,1.3103,0.8111,0.0624,2.1901,2.1277,0.82,Commercial RoR (>1 MW),3.4,58.19,346.32,101.79,244.53,12.7,10.32,12.7,17.2,33.65,43.13,44.57,44.57,43.13,44.57,24.57,15.24,Chandrakot,0,1.0,Micro (5-100 kW),0,0,0
8470,1,1065.9,914.1,151.8,0.53,117.89,371.1,40.92,83.402222,28.093056,1,0,WECS_NEA_MIP,4.3131,3.0379,1.7005,1.0697,0.8084,0.9489,0.8626,0.9489,1.2939,2.3722,7.5479,14.6646,15.7429,9.0575,4.0975,1.8115,1.1214,0.0863,3.0379,2.9516,0.82,Commercial RoR (>1 MW),136.6,3243.33,19276.72,5654.09,13622.63,705.21,573.23,705.21,955.41,1868.8,2403.47,2483.59,2483.59,2403.47,2483.59,1364.91,846.23,Chandrakot,0,1.0,Small/Medium RoR (>1 MW),0,1,1
8475,1,1064.5,1031.4,33.1,0.5,1.29,164.9,20.08,83.375,28.035556,0,1,WECS_NEA_MIP,0.0517,0.0348,0.0178,0.0102,0.0074,0.0114,0.0103,0.0114,0.0155,0.0284,0.0904,0.1756,0.1885,0.1085,0.0491,0.0217,0.0134,0.001,0.0178,0.0168,0.65,Micro/Mini Hydro (<1 MW),29.8,3.19,25.24,10.38,14.86,1.47,1.19,1.47,1.98,2.52,2.44,2.52,2.52,2.44,2.52,2.44,1.75,Chatrakot,0,1.0,Pico (<5 kW),0,1,0
8481,3,1064.0,1036.1,27.9,13.71,14.47,286.6,9.74,83.498611,28.079444,1,0,WECS_NEA_MIP,0.5521,0.3808,0.2044,0.1233,0.0912,0.1215,0.1104,0.1215,0.1656,0.3036,0.9661,1.8771,2.0151,1.1594,0.5245,0.2319,0.1435,0.011,0.3808,0.3698,0.82,Commercial RoR (>1 MW),25.1,74.67,447.46,133.02,314.44,16.6,13.49,16.6,22.47,43.95,55.36,57.2,57.2,55.36,57.2,32.11,19.9,Chandrakot,0,1.0,Micro (5-100 kW),0,1,1
8487,4,1063.2,1057.4,5.8,84.71,92.58,388.0,1.49,83.414444,28.1125,1,0,WECS_NEA_MIP,3.4035,2.3915,1.3322,0.834,0.6287,0.7488,0.6807,0.7488,1.0211,1.8719,5.9562,11.572,12.4229,7.1474,3.2334,1.4295,0.8849,0.0681,2.3915,2.3234,0.82,Commercial RoR (>1 MW),5.2,97.19,578.18,169.85,408.33,21.18,17.22,21.18,28.7,56.14,72.03,74.43,74.43,72.03,74.43,41.0,25.42,Chandrakot,0,1.0,Micro (5-100 kW),0,1,1
8494,2,1062.6,962.8,99.9,3.6,4.13,597.8,16.71,83.266111,28.096111,0,1,WECS_NEA_MIP,0.1616,0.1101,0.0576,0.0339,0.0248,0.0355,0.0323,0.0355,0.0485,0.0889,0.2828,0.5494,0.5897,0.3393,0.1535,0.0679,0.042,0.0032,0.0576,0.0544,0.65,Micro/Mini Hydro (<1 MW),89.9,31.18,243.59,98.57,145.02,13.78,11.21,13.78,18.7,24.57,23.77,24.57,24.57,23.77,24.57,23.77,16.55,Resunga,0,1.0,Micro (5-100 kW),0,1,1
8495,2,962.8,934.2,28.5,4.13,7.47,432.9,6.59,83.264167,28.100278,0,1,WECS_NEA_MIP,0.2888,0.1979,0.1048,0.0624,0.0459,0.0635,0.0578,0.0635,0.0866,0.1588,0.5054,0.9819,1.0541,0.6065,0.2744,0.1213,0.0751,0.0058,0.1048,0.099,0.65,Micro/Mini Hydro (<1 MW),25.7,16.22,125.99,50.56,75.43,7.04,5.73,7.04,9.53,12.78,12.37,12.78,12.78,12.37,12.78,12.37,8.45,Resunga,0,1.0,Micro (5-100 kW),0,1,1
8508,1,1061.9,893.8,168.1,0.63,0.78,589.8,28.5,83.219167,28.095833,0,1,WECS_NEA_MIP,0.0315,0.0211,0.0107,0.0061,0.0044,0.0069,0.0063,0.0069,0.0095,0.0174,0.0552,0.1073,0.1152,0.0663,0.03,0.0133,0.0082,0.0006,0.0107,0.0101,0.65,Micro/Mini Hydro (<1 MW),151.3,9.74,77.4,32.06,45.34,4.52,3.7,4.52,6.18,7.68,7.43,7.68,7.68,7.43,7.68,7.43,5.46,Resunga,0,1.0,Micro (5-100 kW),0,1,1
8509,1,893.8,893.8,0.0,0.78,62.29,218.1,0.0,83.222222,28.096944,1,0,WECS_NEA_MIP,2.3082,1.6154,0.8928,0.5545,0.4164,0.5078,0.4616,0.5078,0.6925,1.2695,4.0393,7.8479,8.4249,4.8472,2.1928,0.9694,0.6001,0.0462,1.6154,1.5692,0.82,Commercial RoR (>1 MW),0.0,0.0,0.0,0.0,0.0,0.0,0.0,0.0,0.0,0.0,0.0,0.0,0.0,0.0,0.0,0.0,0.0,Resunga,0,1.0,Pico (<5 kW),0,0,0
8510,1,1061.5,946.0,115.5,1.57,1.93,555.2,20.8,83.438889,27.965833,0,1,WECS_NEA_MIP,0.0767,0.0518,0.0267,0.0155,0.0112,0.0169,0.0153,0.0169,0.023,0.0422,0.1342,0.2607,0.2798,0.161,0.0728,0.0322,0.0199,0.0015,0.0267,0.0252,0.65,Micro/Mini Hydro (<1 MW),104.0,16.71,131.63,53.86,77.77,7.6,6.15,7.6,10.27,13.17,12.75,13.17,13.17,12.75,13.17,12.75,9.08,Ruru,0,1.0,Micro (5-100 kW),0,1,1
8511,2,946.0,838.4,107.6,1.93,2.39,614.1,17.52,83.443611,27.963889,0,1,WECS_NEA_MIP,0.0945,0.064,0.0332,0.0193,0.014,0.0208,0.0189,0.0208,0.0284,0.052,0.1654,0.3214,0.345,0.1985,0.0898,0.0397,0.0246,0.0019,0.0332,0.0313,0.65,Micro/Mini Hydro (<1 MW),96.8,19.32,151.86,61.86,90.0,8.68,7.05,8.68,11.78,15.25,14.75,15.25,15.25,14.75,15.25,14.75,10.42,Ruru,0,1.0,Micro (5-100 kW),0,1,1
8512,2,838.4,762.8,75.6,2.39,2.85,624.4,12.11,83.445833,27.959444,0,1,WECS_NEA_MIP,0.1123,0.0762,0.0396,0.0231,0.0168,0.0247,0.0225,0.0247,0.0337,0.0618,0.1966,0.3819,0.41,0.2359,0.1067,0.0472,0.0292,0.0022,0.0396,0.0374,0.65,Micro/Mini Hydro (<1 MW),68.0,16.22,127.16,51.75,75.41,7.26,5.92,7.26,9.83,12.77,12.36,12.77,12.77,12.36,12.77,12.36,8.71,Ruru,0,1.0,Micro (5-100 kW),0,1,1
8513,2,762.8,621.9,140.9,2.85,3.26,607.4,23.2,83.450556,27.956389,0,1,WECS_NEA_MIP,0.1281,0.0871,0.0454,0.0266,0.0194,0.0282,0.0256,0.0282,0.0384,0.0705,0.2243,0.4357,0.4677,0.2691,0.1217,0.0538,0.0333,0.0026,0.0454,0.0428,0.65,Micro/Mini Hydro (<1 MW),126.8,34.61,271.14,109.92,161.22,15.4,12.5,15.4,20.84,27.31,26.43,27.31,27.31,26.43,27.31,26.43,18.47,Ruru,0,1.0,Micro (5-100 kW),0,1,1
8514,2,621.9,468.2,153.7,3.26,3.41,556.6,27.61,83.451667,27.951667,0,1,WECS_NEA_MIP,0.1339,0.091,0.0475,0.0278,0.0203,0.0295,0.0268,0.0295,0.0402,0.0737,0.2344,0.4553,0.4888,0.2812,0.1272,0.0562,0.0348,0.0027,0.0475,0.0448,0.65,Micro/Mini Hydro (<1 MW),138.3,39.51,309.46,125.49,183.98,17.58,14.28,17.58,23.81,31.17,30.16,31.17,31.17,30.16,31.17,30.16,21.06,Ruru,0,1.0,Micro (5-100 kW),0,1,1
8515,2,468.2,463.5,4.7,3.41,3.44,327.2,1.43,83.453889,27.949444,0,1,WECS_NEA_MIP,0.1351,0.0918,0.0479,0.0281,0.0205,0.0297,0.027,0.0297,0.0405,0.0743,0.2364,0.4593,0.493,0.2837,0.1283,0.0567,0.0351,0.0027,0.0479,0.0452,0.65,Micro/Mini Hydro (<1 MW),4.2,1.21,9.48,3.84,5.63,0.54,0.44,0.54,0.73,0.95,0.92,0.95,0.95,0.92,0.95,0.92,0.65,Ruru,0,1.0,Pico (<5 kW),0,0,0
8528,1,1060.7,882.9,177.8,0.53,10.26,398.3,44.63,83.495278,28.003333,1,0,WECS_NEA_MIP,0.3942,0.2709,0.1444,0.0865,0.0638,0.0867,0.0788,0.0867,0.1182,0.2168,0.6898,1.3401,1.4387,0.8277,0.3744,0.1655,0.1025,0.0079,0.2709,0.263,0.82,Commercial RoR (>1 MW),160.0,338.5,2031.43,605.08,1426.35,75.46,61.32,75.46,102.21,200.04,251.04,259.41,259.41,251.04,259.41,146.05,90.59,Satyawati,0,1.0,Mini (100-1000 kW),0,1,1
8535,2,1060.5,1036.0,24.5,9.37,9.73,628.7,3.89,83.163889,28.175556,0,1,WECS_NEA_MIP,0.3742,0.2571,0.1369,0.0819,0.0604,0.0823,0.0748,0.0823,0.1123,0.2058,0.6548,1.2723,1.3658,0.7858,0.3555,0.1572,0.0973,0.0075,0.1369,0.1294,0.65,Micro/Mini Hydro (<1 MW),22.1,18.24,141.19,56.46,84.73,7.84,6.37,7.84,10.63,14.35,13.89,14.35,14.35,13.89,14.35,13.89,9.42,Malika,0,1.0,Micro (5-100 kW),0,1,1
8536,2,1036.0,1030.2,5.8,9.73,10.78,164.9,3.53,83.161667,28.172778,1,0,WECS_NEA_MIP,0.4137,0.2845,0.1518,0.091,0.0672,0.091,0.0827,0.091,0.1241,0.2275,0.724,1.4067,1.5101,0.8688,0.393,0.1738,0.1076,0.0083,0.2845,0.2762,0.82,Commercial RoR (>1 MW),5.2,11.55,69.32,20.64,48.68,2.57,2.09,2.57,3.49,6.82,8.57,8.85,8.85,8.57,8.85,4.98,3.09,Malika,0,1.0,Micro (5-100 kW),0,1,1
8541,3,1059.6,1059.6,0.0,31.25,31.71,592.8,0.0,83.129722,28.106389,1,0,WECS_NEA_MIP,1.191,0.8279,0.4514,0.2766,0.2063,0.262,0.2382,0.262,0.3573,0.6551,2.0843,4.0494,4.3472,2.5011,1.1315,0.5002,0.3097,0.0238,0.8279,0.8041,0.82,Commercial RoR (>1 MW),0.0,0.0,0.0,0.0,0.0,0.0,0.0,0.0,0.0,0.0,0.0,0.0,0.0,0.0,0.0,0.0,0.0,Dhurkot,0,1.0,Pico (<5 kW),0,0,0
8542,3,1059.6,1039.7,19.9,31.71,32.71,465.5,4.27,83.133611,28.105278,1,0,WECS_NEA_MIP,1.2278,0.8538,0.4658,0.2856,0.2131,0.2701,0.2456,0.2701,0.3683,0.6753,2.1487,4.1745,4.4815,2.5784,1.1664,0.5157,0.3192,0.0246,0.8538,0.8292,0.82,Commercial RoR (>1 MW),17.9,119.4,713.24,210.89,502.35,26.3,21.38,26.3,35.63,69.71,88.52,91.47,91.47,88.52,91.47,50.91,31.56,Dhurkot,0,1.0,Mini (100-1000 kW),0,1,1
8545,1,1058.5,963.5,94.9,0.65,1.07,519.3,18.28,83.258611,28.1675,0,1,WECS_NEA_MIP,0.043,0.0289,0.0147,0.0084,0.0061,0.0095,0.0086,0.0095,0.0129,0.0237,0.0753,0.1462,0.157,0.0903,0.0409,0.0181,0.0112,0.0009,0.0147,0.0138,0.65,Micro/Mini Hydro (<1 MW),85.4,7.51,59.78,24.62,35.16,3.48,2.82,3.48,4.7,5.96,5.76,5.96,5.96,5.76,5.96,5.76,4.17,Musikot,0,1.0,Micro (5-100 kW),0,1,1
8546,1,963.5,891.6,71.9,1.07,1.65,523.0,13.76,83.253889,28.1675,0,1,WECS_NEA_MIP,0.0657,0.0444,0.0228,0.0132,0.0095,0.0145,0.0131,0.0145,0.0197,0.0362,0.1151,0.2235,0.24,0.1381,0.0625,0.0276,0.0171,0.0013,0.0228,0.0215,0.65,Micro/Mini Hydro (<1 MW),64.7,8.87,70.0,28.69,41.31,4.05,3.27,4.05,5.47,7.0,6.77,7.0,7.0,6.77,7.0,6.77,4.85,Musikot,0,1.0,Micro (5-100 kW),0,1,1
8547,1,891.6,869.0,22.6,1.65,37.82,260.0,8.69,83.250833,28.168333,1,0,WECS_NEA_MIP,1.4155,0.9857,0.5394,0.3317,0.2478,0.3114,0.2831,0.3114,0.4247,0.7785,2.4771,4.8127,5.1666,2.9726,1.3447,0.5945,0.368,0.0283,0.9857,0.9574,0.82,Commercial RoR (>1 MW),20.3,156.34,933.4,275.77,657.62,34.39,27.96,34.39,46.61,91.14,115.89,119.76,119.76,115.89,119.76,66.57,41.27,Musikot,0,1.0,Mini (100-1000 kW),0,1,1
8555,1,1057.6,953.1,104.6,0.51,1.44,625.1,16.73,83.424167,27.985556,0,1,WECS_NEA_MIP,0.0575,0.0388,0.0199,0.0114,0.0083,0.0127,0.0115,0.0127,0.0173,0.0316,0.1007,0.1956,0.21,0.1208,0.0547,0.0242,0.015,0.0011,0.0199,0.0188,0.65,Micro/Mini Hydro (<1 MW),94.1,11.28,89.08,36.64,52.44,5.18,4.19,5.18,7.0,8.88,8.6,8.88,8.88,8.6,8.88,8.6,6.21,Ruru,0,1.0,Micro (5-100 kW),0,1,1
8556,1,953.1,871.1,81.9,1.44,2.15,597.8,13.71,83.426944,27.980833,0,1,WECS_NEA_MIP,0.0852,0.0577,0.0298,0.0173,0.0126,0.0187,0.017,0.0187,0.0256,0.0469,0.1491,0.2897,0.311,0.179,0.081,0.0358,0.0222,0.0017,0.0298,0.0281,0.65,Micro/Mini Hydro (<1 MW),73.7,13.21,103.9,42.39,61.51,5.94,4.83,5.94,8.09,10.42,10.08,10.42,10.42,10.08,10.42,10.08,7.17,Ruru,0,1.0,Micro (5-100 kW),0,1,1
8557,2,871.1,863.9,7.2,2.15,3.26,61.8,11.63,83.4275,27.978333,0,1,WECS_NEA_MIP,0.1281,0.0871,0.0454,0.0266,0.0194,0.0282,0.0256,0.0282,0.0384,0.0705,0.2243,0.4357,0.4677,0.2691,0.1217,0.0538,0.0333,0.0026,0.0454,0.0428,0.65,Micro/Mini Hydro (<1 MW),6.5,1.77,13.9,5.63,8.26,0.79,0.64,0.79,1.07,1.4,1.35,1.4,1.4,1.35,1.4,1.35,0.95,Ruru,0,1.0,Pico (<5 kW),0,1,0
8561,4,1057.4,1047.2,10.3,92.58,93.22,563.2,1.82,83.414167,28.108611,1,0,WECS_NEA_MIP,3.4266,2.4078,1.3415,0.8399,0.6332,0.7538,0.6853,0.7538,1.028,1.8846,5.9965,11.6504,12.5071,7.1958,3.2553,1.4392,0.8909,0.0685,2.4078,2.3393,0.82,Commercial RoR (>1 MW),9.3,175.01,1041.1,305.84,735.27,38.14,31.01,38.14,51.68,101.08,129.69,134.02,134.02,129.69,134.02,73.83,45.77,Chandrakot,0,1.0,Mini (100-1000 kW),0,1,1
8562,4,1047.2,1047.2,0.0,93.22,108.28,243.7,0.0,83.415278,28.105833,1,0,WECS_NEA_MIP,3.9683,2.7926,1.5606,0.98,0.74,0.873,0.7937,0.873,1.1905,2.1825,6.9445,13.4921,14.4842,8.3334,3.7699,1.6667,1.0317,0.0794,2.7926,2.7132,0.82,Commercial RoR (>1 MW),0.0,0.0,0.0,0.0,0.0,0.0,0.0,0.0,0.0,0.0,0.0,0.0,0.0,0.0,0.0,0.0,0.0,Chandrakot,0,1.0,Pico (<5 kW),0,0,0
8567,2,1057.3,937.9,119.4,2.33,3.63,541.3,22.06,83.544444,28.027222,0,1,WECS_NEA_MIP,0.1424,0.0969,0.0506,0.0297,0.0217,0.0313,0.0285,0.0313,0.0427,0.0783,0.2492,0.4841,0.5197,0.299,0.1353,0.0598,0.037,0.0029,0.0506,0.0478,0.65,Micro/Mini Hydro (<1 MW),107.5,32.77,255.94,103.6,152.34,14.48,11.79,14.48,19.64,25.81,24.97,25.81,25.81,24.97,25.81,24.97,17.39,Kaligandaki,0,1.0,Micro (5-100 kW),0,1,1
8571,1,1057.2,1030.6,26.6,0.52,0.94,580.2,4.58,83.165833,28.142778,0,1,WECS_NEA_MIP,0.0379,0.0254,0.0129,0.0074,0.0053,0.0083,0.0076,0.0083,0.0114,0.0208,0.0663,0.1288,0.1383,0.0795,0.036,0.0159,0.0098,0.0008,0.0129,0.0121,0.65,Micro/Mini Hydro (<1 MW),23.9,1.84,14.68,6.04,8.63,0.85,0.7,0.85,1.16,1.46,1.42,1.46,1.46,1.42,1.46,1.42,1.02,Isma,0,1.0,Pico (<5 kW),0,1,0
8572,1,1030.6,1012.7,17.9,0.94,1.2,597.8,2.99,83.167222,28.138333,0,1,WECS_NEA_MIP,0.0481,0.0324,0.0165,0.0095,0.0068,0.0106,0.0096,0.0106,0.0144,0.0265,0.0842,0.1636,0.1756,0.1011,0.0457,0.0202,0.0125,0.001,0.0165,0.0155,0.65,Micro/Mini Hydro (<1 MW),16.1,1.59,12.63,5.19,7.44,0.73,0.59,0.73,0.99,1.26,1.22,1.26,1.26,1.22,1.26,1.22,0.88,Isma,0,1.0,Pico (<5 kW),0,1,0
8573,1,1012.7,956.3,56.4,1.2,1.45,569.9,9.91,83.1675,28.133889,0,1,WECS_NEA_MIP,0.0579,0.039,0.02,0.0115,0.0083,0.0127,0.0116,0.0127,0.0174,0.0319,0.1014,0.197,0.2114,0.1216,0.055,0.0243,0.0151,0.0012,0.02,0.0188,0.65,Micro/Mini Hydro (<1 MW),50.8,6.09,48.21,19.76,28.45,2.77,2.26,2.77,3.78,4.82,4.66,4.82,4.82,4.66,4.82,4.66,3.35,Isma,0,1.0,Micro (5-100 kW),0,1,1
8574,1,956.3,912.3,44.0,1.45,1.72,618.4,7.11,83.169167,28.13,0,1,WECS_NEA_MIP,0.0685,0.0462,0.0238,0.0137,0.01,0.0151,0.0137,0.0151,0.0205,0.0377,0.1198,0.2328,0.25,0.1438,0.0651,0.0288,0.0178,0.0014,0.0238,0.0224,0.65,Micro/Mini Hydro (<1 MW),39.6,5.66,44.65,18.26,26.39,2.57,2.09,2.57,3.47,4.47,4.33,4.47,4.47,4.33,4.47,4.33,3.08,Dhurkot,0,1.0,Micro (5-100 kW),0,1,1
8575,1,912.3,899.4,12.9,1.72,69.8,246.7,5.22,83.171111,28.1275,1,0,WECS_NEA_MIP,2.5806,1.8081,1.0016,0.6234,0.4687,0.5677,0.5161,0.5677,0.7742,1.4193,4.5161,8.7741,9.4192,5.4193,2.4516,1.0839,0.671,0.0516,1.8081,1.7565,0.82,Commercial RoR (>1 MW),11.6,163.9,976.18,287.29,688.89,35.83,29.13,35.83,48.55,94.95,121.48,125.53,125.53,121.48,125.53,69.36,43.0,Dhurkot,0,1.0,Mini (100-1000 kW),0,1,1
8586,1,1056.6,1035.5,21.1,0.5,7.61,54.5,38.72,83.503889,28.009444,0,1,WECS_NEA_MIP,0.2941,0.2015,0.1068,0.0636,0.0468,0.0647,0.0588,0.0647,0.0882,0.1618,0.5147,1.0,1.0735,0.6176,0.2794,0.1235,0.0765,0.0059,0.1068,0.1009,0.65,Micro/Mini Hydro (<1 MW),19.0,12.22,94.91,38.08,56.83,5.3,4.31,5.3,7.18,9.63,9.32,9.63,9.63,9.32,9.63,9.32,6.36,Satyawati,0,1.0,Micro (5-100 kW),0,1,1
8602,1,1055.4,1006.2,49.2,0.52,38.54,175.2,28.08,83.152222,28.097222,1,0,WECS_NEA_MIP,1.4419,1.0043,0.5498,0.3382,0.2527,0.3172,0.2884,0.3172,0.4326,0.793,2.5233,4.9025,5.263,3.028,1.3698,0.6056,0.3749,0.0288,1.0043,0.9755,0.82,Commercial RoR (>1 MW),44.3,347.63,2075.24,613.07,1462.17,76.46,62.17,76.46,103.61,202.61,257.68,266.27,266.27,257.68,266.27,147.99,91.76,Dhurkot,0,1.0,Mini (100-1000 kW),0,1,1
8611,1,1055.3,1041.7,13.6,0.54,1.06,561.2,2.42,83.132778,28.099444,0,1,WECS_NEA_MIP,0.0426,0.0286,0.0146,0.0084,0.006,0.0094,0.0085,0.0094,0.0128,0.0234,0.0746,0.1449,0.1555,0.0895,0.0405,0.0179,0.0111,0.0009,0.0146,0.0138,0.65,Micro/Mini Hydro (<1 MW),12.2,1.07,8.47,3.48,4.99,0.49,0.4,0.49,0.67,0.85,0.82,0.85,0.85,0.82,0.85,0.82,0.59,Dhurkot,0,1.0,Pico (<5 kW),0,1,0
8612,2,1041.7,1041.0,0.6,1.06,2.16,41.2,1.52,83.135278,28.098889,0,1,WECS_NEA_MIP,0.0856,0.0579,0.0299,0.0174,0.0126,0.0188,0.0171,0.0188,0.0257,0.0471,0.1498,0.2911,0.3125,0.1798,0.0813,0.036,0.0223,0.0017,0.0299,0.0282,0.65,Micro/Mini Hydro (<1 MW),0.5,0.09,0.71,0.29,0.42,0.04,0.03,0.04,0.06,0.07,0.07,0.07,0.07,0.07,0.07,0.07,0.05,Dhurkot,0,1.0,Pico (<5 kW),0,0,0
8613,1,1055.2,1028.8,26.4,0.63,0.71,254.0,10.38,83.234722,28.085,0,1,WECS_NEA_MIP,0.0288,0.0193,0.0097,0.0055,0.004,0.0063,0.0058,0.0063,0.0086,0.0158,0.0504,0.0978,0.105,0.0604,0.0273,0.0121,0.0075,0.0006,0.0097,0.0091,0.65,Micro/Mini Hydro (<1 MW),23.8,1.38,11.03,4.57,6.47,0.64,0.53,0.64,0.87,1.1,1.06,1.1,1.1,1.06,1.1,1.06,0.78,Resunga,0,1.0,Pico (<5 kW),0,1,0
8628,2,741.6,585.5,156.1,5.56,5.75,551.6,28.29,83.5775,28.075,0,1,WECS_NEA_MIP,0.2235,0.1527,0.0805,0.0477,0.0349,0.0492,0.0447,0.0492,0.067,0.1229,0.3911,0.7598,0.8157,0.4693,0.2123,0.0939,0.0581,0.0045,0.0805,0.076,0.65,Micro/Mini Hydro (<1 MW),140.5,68.09,530.24,213.49,316.75,29.79,24.2,29.79,40.32,53.66,51.93,53.66,53.66,51.93,53.66,51.93,35.73,Kaligandaki,0,1.0,Micro (5-100 kW),0,1,1
8629,2,585.5,585.5,0.0,5.75,242.34,81.8,0.0,83.575,28.075278,1,0,GAUGE_TRANSFER_DHM,10.7547,6.5942,3.2971,2.1195,1.4915,2.366,2.1509,2.366,3.2264,5.9151,18.8208,36.5661,39.2548,22.585,10.217,4.517,2.7962,0.2151,6.5942,6.3791,0.82,Commercial RoR (>1 MW),0.0,0.0,0.0,0.0,0.0,0.0,0.0,0.0,0.0,0.0,0.0,0.0,0.0,0.0,0.0,0.0,0.0,Kaligandaki,1,0.5,Pico (<5 kW),0,0,0
8637,1,1052.3,964.8,87.5,0.62,1.18,603.1,14.51,83.278333,28.004167,0,1,WECS_NEA_MIP,0.0473,0.0318,0.0163,0.0093,0.0067,0.0104,0.0095,0.0104,0.0142,0.026,0.0828,0.1609,0.1728,0.0994,0.045,0.0199,0.0123,0.0009,0.0163,0.0153,0.65,Micro/Mini Hydro (<1 MW),78.8,7.69,61.15,25.17,35.97,3.55,2.9,3.55,4.81,6.09,5.9,6.09,6.09,5.9,6.09,5.9,4.26,Gulmidarbar,0,1.0,Micro (5-100 kW),0,1,1
8638,1,964.8,908.7,56.2,1.18,1.74,579.5,9.69,83.275,28.001111,0,1,WECS_NEA_MIP,0.0693,0.0468,0.0241,0.0139,0.0101,0.0152,0.0139,0.0152,0.0208,0.0381,0.1212,0.2355,0.2528,0.1454,0.0658,0.0291,0.018,0.0014,0.0241,0.0227,0.65,Micro/Mini Hydro (<1 MW),50.6,7.32,57.76,23.61,34.15,3.31,2.71,3.31,4.51,5.79,5.6,5.79,5.79,5.6,5.79,5.6,3.98,Gulmidarbar,0,1.0,Micro (5-100 kW),0,1,1
8639,1,908.7,839.6,69.1,1.74,23.39,551.6,12.53,83.270556,28.0025,1,0,WECS_NEA_MIP,0.8839,0.6126,0.332,0.2022,0.1503,0.1945,0.1768,0.1945,0.2652,0.4861,1.5468,3.0052,3.2262,1.8561,0.8397,0.3712,0.2298,0.0177,0.6126,0.5949,0.82,Commercial RoR (>1 MW),62.2,297.66,1780.48,527.61,1252.87,65.82,53.49,65.82,89.16,174.37,220.69,228.05,228.05,220.69,228.05,127.35,78.96,Gulmidarbar,0,1.0,Mini (100-1000 kW),0,1,1
8661,1,1051.1,1033.7,17.5,0.5,8.14,109.1,16.01,83.278056,28.025556,0,1,WECS_NEA_MIP,0.3142,0.2154,0.1143,0.0682,0.0502,0.0691,0.0628,0.0691,0.0942,0.1728,0.5498,1.0682,1.1467,0.6597,0.2985,0.1319,0.0817,0.0063,0.1143,0.108,0.65,Micro/Mini Hydro (<1 MW),15.8,10.88,84.41,33.84,50.58,4.71,3.83,4.71,6.38,8.57,8.29,8.57,8.57,8.29,8.57,8.29,5.65,Resunga,0,1.0,Micro (5-100 kW),0,1,1
8666,3,1050.6,1033.9,16.7,11.87,12.16,614.7,2.71,83.123056,28.178056,1,0,WECS_NEA_MIP,0.4656,0.3205,0.1715,0.1031,0.0761,0.1024,0.0931,0.1024,0.1397,0.2561,0.8147,1.5829,1.6993,0.9777,0.4423,0.1955,0.121,0.0093,0.3205,0.3112,0.82,Commercial RoR (>1 MW),15.0,37.55,225.21,67.02,158.18,8.36,6.79,8.36,11.33,22.16,27.84,28.77,28.77,27.84,28.77,16.18,10.03,Madane,0,1.0,Micro (5-100 kW),0,1,1
8667,3,1033.9,1033.9,0.0,12.16,13.04,41.2,0.0,83.124167,28.175833,1,0,WECS_NEA_MIP,0.4986,0.3435,0.184,0.1108,0.0819,0.1097,0.0997,0.1097,0.1496,0.2742,0.8725,1.6951,1.8197,1.047,0.4736,0.2094,0.1296,0.01,0.3435,0.3335,0.82,Commercial RoR (>1 MW),0.0,0.0,0.0,0.0,0.0,0.0,0.0,0.0,0.0,0.0,0.0,0.0,0.0,0.0,0.0,0.0,0.0,Madane,0,1.0,Pico (<5 kW),0,0,0
8688,2,1047.6,1031.8,15.8,4.17,4.55,533.3,2.96,83.225556,28.192778,0,1,WECS_NEA_MIP,0.1777,0.1211,0.0635,0.0374,0.0274,0.0391,0.0355,0.0391,0.0533,0.0977,0.3109,0.6041,0.6485,0.3731,0.1688,0.0746,0.0462,0.0035,0.0635,0.06,0.65,Micro/Mini Hydro (<1 MW),14.2,5.43,42.4,17.14,25.25,2.4,1.95,2.4,3.25,4.28,4.14,4.28,4.28,4.14,4.28,4.14,2.88,Isma,0,1.0,Micro (5-100 kW),0,1,1
8689,2,1031.8,1002.9,28.9,4.55,5.43,610.4,4.74,83.229722,28.195556,0,1,WECS_NEA_MIP,0.2113,0.1443,0.076,0.0449,0.0329,0.0465,0.0423,0.0465,0.0634,0.1162,0.3697,0.7183,0.7712,0.4437,0.2007,0.0887,0.0549,0.0042,0.076,0.0718,0.65,Micro/Mini Hydro (<1 MW),26.0,11.9,92.71,37.37,55.34,5.22,4.24,5.22,7.07,9.37,9.07,9.37,9.37,9.07,9.37,9.07,6.25,Isma,0,1.0,Micro (5-100 kW),0,1,1
8690,2,1002.9,975.6,27.2,5.43,28.59,534.6,5.09,83.234167,28.198333,1,0,WECS_NEA_MIP,1.0761,0.7472,0.4066,0.2486,0.1852,0.2367,0.2152,0.2367,0.3228,0.5918,1.8831,3.6586,3.9276,2.2597,1.0222,0.4519,0.2798,0.0215,0.7472,0.7257,0.82,Commercial RoR (>1 MW),24.5,143.02,854.83,253.01,601.81,31.55,25.65,31.55,42.75,83.62,106.03,109.56,109.56,106.03,109.56,61.07,37.87,Isma,0,1.0,Mini (100-1000 kW),0,1,1
8709,4,1047.2,1042.2,5.0,108.28,108.87,580.2,0.85,83.415278,28.102222,1,0,WECS_NEA_MIP,3.9895,2.8077,1.5692,0.9855,0.7442,0.8777,0.7979,0.8777,1.1968,2.1942,6.9815,13.5641,14.5615,8.3778,3.79,1.6756,1.0373,0.0798,2.8077,2.7279,0.82,Commercial RoR (>1 MW),4.5,98.75,587.09,172.29,414.8,21.49,17.47,21.49,29.11,56.94,73.18,75.62,75.62,73.18,75.62,41.59,25.79,Chandrakot,0,1.0,Micro (5-100 kW),0,1,1
8710,4,1042.2,1015.3,26.8,108.87,113.8,315.9,8.5,83.4175,28.099444,1,0,WECS_NEA_MIP,4.1664,2.9335,1.641,1.0315,0.7792,0.9166,0.8333,0.9166,1.2499,2.2915,7.2912,14.1658,15.2074,8.7495,3.9581,1.7499,1.0833,0.0833,2.9335,2.8502,0.82,Commercial RoR (>1 MW),24.1,552.55,3284.57,963.67,2320.91,120.19,97.71,120.19,162.84,318.5,409.47,423.12,423.12,409.47,423.12,232.63,144.24,Chandrakot,0,1.0,Mini (100-1000 kW),0,1,1
8713,1,1046.9,933.4,113.5,0.93,1.79,494.7,22.95,83.362778,28.033611,0,1,WECS_NEA_MIP,0.0712,0.0481,0.0248,0.0143,0.0104,0.0157,0.0142,0.0157,0.0214,0.0392,0.1246,0.2421,0.2599,0.1495,0.0676,0.0299,0.0185,0.0014,0.0248,0.0234,0.65,Micro/Mini Hydro (<1 MW),102.2,15.25,120.15,49.17,70.98,6.93,5.61,6.93,9.38,12.02,11.64,12.02,12.02,11.64,12.02,11.64,8.29,Chatrakot,0,1.0,Micro (5-100 kW),0,1,1
8714,1,1046.7,933.4,113.4,0.51,1.79,410.9,27.59,83.360278,28.034444,0,1,WECS_NEA_MIP,0.0712,0.0481,0.0248,0.0143,0.0104,0.0157,0.0142,0.0157,0.0214,0.0392,0.1246,0.2421,0.2599,0.1495,0.0676,0.0299,0.0185,0.0014,0.0248,0.0234,0.65,Micro/Mini Hydro (<1 MW),102.1,15.23,120.04,49.12,70.91,6.93,5.6,6.93,9.37,12.01,11.62,12.01,12.01,11.62,12.01,11.62,8.28,Chatrakot,0,1.0,Micro (5-100 kW),0,1,1
8726,1,1045.5,1006.4,39.1,0.62,1.0,532.3,7.35,83.171667,28.164722,0,1,WECS_NEA_MIP,0.0402,0.027,0.0138,0.0079,0.0057,0.0089,0.008,0.0089,0.0121,0.0221,0.0704,0.1368,0.1469,0.0845,0.0382,0.0169,0.0105,0.0008,0.0138,0.013,0.65,Micro/Mini Hydro (<1 MW),35.2,2.92,23.15,9.54,13.6,1.35,1.09,1.35,1.83,2.3,2.23,2.3,2.3,2.23,2.3,2.23,1.62,Malika,0,1.0,Pico (<5 kW),0,1,0
8727,1,1006.4,991.3,15.1,1.0,1.51,621.4,2.43,83.173333,28.16,0,1,WECS_NEA_MIP,0.0603,0.0406,0.0209,0.012,0.0087,0.0133,0.0121,0.0133,0.0181,0.0332,0.1055,0.2049,0.22,0.1266,0.0573,0.0253,0.0157,0.0012,0.0209,0.0197,0.65,Micro/Mini Hydro (<1 MW),13.6,1.71,13.5,5.54,7.96,0.78,0.64,0.78,1.06,1.35,1.3,1.35,1.35,1.3,1.35,1.3,0.94,Malika,0,1.0,Pico (<5 kW),0,1,0
8728,1,991.3,969.3,22.0,1.51,2.23,206.1,10.67,83.175833,28.1575,0,1,WECS_NEA_MIP,0.0883,0.0598,0.0309,0.018,0.013,0.0194,0.0177,0.0194,0.0265,0.0486,0.1546,0.3003,0.3224,0.1855,0.0839,0.0371,0.023,0.0018,0.0309,0.0291,0.65,Micro/Mini Hydro (<1 MW),19.8,3.67,28.93,11.79,17.13,1.65,1.35,1.65,2.25,2.9,2.81,2.9,2.9,2.81,2.9,2.81,1.99,Malika,0,1.0,Pico (<5 kW),0,1,0
8734,1,1044.7,1044.7,0.0,0.54,17.04,157.6,0.0,83.211944,28.217222,1,0,WECS_NEA_MIP,0.648,0.4477,0.2411,0.1459,0.1081,0.1426,0.1296,0.1426,0.1944,0.3564,1.134,2.2032,2.3652,1.3608,0.6156,0.2722,0.1685,0.013,0.4477,0.4347,0.82,Commercial RoR (>1 MW),0.0,0.0,0.0,0.0,0.0,0.0,0.0,0.0,0.0,0.0,0.0,0.0,0.0,0.0,0.0,0.0,0.0,Musikot,0,1.0,Pico (<5 kW),0,0,0
8735,3,1044.7,1044.7,0.0,17.04,18.13,459.5,0.0,83.213056,28.215556,1,0,WECS_NEA_MIP,0.6886,0.476,0.2567,0.1555,0.1154,0.1515,0.1377,0.1515,0.2066,0.3787,1.2051,2.3413,2.5134,1.4461,0.6542,0.2892,0.179,0.0138,0.476,0.4622,0.82,Commercial RoR (>1 MW),0.0,0.0,0.0,0.0,0.0,0.0,0.0,0.0,0.0,0.0,0.0,0.0,0.0,0.0,0.0,0.0,0.0,Isma,0,1.0,Pico (<5 kW),0,0,0
8736,3,1044.7,1035.2,9.5,18.13,18.58,575.2,1.65,83.216667,28.212778,1,0,WECS_NEA_MIP,0.7054,0.4877,0.2631,0.1595,0.1183,0.1552,0.1411,0.1552,0.2116,0.3879,1.2344,2.3982,2.5745,1.4812,0.6701,0.2962,0.1834,0.0141,0.4877,0.4736,0.82,Commercial RoR (>1 MW),8.6,32.76,196.16,58.22,137.94,7.26,5.9,7.26,9.84,19.24,24.29,25.1,25.1,24.29,25.1,14.05,8.71,Isma,0,1.0,Micro (5-100 kW),0,1,1
8737,3,1035.2,1002.3,32.9,18.58,18.94,564.9,5.83,83.221389,28.211944,1,0,WECS_NEA_MIP,0.7187,0.4971,0.2683,0.1627,0.1207,0.1581,0.1437,0.1581,0.2156,0.3953,1.2578,2.4437,2.6234,1.5094,0.6828,0.3019,0.1869,0.0144,0.4971,0.4827,0.82,Commercial RoR (>1 MW),29.6,114.93,688.05,204.13,483.92,25.46,20.69,25.46,34.49,67.48,85.22,88.06,88.06,85.22,88.06,49.29,30.56,Musikot,0,1.0,Mini (100-1000 kW),0,1,1
8738,3,1002.3,995.1,7.3,18.94,19.79,617.7,1.18,83.225278,28.215,1,0,WECS_NEA_MIP,0.7503,0.5191,0.2804,0.1702,0.1264,0.1651,0.1501,0.1651,0.2251,0.4127,1.3131,2.5512,2.7388,1.5757,0.7128,0.3151,0.1951,0.015,0.5191,0.5041,0.82,Commercial RoR (>1 MW),6.6,26.76,160.2,47.53,112.67,5.93,4.82,5.93,8.03,15.71,19.84,20.5,20.5,19.84,20.5,11.47,7.11,Musikot,0,1.0,Micro (5-100 kW),0,1,1
8739,3,995.1,987.2,7.9,19.79,21.23,583.2,1.35,83.228056,28.211944,1,0,WECS_NEA_MIP,0.8038,0.5565,0.301,0.183,0.1359,0.1768,0.1608,0.1768,0.2411,0.4421,1.4067,2.733,2.9339,1.688,0.7636,0.3376,0.209,0.0161,0.5565,0.5404,0.82,Commercial RoR (>1 MW),7.1,30.86,184.69,54.76,129.93,6.83,5.55,6.83,9.25,18.1,22.88,23.65,23.65,22.88,23.65,13.22,8.2,Isma,0,1.0,Micro (5-100 kW),0,1,1
8742,1,1044.4,877.3,167.0,0.54,0.83,597.8,27.94,83.5225,28.083333,0,1,WECS_NEA_MIP,0.0335,0.0225,0.0114,0.0065,0.0047,0.0074,0.0067,0.0074,0.0101,0.0184,0.0587,0.114,0.1224,0.0704,0.0319,0.0141,0.0087,0.0007,0.0114,0.0107,0.65,Micro/Mini Hydro (<1 MW),150.3,10.25,81.72,33.74,47.99,4.78,3.86,4.78,6.49,8.13,7.87,8.13,8.13,7.87,8.13,7.87,5.7,Kaligandaki,0,1.0,Micro (5-100 kW),0,1,1
8743,1,877.3,856.6,20.8,0.83,31.55,103.1,20.13,83.5225,28.080556,1,0,WECS_NEA_MIP,1.1851,0.8238,0.4491,0.2752,0.2052,0.2607,0.237,0.2607,0.3555,0.6518,2.074,4.0294,4.3257,2.4888,1.1259,0.4978,0.3081,0.0237,0.8238,0.8001,0.82,Commercial RoR (>1 MW),18.7,120.36,719.06,212.67,506.39,26.52,21.56,26.52,35.94,70.3,89.22,92.2,92.2,89.22,92.2,51.35,31.83,Kaligandaki,0,1.0,Mini (100-1000 kW),0,1,1
8757,1,1043.1,1020.8,22.3,1.74,2.08,561.2,3.98,83.126389,28.166944,0,1,WECS_NEA_MIP,0.0825,0.0558,0.0288,0.0167,0.0121,0.0181,0.0165,0.0181,0.0247,0.0454,0.1444,0.2805,0.3011,0.1732,0.0784,0.0346,0.0214,0.0017,0.0288,0.0272,0.65,Micro/Mini Hydro (<1 MW),20.1,3.49,27.36,11.15,16.21,1.56,1.27,1.56,2.12,2.75,2.66,2.75,2.75,2.66,2.75,2.66,1.88,Dhurkot,0,1.0,Pico (<5 kW),0,1,0
8758,2,1020.8,1006.6,14.2,2.08,23.43,209.1,6.8,83.129444,28.168333,1,0,WECS_NEA_MIP,0.8854,0.6136,0.3326,0.2025,0.1506,0.1948,0.1771,0.1948,0.2656,0.4869,1.5494,3.0102,3.2316,1.8593,0.8411,0.3719,0.2302,0.0177,0.6136,0.5959,0.82,Commercial RoR (>1 MW),12.8,61.36,367.02,108.76,258.25,13.57,11.03,13.57,18.38,35.94,45.49,47.01,47.01,45.49,47.01,26.26,16.28,Dhurkot,0,1.0,Micro (5-100 kW),0,1,1
8759,1,1042.9,875.4,167.6,0.57,0.86,631.0,26.55,83.260833,28.195278,0,1,WECS_NEA_MIP,0.0347,0.0233,0.0118,0.0067,0.0048,0.0076,0.0069,0.0076,0.0104,0.0191,0.0608,0.118,0.1267,0.0729,0.033,0.0146,0.009,0.0007,0.0118,0.0111,0.65,Micro/Mini Hydro (<1 MW),150.8,10.67,84.81,34.97,49.83,4.94,4.01,4.94,6.72,8.44,8.17,8.44,8.44,8.17,8.44,8.17,5.94,Musikot,0,1.0,Micro (5-100 kW),0,1,1
8760,1,875.4,757.4,118.0,0.86,0.98,589.1,20.03,83.265556,28.196667,0,1,WECS_NEA_MIP,0.0395,0.0265,0.0135,0.0077,0.0055,0.0087,0.0079,0.0087,0.0118,0.0217,0.0691,0.1342,0.144,0.0829,0.0375,0.0166,0.0103,0.0008,0.0135,0.0127,0.65,Micro/Mini Hydro (<1 MW),106.2,8.6,68.29,28.14,40.15,3.98,3.23,3.98,5.36,6.8,6.58,6.8,6.8,6.58,6.8,6.58,4.79,Musikot,0,1.0,Micro (5-100 kW),0,1,1
8761,1,757.4,736.0,21.4,0.98,613.75,164.2,13.02,83.268611,28.196667,1,0,GAUGE_TRANSFER_DHM,23.6936,14.5275,7.2637,4.6695,3.286,5.2126,4.7387,5.2126,7.1081,13.0315,41.4639,80.5583,86.4818,49.7566,22.509,9.9513,6.1603,0.4739,14.5275,14.0536,0.82,Commercial RoR (>1 MW),19.3,1090.93,6864.98,2194.29,4670.69,547.36,444.95,547.36,741.59,1450.51,1623.92,1678.05,1678.05,1623.92,1678.05,1059.4,656.83,Musikot,1,0.5,Small/Medium RoR (>1 MW),0,1,1
8762,1,1042.5,1031.4,11.1,0.73,1.29,82.5,13.5,83.375833,28.035833,0,1,WECS_NEA_MIP,0.0517,0.0348,0.0178,0.0102,0.0074,0.0114,0.0103,0.0114,0.0155,0.0284,0.0904,0.1756,0.1885,0.1085,0.0491,0.0217,0.0134,0.001,0.0178,0.0168,0.65,Micro/Mini Hydro (<1 MW),10.0,1.07,8.47,3.48,4.98,0.49,0.4,0.49,0.67,0.84,0.82,0.84,0.84,0.82,0.84,0.82,0.59,Chatrakot,0,1.0,Pico (<5 kW),0,1,0
8776,1,1042.2,841.1,201.1,0.51,0.7,606.8,33.15,83.446667,27.995,0,1,WECS_NEA_MIP,0.0284,0.019,0.0096,0.0054,0.0039,0.0062,0.0057,0.0062,0.0085,0.0156,0.0497,0.0965,0.1036,0.0596,0.027,0.0119,0.0074,0.0006,0.0096,0.009,0.65,Micro/Mini Hydro (<1 MW),181.0,10.39,82.88,34.22,48.66,4.81,3.96,4.81,6.56,8.24,7.98,8.24,8.24,7.98,8.24,7.98,5.84,Ruru,0,1.0,Micro (5-100 kW),0,1,1
8777,1,841.1,550.0,291.1,0.7,0.8,603.1,48.27,83.451111,27.998333,0,1,WECS_NEA_MIP,0.0323,0.0217,0.011,0.0062,0.0045,0.0071,0.0065,0.0071,0.0097,0.0178,0.0566,0.11,0.118,0.0679,0.0307,0.0136,0.0084,0.0006,0.011,0.0103,0.65,Micro/Mini Hydro (<1 MW),262.0,17.21,137.81,57.1,80.71,8.08,6.62,8.08,10.95,13.67,13.23,13.67,13.67,13.23,13.67,13.23,9.7,Ruru,0,1.0,Micro (5-100 kW),0,1,1
8778,1,550.0,545.2,4.8,0.8,1557.63,218.1,2.18,83.454444,27.999444,1,0,GAUGE_TRANSFER_DHM,52.2918,32.0621,16.0311,10.3057,7.2521,11.5042,10.4584,11.5042,15.6875,28.7605,91.5106,177.7921,190.865,109.8128,49.6772,21.9626,13.5959,1.0458,32.0621,31.0163,0.82,Commercial RoR (>1 MW),4.3,536.43,3375.62,1078.97,2296.64,269.15,218.79,269.15,364.65,713.24,798.5,825.12,825.12,798.5,825.12,520.93,322.98,Ruru,1,0.5,Mini (100-1000 kW),0,1,1
8789,1,1041.3,995.7,45.6,0.55,2.03,331.5,13.75,83.376667,28.038056,0,1,WECS_NEA_MIP,0.0806,0.0545,0.0281,0.0163,0.0118,0.0177,0.0161,0.0177,0.0242,0.0443,0.141,0.2739,0.294,0.1692,0.0765,0.0338,0.0209,0.0016,0.0281,0.0265,0.65,Micro/Mini Hydro (<1 MW),41.0,6.93,54.55,22.28,32.27,3.13,2.55,3.13,4.25,5.47,5.29,5.47,5.47,5.29,5.47,5.29,3.75,Chatrakot,0,1.0,Micro (5-100 kW),0,1,1
8790,2,1041.0,1021.8,19.2,2.16,2.6,540.6,3.55,83.137778,28.098889,0,1,WECS_NEA_MIP,0.1027,0.0696,0.0361,0.021,0.0153,0.0226,0.0205,0.0226,0.0308,0.0565,0.1797,0.3491,0.3747,0.2156,0.0975,0.0431,0.0267,0.0021,0.0361,0.034,0.65,Micro/Mini Hydro (<1 MW),17.3,3.75,29.48,11.99,17.49,1.68,1.36,1.68,2.28,2.96,2.87,2.96,2.96,2.87,2.96,2.87,2.02,Dhurkot,0,1.0,Pico (<5 kW),0,1,0
8791,3,1021.8,1020.7,1.2,2.6,35.96,27.3,4.31,83.139722,28.100278,1,0,WECS_NEA_MIP,1.3472,0.9377,0.5126,0.3149,0.2351,0.2964,0.2694,0.2964,0.4042,0.741,2.3577,4.5806,4.9174,2.8292,1.2799,0.5658,0.3503,0.0269,0.9377,0.9108,0.82,Commercial RoR (>1 MW),1.1,8.06,48.13,14.22,33.9,1.77,1.44,1.77,2.4,4.7,5.97,6.17,6.17,5.97,6.17,3.43,2.13,Dhurkot,0,1.0,Micro (5-100 kW),0,1,1
8794,2,1040.5,1018.7,21.8,4.19,5.03,594.1,3.66,83.2025,28.167778,0,1,WECS_NEA_MIP,0.196,0.1338,0.0703,0.0415,0.0304,0.0431,0.0392,0.0431,0.0588,0.1078,0.343,0.6664,0.7154,0.4116,0.1862,0.0823,0.051,0.0039,0.0703,0.0664,0.65,Micro/Mini Hydro (<1 MW),19.6,8.3,64.7,26.11,38.59,3.64,2.96,3.64,4.94,6.54,6.33,6.54,6.54,6.33,6.54,6.33,4.38,Isma,0,1.0,Micro (5-100 kW),0,1,1
8795,2,1018.7,998.8,19.9,5.03,5.49,580.2,3.43,83.2,28.163611,0,1,WECS_NEA_MIP,0.2136,0.1459,0.0768,0.0454,0.0333,0.047,0.0427,0.047,0.0641,0.1175,0.3737,0.7261,0.7795,0.4485,0.2029,0.0897,0.0555,0.0043,0.0768,0.0725,0.65,Micro/Mini Hydro (<1 MW),17.9,8.28,64.48,25.98,38.5,3.63,2.95,3.63,4.91,6.52,6.31,6.52,6.52,6.31,6.52,6.31,4.35,Isma,0,1.0,Micro (5-100 kW),0,1,1
8796,2,998.8,975.2,23.7,5.49,5.89,614.7,3.85,83.1975,28.159167,0,1,WECS_NEA_MIP,0.2288,0.1564,0.0825,0.0488,0.0358,0.0503,0.0458,0.0503,0.0686,0.1258,0.4004,0.7779,0.8351,0.4805,0.2174,0.0961,0.0595,0.0046,0.0825,0.0779,0.65,Micro/Mini Hydro (<1 MW),21.3,10.58,82.35,33.14,49.21,4.62,3.76,4.62,6.26,8.34,8.07,8.34,8.34,8.07,8.34,8.07,5.55,Isma,0,1.0,Micro (5-100 kW),0,1,1
8797,2,975.2,973.0,2.1,5.89,8.8,72.1,2.96,83.196389,28.156667,0,1,WECS_NEA_MIP,0.3391,0.2327,0.1237,0.0739,0.0544,0.0746,0.0678,0.0746,0.1017,0.1865,0.5934,1.153,1.2377,0.7121,0.3222,0.1424,0.0882,0.0068,0.1237,0.1169,0.65,Micro/Mini Hydro (<1 MW),1.9,1.42,10.98,4.4,6.58,0.61,0.5,0.61,0.83,1.12,1.08,1.12,1.12,1.08,1.12,1.08,0.73,Isma,0,1.0,Pico (<5 kW),0,1,0
8799,1,1040.0,967.1,72.9,0.51,5.8,402.0,18.14,83.386389,28.014167,0,1,WECS_NEA_MIP,0.2254,0.154,0.0812,0.0481,0.0353,0.0496,0.0451,0.0496,0.0676,0.124,0.3944,0.7663,0.8226,0.4733,0.2141,0.0947,0.0586,0.0045,0.0812,0.0767,0.65,Micro/Mini Hydro (<1 MW),65.6,32.08,249.77,100.6,149.18,14.04,11.41,14.04,19.0,25.27,24.46,25.27,25.27,24.46,25.27,24.46,16.84,Ruru,0,1.0,Micro (5-100 kW),0,1,1
8802,3,1039.7,1022.0,17.7,32.71,32.99,600.1,2.95,83.138056,28.102778,1,0,WECS_NEA_MIP,1.2381,0.861,0.4699,0.2881,0.215,0.2724,0.2476,0.2724,0.3714,0.681,2.1667,4.2096,4.5191,2.6,1.1762,0.52,0.3219,0.0248,0.861,0.8362,0.82,Commercial RoR (>1 MW),15.9,106.95,638.89,188.91,449.98,23.56,19.15,23.56,31.92,62.44,79.29,81.93,81.93,79.29,81.93,45.6,28.27,Dhurkot,0,1.0,Mini (100-1000 kW),0,1,1
8803,3,1022.0,1020.7,1.3,32.99,35.96,120.0,1.09,83.139722,28.100833,1,0,WECS_NEA_MIP,1.3472,0.9377,0.5126,0.3149,0.2351,0.2964,0.2694,0.2964,0.4042,0.741,2.3577,4.5806,4.9174,2.8292,1.2799,0.5658,0.3503,0.0269,0.9377,0.9108,0.82,Commercial RoR (>1 MW),1.2,8.79,52.5,15.52,36.98,1.94,1.57,1.94,2.62,5.13,6.52,6.73,6.73,6.52,6.73,3.75,2.32,Dhurkot,0,1.0,Micro (5-100 kW),0,0,0
8812,1,1038.7,975.4,63.3,0.5,3.81,113.4,55.87,83.563889,28.023056,0,1,WECS_NEA_MIP,0.1493,0.1016,0.0531,0.0312,0.0228,0.0328,0.0299,0.0328,0.0448,0.0821,0.2613,0.5076,0.5449,0.3135,0.1418,0.0627,0.0388,0.003,0.0531,0.0501,0.65,Micro/Mini Hydro (<1 MW),57.0,18.21,142.43,57.67,84.76,8.06,6.57,8.06,10.94,14.36,13.9,14.36,14.36,13.9,14.36,13.9,9.68,Kaligandaki,0,1.0,Micro (5-100 kW),0,1,1
8816,2,1037.9,996.4,41.5,2.91,3.3,587.5,7.07,83.391667,28.008889,0,1,WECS_NEA_MIP,0.1297,0.0881,0.0459,0.0269,0.0196,0.0285,0.0259,0.0285,0.0389,0.0713,0.2269,0.4409,0.4733,0.2723,0.1232,0.0545,0.0337,0.0026,0.0459,0.0433,0.65,Micro/Mini Hydro (<1 MW),37.4,10.33,80.9,32.82,48.08,4.6,3.73,4.6,6.23,8.14,7.88,8.14,8.14,7.88,8.14,7.88,5.52,Ruru,0,1.0,Micro (5-100 kW),0,1,1
8817,2,996.4,938.4,58.0,3.3,3.85,594.1,9.76,83.391944,28.013611,0,1,WECS_NEA_MIP,0.1508,0.1027,0.0537,0.0315,0.023,0.0332,0.0302,0.0332,0.0452,0.083,0.264,0.5128,0.5505,0.3167,0.1433,0.0633,0.0392,0.003,0.0537,0.0507,0.65,Micro/Mini Hydro (<1 MW),52.2,16.88,131.92,53.42,78.5,7.48,6.08,7.48,10.11,13.3,12.87,13.3,13.3,12.87,13.3,12.87,8.96,Ruru,0,1.0,Micro (5-100 kW),0,1,1
8818,2,938.4,930.1,8.3,3.85,10.29,226.7,3.66,83.389722,28.016389,1,0,WECS_NEA_MIP,0.3953,0.2717,0.1449,0.0868,0.064,0.087,0.0791,0.087,0.1186,0.2174,0.6917,1.344,1.4428,0.8301,0.3755,0.166,0.1028,0.0079,0.2717,0.2638,0.82,Commercial RoR (>1 MW),7.5,15.92,95.52,28.46,67.06,3.55,2.89,3.55,4.81,9.4,11.8,12.2,12.2,11.8,12.2,6.87,4.26,Chatrakot,0,1.0,Micro (5-100 kW),0,1,1
8834,2,1036.1,1033.7,2.4,7.48,8.14,301.9,0.8,83.276944,28.026389,0,1,WECS_NEA_MIP,0.3142,0.2154,0.1143,0.0682,0.0502,0.0691,0.0628,0.0691,0.0942,0.1728,0.5498,1.0682,1.1467,0.6597,0.2985,0.1319,0.0817,0.0063,0.1143,0.108,0.65,Micro/Mini Hydro (<1 MW),2.2,1.52,11.75,4.71,7.04,0.66,0.53,0.66,0.89,1.19,1.15,1.19,1.19,1.15,1.19,1.15,0.79,Resunga,0,1.0,Pico (<5 kW),0,0,0
8835,3,1036.1,993.7,42.4,14.47,14.98,505.4,8.39,83.5025,28.080278,1,0,WECS_NEA_MIP,0.5711,0.3941,0.2117,0.1278,0.0946,0.1257,0.1142,0.1257,0.1713,0.3141,0.9995,1.9419,2.0847,1.1994,0.5426,0.2399,0.1485,0.0114,0.3941,0.3827,0.82,Commercial RoR (>1 MW),38.2,117.6,704.66,209.42,495.24,26.13,21.23,26.13,35.38,69.2,87.19,90.1,90.1,87.19,90.1,50.56,31.34,Chandrakot,0,1.0,Mini (100-1000 kW),0,1,1
8836,3,993.7,949.4,44.2,14.98,28.99,606.8,7.29,83.507222,28.081944,1,0,WECS_NEA_MIP,1.0908,0.7576,0.4124,0.2522,0.1879,0.24,0.2182,0.24,0.3272,0.5999,1.9089,3.7087,3.9814,2.2907,1.0363,0.4581,0.2836,0.0218,0.7576,0.7358,0.82,Commercial RoR (>1 MW),39.8,235.57,1407.89,416.67,991.23,51.97,42.25,51.97,70.4,137.7,174.64,180.46,180.46,174.64,180.46,100.57,62.36,Chandrakot,0,1.0,Mini (100-1000 kW),0,1,1
8838,1,1035.6,857.6,178.0,0.53,232.5,474.1,37.55,83.327222,28.1875,1,0,GAUGE_TRANSFER_DHM,10.3824,6.3659,3.1829,2.0462,1.4399,2.2841,2.0765,2.2841,3.1147,5.7103,18.1692,35.3002,37.8958,21.8031,9.8633,4.3606,2.6994,0.2077,6.3659,6.1582,0.82,Commercial RoR (>1 MW),160.2,3967.97,24969.47,7981.01,16988.47,1990.81,1618.37,1990.81,2697.26,5275.77,5906.6,6103.49,6103.49,5906.6,6103.49,3853.27,2388.99,Musikot,1,0.5,Small/Medium RoR (>1 MW),0,1,1
8839,2,1035.5,1001.9,33.7,7.61,8.89,284.9,11.81,83.503056,28.008333,0,1,WECS_NEA_MIP,0.3425,0.2351,0.125,0.0746,0.055,0.0754,0.0685,0.0754,0.1028,0.1884,0.5994,1.1645,1.2501,0.7193,0.3254,0.1439,0.0891,0.0069,0.125,0.1182,0.65,Micro/Mini Hydro (<1 MW),30.3,22.84,176.89,70.82,106.07,9.85,8.0,9.85,13.34,17.97,17.39,17.97,17.97,17.39,17.97,17.39,11.82,Satyawati,0,1.0,Micro (5-100 kW),0,1,1
8843,1,1034.6,953.1,81.5,0.55,1.25,597.1,13.65,83.412222,27.9825,0,1,WECS_NEA_MIP,0.0501,0.0337,0.0172,0.0099,0.0071,0.011,0.01,0.011,0.015,0.0275,0.0877,0.1703,0.1828,0.1052,0.0476,0.021,0.013,0.001,0.0172,0.0162,0.65,Micro/Mini Hydro (<1 MW),73.4,7.58,60.04,24.68,35.36,3.48,2.83,3.48,4.72,5.99,5.8,5.99,5.99,5.8,5.99,5.8,4.18,Ruru,0,1.0,Micro (5-100 kW),0,1,1
8844,1,953.1,872.7,80.4,1.25,1.74,564.9,14.24,83.416667,27.98,0,1,WECS_NEA_MIP,0.0693,0.0468,0.0241,0.0139,0.0101,0.0152,0.0139,0.0152,0.0208,0.0381,0.1212,0.2355,0.2528,0.1454,0.0658,0.0291,0.018,0.0014,0.0241,0.0227,0.65,Micro/Mini Hydro (<1 MW),72.4,10.48,82.65,33.79,48.87,4.74,3.88,4.74,6.45,8.28,8.01,8.28,8.28,8.01,8.28,8.01,5.7,Ruru,0,1.0,Micro (5-100 kW),0,1,1
8845,2,872.7,808.4,64.3,1.74,2.3,610.4,10.53,83.421389,27.977778,0,1,WECS_NEA_MIP,0.091,0.0616,0.0319,0.0185,0.0135,0.02,0.0182,0.02,0.0273,0.0501,0.1593,0.3095,0.3323,0.1912,0.0865,0.0382,0.0237,0.0018,0.0319,0.0301,0.65,Micro/Mini Hydro (<1 MW),57.9,11.11,87.35,35.62,51.73,5.0,4.07,5.0,6.78,8.76,8.48,8.76,8.76,8.48,8.76,8.48,6.02,Ruru,0,1.0,Micro (5-100 kW),0,1,1
8846,2,808.4,774.2,34.2,2.3,2.94,577.2,5.92,83.423611,27.973056,0,1,WECS_NEA_MIP,0.1158,0.0786,0.0409,0.0239,0.0174,0.0255,0.0232,0.0255,0.0347,0.0637,0.2027,0.3937,0.4227,0.2432,0.11,0.0486,0.0301,0.0023,0.0409,0.0386,0.65,Micro/Mini Hydro (<1 MW),30.8,7.58,59.44,24.16,35.28,3.39,2.76,3.39,4.58,5.98,5.78,5.98,5.98,5.78,5.98,5.78,4.06,Ruru,0,1.0,Micro (5-100 kW),0,1,1
8847,2,774.2,756.6,17.6,2.94,7.56,278.3,6.31,83.425278,27.969722,0,1,WECS_NEA_MIP,0.2922,0.2002,0.1061,0.0632,0.0464,0.0643,0.0584,0.0643,0.0877,0.1607,0.5114,0.9935,1.0666,0.6136,0.2776,0.1227,0.076,0.0058,0.1061,0.1003,0.65,Micro/Mini Hydro (<1 MW),15.8,10.11,78.44,31.49,46.95,4.38,3.56,4.38,5.94,7.95,7.7,7.95,7.95,7.7,7.95,7.7,5.26,Ruru,0,1.0,Micro (5-100 kW),0,1,1
8850,3,1033.9,1021.4,12.6,13.04,13.34,554.6,2.27,83.126667,28.175278,1,0,WECS_NEA_MIP,0.5098,0.3513,0.1883,0.1134,0.0838,0.1122,0.102,0.1122,0.1529,0.2804,0.8921,1.7333,1.8608,1.0706,0.4843,0.2141,0.1325,0.0102,0.3513,0.3411,0.82,Commercial RoR (>1 MW),11.3,31.01,185.89,55.29,130.6,6.9,5.61,6.9,9.34,18.27,22.99,23.76,23.76,22.99,23.76,13.34,8.27,Dhurkot,0,1.0,Micro (5-100 kW),0,1,1
8851,3,1021.4,1018.9,2.5,13.34,20.96,123.0,2.04,83.128889,28.173333,1,0,WECS_NEA_MIP,0.7938,0.5495,0.2972,0.1806,0.1341,0.1746,0.1588,0.1746,0.2381,0.4366,1.3891,2.6989,2.8973,1.667,0.7541,0.3334,0.2064,0.0159,0.5495,0.5336,0.82,Commercial RoR (>1 MW),2.2,9.44,56.51,16.76,39.75,2.09,1.7,2.09,2.83,5.54,7.0,7.24,7.24,7.0,7.24,4.05,2.51,Dhurkot,0,1.0,Micro (5-100 kW),0,1,1
8858,2,1033.7,988.5,45.1,8.14,8.52,586.8,7.69,83.277222,28.023056,0,1,WECS_NEA_MIP,0.3285,0.2254,0.1197,0.0714,0.0526,0.0723,0.0657,0.0723,0.0986,0.1807,0.5749,1.117,1.1991,0.6899,0.3121,0.138,0.0854,0.0066,0.1197,0.1131,0.65,Micro/Mini Hydro (<1 MW),40.6,29.28,227.07,90.97,136.1,12.65,10.28,12.65,17.15,23.06,22.31,23.06,23.06,22.31,23.06,22.31,15.18,Resunga,0,1.0,Micro (5-100 kW),0,1,1
8859,2,988.5,966.0,22.6,8.52,17.12,489.1,4.62,83.273056,28.021667,1,0,WECS_NEA_MIP,0.651,0.4498,0.2422,0.1466,0.1087,0.1432,0.1302,0.1432,0.1953,0.358,1.1392,2.2134,2.3761,1.3671,0.6184,0.2734,0.1693,0.013,0.4498,0.4368,0.82,Commercial RoR (>1 MW),20.3,71.33,427.16,126.84,300.33,15.82,12.86,15.82,21.43,41.92,52.88,54.65,54.65,52.88,54.65,30.62,18.99,Resunga,0,1.0,Micro (5-100 kW),0,1,1
8863,1,1033.5,886.7,146.8,0.51,0.83,533.3,27.53,83.223611,28.228889,0,1,WECS_NEA_MIP,0.0335,0.0225,0.0114,0.0065,0.0047,0.0074,0.0067,0.0074,0.0101,0.0184,0.0587,0.114,0.1224,0.0704,0.0319,0.0141,0.0087,0.0007,0.0114,0.0107,0.65,Micro/Mini Hydro (<1 MW),132.1,9.01,71.83,29.65,42.17,4.2,3.4,4.2,5.7,7.14,6.91,7.14,7.14,6.91,7.14,6.91,5.01,Musikot,0,1.0,Micro (5-100 kW),0,1,1
8864,1,886.7,809.8,76.9,0.83,569.77,321.8,23.89,83.227222,28.230278,1,0,GAUGE_TRANSFER_DHM,22.2425,13.6377,6.8189,4.3836,3.0847,4.8933,4.4485,4.8933,6.6727,12.2334,38.9244,75.6245,81.1851,46.7092,21.1304,9.3418,5.783,0.4449,13.6377,13.1928,0.82,Commercial RoR (>1 MW),69.2,3671.95,23106.69,7385.7,15720.99,1842.32,1497.65,1842.32,2496.07,4882.25,5465.91,5648.11,5648.11,5465.91,5648.11,3565.83,2210.8,Musikot,1,0.5,Small/Medium RoR (>1 MW),0,1,1
8865,1,1032.8,748.5,284.3,0.5,0.85,519.3,54.75,83.543611,28.046944,0,1,WECS_NEA_MIP,0.0343,0.023,0.0117,0.0067,0.0048,0.0076,0.0069,0.0076,0.0103,0.0189,0.0601,0.1167,0.1253,0.0721,0.0326,0.0144,0.0089,0.0007,0.0117,0.011,0.65,Micro/Mini Hydro (<1 MW),255.9,17.95,142.84,58.99,83.85,8.38,6.8,8.38,11.28,14.2,13.75,14.2,14.2,13.75,14.2,13.75,9.95,Kaligandaki,0,1.0,Micro (5-100 kW),0,1,1
8866,1,748.5,647.4,101.1,0.85,5.91,575.2,17.57,83.548333,28.048056,0,1,WECS_NEA_MIP,0.2296,0.1569,0.0827,0.049,0.036,0.0505,0.0459,0.0505,0.0689,0.1263,0.4017,0.7805,0.8379,0.4821,0.2181,0.0964,0.0597,0.0046,0.0827,0.0781,0.65,Micro/Mini Hydro (<1 MW),91.0,45.32,352.85,142.09,210.76,19.82,16.1,19.82,26.86,35.7,34.55,35.7,35.7,34.55,35.7,34.55,23.79,Kaligandaki,0,1.0,Micro (5-100 kW),0,1,1
8870,1,1032.4,922.6,109.9,0.74,9.53,519.3,21.15,83.293889,28.0125,0,1,WECS_NEA_MIP,0.3667,0.2518,0.1341,0.0802,0.0591,0.0807,0.0733,0.0807,0.11,0.2017,0.6416,1.2466,1.3383,0.77,0.3483,0.154,0.0953,0.0073,0.1341,0.1268,0.65,Micro/Mini Hydro (<1 MW),98.9,79.96,619.11,247.69,371.42,34.44,27.97,34.44,46.63,62.92,60.89,62.92,62.92,60.89,62.92,60.89,41.29,Gulmidarbar,0,1.0,Micro (5-100 kW),0,1,1
8871,1,1032.4,942.3,90.1,0.54,0.99,618.4,14.57,83.224722,28.145,0,1,WECS_NEA_MIP,0.0399,0.0268,0.0136,0.0078,0.0056,0.0088,0.008,0.0088,0.012,0.0219,0.0697,0.1355,0.1455,0.0837,0.0379,0.0167,0.0104,0.0008,0.0136,0.0128,0.65,Micro/Mini Hydro (<1 MW),81.1,6.62,52.64,21.75,30.89,3.08,2.5,3.08,4.17,5.23,5.06,5.23,5.23,5.06,5.23,5.06,3.69,Isma,0,1.0,Micro (5-100 kW),0,1,1
8872,1,942.3,937.1,5.2,0.99,2.33,72.1,7.27,83.225278,28.1425,0,1,WECS_NEA_MIP,0.0922,0.0624,0.0323,0.0188,0.0137,0.0203,0.0184,0.0203,0.0277,0.0507,0.1614,0.3135,0.3365,0.1936,0.0876,0.0387,0.024,0.0018,0.0323,0.0305,0.65,Micro/Mini Hydro (<1 MW),4.7,0.91,7.18,2.93,4.25,0.41,0.33,0.41,0.56,0.72,0.7,0.72,0.72,0.7,0.72,0.7,0.5,Isma,0,1.0,Pico (<5 kW),0,1,0
8873,3,1032.2,907.4,124.8,9.91,10.3,618.4,20.18,83.350278,28.1125,1,0,WECS_NEA_MIP,0.3957,0.272,0.145,0.0869,0.0641,0.087,0.0791,0.087,0.1187,0.2176,0.6924,1.3452,1.4442,0.8309,0.3759,0.1662,0.1029,0.0079,0.272,0.2641,0.82,Commercial RoR (>1 MW),112.3,238.58,1431.63,426.41,1005.23,53.16,43.22,53.16,72.07,140.94,176.91,182.81,182.81,176.91,182.81,102.96,63.85,Musikot,0,1.0,Mini (100-1000 kW),0,1,1
8874,3,907.4,877.5,29.9,10.3,17.05,92.8,32.23,83.350278,28.109722,1,0,WECS_NEA_MIP,0.6484,0.4479,0.2412,0.146,0.1082,0.1426,0.1297,0.1426,0.1945,0.3566,1.1347,2.2045,2.3666,1.3616,0.616,0.2723,0.1686,0.013,0.4479,0.4349,0.82,Commercial RoR (>1 MW),26.9,94.11,563.64,167.34,396.29,20.86,16.97,20.86,28.28,55.32,69.78,72.11,72.11,69.78,72.11,40.4,25.05,Musikot,0,1.0,Micro (5-100 kW),0,1,1
8877,1,1031.4,995.7,35.7,1.29,2.03,319.5,11.16,83.375278,28.0375,0,1,WECS_NEA_MIP,0.0806,0.0545,0.0281,0.0163,0.0118,0.0177,0.0161,0.0177,0.0242,0.0443,0.141,0.2739,0.294,0.1692,0.0765,0.0338,0.0209,0.0016,0.0281,0.0265,0.65,Micro/Mini Hydro (<1 MW),32.1,5.42,42.71,17.45,25.26,2.45,1.99,2.45,3.33,4.28,4.14,4.28,4.28,4.14,4.28,4.14,2.94,Chatrakot,0,1.0,Micro (5-100 kW),0,1,1
8898,3,1030.2,1012.7,17.5,10.78,11.43,608.1,2.87,83.159722,28.169722,1,0,WECS_NEA_MIP,0.4382,0.3015,0.1611,0.0967,0.0714,0.0964,0.0876,0.0964,0.1314,0.241,0.7668,1.4897,1.5993,0.9201,0.4162,0.184,0.1139,0.0088,0.3015,0.2927,0.82,Commercial RoR (>1 MW),15.8,37.2,223.16,66.41,156.74,8.28,6.73,8.28,11.22,21.96,27.59,28.51,28.51,27.59,28.51,16.03,9.94,Malika,0,1.0,Micro (5-100 kW),0,1,1
8899,3,1012.7,1000.7,12.0,11.43,12.41,617.7,1.95,83.156667,28.165833,1,0,WECS_NEA_MIP,0.4749,0.3271,0.175,0.1052,0.0778,0.1045,0.095,0.1045,0.1425,0.2612,0.8311,1.6148,1.7335,0.9974,0.4512,0.1995,0.1235,0.0095,0.3271,0.3176,0.82,Commercial RoR (>1 MW),10.8,27.59,165.46,49.23,116.23,6.14,4.99,6.14,8.32,16.27,20.46,21.14,21.14,20.46,21.14,11.88,7.37,Malika,0,1.0,Micro (5-100 kW),0,1,1
8900,3,1000.7,986.2,14.5,12.41,12.88,575.2,2.53,83.153333,28.162778,1,0,WECS_NEA_MIP,0.4926,0.3393,0.1817,0.1094,0.0808,0.1084,0.0985,0.1084,0.1478,0.2709,0.862,1.6747,1.7979,1.0344,0.4679,0.2069,0.1281,0.0099,0.3393,0.3294,0.82,Commercial RoR (>1 MW),13.1,34.71,208.15,61.91,146.24,7.72,6.27,7.72,10.46,20.46,25.74,26.6,26.6,25.74,26.6,14.95,9.27,Malika,0,1.0,Micro (5-100 kW),0,1,1
8901,3,986.2,983.4,2.8,12.88,14.87,150.3,1.84,83.150278,28.161667,1,0,WECS_NEA_MIP,0.567,0.3912,0.2101,0.1268,0.0939,0.1247,0.1134,0.1247,0.1701,0.3119,0.9923,1.9279,2.0697,1.1908,0.5387,0.2382,0.1474,0.0113,0.3912,0.3799,0.82,Commercial RoR (>1 MW),2.5,7.64,45.78,13.61,32.17,1.7,1.38,1.7,2.3,4.5,5.66,5.85,5.85,5.66,5.85,3.29,2.04,Malika,0,1.0,Micro (5-100 kW),0,0,0
8911,1,1028.5,965.3,63.2,0.51,0.68,606.8,10.41,83.358333,28.195,0,1,WECS_NEA_MIP,0.0276,0.0184,0.0093,0.0053,0.0038,0.0061,0.0055,0.0061,0.0083,0.0152,0.0483,0.0938,0.1007,0.0579,0.0262,0.0116,0.0072,0.0006,0.0093,0.0087,0.65,Micro/Mini Hydro (<1 MW),56.9,3.16,25.29,10.47,14.82,1.48,1.19,1.48,2.01,2.51,2.43,2.51,2.51,2.43,2.51,2.43,1.78,Musikot,0,1.0,Pico (<5 kW),0,1,0
8912,1,965.3,948.5,16.8,0.68,218.32,134.0,12.51,83.356667,28.196944,1,0,GAUGE_TRANSFER_DHM,9.8417,6.0343,3.0172,1.9396,1.3649,2.1652,1.9683,2.1652,2.9525,5.4129,17.2229,33.4616,35.9221,20.6675,9.3496,4.1335,2.5588,0.1968,6.0343,5.8375,0.82,Commercial RoR (>1 MW),15.1,354.54,2230.99,713.12,1517.88,177.89,144.6,177.89,241.0,471.39,527.74,545.33,545.33,527.74,545.33,344.29,213.46,Musikot,1,0.5,Mini (100-1000 kW),0,1,1
8913,2,1028.5,916.4,112.1,2.71,3.36,606.8,18.47,83.581389,28.006111,0,1,WECS_NEA_MIP,0.132,0.0897,0.0468,0.0274,0.02,0.029,0.0264,0.029,0.0396,0.0726,0.231,0.4488,0.4818,0.2772,0.1254,0.0554,0.0343,0.0026,0.0468,0.0442,0.65,Micro/Mini Hydro (<1 MW),100.9,28.44,222.53,90.28,132.25,12.64,10.29,12.64,17.14,22.4,21.68,22.4,22.4,21.68,22.4,21.68,15.17,Kaligandaki,0,1.0,Micro (5-100 kW),0,1,1
8914,2,916.4,826.4,89.9,3.36,4.17,405.0,22.21,83.584722,28.008889,0,1,WECS_NEA_MIP,0.1631,0.1111,0.0582,0.0342,0.025,0.0359,0.0326,0.0359,0.0489,0.0897,0.2854,0.5546,0.5953,0.3425,0.155,0.0685,0.0424,0.0033,0.0582,0.0549,0.65,Micro/Mini Hydro (<1 MW),80.9,28.32,221.32,89.46,131.86,12.51,10.16,12.51,16.94,22.34,21.62,22.34,22.34,21.62,22.34,21.62,15.01,Kaligandaki,0,1.0,Micro (5-100 kW),0,1,1
8919,1,1027.7,811.9,215.8,0.51,30.11,438.2,49.24,83.560556,28.095278,1,0,WECS_NEA_MIP,1.1321,0.7866,0.4284,0.2622,0.1955,0.2491,0.2264,0.2491,0.3396,0.6226,1.9812,3.8491,4.1321,2.3774,1.0755,0.4755,0.2943,0.0226,0.7866,0.764,0.82,Commercial RoR (>1 MW),194.2,1193.51,7131.76,2110.15,5021.61,263.25,213.95,263.25,356.55,697.36,884.75,914.24,914.24,884.75,914.24,509.41,315.79,Kaligandaki,0,1.0,Small/Medium RoR (>1 MW),0,1,1
8927,2,1026.9,984.3,42.6,2.05,3.85,642.0,6.64,83.380556,27.981944,0,1,WECS_NEA_MIP,0.1508,0.1027,0.0537,0.0315,0.023,0.0332,0.0302,0.0332,0.0452,0.083,0.264,0.5128,0.5505,0.3167,0.1433,0.0633,0.0392,0.003,0.0537,0.0507,0.65,Micro/Mini Hydro (<1 MW),38.3,12.38,96.79,39.19,57.6,5.49,4.46,5.49,7.42,9.76,9.44,9.76,9.76,9.44,9.76,9.44,6.58,Chatrakot,0,1.0,Micro (5-100 kW),0,1,1
8940,2,1025.9,966.5,59.4,4.06,4.57,656.0,9.05,83.315556,28.155,0,1,WECS_NEA_MIP,0.1784,0.1217,0.0638,0.0376,0.0275,0.0393,0.0357,0.0393,0.0535,0.0981,0.3122,0.6067,0.6513,0.3747,0.1695,0.0749,0.0464,0.0036,0.0638,0.0602,0.65,Micro/Mini Hydro (<1 MW),53.5,20.54,160.39,64.79,95.59,9.06,7.36,9.06,12.26,16.19,15.67,16.19,16.19,15.67,16.19,15.67,10.86,Musikot,0,1.0,Micro (5-100 kW),0,1,1
8941,2,966.5,879.6,87.0,4.57,5.2,566.9,15.34,83.313889,28.150278,0,1,WECS_NEA_MIP,0.2025,0.1382,0.0727,0.043,0.0315,0.0446,0.0405,0.0446,0.0608,0.1114,0.3544,0.6885,0.7391,0.4253,0.1924,0.0851,0.0527,0.0041,0.0727,0.0687,0.65,Micro/Mini Hydro (<1 MW),78.3,34.3,267.16,107.74,159.42,15.04,12.21,15.04,20.38,27.01,26.13,27.01,27.01,26.13,27.01,26.13,18.05,Musikot,0,1.0,Micro (5-100 kW),0,1,1
8942,2,879.6,879.4,0.2,5.2,5.75,30.9,0.66,83.314167,28.147778,0,1,WECS_NEA_MIP,0.2235,0.1527,0.0805,0.0477,0.0349,0.0492,0.0447,0.0492,0.067,0.1229,0.3911,0.7598,0.8157,0.4693,0.2123,0.0939,0.0581,0.0045,0.0805,0.076,0.65,Micro/Mini Hydro (<1 MW),0.2,0.1,0.75,0.3,0.45,0.04,0.03,0.04,0.06,0.08,0.07,0.08,0.08,0.07,0.08,0.07,0.05,Musikot,0,1.0,Pico (<5 kW),0,0,0
8957,1,1024.4,969.3,55.1,0.56,2.23,427.9,12.88,83.174167,28.156389,0,1,WECS_NEA_MIP,0.0883,0.0598,0.0309,0.018,0.013,0.0194,0.0177,0.0194,0.0265,0.0486,0.1546,0.3003,0.3224,0.1855,0.0839,0.0371,0.023,0.0018,0.0309,0.0291,0.65,Micro/Mini Hydro (<1 MW),49.6,9.2,72.47,29.55,42.92,4.14,3.38,4.14,5.62,7.27,7.04,7.27,7.27,7.04,7.27,7.04,4.99,Malika,0,1.0,Micro (5-100 kW),0,1,1
8965,1,1023.6,931.0,92.5,0.61,1.0,537.0,17.23,83.229167,28.136389,0,1,WECS_NEA_MIP,0.0402,0.027,0.0138,0.0079,0.0057,0.0089,0.008,0.0089,0.0121,0.0221,0.0704,0.1368,0.1469,0.0845,0.0382,0.0169,0.0105,0.0008,0.0138,0.013,0.65,Micro/Mini Hydro (<1 MW),83.2,6.9,54.71,22.55,32.15,3.2,2.57,3.2,4.32,5.45,5.27,5.45,5.45,5.27,5.45,5.27,3.83,Isma,0,1.0,Micro (5-100 kW),0,1,1
8966,1,931.0,892.0,39.1,1.0,5.01,410.9,9.51,83.225278,28.134167,0,1,WECS_NEA_MIP,0.1952,0.1332,0.07,0.0413,0.0303,0.043,0.039,0.043,0.0586,0.1074,0.3417,0.6638,0.7127,0.41,0.1855,0.082,0.0508,0.0039,0.07,0.0661,0.65,Micro/Mini Hydro (<1 MW),35.2,14.84,115.72,46.71,69.01,6.53,5.29,6.53,8.84,11.69,11.31,11.69,11.69,11.31,11.69,11.31,7.83,Isma,0,1.0,Micro (5-100 kW),0,1,1
8989,1,1021.2,854.4,166.8,0.51,233.1,494.1,33.76,83.325556,28.187778,1,0,GAUGE_TRANSFER_DHM,10.4052,6.3798,3.1899,2.0507,1.4431,2.2891,2.081,2.2891,3.1216,5.7229,18.2091,35.3776,37.9789,21.8509,9.8849,4.3702,2.7053,0.2081,6.3798,6.1717,0.82,Commercial RoR (>1 MW),150.1,3725.96,23446.62,7494.4,15952.23,1869.43,1519.66,1869.43,2532.86,4954.12,5546.3,5731.17,5731.17,5546.3,5731.17,3618.33,2243.31,Musikot,1,0.5,Small/Medium RoR (>1 MW),0,1,1
8998,3,1020.7,1014.3,6.4,35.96,36.8,596.5,1.07,83.141667,28.098056,1,0,WECS_NEA_MIP,1.3781,0.9594,0.5247,0.3224,0.2409,0.3032,0.2756,0.3032,0.4134,0.7579,2.4116,4.6855,5.03,2.894,1.3092,0.5788,0.3583,0.0276,0.9594,0.9318,0.82,Commercial RoR (>1 MW),5.8,43.47,259.58,76.7,182.88,9.57,7.78,9.57,12.96,25.35,32.23,33.3,33.3,32.23,33.3,18.52,11.48,Dhurkot,0,1.0,Micro (5-100 kW),0,1,1
8999,3,1014.3,1012.8,1.4,36.8,37.6,205.5,0.7,83.144722,28.098333,1,0,WECS_NEA_MIP,1.4074,0.98,0.5362,0.3297,0.2463,0.3096,0.2815,0.3096,0.4222,0.7741,2.463,4.7853,5.1371,2.9556,1.3371,0.5911,0.3659,0.0281,0.98,0.9518,0.82,Commercial RoR (>1 MW),1.3,9.95,59.43,17.56,41.87,2.19,1.78,2.19,2.97,5.8,7.38,7.62,7.62,7.38,7.62,4.24,2.63,Dhurkot,0,1.0,Micro (5-100 kW),0,0,0
9022,3,1018.9,1008.5,10.4,20.96,21.29,614.7,1.69,83.131111,28.171111,1,0,WECS_NEA_MIP,0.806,0.5581,0.3019,0.1835,0.1363,0.1773,0.1612,0.1773,0.2418,0.4433,1.4106,2.7405,2.942,1.6927,0.7657,0.3385,0.2096,0.0161,0.5581,0.542,0.82,Commercial RoR (>1 MW),9.4,40.98,245.23,72.72,172.51,9.07,7.37,9.07,12.29,24.03,30.38,31.4,31.4,30.38,31.4,17.55,10.89,Dhurkot,0,1.0,Micro (5-100 kW),0,1,1
9023,3,1008.5,1006.6,1.9,21.29,23.43,175.2,1.08,83.129722,28.168056,1,0,WECS_NEA_MIP,0.8854,0.6136,0.3326,0.2025,0.1506,0.1948,0.1771,0.1948,0.2656,0.4869,1.5494,3.0102,3.2316,1.8593,0.8411,0.3719,0.2302,0.0177,0.6136,0.5959,0.82,Commercial RoR (>1 MW),1.7,8.15,48.74,14.45,34.3,1.8,1.46,1.8,2.44,4.77,6.04,6.24,6.24,6.04,6.24,3.49,2.16,Dhurkot,0,1.0,Micro (5-100 kW),0,0,0
9038,2,1018.0,1006.6,11.4,6.38,7.51,373.4,3.04,83.181667,28.164722,0,1,WECS_NEA_MIP,0.2903,0.1989,0.1054,0.0627,0.0461,0.0639,0.0581,0.0639,0.0871,0.1597,0.5081,0.9871,1.0597,0.6097,0.2758,0.1219,0.0755,0.0058,0.1054,0.0996,0.65,Micro/Mini Hydro (<1 MW),10.3,6.54,50.79,20.39,30.4,2.84,2.31,2.84,3.84,5.15,4.98,5.15,5.15,4.98,5.15,4.98,3.41,Malika,0,1.0,Micro (5-100 kW),0,1,1
9042,1,1017.6,857.0,160.6,0.67,1.16,589.8,27.23,83.349722,28.089167,0,1,WECS_NEA_MIP,0.0465,0.0313,0.016,0.0092,0.0066,0.0102,0.0093,0.0102,0.014,0.0256,0.0815,0.1583,0.1699,0.0978,0.0442,0.0196,0.0121,0.0009,0.016,0.0151,0.65,Micro/Mini Hydro (<1 MW),144.5,13.91,110.04,45.29,64.75,6.38,5.2,6.38,8.69,10.97,10.61,10.97,10.97,10.61,10.97,10.61,7.68,Chandrakot,0,1.0,Micro (5-100 kW),0,1,1
9043,1,857.0,682.2,174.8,1.16,2.24,443.2,39.43,83.346944,28.085278,0,1,WECS_NEA_MIP,0.0887,0.0601,0.0311,0.018,0.0131,0.0195,0.0177,0.0195,0.0266,0.0488,0.1552,0.3016,0.3238,0.1863,0.0843,0.0373,0.0231,0.0018,0.0311,0.0293,0.65,Micro/Mini Hydro (<1 MW),157.3,29.39,231.15,94.15,137.0,13.21,10.72,13.21,17.91,23.21,22.46,23.21,23.21,22.46,23.21,22.46,15.9,Chandrakot,0,1.0,Micro (5-100 kW),0,1,1
9052,2,1016.8,993.6,23.2,4.08,4.72,530.3,4.37,83.377778,28.0175,0,1,WECS_NEA_MIP,0.1842,0.1256,0.0659,0.0389,0.0285,0.0405,0.0368,0.0405,0.0552,0.1013,0.3223,0.6262,0.6722,0.3867,0.175,0.0773,0.0479,0.0037,0.0659,0.0622,0.65,Micro/Mini Hydro (<1 MW),20.9,8.29,64.69,26.12,38.57,3.65,2.96,3.65,4.94,6.53,6.32,6.53,6.53,6.32,6.53,6.32,4.38,Chatrakot,0,1.0,Micro (5-100 kW),0,1,1
9053,2,993.6,988.7,4.9,4.72,4.98,547.3,0.89,83.381667,28.0175,0,1,WECS_NEA_MIP,0.1941,0.1325,0.0696,0.0411,0.0301,0.0427,0.0388,0.0427,0.0582,0.1068,0.3397,0.6599,0.7085,0.4076,0.1844,0.0815,0.0505,0.0039,0.0696,0.0657,0.65,Micro/Mini Hydro (<1 MW),4.4,1.84,14.38,5.8,8.58,0.81,0.66,0.81,1.1,1.45,1.41,1.45,1.45,1.41,1.45,1.41,0.97,Ruru,0,1.0,Pico (<5 kW),0,0,0
9054,2,988.7,967.1,21.7,4.98,5.8,294.6,7.35,83.384722,28.015556,0,1,WECS_NEA_MIP,0.2254,0.154,0.0812,0.0481,0.0353,0.0496,0.0451,0.0496,0.0676,0.124,0.3944,0.7663,0.8226,0.4733,0.2141,0.0947,0.0586,0.0045,0.0812,0.0767,0.65,Micro/Mini Hydro (<1 MW),19.5,9.54,74.25,29.9,44.34,4.17,3.39,4.17,5.65,7.51,7.27,7.51,7.51,7.27,7.51,7.27,5.0,Ruru,0,1.0,Micro (5-100 kW),0,1,1
9069,2,1016.4,929.3,87.1,7.51,8.27,582.5,14.95,83.465556,28.024444,0,1,WECS_NEA_MIP,0.3191,0.2188,0.1162,0.0693,0.051,0.0702,0.0638,0.0702,0.0957,0.1755,0.5584,1.0849,1.1646,0.6701,0.3031,0.134,0.083,0.0064,0.1162,0.1098,0.65,Micro/Mini Hydro (<1 MW),78.4,54.89,425.73,170.6,255.13,23.73,19.28,23.73,32.14,43.22,41.83,43.22,43.22,41.83,43.22,41.83,28.49,Satyawati,0,1.0,Micro (5-100 kW),0,1,1
9070,2,929.3,845.0,84.3,8.27,8.64,519.3,16.23,83.461389,28.023333,0,1,WECS_NEA_MIP,0.3331,0.2285,0.1214,0.0725,0.0534,0.0733,0.0666,0.0733,0.0999,0.1832,0.5829,1.1324,1.2157,0.6994,0.3164,0.1399,0.0866,0.0067,0.1214,0.1147,0.65,Micro/Mini Hydro (<1 MW),75.9,55.51,430.46,172.4,258.05,23.98,19.48,23.98,32.48,43.71,42.3,43.71,43.71,42.3,43.71,42.3,28.77,Satyawati,0,1.0,Micro (5-100 kW),0,1,1
9071,2,845.0,762.7,82.3,8.64,9.26,505.4,16.28,83.456667,28.024444,0,1,WECS_NEA_MIP,0.3565,0.2448,0.1302,0.0778,0.0574,0.0784,0.0713,0.0784,0.1069,0.1961,0.6238,1.212,1.3011,0.7486,0.3386,0.1497,0.0927,0.0071,0.1302,0.1231,0.65,Micro/Mini Hydro (<1 MW),74.1,58.16,450.52,180.33,270.19,25.06,20.38,25.06,33.95,45.77,44.29,45.77,45.77,44.29,45.77,44.29,30.09,Satyawati,0,1.0,Micro (5-100 kW),0,1,1
9072,2,762.7,697.5,65.3,9.26,10.05,575.9,11.33,83.451944,28.023889,1,0,WECS_NEA_MIP,0.3862,0.2654,0.1414,0.0847,0.0625,0.085,0.0772,0.085,0.1159,0.2124,0.6759,1.3132,1.4098,0.8111,0.3669,0.1622,0.1004,0.0077,0.2654,0.2577,0.82,Commercial RoR (>1 MW),58.8,121.89,731.58,218.0,513.58,27.2,22.09,27.2,36.85,72.04,90.38,93.4,93.4,90.38,93.4,52.62,32.62,Satyawati,0,1.0,Mini (100-1000 kW),0,1,1
9073,3,697.5,654.6,42.9,10.05,10.27,505.4,8.49,83.448333,28.021667,1,0,WECS_NEA_MIP,0.3945,0.2712,0.1446,0.0866,0.0639,0.0868,0.0789,0.0868,0.1184,0.217,0.6904,1.3414,1.44,0.8285,0.3748,0.1657,0.1026,0.0079,0.2712,0.2633,0.82,Commercial RoR (>1 MW),38.6,81.76,490.65,146.16,344.49,18.23,14.81,18.23,24.7,48.31,60.63,62.65,62.65,60.63,62.65,35.28,21.88,Satyawati,0,1.0,Micro (5-100 kW),0,1,1
9074,3,654.6,624.8,29.8,10.27,10.67,606.8,4.91,83.443889,28.020556,1,0,WECS_NEA_MIP,0.4096,0.2816,0.1503,0.0901,0.0665,0.0901,0.0819,0.0901,0.1229,0.2253,0.7168,1.3926,1.495,0.8601,0.3891,0.172,0.1065,0.0082,0.2816,0.2734,0.82,Commercial RoR (>1 MW),26.8,58.94,353.69,105.34,248.35,13.14,10.68,13.14,17.8,34.82,43.71,45.17,45.17,43.71,45.17,25.43,15.77,Satyawati,0,1.0,Micro (5-100 kW),0,1,1
9075,3,624.8,599.3,25.4,10.67,23.4,274.0,9.28,83.440556,28.018611,1,0,WECS_NEA_MIP,0.8842,0.6128,0.3321,0.2023,0.1504,0.1945,0.1768,0.1945,0.2653,0.4863,1.5474,3.0064,3.2275,1.8569,0.84,0.3714,0.2299,0.0177,0.6128,0.5951,0.82,Commercial RoR (>1 MW),22.9,109.62,655.73,194.3,461.43,24.23,19.7,24.23,32.84,64.22,81.28,83.99,83.99,81.28,83.99,46.91,29.08,Satyawati,0,1.0,Mini (100-1000 kW),0,1,1
9079,4,1015.3,986.4,28.9,113.8,114.33,628.0,4.61,83.415,28.096667,1,0,WECS_NEA_MIP,4.1854,2.9471,1.6487,1.0364,0.783,0.9208,0.8371,0.9208,1.2556,2.302,7.3245,14.2305,15.2768,8.7894,3.9762,1.7579,1.0882,0.0837,2.9471,2.8634,0.82,Commercial RoR (>1 MW),26.0,598.88,3559.84,1044.37,2515.47,130.26,105.89,130.26,176.47,345.18,443.8,458.59,458.59,443.8,458.59,252.11,156.31,Chandrakot,0,1.0,Mini (100-1000 kW),0,1,1
9080,4,986.4,982.4,4.1,114.33,115.25,95.8,4.24,83.412778,28.094167,1,0,WECS_NEA_MIP,4.2184,2.9705,1.6621,1.045,0.7896,0.9281,0.8437,0.9281,1.2655,2.3201,7.3823,14.3427,15.3973,8.8587,4.0075,1.7717,1.0968,0.0844,2.9705,2.8861,0.82,Commercial RoR (>1 MW),3.7,85.9,510.6,149.79,360.81,18.68,15.19,18.68,25.31,49.51,63.66,65.78,65.78,63.66,65.78,36.16,22.42,Chandrakot,0,1.0,Micro (5-100 kW),0,1,1
9083,1,1015.1,910.8,104.3,0.51,0.97,533.3,19.56,83.296944,28.0025,0,1,WECS_NEA_MIP,0.0391,0.0262,0.0133,0.0076,0.0055,0.0086,0.0078,0.0086,0.0117,0.0215,0.0684,0.1328,0.1426,0.082,0.0371,0.0164,0.0102,0.0008,0.0133,0.0125,0.65,Micro/Mini Hydro (<1 MW),93.9,7.48,59.55,24.58,34.98,3.47,2.82,3.47,4.7,5.92,5.73,5.92,5.92,5.73,5.92,5.73,4.19,Gulmidarbar,0,1.0,Micro (5-100 kW),0,1,1
9084,1,910.8,827.2,83.6,0.97,1.63,573.5,14.58,83.300833,27.999722,0,1,WECS_NEA_MIP,0.065,0.0438,0.0225,0.013,0.0094,0.0143,0.013,0.0143,0.0195,0.0357,0.1137,0.2209,0.2371,0.1364,0.0617,0.0273,0.0169,0.0013,0.0225,0.0212,0.65,Micro/Mini Hydro (<1 MW),75.2,10.17,80.31,32.92,47.39,4.64,3.77,4.64,6.28,8.03,7.77,8.03,8.03,7.77,8.03,7.77,5.57,Gulmidarbar,0,1.0,Micro (5-100 kW),0,1,1
9096,1,1013.7,849.0,164.7,0.62,0.88,631.0,26.1,83.541389,28.077222,0,1,WECS_NEA_MIP,0.0355,0.0238,0.0121,0.0069,0.005,0.0078,0.0071,0.0078,0.0107,0.0195,0.0621,0.1207,0.1296,0.0746,0.0337,0.0149,0.0092,0.0007,0.0121,0.0114,0.65,Micro/Mini Hydro (<1 MW),148.2,10.77,85.56,35.34,50.22,4.99,4.06,4.99,6.8,8.51,8.23,8.51,8.51,8.23,8.51,8.23,5.98,Kaligandaki,0,1.0,Micro (5-100 kW),0,1,1
9097,1,849.0,773.7,75.3,0.88,41.17,181.9,41.42,83.538333,28.074167,1,0,WECS_NEA_MIP,1.5383,1.0721,0.5877,0.3619,0.2707,0.3384,0.3077,0.3384,0.4615,0.846,2.692,5.2301,5.6147,3.2304,1.4614,0.6461,0.4,0.0308,1.0721,1.0413,0.82,Commercial RoR (>1 MW),67.8,567.92,3389.56,1000.85,2388.71,124.82,101.49,124.82,169.13,330.79,421.0,435.03,435.03,421.0,435.03,241.62,149.81,Kaligandaki,0,1.0,Mini (100-1000 kW),0,1,1
9099,3,1012.8,1006.7,6.2,37.6,37.97,561.2,1.1,83.148056,28.097222,1,0,WECS_NEA_MIP,1.421,0.9896,0.5415,0.333,0.2488,0.3126,0.2842,0.3126,0.4263,0.7816,2.4868,4.8314,5.1867,2.9841,1.35,0.5968,0.3695,0.0284,0.9896,0.9612,0.82,Commercial RoR (>1 MW),5.6,43.3,258.5,76.38,182.13,9.53,7.74,9.53,12.91,25.24,32.1,33.17,33.17,32.1,33.17,18.44,11.43,Dhurkot,0,1.0,Micro (5-100 kW),0,1,1
9100,3,1006.7,1006.2,0.5,37.97,38.54,164.2,0.29,83.151111,28.0975,1,0,WECS_NEA_MIP,1.4419,1.0043,0.5498,0.3382,0.2527,0.3172,0.2884,0.3172,0.4326,0.793,2.5233,4.9025,5.263,3.028,1.3698,0.6056,0.3749,0.0288,1.0043,0.9755,0.82,Commercial RoR (>1 MW),0.5,3.92,23.42,6.92,16.5,0.86,0.7,0.86,1.17,2.29,2.91,3.01,3.01,2.91,3.01,1.67,1.04,Dhurkot,0,1.0,Pico (<5 kW),0,0,0
9101,2,1012.8,927.5,85.3,3.95,4.59,597.8,14.27,83.203333,28.092778,0,1,WECS_NEA_MIP,0.1792,0.1222,0.0641,0.0378,0.0276,0.0394,0.0358,0.0394,0.0538,0.0986,0.3136,0.6093,0.6541,0.3763,0.1702,0.0753,0.0466,0.0036,0.0641,0.0605,0.65,Micro/Mini Hydro (<1 MW),76.8,29.63,231.27,93.41,137.87,13.04,10.6,13.04,17.7,23.35,22.6,23.35,23.35,22.6,23.35,22.6,15.67,Dhurkot,0,1.0,Micro (5-100 kW),0,1,1
9102,2,927.5,927.4,0.1,4.59,56.2,295.2,0.04,83.202222,28.096111,1,0,WECS_NEA_MIP,2.0868,1.459,0.8047,0.4987,0.3741,0.4591,0.4174,0.4591,0.626,1.1478,3.6519,7.0952,7.6169,4.3823,1.9825,0.8765,0.5426,0.0417,1.459,1.4173,0.82,Commercial RoR (>1 MW),0.1,1.14,6.8,2.0,4.79,0.25,0.2,0.25,0.34,0.66,0.85,0.87,0.87,0.85,0.87,0.48,0.3,Dhurkot,0,1.0,Pico (<5 kW),0,0,0
9103,2,1012.8,986.3,26.5,3.51,3.94,561.2,4.72,83.146944,28.139444,0,1,WECS_NEA_MIP,0.1543,0.105,0.0549,0.0323,0.0236,0.0339,0.0309,0.0339,0.0463,0.0849,0.27,0.5246,0.5631,0.324,0.1466,0.0648,0.0401,0.0031,0.0549,0.0518,0.65,Micro/Mini Hydro (<1 MW),23.9,7.89,61.74,24.99,36.75,3.49,2.85,3.49,4.74,6.22,6.02,6.22,6.22,6.02,6.22,6.02,4.2,Dhurkot,0,1.0,Micro (5-100 kW),0,1,1
9104,2,986.3,967.3,19.0,3.94,5.07,308.5,6.16,83.150556,28.141111,0,1,WECS_NEA_MIP,0.1975,0.1348,0.0709,0.0419,0.0307,0.0435,0.0395,0.0435,0.0593,0.1086,0.3457,0.6716,0.721,0.4148,0.1877,0.083,0.0514,0.004,0.0709,0.067,0.65,Micro/Mini Hydro (<1 MW),17.1,7.31,56.9,22.95,33.95,3.2,2.6,3.2,4.34,5.75,5.57,5.75,5.75,5.57,5.75,5.57,3.85,Dhurkot,0,1.0,Micro (5-100 kW),0,1,1
9126,1,1010.0,882.3,127.7,0.51,34.66,604.4,21.12,83.250278,28.176944,1,0,WECS_NEA_MIP,1.2995,0.9041,0.4939,0.3031,0.2263,0.2859,0.2599,0.2859,0.3898,0.7147,2.2741,4.4183,4.7432,2.7289,1.2345,0.5458,0.3379,0.026,0.9041,0.8781,0.82,Commercial RoR (>1 MW),114.9,811.61,4847.29,1432.9,3414.39,178.72,145.28,178.72,242.1,473.59,601.66,621.72,621.72,601.66,621.72,345.92,214.48,Musikot,0,1.0,Mini (100-1000 kW),0,1,1
9130,1,1009.8,969.5,40.3,0.52,9.99,604.4,6.67,83.195278,28.157778,0,1,WECS_NEA_MIP,0.384,0.2639,0.1406,0.0842,0.0621,0.0845,0.0768,0.0845,0.1152,0.2112,0.672,1.3056,1.4016,0.8064,0.3648,0.1613,0.0998,0.0077,0.1406,0.1329,0.65,Micro/Mini Hydro (<1 MW),36.3,30.76,238.12,95.19,142.93,13.23,10.75,13.23,17.92,24.21,23.43,24.21,24.21,23.43,24.21,23.43,15.86,Isma,0,1.0,Micro (5-100 kW),0,1,1
9158,2,1006.6,984.5,22.1,7.51,7.91,589.8,3.74,83.18,28.162778,0,1,WECS_NEA_MIP,0.3055,0.2094,0.1111,0.0662,0.0487,0.0672,0.0611,0.0672,0.0916,0.168,0.5346,1.0386,1.1149,0.6415,0.2902,0.1283,0.0794,0.0061,0.1111,0.105,0.65,Micro/Mini Hydro (<1 MW),19.9,13.32,103.36,41.45,61.92,5.77,4.69,5.77,7.81,10.49,10.15,10.49,10.49,10.15,10.49,10.15,6.92,Malika,0,1.0,Micro (5-100 kW),0,1,1
9159,2,984.5,964.4,20.1,7.91,8.37,597.8,3.37,83.177222,28.158611,0,1,WECS_NEA_MIP,0.3229,0.2215,0.1176,0.0702,0.0516,0.071,0.0646,0.071,0.0969,0.1776,0.565,1.0977,1.1784,0.678,0.3067,0.1356,0.0839,0.0065,0.1176,0.1111,0.65,Micro/Mini Hydro (<1 MW),18.1,12.82,99.45,39.84,59.61,5.54,4.51,5.54,7.51,10.1,9.77,10.1,10.1,9.77,10.1,9.77,6.65,Malika,0,1.0,Micro (5-100 kW),0,1,1
9160,2,964.4,963.2,1.2,8.37,10.66,103.1,1.16,83.177222,28.155833,1,0,WECS_NEA_MIP,0.4092,0.2814,0.1501,0.09,0.0664,0.09,0.0818,0.09,0.1228,0.2251,0.7161,1.3913,1.4936,0.8593,0.3887,0.1719,0.1064,0.0082,0.2814,0.2732,0.82,Commercial RoR (>1 MW),1.1,2.42,14.51,4.32,10.19,0.54,0.44,0.54,0.73,1.43,1.79,1.85,1.85,1.79,1.85,1.04,0.65,Isma,0,1.0,Pico (<5 kW),0,0,0
9163,3,1006.6,1000.4,6.2,23.43,23.74,607.4,1.02,83.130556,28.165,1,0,WECS_NEA_MIP,0.8968,0.6216,0.337,0.2053,0.1527,0.1973,0.1794,0.1973,0.2691,0.4933,1.5695,3.0493,3.2735,1.8834,0.852,0.3767,0.2332,0.0179,0.6216,0.6037,0.82,Commercial RoR (>1 MW),5.6,27.2,162.67,48.21,114.46,6.01,4.89,6.01,8.15,15.93,20.16,20.83,20.83,20.16,20.83,11.64,7.22,Dhurkot,0,1.0,Micro (5-100 kW),0,1,1
9164,3,1000.4,993.9,6.5,23.74,24.87,528.0,1.22,83.134167,28.163889,1,0,WECS_NEA_MIP,0.9387,0.6509,0.3532,0.2154,0.1602,0.2065,0.1877,0.2065,0.2816,0.5163,1.6426,3.1914,3.4261,1.9712,0.8917,0.3942,0.2441,0.0188,0.6509,0.6321,0.82,Commercial RoR (>1 MW),5.9,30.0,179.41,53.15,126.26,6.63,5.39,6.63,8.98,17.57,22.24,22.98,22.98,22.24,22.98,12.83,7.96,Malika,0,1.0,Micro (5-100 kW),0,1,1
9165,3,1006.2,1002.1,4.1,38.54,39.59,109.7,3.76,83.152222,28.098333,1,0,WECS_NEA_MIP,1.4804,1.0314,0.5649,0.3476,0.2599,0.3257,0.2961,0.3257,0.4441,0.8142,2.5907,5.0333,5.4034,3.1088,1.4064,0.6218,0.3849,0.0296,1.0314,1.0018,0.82,Commercial RoR (>1 MW),3.7,29.82,177.98,52.57,125.41,6.56,5.33,6.56,8.88,17.37,22.1,22.84,22.84,22.1,22.84,12.69,7.87,Dhurkot,0,1.0,Micro (5-100 kW),0,1,1
9179,1,1005.3,921.9,83.5,0.51,19.5,555.9,15.01,83.266389,28.016944,1,0,WECS_NEA_MIP,0.7396,0.5116,0.2763,0.1676,0.1244,0.1627,0.1479,0.1627,0.2219,0.4068,1.2942,2.5145,2.6994,1.5531,0.7026,0.3106,0.1923,0.0148,0.5116,0.4968,0.82,Commercial RoR (>1 MW),75.2,300.53,1798.99,533.75,1265.24,66.56,54.11,66.56,90.2,176.42,222.82,230.25,230.25,222.82,230.25,128.83,79.89,Resunga,0,1.0,Mini (100-1000 kW),0,1,1
9209,1,1002.9,878.9,123.9,0.54,1.43,620.7,19.97,83.363611,27.981389,0,1,WECS_NEA_MIP,0.0571,0.0385,0.0197,0.0114,0.0082,0.0126,0.0114,0.0126,0.0171,0.0314,0.1,0.1943,0.2086,0.12,0.0543,0.024,0.0149,0.0011,0.0197,0.0186,0.65,Micro/Mini Hydro (<1 MW),111.5,13.22,104.51,43.0,61.52,6.08,4.92,6.08,8.19,10.42,10.08,10.42,10.42,10.08,10.42,10.08,7.3,Chatrakot,0,1.0,Micro (5-100 kW),0,1,1
9210,1,878.9,797.1,81.9,1.43,2.2,639.0,12.82,83.36,27.9775,0,1,WECS_NEA_MIP,0.0872,0.059,0.0305,0.0177,0.0129,0.0192,0.0174,0.0192,0.0261,0.0479,0.1525,0.2963,0.3181,0.183,0.0828,0.0366,0.0227,0.0017,0.0305,0.0288,0.65,Micro/Mini Hydro (<1 MW),73.7,13.53,106.41,43.46,62.95,6.12,4.96,6.12,8.26,10.66,10.32,10.66,10.66,10.32,10.66,10.32,7.34,Chatrakot,0,1.0,Micro (5-100 kW),0,1,1
9211,2,797.1,748.7,48.4,2.2,2.73,625.1,7.74,83.356944,27.973056,0,1,WECS_NEA_MIP,0.1077,0.073,0.0379,0.0221,0.0161,0.0237,0.0215,0.0237,0.0323,0.0592,0.1885,0.3662,0.3931,0.2262,0.1023,0.0452,0.028,0.0022,0.0379,0.0358,0.65,Micro/Mini Hydro (<1 MW),43.6,9.95,77.98,31.7,46.28,4.45,3.61,4.45,6.03,7.84,7.59,7.84,7.84,7.59,7.84,7.59,5.34,Chatrakot,0,1.0,Micro (5-100 kW),0,1,1
9212,2,748.7,748.7,0.0,2.73,3.66,154.6,0.0,83.355278,27.970278,0,1,WECS_NEA_MIP,0.1435,0.0976,0.051,0.0299,0.0218,0.0316,0.0287,0.0316,0.0431,0.0789,0.2512,0.488,0.5239,0.3014,0.1364,0.0603,0.0373,0.0029,0.051,0.0481,0.65,Micro/Mini Hydro (<1 MW),0.0,0.0,0.0,0.0,0.0,0.0,0.0,0.0,0.0,0.0,0.0,0.0,0.0,0.0,0.0,0.0,0.0,Chatrakot,0,1.0,Pico (<5 kW),0,0,0
9213,1,1002.7,925.6,77.1,0.56,0.82,620.7,12.43,83.388889,27.970556,0,1,WECS_NEA_MIP,0.0331,0.0222,0.0113,0.0064,0.0046,0.0073,0.0066,0.0073,0.0099,0.0182,0.058,0.1127,0.1209,0.0696,0.0315,0.0139,0.0086,0.0007,0.0113,0.0106,0.65,Micro/Mini Hydro (<1 MW),69.4,4.69,37.32,15.35,21.96,2.17,1.75,2.17,2.93,3.72,3.6,3.72,3.72,3.6,3.72,3.6,2.6,Ruru,0,1.0,Pico (<5 kW),0,1,0
9214,1,925.6,925.6,0.0,0.82,6.24,92.8,0.0,83.386944,27.968611,0,1,WECS_NEA_MIP,0.2421,0.1656,0.0874,0.0518,0.038,0.0533,0.0484,0.0533,0.0726,0.1332,0.4237,0.8232,0.8837,0.5084,0.23,0.1017,0.063,0.0048,0.0874,0.0826,0.65,Micro/Mini Hydro (<1 MW),0.0,0.0,0.0,0.0,0.0,0.0,0.0,0.0,0.0,0.0,0.0,0.0,0.0,0.0,0.0,0.0,0.0,Chatrakot,0,1.0,Pico (<5 kW),0,0,0
9222,1,1002.4,975.9,26.5,0.5,0.98,572.9,4.63,83.155556,28.153056,0,1,WECS_NEA_MIP,0.0395,0.0265,0.0135,0.0077,0.0055,0.0087,0.0079,0.0087,0.0118,0.0217,0.0691,0.1342,0.144,0.0829,0.0375,0.0166,0.0103,0.0008,0.0135,0.0127,0.65,Micro/Mini Hydro (<1 MW),23.9,1.94,15.37,6.33,9.04,0.9,0.73,0.9,1.21,1.53,1.48,1.53,1.53,1.48,1.53,1.48,1.08,Isma,0,1.0,Pico (<5 kW),0,1,0
9223,1,975.9,956.1,19.7,0.98,1.33,608.1,3.25,83.156389,28.148333,0,1,WECS_NEA_MIP,0.0532,0.0358,0.0183,0.0105,0.0076,0.0117,0.0106,0.0117,0.016,0.0293,0.0931,0.181,0.1943,0.1118,0.0506,0.0224,0.0138,0.0011,0.0183,0.0172,0.65,Micro/Mini Hydro (<1 MW),17.7,1.94,15.39,6.31,9.07,0.89,0.72,0.89,1.21,1.54,1.49,1.54,1.54,1.49,1.54,1.49,1.07,Isma,0,1.0,Pico (<5 kW),0,1,0
9224,1,956.1,947.2,8.9,1.33,55.93,198.8,4.47,83.154722,28.145278,1,0,WECS_NEA_MIP,2.077,1.452,0.8008,0.4963,0.3723,0.4569,0.4154,0.4569,0.6231,1.1423,3.6347,7.0618,7.581,4.3617,1.9731,0.8723,0.54,0.0415,1.452,1.4105,0.82,Commercial RoR (>1 MW),8.0,90.77,541.08,159.47,381.61,19.89,16.17,19.89,26.95,52.71,67.28,69.52,69.52,67.28,69.52,38.49,23.87,Dhurkot,0,1.0,Micro (5-100 kW),0,1,1
9225,3,1002.3,949.4,52.9,12.85,28.99,494.7,10.69,83.508333,28.085556,1,0,WECS_NEA_MIP,1.0908,0.7576,0.4124,0.2522,0.1879,0.24,0.2182,0.24,0.3272,0.5999,1.9089,3.7087,3.9814,2.2907,1.0363,0.4581,0.2836,0.0218,0.7576,0.7358,0.82,Commercial RoR (>1 MW),47.6,281.74,1683.81,498.32,1185.49,62.16,50.54,62.16,84.2,164.69,208.86,215.83,215.83,208.86,215.83,120.28,74.58,Chandrakot,0,1.0,Mini (100-1000 kW),0,1,1
9230,3,1002.1,999.3,2.8,39.59,39.82,603.1,0.47,83.155,28.097222,1,0,WECS_NEA_MIP,1.4888,1.0373,0.5682,0.3497,0.2615,0.3275,0.2978,0.3275,0.4466,0.8189,2.6054,5.062,5.4342,3.1265,1.4144,0.6253,0.3871,0.0298,1.0373,1.0075,0.82,Commercial RoR (>1 MW),2.5,20.26,120.94,35.72,85.22,4.45,3.62,4.45,6.04,11.81,15.02,15.52,15.52,15.02,15.52,8.62,5.35,Dhurkot,0,1.0,Micro (5-100 kW),0,0,0
9231,3,999.3,986.9,12.3,39.82,40.81,600.8,2.05,83.158889,28.096389,1,0,WECS_NEA_MIP,1.5251,1.0628,0.5825,0.3587,0.2682,0.3355,0.305,0.3355,0.4575,0.8388,2.6689,5.1853,5.5666,3.2027,1.4488,0.6405,0.3965,0.0305,1.0628,1.0323,0.82,Commercial RoR (>1 MW),11.1,92.17,550.14,162.46,387.68,20.26,16.47,20.26,27.45,53.7,68.33,70.6,70.6,68.33,70.6,39.22,24.31,Dhurkot,0,1.0,Micro (5-100 kW),0,1,1
9232,3,986.9,979.6,7.4,40.81,41.12,558.2,1.32,83.1625,28.093333,1,0,WECS_NEA_MIP,1.5364,1.0708,0.5869,0.3615,0.2703,0.338,0.3073,0.338,0.4609,0.845,2.6888,5.2239,5.608,3.2265,1.4596,0.6453,0.3995,0.0307,1.0708,1.0401,0.82,Commercial RoR (>1 MW),6.7,56.06,334.57,98.8,235.77,12.32,10.02,12.32,16.69,32.65,41.55,42.94,42.94,41.55,42.94,23.85,14.79,Dhurkot,0,1.0,Micro (5-100 kW),0,1,1
9233,3,979.6,979.4,0.2,41.12,46.05,41.2,0.37,83.164167,28.091944,1,0,WECS_NEA_MIP,1.7168,1.1979,0.658,0.4062,0.3041,0.3777,0.3434,0.3777,0.515,0.9442,3.0043,5.837,6.2662,3.6052,1.6309,0.721,0.4464,0.0343,1.1979,1.1636,0.82,Commercial RoR (>1 MW),0.2,1.87,11.17,3.3,7.87,0.41,0.33,0.41,0.56,1.09,1.39,1.43,1.43,1.39,1.43,0.8,0.49,Dhurkot,0,1.0,Pico (<5 kW),0,0,0
9235,2,1001.9,924.1,77.8,8.89,9.51,561.2,13.86,83.499722,28.006389,0,1,WECS_NEA_MIP,0.3659,0.2513,0.1338,0.08,0.059,0.0805,0.0732,0.0805,0.1098,0.2012,0.6403,1.2441,1.3355,0.7684,0.3476,0.1537,0.0951,0.0073,0.1338,0.1265,0.65,Micro/Mini Hydro (<1 MW),70.0,56.46,437.22,174.92,262.3,24.31,19.77,24.31,32.94,44.43,43.0,44.43,44.43,43.0,44.43,43.0,29.16,Satyawati,0,1.0,Micro (5-100 kW),0,1,1
9236,2,924.1,882.9,41.1,9.51,10.26,455.2,9.04,83.495556,28.005556,1,0,WECS_NEA_MIP,0.3942,0.2709,0.1444,0.0865,0.0638,0.0867,0.0788,0.0867,0.1182,0.2168,0.6898,1.3401,1.4387,0.8277,0.3744,0.1655,0.1025,0.0079,0.2709,0.263,0.82,Commercial RoR (>1 MW),37.0,78.28,469.77,139.92,329.84,17.45,14.18,17.45,23.64,46.26,58.05,59.99,59.99,58.05,59.99,33.77,20.95,Satyawati,0,1.0,Micro (5-100 kW),0,1,1
9237,2,1001.7,947.7,54.0,5.35,7.12,439.5,12.28,83.527222,27.996389,0,1,WECS_NEA_MIP,0.2755,0.1887,0.0999,0.0594,0.0436,0.0606,0.0551,0.0606,0.0827,0.1515,0.4822,0.9368,1.0057,0.5786,0.2618,0.1157,0.0716,0.0055,0.0999,0.0944,0.65,Micro/Mini Hydro (<1 MW),48.6,29.25,227.21,91.24,135.97,12.7,10.33,12.7,17.23,23.03,22.29,23.03,23.03,22.29,23.03,22.29,15.24,Satyawati,0,1.0,Micro (5-100 kW),0,1,1
9238,2,1001.7,995.8,5.9,0.51,3.42,27.3,21.61,83.316111,28.061667,0,1,WECS_NEA_MIP,0.1343,0.0913,0.0476,0.0279,0.0204,0.0295,0.0269,0.0295,0.0403,0.0739,0.235,0.4566,0.4902,0.282,0.1276,0.0564,0.0349,0.0027,0.0476,0.0449,0.65,Micro/Mini Hydro (<1 MW),5.3,1.52,11.88,4.82,7.07,0.67,0.55,0.67,0.91,1.2,1.16,1.2,1.2,1.16,1.2,1.16,0.81,Gulmidarbar,0,1.0,Pico (<5 kW),0,1,0
9248,1,999.5,921.9,77.6,0.52,20.12,327.8,23.67,83.265278,28.013611,1,0,WECS_NEA_MIP,0.7626,0.5277,0.2851,0.1731,0.1285,0.1678,0.1525,0.1678,0.2288,0.4194,1.3346,2.5929,2.7835,1.6015,0.7245,0.3203,0.1983,0.0152,0.5277,0.5124,0.82,Commercial RoR (>1 MW),69.8,287.7,1722.34,511.0,1211.34,63.75,51.81,63.75,86.35,168.85,213.33,220.44,220.44,213.33,220.44,123.34,76.49,Resunga,0,1.0,Mini (100-1000 kW),0,1,1
9256,2,999.1,967.4,31.6,5.41,5.75,639.0,4.95,83.298611,28.019444,0,1,WECS_NEA_MIP,0.2235,0.1527,0.0805,0.0477,0.0349,0.0492,0.0447,0.0492,0.067,0.1229,0.3911,0.7598,0.8157,0.4693,0.2123,0.0939,0.0581,0.0045,0.0805,0.076,0.65,Micro/Mini Hydro (<1 MW),28.4,13.76,107.18,43.15,64.03,6.02,4.89,6.02,8.15,10.85,10.5,10.85,10.85,10.5,10.85,10.5,7.22,Gulmidarbar,0,1.0,Micro (5-100 kW),0,1,1
9257,2,967.4,956.3,11.2,5.75,7.9,154.6,7.22,83.300278,28.016667,0,1,WECS_NEA_MIP,0.3051,0.2092,0.1109,0.0661,0.0486,0.0671,0.061,0.0671,0.0915,0.1678,0.5339,1.0373,1.1136,0.6407,0.2898,0.1281,0.0793,0.0061,0.1109,0.1048,0.65,Micro/Mini Hydro (<1 MW),10.1,6.75,52.37,21.0,31.37,2.92,2.38,2.92,3.96,5.31,5.14,5.31,5.31,5.14,5.31,5.14,3.51,Gulmidarbar,0,1.0,Micro (5-100 kW),0,1,1
9287,2,995.8,938.8,57.0,3.42,3.82,547.3,10.41,83.318611,28.061111,0,1,WECS_NEA_MIP,0.1497,0.1019,0.0532,0.0313,0.0228,0.0329,0.0299,0.0329,0.0449,0.0823,0.2619,0.5089,0.5463,0.3143,0.1422,0.0629,0.0389,0.003,0.0532,0.0502,0.65,Micro/Mini Hydro (<1 MW),51.3,16.42,128.45,52.02,76.43,7.28,5.91,7.28,9.87,12.95,12.53,12.95,12.95,12.53,12.95,12.53,8.74,Gulmidarbar,0,1.0,Micro (5-100 kW),0,1,1
9288,2,938.8,897.7,41.0,3.82,5.37,505.4,8.12,83.323333,28.059444,0,1,WECS_NEA_MIP,0.209,0.1427,0.0751,0.0444,0.0325,0.046,0.0418,0.046,0.0627,0.1149,0.3657,0.7106,0.7628,0.4389,0.1985,0.0878,0.0543,0.0042,0.0751,0.0709,0.65,Micro/Mini Hydro (<1 MW),36.9,16.68,130.02,52.41,77.61,7.32,5.95,7.32,9.91,13.15,12.72,13.15,13.15,12.72,13.15,12.72,8.77,Gulmidarbar,0,1.0,Micro (5-100 kW),0,1,1
9289,2,995.7,884.9,110.8,2.03,2.28,604.4,18.34,83.373333,28.040833,0,1,WECS_NEA_MIP,0.0903,0.0611,0.0316,0.0184,0.0134,0.0199,0.0181,0.0199,0.0271,0.0496,0.158,0.3069,0.3295,0.1896,0.0858,0.0379,0.0235,0.0018,0.0316,0.0298,0.65,Micro/Mini Hydro (<1 MW),99.7,18.94,149.11,60.88,88.23,8.56,6.96,8.56,11.58,14.95,14.46,14.95,14.95,14.46,14.95,14.46,10.26,Chatrakot,0,1.0,Micro (5-100 kW),0,1,1
9290,2,884.9,704.9,180.0,2.28,2.56,587.5,30.65,83.373056,28.045556,0,1,WECS_NEA_MIP,0.1011,0.0685,0.0355,0.0207,0.0151,0.0222,0.0202,0.0222,0.0303,0.0556,0.177,0.3438,0.3691,0.2123,0.0961,0.0425,0.0263,0.002,0.0355,0.0335,0.65,Micro/Mini Hydro (<1 MW),162.0,34.61,271.75,110.69,161.06,15.52,12.63,15.52,21.05,27.28,26.4,27.28,27.28,26.4,27.28,26.4,18.68,Chatrakot,0,1.0,Micro (5-100 kW),0,1,1
9291,2,704.9,606.6,98.3,2.56,1466.78,202.5,48.55,83.373056,28.048611,1,0,GAUGE_TRANSFER_DHM,49.6877,30.4655,15.2327,9.7925,6.891,10.9313,9.9375,10.9313,14.9063,27.3282,86.9535,168.9383,181.3602,104.3442,47.2033,20.8688,12.9188,0.9938,30.4655,29.4718,0.82,Commercial RoR (>1 MW),88.5,10490.66,66015.03,21100.76,44914.26,5263.52,4278.71,5263.52,7131.22,13948.34,15615.9,16136.43,16136.43,15615.9,16136.43,10187.46,6316.22,Chatrakot,1,0.5,Small/Medium RoR (>1 MW),0,1,1
9294,1,995.3,934.9,60.4,0.53,8.01,286.6,21.06,83.300556,28.097778,0,1,WECS_NEA_MIP,0.3092,0.212,0.1125,0.067,0.0493,0.068,0.0618,0.068,0.0928,0.1701,0.5412,1.0514,1.1287,0.6494,0.2938,0.1299,0.0804,0.0062,0.1125,0.1063,0.65,Micro/Mini Hydro (<1 MW),54.4,36.87,286.07,114.67,171.39,15.95,12.96,15.95,21.63,29.03,28.1,29.03,29.03,28.1,29.03,28.1,19.15,Resunga,0,1.0,Micro (5-100 kW),0,1,1
9295,1,995.1,859.1,136.1,0.63,0.84,505.4,26.93,83.354167,28.086111,0,1,WECS_NEA_MIP,0.0339,0.0227,0.0115,0.0066,0.0047,0.0075,0.0068,0.0075,0.0102,0.0187,0.0594,0.1153,0.1238,0.0712,0.0322,0.0142,0.0088,0.0007,0.0115,0.0108,0.65,Micro/Mini Hydro (<1 MW),122.5,8.44,67.29,27.84,39.45,3.95,3.2,3.95,5.34,6.68,6.47,6.68,6.68,6.47,6.68,6.47,4.71,Chandrakot,0,1.0,Micro (5-100 kW),0,1,1
9296,1,859.1,711.5,147.6,0.84,0.98,533.3,27.67,83.349444,28.084722,0,1,WECS_NEA_MIP,0.0395,0.0265,0.0135,0.0077,0.0055,0.0087,0.0079,0.0087,0.0118,0.0217,0.0691,0.1342,0.144,0.0829,0.0375,0.0166,0.0103,0.0008,0.0135,0.0127,0.65,Micro/Mini Hydro (<1 MW),132.8,10.75,85.4,35.19,50.21,4.98,4.04,4.98,6.71,8.51,8.23,8.51,8.51,8.23,8.51,8.23,5.99,Chandrakot,0,1.0,Micro (5-100 kW),0,1,1
9297,1,711.5,682.2,29.2,0.98,2.24,150.3,19.46,83.346389,28.083889,0,1,WECS_NEA_MIP,0.0887,0.0601,0.0311,0.018,0.0131,0.0195,0.0177,0.0195,0.0266,0.0488,0.1552,0.3016,0.3238,0.1863,0.0843,0.0373,0.0231,0.0018,0.0311,0.0293,0.65,Micro/Mini Hydro (<1 MW),26.3,4.91,38.65,15.74,22.91,2.21,1.79,2.21,2.99,3.88,3.76,3.88,3.88,3.76,3.88,3.76,2.66,Chandrakot,0,1.0,Pico (<5 kW),0,1,0
9299,1,994.4,951.4,43.0,0.51,0.69,587.5,7.32,83.180278,28.144167,0,1,WECS_NEA_MIP,0.028,0.0187,0.0095,0.0054,0.0039,0.0062,0.0056,0.0062,0.0084,0.0154,0.049,0.0951,0.1021,0.0588,0.0266,0.0118,0.0073,0.0006,0.0095,0.0089,0.65,Micro/Mini Hydro (<1 MW),38.7,2.2,17.54,7.25,10.3,1.03,0.83,1.03,1.39,1.74,1.69,1.74,1.74,1.69,1.74,1.69,1.23,Isma,0,1.0,Pico (<5 kW),0,1,0
9300,1,951.4,928.4,23.0,0.69,13.03,443.2,5.19,83.180556,28.14,1,0,WECS_NEA_MIP,0.4982,0.3432,0.1839,0.1107,0.0818,0.1096,0.0996,0.1096,0.1495,0.274,0.8718,1.6938,1.8184,1.0462,0.4733,0.2092,0.1295,0.01,0.3432,0.3332,0.82,Commercial RoR (>1 MW),20.7,55.48,332.67,98.94,233.73,12.34,10.03,12.34,16.72,32.71,41.15,42.52,42.52,41.15,42.52,23.88,14.8,Isma,0,1.0,Micro (5-100 kW),0,1,1
9301,1,994.4,841.7,152.7,0.69,1.61,505.4,30.21,83.326944,28.079444,0,1,WECS_NEA_MIP,0.0642,0.0433,0.0222,0.0128,0.0093,0.0141,0.0128,0.0141,0.0193,0.0353,0.1123,0.2182,0.2343,0.1348,0.061,0.027,0.0167,0.0013,0.0222,0.0209,0.65,Micro/Mini Hydro (<1 MW),137.4,18.31,144.75,59.32,85.42,8.34,6.77,8.34,11.35,14.47,14.0,14.47,14.47,14.0,14.47,14.0,10.04,Gulmidarbar,0,1.0,Micro (5-100 kW),0,1,1
9302,1,841.7,748.5,93.1,1.61,2.18,533.3,17.46,83.331667,28.080278,0,1,WECS_NEA_MIP,0.0864,0.0585,0.0302,0.0175,0.0127,0.019,0.0173,0.019,0.0259,0.0475,0.1512,0.2937,0.3153,0.1814,0.0821,0.0363,0.0225,0.0017,0.0302,0.0285,0.65,Micro/Mini Hydro (<1 MW),83.8,15.23,119.82,48.94,70.88,6.88,5.6,6.88,9.31,12.01,11.62,12.01,12.01,11.62,12.01,11.62,8.27,Gulmidarbar,0,1.0,Micro (5-100 kW),0,1,1
9303,2,748.5,676.0,72.6,2.18,2.49,575.2,12.62,83.336389,28.0825,0,1,WECS_NEA_MIP,0.0984,0.0667,0.0346,0.0201,0.0146,0.0216,0.0197,0.0216,0.0295,0.0541,0.1722,0.3346,0.3592,0.2067,0.0935,0.0413,0.0256,0.002,0.0346,0.0326,0.65,Micro/Mini Hydro (<1 MW),65.3,13.57,106.65,43.37,63.28,6.07,4.95,6.07,8.24,10.72,10.37,10.72,10.72,10.37,10.72,10.37,7.31,Gulmidarbar,0,1.0,Micro (5-100 kW),0,1,1
9304,2,676.0,638.7,37.2,2.49,1286.82,318.2,11.7,83.339722,28.084167,1,0,GAUGE_TRANSFER_DHM,44.4559,27.2576,13.6288,8.7614,6.1654,9.7803,8.8912,9.7803,13.3368,24.4507,77.7978,151.1499,162.2639,93.3573,42.2331,18.6715,11.5585,0.8891,27.2576,26.3685,0.82,Commercial RoR (>1 MW),33.5,3552.9,22357.6,7146.32,15211.27,1782.63,1449.11,1782.63,2415.18,4723.95,5288.69,5464.98,5464.98,5288.69,5464.98,3450.25,2139.15,Gulmidarbar,1,0.5,Small/Medium RoR (>1 MW),0,1,1
9307,3,993.9,993.9,0.0,24.87,25.67,109.1,0.0,83.135556,28.161667,1,0,WECS_NEA_MIP,0.9682,0.6716,0.3647,0.2225,0.1656,0.213,0.1936,0.213,0.2905,0.5325,1.6944,3.292,3.5341,2.0333,0.9198,0.4067,0.2517,0.0194,0.6716,0.6522,0.82,Commercial RoR (>1 MW),0.0,0.0,0.0,0.0,0.0,0.0,0.0,0.0,0.0,0.0,0.0,0.0,0.0,0.0,0.0,0.0,0.0,Dhurkot,0,1.0,Pico (<5 kW),0,0,0
9308,3,993.9,985.3,8.7,25.67,34.58,274.0,3.16,83.137222,28.1625,1,0,WECS_NEA_MIP,1.2966,0.9021,0.4927,0.3024,0.2258,0.2852,0.2593,0.2852,0.389,0.7131,2.269,4.4083,4.7324,2.7228,1.2317,0.5446,0.3371,0.0259,0.9021,0.8762,0.82,Commercial RoR (>1 MW),7.8,54.98,328.34,97.06,231.28,12.1,9.84,12.1,16.4,32.08,40.75,42.11,42.11,40.75,42.11,23.43,14.53,Malika,0,1.0,Micro (5-100 kW),0,1,1
9323,1,992.0,867.1,124.9,0.51,229.21,443.2,28.18,83.336389,28.188611,1,0,GAUGE_TRANSFER_DHM,10.2574,6.2892,3.1446,2.0215,1.4226,2.2566,2.0515,2.2566,3.0772,5.6416,17.9505,34.8752,37.4395,21.5405,9.7445,4.3081,2.6669,0.2051,6.2892,6.0841,0.82,Commercial RoR (>1 MW),112.4,2750.53,17308.38,5532.45,11775.93,1380.05,1121.87,1380.05,1869.74,3657.14,4094.28,4230.75,4230.75,4094.28,4230.75,2671.06,1656.06,Musikot,1,0.5,Small/Medium RoR (>1 MW),0,1,1
9329,1,991.5,913.4,78.1,0.51,66.47,446.2,17.49,83.16,28.125,1,0,WECS_NEA_MIP,2.4599,1.7227,0.9533,0.5928,0.4455,0.5412,0.492,0.5412,0.738,1.3529,4.3048,8.3636,8.9786,5.1658,2.3369,1.0332,0.6396,0.0492,1.7227,1.6735,0.82,Commercial RoR (>1 MW),70.3,946.38,5637.56,1659.65,3977.91,207.0,168.27,207.0,280.46,548.52,701.42,724.8,724.8,701.42,724.8,400.65,248.4,Dhurkot,0,1.0,Mini (100-1000 kW),0,1,1
9334,1,991.1,925.7,65.4,0.53,117.19,195.8,33.39,83.403611,28.091389,1,0,WECS_NEA_MIP,4.288,3.02,1.6903,1.0631,0.8034,0.9434,0.8576,0.9434,1.2864,2.3584,7.504,14.5792,15.6512,9.0048,4.0736,1.801,1.1149,0.0858,3.02,2.9342,0.82,Commercial RoR (>1 MW),58.9,1390.23,8263.15,2423.81,5839.33,302.31,245.74,302.31,409.57,801.11,1030.24,1064.58,1064.58,1030.24,1064.58,585.12,362.77,Chandrakot,0,1.0,Small/Medium RoR (>1 MW),0,1,1
9355,1,989.2,850.8,138.4,0.69,1.02,597.8,23.15,83.288889,28.148611,0,1,WECS_NEA_MIP,0.041,0.0276,0.014,0.008,0.0058,0.009,0.0082,0.009,0.0123,0.0226,0.0718,0.1395,0.1498,0.0862,0.039,0.0172,0.0107,0.0008,0.014,0.0132,0.65,Micro/Mini Hydro (<1 MW),124.6,10.49,83.2,34.35,48.85,4.85,3.95,4.85,6.58,8.28,8.01,8.28,8.28,8.01,8.28,8.01,5.85,Musikot,0,1.0,Micro (5-100 kW),0,1,1
9356,1,850.8,750.0,100.8,1.02,1.22,603.1,16.71,83.2925,28.153056,0,1,WECS_NEA_MIP,0.0489,0.0329,0.0168,0.0097,0.007,0.0108,0.0098,0.0108,0.0147,0.0269,0.0856,0.1663,0.1785,0.1027,0.0465,0.0205,0.0127,0.001,0.0168,0.0158,0.65,Micro/Mini Hydro (<1 MW),90.7,9.14,72.5,29.82,42.67,4.22,3.42,4.22,5.7,7.23,7.0,7.23,7.23,7.0,7.23,7.0,5.03,Musikot,0,1.0,Micro (5-100 kW),0,1,1
9357,1,750.0,696.4,53.6,1.22,939.1,369.7,14.49,83.296389,28.152222,1,0,GAUGE_TRANSFER_DHM,34.0129,20.8546,10.4273,6.7033,4.7171,7.4828,6.8026,7.4828,10.2039,18.7071,59.5226,115.6439,124.1472,71.4271,32.3123,14.2854,8.8434,0.6803,20.8546,20.1743,0.82,Commercial RoR (>1 MW),48.2,3911.09,24611.65,7866.77,16744.87,1962.33,1595.19,1962.33,2658.66,5200.22,5821.89,6015.96,6015.96,5821.89,6015.96,3798.08,2354.82,Musikot,1,0.5,Small/Medium RoR (>1 MW),0,1,1
9367,3,988.3,988.3,0.0,21.57,22.33,309.2,0.0,83.554722,28.114722,1,0,WECS_NEA_MIP,0.8446,0.5851,0.3168,0.1927,0.1433,0.1858,0.1689,0.1858,0.2534,0.4645,1.4781,2.8717,3.0828,1.7737,0.8024,0.3547,0.2196,0.0169,0.5851,0.5682,0.82,Commercial RoR (>1 MW),0.0,0.0,0.0,0.0,0.0,0.0,0.0,0.0,0.0,0.0,0.0,0.0,0.0,0.0,0.0,0.0,0.0,Kaligandaki,0,1.0,Pico (<5 kW),0,0,0
9371,3,988.3,988.3,0.0,22.33,23.65,175.2,0.0,83.554444,28.1125,1,0,WECS_NEA_MIP,0.8935,0.6193,0.3357,0.2045,0.1521,0.1966,0.1787,0.1966,0.2681,0.4914,1.5636,3.0379,3.2613,1.8764,0.8488,0.3753,0.2323,0.0179,0.6193,0.6014,0.82,Commercial RoR (>1 MW),0.0,0.0,0.0,0.0,0.0,0.0,0.0,0.0,0.0,0.0,0.0,0.0,0.0,0.0,0.0,0.0,0.0,Kaligandaki,0,1.0,Pico (<5 kW),0,0,0
9372,3,988.3,957.2,31.1,23.65,24.22,556.6,5.59,83.554167,28.109444,1,0,WECS_NEA_MIP,0.9146,0.6341,0.3439,0.2096,0.1559,0.2012,0.1829,0.2012,0.2744,0.503,1.6006,3.1097,3.3383,1.9207,0.8689,0.3841,0.2378,0.0183,0.6341,0.6158,0.82,Commercial RoR (>1 MW),28.0,138.7,829.52,245.75,583.77,30.65,24.91,30.65,41.53,81.22,102.83,106.26,106.26,102.83,106.26,59.32,36.78,Kaligandaki,0,1.0,Mini (100-1000 kW),0,1,1
9373,3,957.2,929.9,27.3,24.22,25.63,103.1,26.52,83.555,28.106667,1,0,WECS_NEA_MIP,0.9668,0.6706,0.3641,0.2221,0.1653,0.2127,0.1934,0.2127,0.29,0.5317,1.6918,3.287,3.5287,2.0302,0.9184,0.406,0.2514,0.0193,0.6706,0.6513,0.82,Commercial RoR (>1 MW),24.6,128.88,770.66,228.28,542.38,28.47,23.15,28.47,38.57,75.44,95.55,98.73,98.73,95.55,98.73,55.1,34.17,Kaligandaki,0,1.0,Mini (100-1000 kW),0,1,1
9377,3,987.2,983.9,3.3,21.23,21.82,656.0,0.5,83.232778,28.207778,1,0,WECS_NEA_MIP,0.8257,0.5718,0.3095,0.1882,0.1399,0.1817,0.1651,0.1817,0.2477,0.4541,1.445,2.8074,3.0138,1.734,0.7844,0.3468,0.2147,0.0165,0.5718,0.5553,0.82,Commercial RoR (>1 MW),3.0,13.4,80.18,23.77,56.41,2.97,2.41,2.97,4.02,7.86,9.94,10.27,10.27,9.94,10.27,5.74,3.56,Isma,0,1.0,Micro (5-100 kW),0,0,0
9378,3,983.9,976.5,7.4,21.82,22.39,635.4,1.17,83.236389,28.203333,1,0,WECS_NEA_MIP,0.8468,0.5866,0.3177,0.1933,0.1437,0.1863,0.1694,0.1863,0.254,0.4658,1.482,2.8792,3.0909,1.7783,0.8045,0.3557,0.2202,0.0169,0.5866,0.5697,0.82,Commercial RoR (>1 MW),6.7,30.7,183.7,54.46,129.24,6.79,5.52,6.79,9.2,18.0,22.76,23.52,23.52,22.76,23.52,13.15,8.15,Isma,0,1.0,Micro (5-100 kW),0,1,1
9379,3,976.5,975.6,0.9,22.39,28.59,346.8,0.25,83.236667,28.2,1,0,WECS_NEA_MIP,1.0761,0.7472,0.4066,0.2486,0.1852,0.2367,0.2152,0.2367,0.3228,0.5918,1.8831,3.6586,3.9276,2.2597,1.0222,0.4519,0.2798,0.0215,0.7472,0.7257,0.82,Commercial RoR (>1 MW),0.8,4.67,27.91,8.26,19.65,1.03,0.84,1.03,1.4,2.73,3.46,3.58,3.58,3.46,3.58,1.99,1.24,Isma,0,1.0,Pico (<5 kW),0,0,0
9380,1,987.1,967.9,19.2,0.52,47.22,113.4,16.9,83.17,28.094444,1,0,WECS_NEA_MIP,1.7595,1.228,0.6749,0.4168,0.3122,0.3871,0.3519,0.3871,0.5278,0.9677,3.0791,5.9823,6.4221,3.6949,1.6715,0.739,0.4575,0.0352,1.228,1.1928,0.82,Commercial RoR (>1 MW),17.3,166.0,990.16,292.12,698.04,36.44,29.62,36.44,49.36,96.55,123.04,127.15,127.15,123.04,127.15,70.52,43.72,Dhurkot,0,1.0,Mini (100-1000 kW),0,1,1
9396,3,985.3,978.5,6.8,34.58,35.45,547.3,1.25,83.140833,28.1625,1,0,WECS_NEA_MIP,1.3285,0.9245,0.5053,0.3103,0.2317,0.2923,0.2657,0.2923,0.3986,0.7307,2.3249,4.517,4.8491,2.7899,1.2621,0.558,0.3454,0.0266,0.9245,0.8979,0.82,Commercial RoR (>1 MW),6.1,44.06,263.13,77.77,185.35,9.7,7.88,9.7,13.14,25.71,32.66,33.75,33.75,32.66,33.75,18.77,11.64,Malika,0,1.0,Micro (5-100 kW),0,1,1
9397,3,978.5,969.3,9.2,35.45,35.72,548.6,1.67,83.144722,28.16,1,0,WECS_NEA_MIP,1.3384,0.9315,0.5091,0.3127,0.2335,0.2945,0.2677,0.2945,0.4015,0.7361,2.3423,4.5507,4.8853,2.8107,1.2715,0.5621,0.348,0.0268,0.9315,0.9047,0.82,Commercial RoR (>1 MW),8.3,60.4,360.71,106.61,254.11,13.3,10.81,13.3,18.01,35.23,44.78,46.27,46.27,44.78,46.27,25.73,15.96,Dhurkot,0,1.0,Micro (5-100 kW),0,1,1
9398,3,969.3,965.9,3.4,35.72,50.95,206.1,1.64,83.145556,28.156944,1,0,WECS_NEA_MIP,1.8956,1.324,0.7288,0.4508,0.3378,0.417,0.3791,0.417,0.5687,1.0426,3.3173,6.445,6.9189,3.9807,1.8008,0.7961,0.4929,0.0379,1.324,1.2861,0.82,Commercial RoR (>1 MW),3.1,32.07,191.25,56.4,134.85,7.03,5.72,7.03,9.53,18.64,23.77,24.56,24.56,23.77,24.56,13.61,8.44,Dhurkot,0,1.0,Micro (5-100 kW),0,0,0
9399,1,985.3,966.4,18.9,0.51,4.42,181.9,10.38,83.383056,27.978889,0,1,WECS_NEA_MIP,0.1727,0.1177,0.0617,0.0363,0.0266,0.038,0.0345,0.038,0.0518,0.095,0.3022,0.5871,0.6303,0.3626,0.1641,0.0725,0.0449,0.0035,0.0617,0.0582,0.65,Micro/Mini Hydro (<1 MW),17.0,6.31,49.28,19.91,29.38,2.78,2.26,2.78,3.77,4.98,4.82,4.98,4.98,4.82,4.98,4.82,3.34,Chatrakot,0,1.0,Micro (5-100 kW),0,1,1
9406,2,984.3,966.4,17.9,3.85,4.42,185.5,9.64,83.382778,27.979167,0,1,WECS_NEA_MIP,0.1727,0.1177,0.0617,0.0363,0.0266,0.038,0.0345,0.038,0.0518,0.095,0.3022,0.5871,0.6303,0.3626,0.1641,0.0725,0.0449,0.0035,0.0617,0.0582,0.65,Micro/Mini Hydro (<1 MW),16.1,5.97,46.67,18.85,27.82,2.64,2.14,2.64,3.57,4.71,4.56,4.71,4.71,4.56,4.71,4.56,3.16,Chatrakot,0,1.0,Micro (5-100 kW),0,1,1
9424,3,983.4,973.3,10.1,14.87,15.05,579.5,1.74,83.147778,28.160278,1,0,WECS_NEA_MIP,0.5738,0.3959,0.2127,0.1284,0.095,0.1262,0.1148,0.1262,0.1721,0.3156,1.0041,1.9508,2.0942,1.2049,0.5451,0.241,0.1492,0.0115,0.3959,0.3844,0.82,Commercial RoR (>1 MW),9.1,28.14,168.61,50.1,118.51,6.25,5.08,6.25,8.46,16.56,20.87,21.56,21.56,20.87,21.56,12.1,7.5,Malika,0,1.0,Micro (5-100 kW),0,1,1
9425,3,973.3,965.9,7.4,15.05,50.95,298.9,2.47,83.146944,28.157222,1,0,WECS_NEA_MIP,1.8956,1.324,0.7288,0.4508,0.3378,0.417,0.3791,0.417,0.5687,1.0426,3.3173,6.445,6.9189,3.9807,1.8008,0.7961,0.4929,0.0379,1.324,1.2861,0.82,Commercial RoR (>1 MW),6.7,69.32,413.34,121.89,291.45,15.2,12.36,15.2,20.6,40.29,51.38,53.09,53.09,51.38,53.09,29.42,18.24,Dhurkot,0,1.0,Micro (5-100 kW),0,1,1
9436,4,982.4,953.2,29.2,115.25,116.27,505.4,5.77,83.41,28.093333,1,0,WECS_NEA_MIP,4.255,2.9966,1.6769,1.0545,0.7968,0.9361,0.851,0.9361,1.2765,2.3403,7.4463,14.4671,15.5308,8.9355,4.0423,1.7871,1.1063,0.0851,2.9966,2.9115,0.82,Commercial RoR (>1 MW),26.3,615.96,3661.17,1073.98,2587.19,133.95,108.89,133.95,181.48,354.97,456.46,471.67,471.67,456.46,471.67,259.26,160.74,Chandrakot,0,1.0,Mini (100-1000 kW),0,1,1
9437,4,953.2,925.7,27.4,116.27,117.19,534.0,5.14,83.405556,28.0925,1,0,WECS_NEA_MIP,4.288,3.02,1.6903,1.0631,0.8034,0.9434,0.8576,0.9434,1.2864,2.3584,7.504,14.5792,15.6512,9.0048,4.0736,1.801,1.1149,0.0858,3.02,2.9342,0.82,Commercial RoR (>1 MW),24.7,583.0,3465.19,1016.44,2448.75,126.78,103.05,126.78,171.76,335.95,432.04,446.44,446.44,432.04,446.44,245.37,152.13,Chandrakot,0,1.0,Mini (100-1000 kW),0,1,1
9460,3,979.4,973.9,5.6,46.05,46.29,547.9,1.02,83.165556,28.093333,1,0,WECS_NEA_MIP,1.7255,1.204,0.6615,0.4084,0.3058,0.3796,0.3451,0.3796,0.5177,0.949,3.0197,5.8668,6.2982,3.6236,1.6392,0.7247,0.4486,0.0345,1.204,1.1695,0.82,Commercial RoR (>1 MW),5.0,47.04,280.61,82.8,197.81,10.33,8.4,10.33,13.99,27.37,34.87,36.03,36.03,34.87,36.03,19.99,12.39,Dhurkot,0,1.0,Micro (5-100 kW),0,1,1
9461,3,973.9,967.9,6.0,46.29,47.22,343.1,1.73,83.169167,28.093056,1,0,WECS_NEA_MIP,1.7595,1.228,0.6749,0.4168,0.3122,0.3871,0.3519,0.3871,0.5278,0.9677,3.0791,5.9823,6.4221,3.6949,1.6715,0.739,0.4575,0.0352,1.228,1.1928,0.82,Commercial RoR (>1 MW),5.4,51.81,309.07,91.18,217.89,11.37,9.24,11.37,15.41,30.14,38.41,39.69,39.69,38.41,39.69,22.01,13.65,Dhurkot,0,1.0,Micro (5-100 kW),0,1,1
9467,2,671.4,651.4,20.0,2.64,460.05,123.7,16.14,83.328333,27.920833,1,0,GAUGE_TRANSFER_DHM,18.5448,11.3706,5.6853,3.6548,2.5719,4.0799,3.709,4.0799,5.5635,10.1997,32.4535,63.0525,67.6887,38.9442,17.6176,7.7888,4.8217,0.3709,11.3706,10.9997,0.82,Commercial RoR (>1 MW),18.0,796.36,5011.27,1601.8,3409.49,399.56,324.81,399.56,541.34,1058.84,1185.42,1224.93,1224.93,1185.42,1224.93,773.34,479.48,Chatrakot,1,0.5,Mini (100-1000 kW),0,1,1
9483,1,977.8,929.2,48.7,0.59,3.18,614.1,7.92,83.2275,28.1425,0,1,WECS_NEA_MIP,0.1251,0.085,0.0442,0.0259,0.0189,0.0275,0.025,0.0275,0.0375,0.0688,0.2189,0.4252,0.4565,0.2626,0.1188,0.0525,0.0325,0.0025,0.0442,0.0417,0.65,Micro/Mini Hydro (<1 MW),43.8,11.65,91.29,37.07,54.22,5.19,4.22,5.19,7.04,9.18,8.89,9.18,9.18,8.89,9.18,8.89,6.23,Isma,0,1.0,Micro (5-100 kW),0,1,1
9489,3,975.6,969.6,6.0,28.59,28.91,583.8,1.03,83.235556,28.196389,1,0,WECS_NEA_MIP,1.0879,0.7555,0.4112,0.2515,0.1874,0.2393,0.2176,0.2393,0.3264,0.5983,1.9037,3.6987,3.9707,2.2845,1.0335,0.4569,0.2828,0.0218,0.7555,0.7337,0.82,Commercial RoR (>1 MW),5.4,31.87,190.48,56.37,134.12,7.03,5.72,7.03,9.53,18.63,23.63,24.42,24.42,23.63,24.42,13.61,8.44,Isma,0,1.0,Micro (5-100 kW),0,1,1
9490,3,969.6,947.9,21.7,28.91,29.87,625.1,3.47,83.238333,28.191944,1,0,WECS_NEA_MIP,1.1232,0.7804,0.425,0.2601,0.1939,0.2471,0.2246,0.2471,0.337,0.6178,1.9657,3.819,4.0998,2.3588,1.0671,0.4718,0.292,0.0225,0.7804,0.7579,0.82,Commercial RoR (>1 MW),19.5,118.89,710.43,210.17,500.25,26.21,21.3,26.21,35.52,69.47,88.14,91.08,91.08,88.14,91.08,50.74,31.45,Isma,0,1.0,Mini (100-1000 kW),0,1,1
9491,3,947.9,939.4,8.5,29.87,30.43,621.4,1.37,83.240556,28.187778,1,0,WECS_NEA_MIP,1.1439,0.7948,0.433,0.2651,0.1977,0.2517,0.2288,0.2517,0.3432,0.6291,2.0018,3.8892,4.1751,2.4021,1.0867,0.4804,0.2974,0.0229,0.7948,0.7719,0.82,Commercial RoR (>1 MW),7.7,47.81,285.7,84.53,201.18,10.54,8.57,10.54,14.28,27.94,35.45,36.63,36.63,35.45,36.63,20.4,12.65,Isma,0,1.0,Micro (5-100 kW),0,1,1
9492,3,939.4,939.4,0.0,30.43,31.67,278.3,0.0,83.242222,28.184167,1,0,WECS_NEA_MIP,1.1895,0.8269,0.4509,0.2762,0.206,0.2617,0.2379,0.2617,0.3569,0.6542,2.0817,4.0444,4.3418,2.498,1.1301,0.4996,0.3093,0.0238,0.8269,0.8031,0.82,Commercial RoR (>1 MW),0.0,0.0,0.0,0.0,0.0,0.0,0.0,0.0,0.0,0.0,0.0,0.0,0.0,0.0,0.0,0.0,0.0,Isma,0,1.0,Pico (<5 kW),0,0,0
9495,2,975.4,885.2,90.2,3.81,4.16,572.9,15.74,83.564722,28.025556,0,1,WECS_NEA_MIP,0.1627,0.1108,0.058,0.0341,0.025,0.0358,0.0325,0.0358,0.0488,0.0895,0.2848,0.5533,0.5939,0.3417,0.1546,0.0683,0.0423,0.0033,0.058,0.0548,0.65,Micro/Mini Hydro (<1 MW),81.2,28.37,221.42,89.53,131.9,12.52,10.16,12.52,16.96,22.34,21.62,22.34,22.34,21.62,22.34,21.62,15.02,Kaligandaki,0,1.0,Micro (5-100 kW),0,1,1
9496,2,885.2,619.1,266.1,4.16,4.65,645.7,41.21,83.569167,28.029167,0,1,WECS_NEA_MIP,0.1815,0.1238,0.0649,0.0383,0.028,0.0399,0.0363,0.0399,0.0544,0.0998,0.3176,0.6171,0.6624,0.3811,0.1724,0.0762,0.0472,0.0036,0.0649,0.0613,0.65,Micro/Mini Hydro (<1 MW),239.5,93.62,730.49,295.19,435.31,41.24,33.56,41.24,55.86,73.74,71.36,73.74,73.74,71.36,73.74,71.36,49.54,Kaligandaki,0,1.0,Micro (5-100 kW),0,1,1
9497,2,619.1,579.5,39.6,4.65,4.7,484.8,8.17,83.572222,28.032222,0,1,WECS_NEA_MIP,0.1834,0.1251,0.0656,0.0387,0.0283,0.0403,0.0367,0.0403,0.055,0.1009,0.3209,0.6236,0.6694,0.3851,0.1742,0.077,0.0477,0.0037,0.0656,0.0619,0.65,Micro/Mini Hydro (<1 MW),35.6,14.05,109.69,44.29,65.4,6.18,5.03,6.18,8.38,11.08,10.72,11.08,11.08,10.72,11.08,10.72,7.43,Kaligandaki,0,1.0,Micro (5-100 kW),0,1,1
9505,1,974.5,876.3,98.2,0.5,12.2,291.6,33.67,83.398889,28.016667,1,0,WECS_NEA_MIP,0.4671,0.3216,0.172,0.1034,0.0764,0.1028,0.0934,0.1028,0.1401,0.2569,0.8174,1.588,1.7048,0.9808,0.4437,0.1962,0.1214,0.0093,0.3216,0.3123,0.82,Commercial RoR (>1 MW),88.4,222.08,1331.85,396.4,935.45,49.47,40.19,49.47,66.97,131.0,164.66,170.15,170.15,164.66,170.15,95.69,59.31,Ruru,0,1.0,Mini (100-1000 kW),0,1,1
9515,1,973.6,921.2,52.4,0.53,1.14,573.5,9.13,83.209444,28.141667,0,1,WECS_NEA_MIP,0.0458,0.0308,0.0157,0.009,0.0065,0.0101,0.0092,0.0101,0.0137,0.0252,0.0801,0.1556,0.167,0.0961,0.0435,0.0192,0.0119,0.0009,0.0157,0.0148,0.65,Micro/Mini Hydro (<1 MW),47.2,4.45,35.3,14.55,20.75,2.06,1.68,2.06,2.77,3.52,3.4,3.52,3.52,3.4,3.52,3.4,2.46,Isma,0,1.0,Pico (<5 kW),0,1,0
9516,1,921.2,898.9,22.3,1.14,1.65,546.3,4.09,83.210278,28.136944,0,1,WECS_NEA_MIP,0.0657,0.0444,0.0228,0.0132,0.0095,0.0145,0.0131,0.0145,0.0197,0.0362,0.1151,0.2235,0.24,0.1381,0.0625,0.0276,0.0171,0.0013,0.0228,0.0215,0.65,Micro/Mini Hydro (<1 MW),20.1,2.76,21.75,8.91,12.83,1.26,1.02,1.26,1.7,2.17,2.1,2.17,2.17,2.1,2.17,2.1,1.51,Isma,0,1.0,Pico (<5 kW),0,1,0
9517,1,898.9,873.1,25.8,1.65,2.22,635.4,4.06,83.208333,28.132222,0,1,WECS_NEA_MIP,0.0879,0.0595,0.0308,0.0179,0.013,0.0193,0.0176,0.0193,0.0264,0.0484,0.1539,0.299,0.321,0.1847,0.0835,0.0369,0.0229,0.0018,0.0308,0.029,0.65,Micro/Mini Hydro (<1 MW),23.2,4.29,33.77,13.76,20.01,1.93,1.57,1.93,2.62,3.39,3.28,3.39,3.39,3.28,3.39,3.28,2.32,Isma,0,1.0,Pico (<5 kW),0,1,0
9518,2,873.1,860.4,12.7,2.22,109.69,384.3,3.31,83.206944,28.128611,1,0,WECS_NEA_MIP,4.0189,2.8286,1.5811,0.9931,0.75,0.8842,0.8038,0.8842,1.2057,2.2104,7.0331,13.6643,14.669,8.4397,3.818,1.6879,1.0449,0.0804,2.8286,2.7482,0.82,Commercial RoR (>1 MW),11.4,252.02,1498.32,439.69,1058.63,54.84,44.58,54.84,74.3,145.32,186.76,192.99,192.99,186.76,192.99,106.14,65.81,Isma,0,1.0,Mini (100-1000 kW),0,1,1
9525,2,973.0,969.5,3.5,8.8,9.99,103.1,3.43,83.196389,28.155833,0,1,WECS_NEA_MIP,0.384,0.2639,0.1406,0.0842,0.0621,0.0845,0.0768,0.0845,0.1152,0.2112,0.672,1.3056,1.4016,0.8064,0.3648,0.1613,0.0998,0.0077,0.1406,0.1329,0.65,Micro/Mini Hydro (<1 MW),3.1,2.63,20.34,8.13,12.21,1.13,0.92,1.13,1.53,2.07,2.0,2.07,2.07,2.0,2.07,2.0,1.35,Isma,0,1.0,Pico (<5 kW),0,1,0
9531,1,971.9,846.6,125.2,0.54,0.95,608.1,20.59,83.285833,28.153056,0,1,WECS_NEA_MIP,0.0383,0.0257,0.0131,0.0075,0.0054,0.0084,0.0077,0.0084,0.0115,0.0211,0.067,0.1301,0.1397,0.0804,0.0364,0.0161,0.01,0.0008,0.0131,0.0123,0.65,Micro/Mini Hydro (<1 MW),112.7,8.84,70.26,28.92,41.35,4.06,3.33,4.06,5.54,7.0,6.78,7.0,7.0,6.78,7.0,6.78,4.92,Musikot,0,1.0,Micro (5-100 kW),0,1,1
9532,1,846.6,768.9,77.8,0.95,1.36,592.8,13.12,83.288889,28.157222,0,1,WECS_NEA_MIP,0.0544,0.0366,0.0188,0.0108,0.0078,0.012,0.0109,0.012,0.0163,0.0299,0.0952,0.185,0.1986,0.1142,0.0517,0.0228,0.0141,0.0011,0.0188,0.0177,0.65,Micro/Mini Hydro (<1 MW),70.0,7.9,62.48,25.62,36.86,3.62,2.94,3.62,4.88,6.24,6.04,6.24,6.24,6.04,6.24,6.04,4.32,Musikot,0,1.0,Micro (5-100 kW),0,1,1
9533,1,768.9,698.1,70.8,1.36,936.04,342.5,20.67,83.2925,28.158889,1,0,GAUGE_TRANSFER_DHM,33.9187,20.7969,10.3984,6.6847,4.7041,7.4621,6.7837,7.4621,10.1756,18.6553,59.3577,115.3236,123.8032,71.2293,32.2228,14.2459,8.8189,0.6784,20.7969,20.1185,0.82,Commercial RoR (>1 MW),63.7,5154.52,32436.17,10367.76,22068.41,2586.2,2102.32,2586.2,3503.89,6853.46,7672.79,7928.55,7928.55,7672.79,7928.55,5005.58,3103.46,Musikot,1,0.5,Small/Medium RoR (>1 MW),0,1,1
9537,1,971.2,886.5,84.8,0.54,1.06,608.1,13.94,83.315,28.004444,0,1,WECS_NEA_MIP,0.0426,0.0286,0.0146,0.0084,0.006,0.0094,0.0085,0.0094,0.0128,0.0234,0.0746,0.1449,0.1555,0.0895,0.0405,0.0179,0.0111,0.0009,0.0146,0.0138,0.65,Micro/Mini Hydro (<1 MW),76.3,6.71,52.98,21.78,31.2,3.08,2.48,3.08,4.17,5.28,5.11,5.28,5.28,5.11,5.28,5.11,3.69,Gulmidarbar,0,1.0,Micro (5-100 kW),0,1,1
9538,1,886.5,833.3,53.2,1.06,1.4,577.2,9.21,83.315833,27.999722,0,1,WECS_NEA_MIP,0.056,0.0377,0.0193,0.0111,0.008,0.0123,0.0112,0.0123,0.0168,0.0308,0.0979,0.1903,0.2043,0.1175,0.0532,0.0235,0.0146,0.0011,0.0193,0.0182,0.65,Micro/Mini Hydro (<1 MW),47.9,5.56,43.96,18.07,25.89,2.55,2.07,2.55,3.45,4.39,4.24,4.39,4.39,4.24,4.39,4.24,3.07,Gulmidarbar,0,1.0,Micro (5-100 kW),0,1,1
9539,1,833.3,813.0,20.3,1.4,14.11,164.9,12.29,83.315556,27.996667,1,0,WECS_NEA_MIP,0.5386,0.3714,0.1993,0.1201,0.0889,0.1185,0.1077,0.1185,0.1616,0.2962,0.9426,1.8313,1.966,1.1311,0.5117,0.2262,0.14,0.0108,0.3714,0.3606,0.82,Commercial RoR (>1 MW),18.3,53.08,318.16,94.57,223.59,11.8,9.59,11.8,15.98,31.26,39.36,40.68,40.68,39.36,40.68,22.83,14.15,Gulmidarbar,0,1.0,Micro (5-100 kW),0,1,1
9548,3,969.5,953.5,16.0,9.99,10.36,583.8,2.74,83.194444,28.153333,1,0,WECS_NEA_MIP,0.3979,0.2735,0.1459,0.0874,0.0645,0.0875,0.0796,0.0875,0.1194,0.2189,0.6964,1.3529,1.4524,0.8356,0.378,0.1671,0.1035,0.008,0.2735,0.2655,0.82,Commercial RoR (>1 MW),14.4,30.75,184.58,54.97,129.6,6.85,5.57,6.85,9.29,18.18,22.81,23.57,23.57,22.81,23.57,13.27,8.23,Isma,0,1.0,Micro (5-100 kW),0,1,1
9549,3,953.5,942.3,11.2,10.36,10.97,566.9,1.97,83.194444,28.148611,1,0,WECS_NEA_MIP,0.4209,0.2895,0.1545,0.0927,0.0684,0.0926,0.0842,0.0926,0.1263,0.2315,0.7365,1.431,1.5362,0.8838,0.3998,0.1768,0.1094,0.0084,0.2895,0.2811,0.82,Commercial RoR (>1 MW),10.1,22.84,137.03,40.81,96.22,5.09,4.14,5.09,6.9,13.49,16.94,17.5,17.5,16.94,17.5,9.85,6.11,Isma,0,1.0,Micro (5-100 kW),0,1,1
9550,3,942.3,938.2,4.1,10.97,12.68,92.8,4.44,83.194167,28.145833,1,0,WECS_NEA_MIP,0.4851,0.3341,0.1789,0.1076,0.0795,0.1067,0.097,0.1067,0.1455,0.2668,0.8489,1.6492,1.7705,1.0186,0.4608,0.2037,0.1261,0.0097,0.3341,0.3244,0.82,Commercial RoR (>1 MW),3.7,9.66,57.89,17.22,40.67,2.15,1.75,2.15,2.91,5.69,7.16,7.4,7.4,7.16,7.4,4.16,2.58,Isma,0,1.0,Micro (5-100 kW),0,1,1
9551,2,969.3,963.2,6.1,2.23,10.66,192.2,3.18,83.176667,28.156111,1,0,WECS_NEA_MIP,0.4092,0.2814,0.1501,0.09,0.0664,0.09,0.0818,0.09,0.1228,0.2251,0.7161,1.3913,1.4936,0.8593,0.3887,0.1719,0.1064,0.0082,0.2814,0.2732,0.82,Commercial RoR (>1 MW),5.5,12.09,72.53,21.6,50.93,2.69,2.19,2.69,3.65,7.14,8.96,9.26,9.26,8.96,9.26,5.21,3.23,Isma,0,1.0,Micro (5-100 kW),0,1,1
9574,3,967.9,960.2,7.7,47.22,47.85,561.2,1.38,83.172778,28.094167,1,0,WECS_NEA_MIP,1.7825,1.2442,0.684,0.4226,0.3165,0.3921,0.3565,0.3921,0.5347,0.9804,3.1194,6.0605,6.5061,3.7432,1.6934,0.7486,0.4634,0.0357,1.2442,1.2086,0.82,Commercial RoR (>1 MW),6.9,67.08,400.09,118.02,282.08,14.72,11.97,14.72,19.94,39.01,49.72,51.38,51.38,49.72,51.38,28.49,17.66,Dhurkot,0,1.0,Micro (5-100 kW),0,1,1
9575,3,960.2,955.5,4.6,47.85,48.16,519.3,0.89,83.1775,28.093889,1,0,WECS_NEA_MIP,1.7938,1.2522,0.6885,0.4254,0.3186,0.3946,0.3588,0.3946,0.5381,0.9866,3.1392,6.0989,6.5474,3.767,1.7041,0.7534,0.4664,0.0359,1.2522,1.2163,0.82,Commercial RoR (>1 MW),4.1,40.12,239.27,70.58,168.69,8.8,7.16,8.8,11.93,23.33,29.74,30.73,30.73,29.74,30.73,17.04,10.56,Dhurkot,0,1.0,Micro (5-100 kW),0,0,0
9576,3,955.5,943.8,11.8,48.16,48.53,579.5,2.03,83.182222,28.093611,1,0,WECS_NEA_MIP,1.8073,1.2617,0.6939,0.4288,0.3212,0.3976,0.3615,0.3976,0.5422,0.994,3.1628,6.1449,6.5967,3.7954,1.7169,0.7591,0.4699,0.0362,1.2617,1.2256,0.82,Commercial RoR (>1 MW),10.6,104.51,623.26,183.84,439.43,22.93,18.64,22.93,31.07,60.76,77.46,80.04,80.04,77.46,80.04,44.38,27.51,Dhurkot,0,1.0,Mini (100-1000 kW),0,1,1
9577,3,943.8,942.5,1.2,48.53,49.21,526.7,0.24,83.184444,28.096111,1,0,WECS_NEA_MIP,1.8321,1.2792,0.7037,0.435,0.3259,0.4031,0.3664,0.4031,0.5496,1.0077,3.2062,6.2292,6.6873,3.8475,1.7405,0.7695,0.4764,0.0366,1.2792,1.2426,0.82,Commercial RoR (>1 MW),1.1,11.0,65.58,19.34,46.23,2.41,1.96,2.41,3.27,6.39,8.15,8.42,8.42,8.15,8.42,4.67,2.9,Dhurkot,0,1.0,Micro (5-100 kW),0,0,0
9578,3,942.5,942.5,0.0,49.21,50.19,533.3,0.0,83.189167,28.095556,1,0,WECS_NEA_MIP,1.8679,1.3044,0.7178,0.4439,0.3326,0.4109,0.3736,0.4109,0.5604,1.0273,3.2688,6.3508,6.8177,3.9225,1.7745,0.7845,0.4856,0.0374,1.3044,1.267,0.82,Commercial RoR (>1 MW),0.0,0.0,0.0,0.0,0.0,0.0,0.0,0.0,0.0,0.0,0.0,0.0,0.0,0.0,0.0,0.0,0.0,Dhurkot,0,1.0,Pico (<5 kW),0,0,0
9579,4,942.5,942.5,0.0,50.19,50.81,491.4,0.0,83.193889,28.096944,1,0,WECS_NEA_MIP,1.8905,1.3204,0.7268,0.4495,0.3369,0.4159,0.3781,0.4159,0.5671,1.0398,3.3084,6.4277,6.9003,3.97,1.796,0.794,0.4915,0.0378,1.3204,1.2826,0.82,Commercial RoR (>1 MW),0.0,0.0,0.0,0.0,0.0,0.0,0.0,0.0,0.0,0.0,0.0,0.0,0.0,0.0,0.0,0.0,0.0,Dhurkot,0,1.0,Pico (<5 kW),0,0,0
9580,4,942.5,927.4,15.1,50.81,51.44,617.1,2.44,83.198611,28.095,1,0,WECS_NEA_MIP,1.9135,1.3366,0.7359,0.4553,0.3412,0.421,0.3827,0.421,0.574,1.0524,3.3485,6.5057,6.9841,4.0183,1.8178,0.8037,0.4975,0.0383,1.3366,1.2983,0.82,Commercial RoR (>1 MW),13.6,142.04,846.96,249.73,597.23,31.15,25.32,31.15,42.2,82.54,105.28,108.79,108.79,105.28,108.79,60.29,37.38,Dhurkot,0,1.0,Mini (100-1000 kW),0,1,1
9581,4,927.4,927.4,0.0,51.44,56.2,298.9,0.0,83.201667,28.096111,1,0,WECS_NEA_MIP,2.0868,1.459,0.8047,0.4987,0.3741,0.4591,0.4174,0.4591,0.626,1.1478,3.6519,7.0952,7.6169,4.3823,1.9825,0.8765,0.5426,0.0417,1.459,1.4173,0.82,Commercial RoR (>1 MW),0.0,0.0,0.0,0.0,0.0,0.0,0.0,0.0,0.0,0.0,0.0,0.0,0.0,0.0,0.0,0.0,0.0,Dhurkot,0,1.0,Pico (<5 kW),0,0,0
9595,2,967.3,943.5,23.8,5.07,5.48,519.3,4.58,83.153611,28.14,0,1,WECS_NEA_MIP,0.2132,0.1456,0.0767,0.0453,0.0332,0.0469,0.0426,0.0469,0.064,0.1172,0.3731,0.7248,0.7781,0.4477,0.2025,0.0895,0.0554,0.0043,0.0767,0.0724,0.65,Micro/Mini Hydro (<1 MW),21.4,9.88,76.97,31.0,45.97,4.32,3.51,4.32,5.87,7.79,7.54,7.79,7.79,7.54,7.79,7.54,5.19,Dhurkot,0,1.0,Micro (5-100 kW),0,1,1
9596,2,943.5,940.4,3.1,5.48,62.0,99.4,3.15,83.156389,28.139167,1,0,WECS_NEA_MIP,2.2977,1.608,0.8886,0.5518,0.4144,0.5055,0.4595,0.5055,0.6893,1.2637,4.0209,7.8121,8.3865,4.8251,2.1828,0.965,0.5974,0.046,1.608,1.5621,0.82,Commercial RoR (>1 MW),2.8,35.18,209.63,61.74,147.9,7.7,6.26,7.7,10.43,20.41,26.08,26.95,26.95,26.08,26.95,14.9,9.24,Dhurkot,0,1.0,Micro (5-100 kW),0,1,1
9600,2,967.1,930.1,37.0,5.8,10.29,455.2,8.13,83.387778,28.016389,1,0,WECS_NEA_MIP,0.3953,0.2717,0.1449,0.0868,0.064,0.087,0.0791,0.087,0.1186,0.2174,0.6917,1.344,1.4428,0.8301,0.3755,0.166,0.1028,0.0079,0.2717,0.2638,0.82,Commercial RoR (>1 MW),33.3,70.66,424.11,126.36,297.74,15.76,12.82,15.76,21.35,41.75,52.4,54.15,54.15,52.4,54.15,30.49,18.91,Chatrakot,0,1.0,Micro (5-100 kW),0,1,1
9604,2,966.4,937.4,28.9,4.42,5.0,566.9,5.1,83.383056,27.975833,0,1,WECS_NEA_MIP,0.1949,0.133,0.0699,0.0413,0.0302,0.0429,0.039,0.0429,0.0585,0.1072,0.341,0.6625,0.7113,0.4092,0.1851,0.0818,0.0507,0.0039,0.0699,0.066,0.65,Micro/Mini Hydro (<1 MW),26.0,10.94,85.34,34.44,50.9,4.81,3.91,4.81,6.52,8.62,8.34,8.62,8.62,8.34,8.62,8.34,5.77,Chatrakot,0,1.0,Micro (5-100 kW),0,1,1
9605,2,937.4,925.6,11.9,5.0,5.4,639.0,1.86,83.384444,27.971111,0,1,WECS_NEA_MIP,0.2101,0.1435,0.0755,0.0447,0.0327,0.0462,0.042,0.0462,0.063,0.1156,0.3677,0.7144,0.767,0.4413,0.1996,0.0883,0.0546,0.0042,0.0755,0.0713,0.65,Micro/Mini Hydro (<1 MW),10.7,4.86,37.9,15.28,22.62,2.13,1.73,2.13,2.89,3.83,3.71,3.83,3.83,3.71,3.83,3.71,2.56,Chatrakot,0,1.0,Pico (<5 kW),0,1,0
9606,2,925.6,925.6,0.0,5.4,6.24,82.5,0.0,83.386667,27.968611,0,1,WECS_NEA_MIP,0.2421,0.1656,0.0874,0.0518,0.038,0.0533,0.0484,0.0533,0.0726,0.1332,0.4237,0.8232,0.8837,0.5084,0.23,0.1017,0.063,0.0048,0.0874,0.0826,0.65,Micro/Mini Hydro (<1 MW),0.0,0.0,0.0,0.0,0.0,0.0,0.0,0.0,0.0,0.0,0.0,0.0,0.0,0.0,0.0,0.0,0.0,Chatrakot,0,1.0,Pico (<5 kW),0,0,0
9611,3,966.0,966.0,0.0,17.12,17.76,350.4,0.0,83.2725,28.018611,1,0,WECS_NEA_MIP,0.6748,0.4664,0.2514,0.1522,0.1129,0.1485,0.135,0.1485,0.2025,0.3712,1.181,2.2944,2.4631,1.4172,0.6411,0.2834,0.1755,0.0135,0.4664,0.4529,0.82,Commercial RoR (>1 MW),0.0,0.0,0.0,0.0,0.0,0.0,0.0,0.0,0.0,0.0,0.0,0.0,0.0,0.0,0.0,0.0,0.0,Resunga,0,1.0,Pico (<5 kW),0,0,0
9612,3,966.0,933.0,33.0,17.76,18.63,531.0,6.21,83.271944,28.015556,1,0,WECS_NEA_MIP,0.7072,0.489,0.2638,0.1599,0.1187,0.1556,0.1414,0.1556,0.2122,0.389,1.2376,2.4045,2.5813,1.4852,0.6719,0.297,0.1839,0.0141,0.489,0.4749,0.82,Commercial RoR (>1 MW),29.7,113.46,679.3,201.64,477.66,25.15,20.44,25.15,34.08,66.64,84.12,86.92,86.92,84.12,86.92,48.66,30.18,Resunga,0,1.0,Mini (100-1000 kW),0,1,1
9613,3,933.0,921.9,11.1,18.63,19.5,459.5,2.42,83.268611,28.015833,1,0,WECS_NEA_MIP,0.7396,0.5116,0.2763,0.1676,0.1244,0.1627,0.1479,0.1627,0.2219,0.4068,1.2942,2.5145,2.6994,1.5531,0.7026,0.3106,0.1923,0.0148,0.5116,0.4968,0.82,Commercial RoR (>1 MW),10.0,39.96,239.23,70.98,168.25,8.85,7.19,8.85,11.99,23.46,29.63,30.62,30.62,29.63,30.62,17.13,10.62,Resunga,0,1.0,Micro (5-100 kW),0,1,1
9614,4,965.9,961.9,4.0,50.95,53.58,536.0,0.74,83.146667,28.153889,1,0,WECS_NEA_MIP,1.9914,1.3916,0.7668,0.4748,0.356,0.4381,0.3983,0.4381,0.5974,1.0953,3.485,6.7709,7.2687,4.182,1.8919,0.8364,0.5178,0.0398,1.3916,1.3518,0.82,Commercial RoR (>1 MW),3.6,39.15,233.4,68.81,164.59,8.58,6.98,8.58,11.63,22.74,29.02,29.98,29.98,29.02,29.98,16.61,10.3,Dhurkot,0,1.0,Micro (5-100 kW),0,0,0
9637,3,963.2,960.9,2.3,10.66,11.14,628.0,0.37,83.179167,28.153889,1,0,WECS_NEA_MIP,0.4273,0.2939,0.1569,0.0942,0.0695,0.094,0.0855,0.094,0.1282,0.235,0.7477,1.4527,1.5595,0.8972,0.4059,0.1794,0.1111,0.0086,0.2939,0.2853,0.82,Commercial RoR (>1 MW),2.1,4.82,28.92,8.61,20.31,1.07,0.87,1.07,1.45,2.85,3.57,3.69,3.69,3.57,3.69,2.08,1.29,Isma,0,1.0,Pico (<5 kW),0,0,0
9638,3,960.9,941.6,19.4,11.14,11.64,618.4,3.13,83.182778,28.149167,1,0,WECS_NEA_MIP,0.446,0.307,0.1641,0.0985,0.0728,0.0981,0.0892,0.0981,0.1338,0.2453,0.7806,1.5165,1.6281,0.9367,0.4237,0.1873,0.116,0.0089,0.307,0.2981,0.82,Commercial RoR (>1 MW),17.5,41.96,251.69,74.92,176.78,9.34,7.6,9.34,12.66,24.76,31.12,32.15,32.15,31.12,32.15,18.08,11.22,Isma,0,1.0,Micro (5-100 kW),0,1,1
9639,3,941.6,932.4,9.2,11.64,11.99,556.6,1.65,83.183056,28.144444,1,0,WECS_NEA_MIP,0.4592,0.3161,0.169,0.1016,0.075,0.101,0.0918,0.101,0.1378,0.2526,0.8036,1.5612,1.676,0.9643,0.4362,0.1929,0.1194,0.0092,0.3161,0.3069,0.82,Commercial RoR (>1 MW),8.3,20.49,122.9,36.57,86.33,4.56,3.71,4.56,6.18,12.09,15.2,15.7,15.7,15.2,15.7,8.83,5.47,Isma,0,1.0,Micro (5-100 kW),0,1,1
9640,3,932.4,928.4,4.0,11.99,13.03,511.7,0.79,83.182222,28.140278,1,0,WECS_NEA_MIP,0.4982,0.3432,0.1839,0.1107,0.0818,0.1096,0.0996,0.1096,0.1495,0.274,0.8718,1.6938,1.8184,1.0462,0.4733,0.2092,0.1295,0.01,0.3432,0.3332,0.82,Commercial RoR (>1 MW),3.6,9.65,57.86,17.21,40.65,2.15,1.74,2.15,2.91,5.69,7.16,7.39,7.39,7.16,7.39,4.15,2.57,Isma,0,1.0,Micro (5-100 kW),0,0,0
9662,4,961.9,954.6,7.3,53.58,54.23,652.3,1.12,83.150278,28.149444,1,0,WECS_NEA_MIP,2.0151,1.4083,0.7762,0.4807,0.3605,0.4433,0.403,0.4433,0.6045,1.1083,3.5264,6.8514,7.3551,4.2317,1.9144,0.8463,0.5239,0.0403,1.4083,1.368,0.82,Commercial RoR (>1 MW),6.6,72.63,433.0,127.63,305.36,15.92,12.94,15.92,21.57,42.19,53.83,55.63,55.63,53.83,55.63,30.81,19.1,Dhurkot,0,1.0,Micro (5-100 kW),0,1,1
9663,4,954.6,947.2,7.4,54.23,55.93,371.0,1.99,83.153056,28.146389,1,0,WECS_NEA_MIP,2.077,1.452,0.8008,0.4963,0.3723,0.4569,0.4154,0.4569,0.6231,1.1423,3.6347,7.0618,7.581,4.3617,1.9731,0.8723,0.54,0.0415,1.452,1.4105,0.82,Commercial RoR (>1 MW),6.7,76.02,453.15,133.56,319.6,16.66,13.54,16.66,22.57,44.14,56.35,58.22,58.22,56.35,58.22,32.24,19.99,Dhurkot,0,1.0,Micro (5-100 kW),0,1,1
9670,1,961.2,858.6,102.7,0.62,0.85,547.3,18.76,83.243611,28.158056,0,1,WECS_NEA_MIP,0.0343,0.023,0.0117,0.0067,0.0048,0.0076,0.0069,0.0076,0.0103,0.0189,0.0601,0.1167,0.1253,0.0721,0.0326,0.0144,0.0089,0.0007,0.0117,0.011,0.65,Micro/Mini Hydro (<1 MW),92.4,6.48,51.58,21.3,30.28,3.02,2.45,3.02,4.07,5.13,4.96,5.13,5.13,4.96,5.13,4.96,3.59,Isma,0,1.0,Micro (5-100 kW),0,1,1
9671,1,858.6,854.6,4.0,0.85,42.72,58.2,6.84,83.245833,28.159167,1,0,WECS_NEA_MIP,1.595,1.1121,0.61,0.376,0.2813,0.3509,0.319,0.3509,0.4785,0.8773,2.7913,5.423,5.8218,3.3495,1.5153,0.6699,0.4147,0.0319,1.1121,1.0802,0.82,Commercial RoR (>1 MW),3.6,31.28,186.67,55.11,131.56,6.87,5.59,6.87,9.31,18.21,23.19,23.96,23.96,23.19,23.96,13.3,8.25,Isma,0,1.0,Micro (5-100 kW),0,1,1
9697,1,958.5,848.2,110.3,0.66,0.95,577.2,19.11,83.251389,28.101111,0,1,WECS_NEA_MIP,0.0383,0.0257,0.0131,0.0075,0.0054,0.0084,0.0077,0.0084,0.0115,0.0211,0.067,0.1301,0.1397,0.0804,0.0364,0.0161,0.01,0.0008,0.0131,0.0123,0.65,Micro/Mini Hydro (<1 MW),99.3,7.79,61.91,25.48,36.43,3.58,2.94,3.58,4.88,6.17,5.97,6.17,6.17,5.97,6.17,5.97,4.33,Resunga,0,1.0,Micro (5-100 kW),0,1,1
9698,1,848.2,811.1,37.1,0.95,194.98,61.8,60.06,83.251111,28.103611,1,0,WECS_NEA_MIP,7.0621,4.9992,2.8267,1.7961,1.3642,1.5537,1.4124,1.5537,2.1186,3.8842,12.3587,24.0111,25.7766,14.8304,6.709,2.9661,1.8361,0.1412,4.9992,4.858,0.82,Commercial RoR (>1 MW),33.4,1305.23,7742.33,2263.75,5478.58,282.35,229.52,282.35,382.52,748.21,967.08,999.32,999.32,967.08,999.32,546.47,338.8,Resunga,0,1.0,Small/Medium RoR (>1 MW),0,1,1
9705,1,957.8,614.3,343.5,0.51,0.59,525.7,65.35,83.500556,27.982778,0,1,WECS_NEA_MIP,0.024,0.016,0.0081,0.0046,0.0033,0.0053,0.0048,0.0053,0.0072,0.0132,0.042,0.0816,0.0876,0.0504,0.0228,0.0101,0.0062,0.0005,0.0081,0.0076,0.65,Micro/Mini Hydro (<1 MW),309.2,14.98,119.67,49.53,70.14,7.04,5.7,7.04,9.51,11.88,11.5,11.88,11.88,11.5,11.88,11.5,8.36,Satyawati,0,1.0,Micro (5-100 kW),0,1,1
9706,1,614.3,545.2,69.1,0.59,0.88,503.1,13.73,83.5,27.978333,0,1,WECS_NEA_MIP,0.0355,0.0238,0.0121,0.0069,0.005,0.0078,0.0071,0.0078,0.0107,0.0195,0.0621,0.1207,0.1296,0.0746,0.0337,0.0149,0.0092,0.0007,0.0121,0.0114,0.65,Micro/Mini Hydro (<1 MW),62.2,4.52,35.91,14.83,21.08,2.1,1.71,2.1,2.86,3.57,3.46,3.57,3.57,3.46,3.57,3.46,2.51,Satyawati,0,1.0,Pico (<5 kW),0,1,0
9707,1,545.2,545.2,0.0,0.88,0.89,463.5,0.0,83.495278,27.978333,0,1,WECS_NEA_MIP,0.0359,0.0241,0.0122,0.007,0.005,0.0079,0.0072,0.0079,0.0108,0.0197,0.0628,0.1221,0.1311,0.0754,0.0341,0.0151,0.0093,0.0007,0.0122,0.0115,0.65,Micro/Mini Hydro (<1 MW),0.0,0.0,0.0,0.0,0.0,0.0,0.0,0.0,0.0,0.0,0.0,0.0,0.0,0.0,0.0,0.0,0.0,Satyawati,0,1.0,Pico (<5 kW),0,0,0
9712,1,809.1,805.2,3.9,0.77,573.08,85.5,4.52,83.233333,28.226389,1,0,GAUGE_TRANSFER_DHM,22.3523,13.705,6.8525,4.4052,3.1,4.9175,4.4705,4.9175,6.7057,12.2938,39.1165,75.9978,81.5858,46.9398,21.2347,9.388,5.8116,0.4471,13.705,13.2579,0.82,Commercial RoR (>1 MW),3.5,186.63,1174.46,375.4,799.06,93.64,76.12,93.64,126.87,248.15,277.82,287.08,287.08,277.82,287.08,181.24,112.37,Musikot,1,0.5,Mini (100-1000 kW),0,1,1
9718,2,956.3,922.6,33.7,7.9,9.53,620.7,5.43,83.298056,28.015,0,1,WECS_NEA_MIP,0.3667,0.2518,0.1341,0.0802,0.0591,0.0807,0.0733,0.0807,0.11,0.2017,0.6416,1.2466,1.3383,0.77,0.3483,0.154,0.0953,0.0073,0.1341,0.1268,0.65,Micro/Mini Hydro (<1 MW),30.3,24.5,189.68,75.88,113.79,10.55,8.57,10.55,14.29,19.28,18.65,19.28,19.28,18.65,19.28,18.65,12.65,Gulmidarbar,0,1.0,Micro (5-100 kW),0,1,1
9722,1,956.1,814.3,141.7,0.88,1.24,617.1,22.97,83.295,28.114167,0,1,WECS_NEA_MIP,0.0497,0.0334,0.0171,0.0098,0.0071,0.0109,0.0099,0.0109,0.0149,0.0273,0.087,0.169,0.1814,0.1044,0.0472,0.0209,0.0129,0.001,0.0171,0.0161,0.65,Micro/Mini Hydro (<1 MW),127.5,13.09,103.58,42.52,61.06,5.99,4.86,5.99,8.14,10.34,10.01,10.34,10.34,10.01,10.34,10.01,7.2,Resunga,0,1.0,Micro (5-100 kW),0,1,1
9723,1,814.3,778.3,36.1,1.24,1.79,123.7,29.18,83.292222,28.115556,0,1,WECS_NEA_MIP,0.0712,0.0481,0.0248,0.0143,0.0104,0.0157,0.0142,0.0157,0.0214,0.0392,0.1246,0.2421,0.2599,0.1495,0.0676,0.0299,0.0185,0.0014,0.0248,0.0234,0.65,Micro/Mini Hydro (<1 MW),32.5,4.85,38.21,15.64,22.57,2.2,1.78,2.2,2.98,3.82,3.7,3.82,3.82,3.7,3.82,3.7,2.64,Resunga,0,1.0,Pico (<5 kW),0,1,0
9730,1,955.7,879.1,76.6,0.53,22.83,561.2,13.66,83.246111,28.009444,1,0,WECS_NEA_MIP,0.8631,0.598,0.324,0.1972,0.1466,0.1899,0.1726,0.1899,0.2589,0.4747,1.5105,2.9347,3.1504,1.8126,0.82,0.3625,0.2244,0.0173,0.598,0.5807,0.82,Commercial RoR (>1 MW),68.9,321.85,1925.41,570.61,1354.8,71.17,57.84,71.17,96.41,188.61,238.64,246.59,246.59,238.64,246.59,137.75,85.4,Resunga,0,1.0,Mini (100-1000 kW),0,1,1
9734,2,955.0,877.5,77.5,6.37,17.05,478.8,16.19,83.352222,28.110278,1,0,WECS_NEA_MIP,0.6484,0.4479,0.2412,0.146,0.1082,0.1426,0.1297,0.1426,0.1945,0.3566,1.1347,2.2045,2.3666,1.3616,0.616,0.2723,0.1686,0.013,0.4479,0.4349,0.82,Commercial RoR (>1 MW),69.8,244.19,1462.52,434.23,1028.3,54.14,44.03,54.14,73.37,143.54,181.07,187.11,187.11,181.07,187.11,104.83,65.0,Musikot,0,1.0,Mini (100-1000 kW),0,1,1
9740,2,954.3,899.2,55.1,2.21,2.69,533.3,10.34,83.526944,28.062778,0,1,WECS_NEA_MIP,0.1061,0.072,0.0374,0.0218,0.0159,0.0234,0.0212,0.0234,0.0318,0.0584,0.1858,0.3609,0.3874,0.2229,0.1008,0.0446,0.0276,0.0021,0.0374,0.0353,0.65,Micro/Mini Hydro (<1 MW),49.6,11.16,87.6,35.65,51.95,5.01,4.06,5.01,6.76,8.8,8.52,8.8,8.8,8.52,8.8,8.52,6.0,Kaligandaki,0,1.0,Micro (5-100 kW),0,1,1
9741,2,899.2,882.9,16.3,2.69,8.26,150.9,10.8,83.529722,28.063889,0,1,WECS_NEA_MIP,0.3187,0.2186,0.116,0.0692,0.0509,0.0701,0.0637,0.0701,0.0956,0.1753,0.5577,1.0836,1.1633,0.6693,0.3028,0.1339,0.0829,0.0064,0.116,0.1096,0.65,Micro/Mini Hydro (<1 MW),14.7,10.27,79.69,31.94,47.76,4.44,3.61,4.44,6.02,8.09,7.83,8.09,8.09,7.83,8.09,7.83,5.33,Kaligandaki,0,1.0,Micro (5-100 kW),0,1,1
9748,2,953.7,909.3,44.3,5.14,5.89,566.9,7.82,83.536389,28.083611,0,1,WECS_NEA_MIP,0.2288,0.1564,0.0825,0.0488,0.0358,0.0503,0.0458,0.0503,0.0686,0.1258,0.4004,0.7779,0.8351,0.4805,0.2174,0.0961,0.0595,0.0046,0.0825,0.0779,0.65,Micro/Mini Hydro (<1 MW),39.9,19.82,154.26,62.08,92.19,8.65,7.04,8.65,11.72,15.62,15.11,15.62,15.62,15.11,15.62,15.11,10.39,Kaligandaki,0,1.0,Micro (5-100 kW),0,1,1
9749,2,909.3,833.1,76.2,5.89,6.38,594.1,12.82,83.536111,28.079167,0,1,WECS_NEA_MIP,0.2474,0.1693,0.0894,0.053,0.0389,0.0544,0.0495,0.0544,0.0742,0.1361,0.433,0.8413,0.9032,0.5196,0.2351,0.1039,0.0643,0.005,0.0894,0.0844,0.65,Micro/Mini Hydro (<1 MW),68.6,36.92,287.18,115.42,171.75,16.08,13.08,16.08,21.79,29.09,28.16,29.09,29.09,28.16,29.09,28.16,19.3,Kaligandaki,0,1.0,Micro (5-100 kW),0,1,1
9750,2,833.1,782.9,50.3,6.38,40.04,206.1,24.38,83.535,28.076111,1,0,WECS_NEA_MIP,1.4969,1.043,0.5714,0.3517,0.263,0.3293,0.2994,0.3293,0.4491,0.8233,2.6195,5.0894,5.4636,3.1435,1.422,0.6287,0.3892,0.0299,1.043,1.0131,0.82,Commercial RoR (>1 MW),45.3,369.18,2203.57,650.84,1552.73,81.17,65.99,81.17,109.99,215.1,273.65,282.77,282.77,273.65,282.77,157.11,97.41,Kaligandaki,0,1.0,Mini (100-1000 kW),0,1,1
9758,2,953.5,913.9,39.6,3.5,3.78,586.8,6.75,83.324722,28.005,0,1,WECS_NEA_MIP,0.1481,0.1008,0.0527,0.0309,0.0226,0.0326,0.0296,0.0326,0.0444,0.0815,0.2593,0.5037,0.5407,0.3111,0.1407,0.0622,0.0385,0.003,0.0527,0.0497,0.65,Micro/Mini Hydro (<1 MW),35.6,11.28,88.26,35.72,52.54,5.0,4.06,5.0,6.77,8.9,8.61,8.9,8.9,8.61,8.9,8.61,6.0,Gulmidarbar,0,1.0,Micro (5-100 kW),0,1,1
9759,2,913.9,913.9,0.0,3.78,5.53,154.6,0.0,83.323889,28.002222,0,1,WECS_NEA_MIP,0.2151,0.1469,0.0774,0.0458,0.0336,0.0473,0.043,0.0473,0.0645,0.1183,0.3764,0.7313,0.7851,0.4517,0.2043,0.0903,0.0559,0.0043,0.0774,0.0731,0.65,Micro/Mini Hydro (<1 MW),0.0,0.0,0.0,0.0,0.0,0.0,0.0,0.0,0.0,0.0,0.0,0.0,0.0,0.0,0.0,0.0,0.0,Gulmidarbar,0,1.0,Pico (<5 kW),0,0,0
9770,1,952.4,922.3,30.1,0.51,13.86,380.7,7.9,83.195,28.140833,1,0,WECS_NEA_MIP,0.5293,0.3649,0.1957,0.1179,0.0872,0.1164,0.1059,0.1164,0.1588,0.2911,0.9262,1.7995,1.9318,1.1115,0.5028,0.2223,0.1376,0.0106,0.3649,0.3543,0.82,Commercial RoR (>1 MW),27.1,77.24,462.96,137.63,325.33,17.16,13.96,17.16,23.26,45.49,57.27,59.18,59.18,57.27,59.18,33.23,20.6,Isma,0,1.0,Micro (5-100 kW),0,1,1
9791,1,950.3,928.4,22.0,0.51,14.29,608.1,3.61,83.178611,28.136667,1,0,WECS_NEA_MIP,0.5453,0.3761,0.2018,0.1217,0.0901,0.12,0.1091,0.12,0.1636,0.2999,0.9544,1.8542,1.9905,1.1452,0.5181,0.229,0.1418,0.0109,0.3761,0.3652,0.82,Commercial RoR (>1 MW),19.8,58.17,348.61,103.64,244.98,12.93,10.51,12.93,17.51,34.25,43.13,44.57,44.57,43.13,44.57,25.01,15.51,Dhurkot,0,1.0,Micro (5-100 kW),0,1,1
9795,2,949.5,917.8,31.8,3.75,4.17,533.3,5.96,83.335,27.987778,0,1,WECS_NEA_MIP,0.1631,0.1111,0.0582,0.0342,0.025,0.0359,0.0326,0.0359,0.0489,0.0897,0.2854,0.5546,0.5953,0.3425,0.155,0.0685,0.0424,0.0033,0.0582,0.0549,0.65,Micro/Mini Hydro (<1 MW),28.6,10.01,78.24,31.63,46.62,4.42,3.59,4.42,5.99,7.9,7.64,7.9,7.9,7.64,7.9,7.64,5.31,Chatrakot,0,1.0,Micro (5-100 kW),0,1,1
9796,2,917.8,878.9,38.8,4.17,4.96,596.5,6.51,83.330278,27.990278,0,1,WECS_NEA_MIP,0.1933,0.1319,0.0693,0.0409,0.03,0.0425,0.0387,0.0425,0.058,0.1063,0.3383,0.6573,0.7057,0.406,0.1837,0.0812,0.0503,0.0039,0.0693,0.0654,0.65,Micro/Mini Hydro (<1 MW),34.9,14.55,113.54,45.81,67.73,6.39,5.2,6.39,8.67,11.47,11.1,11.47,11.47,11.1,11.47,11.1,7.68,Chatrakot,0,1.0,Micro (5-100 kW),0,1,1
9797,2,878.9,852.3,26.7,4.96,5.96,547.3,4.88,83.326111,27.993333,0,1,WECS_NEA_MIP,0.2315,0.1582,0.0834,0.0494,0.0363,0.0509,0.0463,0.0509,0.0694,0.1273,0.4051,0.787,0.8448,0.4861,0.2199,0.0972,0.0602,0.0046,0.0834,0.0788,0.65,Micro/Mini Hydro (<1 MW),24.0,12.06,93.85,37.8,56.06,5.27,4.29,5.27,7.14,9.5,9.19,9.5,9.5,9.19,9.5,9.19,6.33,Chatrakot,0,1.0,Micro (5-100 kW),0,1,1
9798,2,852.3,829.2,23.1,5.96,12.38,479.4,4.82,83.321944,27.993889,1,0,WECS_NEA_MIP,0.4738,0.3263,0.1746,0.105,0.0776,0.1042,0.0948,0.1042,0.1421,0.2606,0.8292,1.611,1.7294,0.995,0.4501,0.199,0.1232,0.0095,0.3263,0.3168,0.82,Commercial RoR (>1 MW),20.8,53.01,317.86,94.56,223.31,11.79,9.59,11.79,15.97,31.26,39.31,40.62,40.62,39.31,40.62,22.83,14.15,Chatrakot,0,1.0,Micro (5-100 kW),0,1,1
9801,3,949.4,914.9,34.5,28.99,29.47,533.3,6.47,83.511667,28.082778,1,0,WECS_NEA_MIP,1.1085,0.77,0.4192,0.2565,0.1912,0.2439,0.2217,0.2439,0.3326,0.6097,1.9399,3.7689,4.046,2.3279,1.0531,0.4656,0.2882,0.0222,0.77,0.7478,0.82,Commercial RoR (>1 MW),31.1,187.08,1118.06,330.84,787.22,41.27,33.54,41.27,55.91,109.35,138.7,143.32,143.32,138.7,143.32,79.87,49.51,Kaligandaki,0,1.0,Mini (100-1000 kW),0,1,1
9802,3,914.9,881.8,33.1,29.47,30.03,561.2,5.89,83.516389,28.081111,1,0,WECS_NEA_MIP,1.1291,0.7845,0.4273,0.2615,0.195,0.2484,0.2258,0.2484,0.3387,0.621,1.976,3.8391,4.1214,2.3712,1.0727,0.4742,0.2936,0.0226,0.7845,0.7619,0.82,Commercial RoR (>1 MW),29.8,182.64,1091.38,322.89,768.49,40.27,32.73,40.27,54.56,106.72,135.4,139.92,139.92,135.4,139.92,77.94,48.33,Kaligandaki,0,1.0,Mini (100-1000 kW),0,1,1
9803,3,881.8,856.6,25.3,30.03,31.55,409.6,6.16,83.520556,28.080556,1,0,WECS_NEA_MIP,1.1851,0.8238,0.4491,0.2752,0.2052,0.2607,0.237,0.2607,0.3555,0.6518,2.074,4.0294,4.3257,2.4888,1.1259,0.4978,0.3081,0.0237,0.8238,0.8001,0.82,Commercial RoR (>1 MW),22.8,146.74,876.71,259.3,617.41,32.34,26.29,32.34,43.82,85.71,108.79,112.41,112.41,108.79,112.41,62.61,38.81,Kaligandaki,0,1.0,Mini (100-1000 kW),0,1,1
9819,2,947.7,897.8,50.0,7.12,8.02,587.5,8.51,83.528611,27.9925,0,1,WECS_NEA_MIP,0.3096,0.2123,0.1126,0.0671,0.0494,0.0681,0.0619,0.0681,0.0929,0.1703,0.5418,1.0527,1.1301,0.6502,0.2941,0.13,0.0805,0.0062,0.1126,0.1064,0.65,Micro/Mini Hydro (<1 MW),45.0,30.53,236.89,94.98,141.9,13.21,10.74,13.21,17.91,24.04,23.26,24.04,24.04,23.26,24.04,23.26,15.86,Satyawati,0,1.0,Micro (5-100 kW),0,1,1
9820,2,897.8,840.5,57.3,8.02,8.67,631.0,9.08,83.531111,27.988889,0,1,WECS_NEA_MIP,0.3342,0.2293,0.1218,0.0727,0.0536,0.0735,0.0668,0.0735,0.1003,0.1838,0.5848,1.1363,1.2198,0.7018,0.3175,0.1404,0.0869,0.0067,0.1218,0.1151,0.65,Micro/Mini Hydro (<1 MW),51.6,37.87,293.63,117.62,176.01,16.35,13.29,16.35,22.17,29.82,28.85,29.82,29.82,28.85,29.82,28.85,19.63,Satyawati,0,1.0,Micro (5-100 kW),0,1,1
9821,2,840.5,739.0,101.5,8.67,9.75,662.6,15.32,83.535833,27.984722,0,1,WECS_NEA_MIP,0.3749,0.2576,0.1372,0.0821,0.0605,0.0825,0.075,0.0825,0.1125,0.2062,0.6562,1.2748,1.3685,0.7874,0.3562,0.1575,0.0975,0.0075,0.1372,0.1297,0.65,Micro/Mini Hydro (<1 MW),91.4,75.59,585.25,234.06,351.19,32.52,26.44,32.52,44.06,59.49,57.57,59.49,59.49,57.57,59.49,57.57,39.03,Satyawati,0,1.0,Micro (5-100 kW),0,1,1
9822,3,739.0,656.4,82.6,9.75,10.75,635.4,13.0,83.539444,27.980556,1,0,WECS_NEA_MIP,0.4126,0.2837,0.1514,0.0908,0.067,0.0908,0.0825,0.0908,0.1238,0.2269,0.722,1.4028,1.506,0.8664,0.392,0.1733,0.1073,0.0083,0.2837,0.2755,0.82,Commercial RoR (>1 MW),74.3,164.66,987.75,294.11,693.64,36.69,29.8,36.69,49.7,97.21,122.09,126.15,126.15,122.09,126.15,71.0,44.02,Satyawati,0,1.0,Mini (100-1000 kW),0,1,1
9823,3,656.4,548.7,107.7,10.75,11.07,618.4,17.41,83.542222,27.975833,1,0,WECS_NEA_MIP,0.4246,0.2921,0.156,0.0936,0.0691,0.0934,0.0849,0.0934,0.1274,0.2335,0.7431,1.4437,1.5499,0.8917,0.4034,0.1783,0.1104,0.0085,0.2921,0.2836,0.82,Commercial RoR (>1 MW),96.9,221.06,1326.17,394.8,931.36,49.24,40.02,49.24,66.73,130.49,163.93,169.4,169.4,163.93,169.4,95.3,59.1,Satyawati,0,1.0,Mini (100-1000 kW),0,1,1
9824,3,548.7,545.2,3.5,11.07,562.43,496.4,0.7,83.538889,27.9725,1,0,GAUGE_TRANSFER_DHM,21.9987,13.4883,6.7441,4.3355,3.0509,4.8397,4.3997,4.8397,6.5996,12.0993,38.4977,74.7956,80.2953,46.1973,20.8988,9.2395,5.7197,0.44,13.4883,13.0483,0.82,Commercial RoR (>1 MW),3.1,162.69,1023.79,327.24,696.55,81.63,66.36,81.63,110.59,216.32,242.18,250.25,250.25,242.18,250.25,157.99,97.96,Satyawati,1,0.5,Mini (100-1000 kW),0,0,0
9826,4,947.2,941.1,6.2,55.93,56.39,639.0,0.97,83.155,28.1425,1,0,WECS_NEA_MIP,2.0937,1.4639,0.8074,0.5005,0.3754,0.4606,0.4187,0.4606,0.6281,1.1516,3.664,7.1187,7.6421,4.3968,1.989,0.8794,0.5444,0.0419,1.4639,1.422,0.82,Commercial RoR (>1 MW),5.6,64.06,381.83,112.52,269.31,14.03,11.41,14.03,19.01,37.19,47.48,49.06,49.06,47.48,49.06,27.16,16.84,Dhurkot,0,1.0,Micro (5-100 kW),0,1,1
9827,4,941.1,940.4,0.7,56.39,62.0,233.4,0.29,83.157222,28.139444,1,0,WECS_NEA_MIP,2.2977,1.608,0.8886,0.5518,0.4144,0.5055,0.4595,0.5055,0.6893,1.2637,4.0209,7.8121,8.3865,4.8251,2.1828,0.965,0.5974,0.046,1.608,1.5621,0.82,Commercial RoR (>1 MW),0.6,7.54,44.92,13.23,31.69,1.65,1.34,1.65,2.24,4.37,5.59,5.77,5.77,5.59,5.77,3.19,1.98,Dhurkot,0,1.0,Micro (5-100 kW),0,0,0
9832,1,946.1,879.1,67.0,0.51,22.07,443.2,15.12,83.242778,28.010278,1,0,WECS_NEA_MIP,0.835,0.5783,0.3131,0.1904,0.1415,0.1837,0.167,0.1837,0.2505,0.4592,1.4612,2.8389,3.0476,1.7534,0.7932,0.3507,0.2171,0.0167,0.5783,0.5616,0.82,Commercial RoR (>1 MW),60.3,272.41,1629.89,483.2,1146.69,60.27,48.99,60.27,81.65,159.69,201.97,208.7,208.7,201.97,208.7,116.65,72.32,Resunga,0,1.0,Mini (100-1000 kW),0,1,1
9833,1,946.1,876.6,69.5,0.67,1.35,286.6,24.23,83.277222,28.160833,0,1,WECS_NEA_MIP,0.054,0.0364,0.0186,0.0107,0.0077,0.0119,0.0108,0.0119,0.0162,0.0297,0.0945,0.1836,0.1971,0.1134,0.0513,0.0227,0.014,0.0011,0.0186,0.0175,0.65,Micro/Mini Hydro (<1 MW),62.6,6.99,55.32,22.71,32.61,3.21,2.6,3.21,4.34,5.52,5.35,5.52,5.52,5.35,5.52,5.35,3.83,Musikot,0,1.0,Micro (5-100 kW),0,1,1
9860,1,942.9,865.1,77.8,0.62,1.61,505.0,15.4,83.285556,27.990278,0,1,WECS_NEA_MIP,0.0642,0.0433,0.0222,0.0128,0.0093,0.0141,0.0128,0.0141,0.0193,0.0353,0.1123,0.2182,0.2343,0.1348,0.061,0.027,0.0167,0.0013,0.0222,0.0209,0.65,Micro/Mini Hydro (<1 MW),70.0,9.33,73.74,30.22,43.52,4.25,3.45,4.25,5.78,7.37,7.13,7.37,7.37,7.13,7.37,7.13,5.11,Gulmidarbar,0,1.0,Micro (5-100 kW),0,1,1
9870,1,941.9,907.5,34.5,0.52,0.88,610.4,5.65,83.203889,28.113889,0,1,WECS_NEA_MIP,0.0355,0.0238,0.0121,0.0069,0.005,0.0078,0.0071,0.0078,0.0107,0.0195,0.0621,0.1207,0.1296,0.0746,0.0337,0.0149,0.0092,0.0007,0.0121,0.0114,0.65,Micro/Mini Hydro (<1 MW),31.1,2.26,17.95,7.42,10.54,1.05,0.85,1.05,1.43,1.79,1.73,1.79,1.79,1.73,1.79,1.73,1.25,Dhurkot,0,1.0,Pico (<5 kW),0,1,0
9871,1,907.5,903.1,4.4,0.88,1.58,171.6,2.54,83.206111,28.110833,0,1,WECS_NEA_MIP,0.063,0.0425,0.0218,0.0126,0.0091,0.0139,0.0126,0.0139,0.0189,0.0347,0.1103,0.2142,0.23,0.1323,0.0599,0.0265,0.0164,0.0013,0.0218,0.0205,0.65,Micro/Mini Hydro (<1 MW),4.0,0.52,4.14,1.7,2.44,0.24,0.19,0.24,0.32,0.41,0.4,0.41,0.41,0.4,0.41,0.4,0.29,Dhurkot,0,1.0,Pico (<5 kW),0,1,0
9887,4,940.4,940.4,0.0,62.0,64.34,604.4,0.0,83.158056,28.136944,1,0,WECS_NEA_MIP,2.3826,1.668,0.9225,0.5733,0.4306,0.5242,0.4765,0.5242,0.7148,1.3104,4.1696,8.1009,8.6966,5.0035,2.2635,1.0007,0.6195,0.0476,1.668,1.6203,0.82,Commercial RoR (>1 MW),0.0,0.0,0.0,0.0,0.0,0.0,0.0,0.0,0.0,0.0,0.0,0.0,0.0,0.0,0.0,0.0,0.0,Dhurkot,0,1.0,Pico (<5 kW),0,0,0
9888,4,940.4,929.1,11.2,64.34,64.91,566.2,1.98,83.160278,28.132222,1,0,WECS_NEA_MIP,2.4033,1.6827,0.9307,0.5785,0.4346,0.5287,0.4807,0.5287,0.721,1.3218,4.2058,8.1712,8.7721,5.0469,2.2831,1.0094,0.6249,0.0481,1.6827,1.6346,0.82,Commercial RoR (>1 MW),10.1,132.81,791.19,232.94,558.24,29.05,23.62,29.05,39.36,76.99,98.43,101.71,101.71,98.43,101.71,56.23,34.87,Dhurkot,0,1.0,Mini (100-1000 kW),0,1,1
9889,4,929.1,921.1,8.0,64.91,65.25,544.3,1.47,83.163889,28.13,1,0,WECS_NEA_MIP,2.4156,1.6914,0.9357,0.5816,0.437,0.5314,0.4831,0.5314,0.7247,1.3286,4.2274,8.2132,8.8171,5.0728,2.2949,1.0146,0.6281,0.0483,1.6914,1.6431,0.82,Commercial RoR (>1 MW),7.2,95.17,566.93,166.92,400.02,20.82,16.92,20.82,28.21,55.17,70.53,72.88,72.88,70.53,72.88,40.3,24.98,Dhurkot,0,1.0,Micro (5-100 kW),0,1,1
9890,4,921.1,914.0,7.1,65.25,65.76,544.3,1.3,83.159722,28.128056,1,0,WECS_NEA_MIP,2.4341,1.7045,0.9431,0.5863,0.4405,0.5355,0.4868,0.5355,0.7302,1.3388,4.2597,8.2761,8.8846,5.1117,2.3124,1.0223,0.6329,0.0487,1.7045,1.6558,0.82,Commercial RoR (>1 MW),6.4,85.25,507.82,149.5,358.32,18.65,15.16,18.65,25.26,49.42,63.18,65.29,65.29,63.18,65.29,36.09,22.38,Dhurkot,0,1.0,Micro (5-100 kW),0,1,1
9891,4,914.0,913.4,0.6,65.76,66.47,41.2,1.51,83.161667,28.126111,1,0,WECS_NEA_MIP,2.4599,1.7227,0.9533,0.5928,0.4455,0.5412,0.492,0.5412,0.738,1.3529,4.3048,8.3636,8.9786,5.1658,2.3369,1.0332,0.6396,0.0492,1.7227,1.6735,0.82,Commercial RoR (>1 MW),0.5,6.73,40.1,11.8,28.29,1.47,1.2,1.47,1.99,3.9,4.99,5.16,5.16,4.99,5.16,2.85,1.77,Dhurkot,0,1.0,Micro (5-100 kW),0,0,0
9903,1,939.4,939.4,0.0,1.04,31.67,164.9,0.0,83.242778,28.183611,1,0,WECS_NEA_MIP,1.1895,0.8269,0.4509,0.2762,0.206,0.2617,0.2379,0.2617,0.3569,0.6542,2.0817,4.0444,4.3418,2.498,1.1301,0.4996,0.3093,0.0238,0.8269,0.8031,0.82,Commercial RoR (>1 MW),0.0,0.0,0.0,0.0,0.0,0.0,0.0,0.0,0.0,0.0,0.0,0.0,0.0,0.0,0.0,0.0,0.0,Isma,0,1.0,Pico (<5 kW),0,0,0
9904,3,939.4,932.9,6.5,31.67,33.02,463.8,1.4,83.241667,28.181111,1,0,WECS_NEA_MIP,1.2392,0.8618,0.4703,0.2884,0.2152,0.2726,0.2478,0.2726,0.3718,0.6816,2.1686,4.2133,4.5231,2.6023,1.1772,0.5205,0.3222,0.0248,0.8618,0.837,0.82,Commercial RoR (>1 MW),5.9,39.72,237.29,70.16,167.13,8.75,7.11,8.75,11.86,23.19,29.45,30.43,30.43,29.45,30.43,16.94,10.5,Isma,0,1.0,Micro (5-100 kW),0,1,1
9909,3,938.2,924.6,13.6,12.68,13.21,566.9,2.4,83.193333,28.143056,1,0,WECS_NEA_MIP,0.5049,0.3479,0.1864,0.1122,0.083,0.1111,0.101,0.1111,0.1515,0.2777,0.8836,1.7167,1.843,1.0603,0.4797,0.2121,0.1313,0.0101,0.3479,0.3378,0.82,Commercial RoR (>1 MW),12.2,33.15,198.77,59.12,139.65,7.37,5.99,7.37,9.99,19.54,24.58,25.4,25.4,24.58,25.4,14.27,8.85,Isma,0,1.0,Micro (5-100 kW),0,1,1
9910,3,924.6,922.3,2.3,13.21,13.86,72.1,3.18,83.193611,28.140556,1,0,WECS_NEA_MIP,0.5293,0.3649,0.1957,0.1179,0.0872,0.1164,0.1059,0.1164,0.1588,0.2911,0.9262,1.7995,1.9318,1.1115,0.5028,0.2223,0.1376,0.0106,0.3649,0.3543,0.82,Commercial RoR (>1 MW),2.1,5.99,35.88,10.67,25.21,1.33,1.08,1.33,1.8,3.53,4.44,4.59,4.59,4.44,4.59,2.57,1.6,Isma,0,1.0,Micro (5-100 kW),0,1,1
9915,2,937.9,858.6,79.3,3.63,3.93,533.3,14.87,83.548889,28.029722,0,1,WECS_NEA_MIP,0.1539,0.1048,0.0548,0.0322,0.0235,0.0339,0.0308,0.0339,0.0462,0.0846,0.2693,0.5233,0.5617,0.3232,0.1462,0.0646,0.04,0.0031,0.0548,0.0517,0.65,Micro/Mini Hydro (<1 MW),71.4,23.54,184.11,74.53,109.58,10.43,8.47,10.43,14.13,18.56,17.96,18.56,18.56,17.96,18.56,17.96,12.5,Kaligandaki,0,1.0,Micro (5-100 kW),0,1,1
9916,2,858.6,702.1,156.5,3.93,4.44,624.4,25.07,83.553056,28.032222,0,1,WECS_NEA_MIP,0.1735,0.1182,0.062,0.0365,0.0267,0.0382,0.0347,0.0382,0.052,0.0954,0.3035,0.5897,0.6331,0.3642,0.1648,0.0728,0.0451,0.0035,0.062,0.0585,0.65,Micro/Mini Hydro (<1 MW),140.8,52.52,410.21,165.73,244.48,23.18,18.82,23.18,31.35,41.41,40.08,41.41,41.41,40.08,41.41,40.08,27.79,Kaligandaki,0,1.0,Micro (5-100 kW),0,1,1
9917,2,702.1,616.8,85.3,4.44,5.24,597.8,14.27,83.556111,28.036389,0,1,WECS_NEA_MIP,0.204,0.1393,0.0733,0.0433,0.0317,0.0449,0.0408,0.0449,0.0612,0.1122,0.357,0.6937,0.7447,0.4285,0.1938,0.0857,0.053,0.0041,0.0733,0.0692,0.65,Micro/Mini Hydro (<1 MW),76.8,33.89,264.12,106.46,157.66,14.87,12.08,14.87,20.13,26.71,25.85,26.71,26.71,25.85,26.71,25.85,17.82,Kaligandaki,0,1.0,Micro (5-100 kW),0,1,1
9918,2,616.8,579.5,37.3,5.24,321.09,506.7,7.36,83.559444,28.04,1,0,GAUGE_TRANSFER_DHM,13.6607,8.3759,4.1879,2.6922,1.8945,3.0053,2.7321,3.0053,4.0982,7.5134,23.9062,46.4462,49.8614,28.6874,12.9776,5.7375,3.5518,0.2732,8.3759,8.1027,0.82,Commercial RoR (>1 MW),33.6,1095.02,6890.69,2202.51,4688.18,549.4,446.61,549.4,744.37,1455.95,1629.99,1684.33,1684.33,1629.99,1684.33,1063.38,659.3,Kaligandaki,1,0.5,Small/Medium RoR (>1 MW),0,1,1
9932,2,937.1,929.2,7.9,2.33,3.18,195.8,4.03,83.225556,28.141389,0,1,WECS_NEA_MIP,0.1251,0.085,0.0442,0.0259,0.0189,0.0275,0.025,0.0275,0.0375,0.0688,0.2189,0.4252,0.4565,0.2626,0.1188,0.0525,0.0325,0.0025,0.0442,0.0417,0.65,Micro/Mini Hydro (<1 MW),7.1,1.89,14.8,6.01,8.79,0.84,0.68,0.84,1.14,1.49,1.44,1.49,1.49,1.44,1.49,1.44,1.01,Isma,0,1.0,Pico (<5 kW),0,1,0
9935,1,936.5,855.3,81.2,0.78,1.08,578.8,14.03,83.250556,28.156111,0,1,WECS_NEA_MIP,0.0434,0.0292,0.0149,0.0085,0.0061,0.0095,0.0087,0.0095,0.013,0.0239,0.076,0.1476,0.1584,0.0911,0.0412,0.0182,0.0113,0.0009,0.0149,0.014,0.65,Micro/Mini Hydro (<1 MW),73.1,6.53,51.75,21.24,30.5,2.98,2.44,2.98,4.06,5.17,5.0,5.17,5.17,5.0,5.17,5.0,3.61,Musikot,0,1.0,Micro (5-100 kW),0,1,1
9936,1,855.3,850.0,5.3,1.08,44.4,391.0,1.36,83.247778,28.153056,1,0,WECS_NEA_MIP,1.6565,1.1554,0.6342,0.3912,0.2928,0.3644,0.3313,0.3644,0.4969,0.911,2.8988,5.6319,6.046,3.4785,1.5736,0.6957,0.4307,0.0331,1.1554,1.1223,0.82,Commercial RoR (>1 MW),4.8,43.33,258.55,76.31,182.24,9.52,7.74,9.52,12.89,25.22,32.12,33.19,33.19,32.12,33.19,18.42,11.42,Isma,0,1.0,Micro (5-100 kW),0,1,1
9942,1,935.9,893.8,42.1,0.59,63.56,371.1,11.34,83.2275,28.094444,1,0,WECS_NEA_MIP,2.3543,1.648,0.9112,0.5661,0.4252,0.5179,0.4709,0.5179,0.7063,1.2949,4.12,8.0047,8.5932,4.944,2.2366,0.9888,0.6121,0.0471,1.648,1.6009,0.82,Commercial RoR (>1 MW),37.9,488.07,2907.95,856.3,2051.65,106.79,86.83,106.79,144.7,283.03,361.75,373.81,373.81,361.75,373.81,206.71,128.16,Resunga,0,1.0,Mini (100-1000 kW),0,1,1
9951,2,934.9,934.2,0.7,8.01,8.41,505.4,0.14,83.304444,28.098611,0,1,WECS_NEA_MIP,0.3244,0.2225,0.1182,0.0705,0.0519,0.0714,0.0649,0.0714,0.0973,0.1784,0.5677,1.1029,1.184,0.6812,0.3082,0.1362,0.0843,0.0065,0.1182,0.1117,0.65,Micro/Mini Hydro (<1 MW),0.6,0.43,3.31,1.33,1.99,0.18,0.15,0.18,0.25,0.34,0.33,0.34,0.34,0.33,0.34,0.33,0.22,Resunga,0,1.0,Pico (<5 kW),0,0,0
9952,2,934.2,888.8,45.4,8.41,9.03,547.3,8.3,83.309167,28.099167,0,1,WECS_NEA_MIP,0.3478,0.2387,0.127,0.0759,0.0559,0.0765,0.0696,0.0765,0.1043,0.1913,0.6086,1.1825,1.2694,0.7304,0.3304,0.1461,0.0904,0.007,0.127,0.12,0.65,Micro/Mini Hydro (<1 MW),40.9,31.3,242.51,97.04,145.47,13.49,10.97,13.49,18.27,24.64,23.85,24.64,24.64,23.85,24.64,23.85,16.18,Resunga,0,1.0,Micro (5-100 kW),0,1,1
9953,2,888.8,883.3,5.5,9.03,9.62,150.3,3.66,83.312222,28.100278,0,1,WECS_NEA_MIP,0.37,0.2542,0.1353,0.081,0.0597,0.0814,0.074,0.0814,0.111,0.2035,0.6476,1.2582,1.3507,0.7771,0.3515,0.1554,0.0962,0.0074,0.1353,0.1279,0.65,Micro/Mini Hydro (<1 MW),5.0,4.08,31.58,12.63,18.95,1.76,1.43,1.76,2.38,3.21,3.11,3.21,3.21,3.11,3.21,3.11,2.11,Resunga,0,1.0,Pico (<5 kW),0,1,0
9959,2,934.2,861.0,73.3,7.47,7.91,620.7,11.8,83.261944,28.104444,0,1,WECS_NEA_MIP,0.3055,0.2094,0.1111,0.0662,0.0487,0.0672,0.0611,0.0672,0.0916,0.168,0.5346,1.0386,1.1149,0.6415,0.2902,0.1283,0.0794,0.0061,0.1111,0.105,0.65,Micro/Mini Hydro (<1 MW),66.0,44.19,342.82,137.46,205.35,19.13,15.55,19.13,25.91,34.79,33.66,34.79,34.79,33.66,34.79,33.66,22.95,Resunga,0,1.0,Micro (5-100 kW),0,1,1
9960,2,861.0,804.0,56.9,7.91,203.6,500.0,11.39,83.2575,28.106389,1,0,GAUGE_TRANSFER_DHM,9.2747,5.6867,2.8433,1.8279,1.2863,2.0404,1.8549,2.0404,2.7824,5.1011,16.2307,31.534,33.8527,19.4769,8.811,3.8954,2.4114,0.1855,5.6867,5.5012,0.82,Commercial RoR (>1 MW),51.2,1132.87,7128.87,2278.62,4850.24,568.39,462.04,568.39,770.09,1506.27,1686.34,1742.55,1742.55,1686.34,1742.55,1100.14,682.07,Resunga,1,0.5,Small/Medium RoR (>1 MW),0,1,1
9969,2,933.4,829.7,103.6,1.79,2.56,600.8,17.25,83.363333,28.038056,0,1,WECS_NEA_MIP,0.1011,0.0685,0.0355,0.0207,0.0151,0.0222,0.0202,0.0222,0.0303,0.0556,0.177,0.3438,0.3691,0.2123,0.0961,0.0425,0.0263,0.002,0.0355,0.0335,0.65,Micro/Mini Hydro (<1 MW),93.2,19.91,156.34,63.68,92.66,8.93,7.27,8.93,12.11,15.7,15.19,15.7,15.7,15.19,15.7,15.19,10.74,Chatrakot,0,1.0,Micro (5-100 kW),0,1,1
9970,2,829.7,761.4,68.3,2.56,3.4,608.1,11.23,83.366389,28.042222,0,1,WECS_NEA_MIP,0.1335,0.0908,0.0473,0.0277,0.0202,0.0294,0.0267,0.0294,0.0401,0.0734,0.2337,0.454,0.4874,0.2804,0.1269,0.0561,0.0347,0.0027,0.0473,0.0446,0.65,Micro/Mini Hydro (<1 MW),61.5,17.49,137.07,55.6,81.47,7.79,6.32,7.79,10.56,13.8,13.36,13.8,13.8,13.36,13.8,13.36,9.34,Chatrakot,0,1.0,Micro (5-100 kW),0,1,1
9971,2,761.4,628.2,133.2,3.4,3.75,625.1,21.31,83.368333,28.046667,0,1,WECS_NEA_MIP,0.147,0.1,0.0523,0.0307,0.0224,0.0323,0.0294,0.0323,0.0441,0.0808,0.2572,0.4998,0.5365,0.3087,0.1396,0.0617,0.0382,0.0029,0.0523,0.0494,0.65,Micro/Mini Hydro (<1 MW),119.9,37.77,295.19,119.57,175.62,16.72,13.61,16.72,22.68,29.75,28.79,29.75,29.75,28.79,29.75,28.79,20.08,Chatrakot,0,1.0,Micro (5-100 kW),0,1,1
9972,2,628.2,627.4,0.8,3.75,24.77,92.8,0.91,83.366667,28.049444,1,0,WECS_NEA_MIP,0.935,0.6483,0.3518,0.2145,0.1596,0.2057,0.187,0.2057,0.2805,0.5142,1.6362,3.1788,3.4126,1.9634,0.8882,0.3927,0.2431,0.0187,0.6483,0.6296,0.82,Commercial RoR (>1 MW),0.7,3.55,21.2,6.28,14.92,0.78,0.64,0.78,1.06,2.08,2.63,2.72,2.72,2.63,2.72,1.52,0.94,Gulmidarbar,0,1.0,Pico (<5 kW),0,0,0
9973,3,932.9,887.2,45.7,33.02,33.42,603.1,7.58,83.244444,28.176944,1,0,WECS_NEA_MIP,1.2539,0.8721,0.476,0.292,0.2179,0.2759,0.2508,0.2759,0.3762,0.6897,2.1944,4.2633,4.5768,2.6332,1.1912,0.5266,0.326,0.0251,0.8721,0.847,0.82,Commercial RoR (>1 MW),41.1,280.03,1672.73,494.6,1178.13,61.69,50.14,61.69,83.58,163.48,207.6,214.52,214.52,207.6,214.52,119.38,74.02,Isma,0,1.0,Mini (100-1000 kW),0,1,1
9974,3,887.2,882.3,4.9,33.42,34.66,233.4,2.09,83.2475,28.175556,1,0,WECS_NEA_MIP,1.2995,0.9041,0.4939,0.3031,0.2263,0.2859,0.2599,0.2859,0.3898,0.7147,2.2741,4.4183,4.7432,2.7289,1.2345,0.5458,0.3379,0.026,0.9041,0.8781,0.82,Commercial RoR (>1 MW),4.4,31.08,185.62,54.87,130.75,6.84,5.56,6.84,9.27,18.14,23.04,23.81,23.81,23.04,23.81,13.25,8.21,Isma,0,1.0,Micro (5-100 kW),0,1,1
9989,1,931.4,821.5,109.9,0.54,0.94,576.5,19.07,83.261944,27.998889,0,1,WECS_NEA_MIP,0.0379,0.0254,0.0129,0.0074,0.0053,0.0083,0.0076,0.0083,0.0114,0.0208,0.0663,0.1288,0.1383,0.0795,0.036,0.0159,0.0098,0.0008,0.0129,0.0121,0.65,Micro/Mini Hydro (<1 MW),98.9,7.63,60.74,25.01,35.73,3.52,2.88,3.52,4.81,6.05,5.86,6.05,6.05,5.86,6.05,5.86,4.22,Resunga,0,1.0,Micro (5-100 kW),0,1,1
9990,1,821.5,804.8,16.7,0.94,25.67,157.6,10.58,83.263611,27.996667,1,0,WECS_NEA_MIP,0.9682,0.6716,0.3647,0.2225,0.1656,0.213,0.1936,0.213,0.2905,0.5325,1.6944,3.292,3.5341,2.0333,0.9198,0.4067,0.2517,0.0194,0.6716,0.6522,0.82,Commercial RoR (>1 MW),15.0,78.7,470.57,139.35,331.22,17.38,14.13,17.38,23.55,46.06,58.35,60.29,60.29,58.35,60.29,33.65,20.85,Resunga,0,1.0,Micro (5-100 kW),0,1,1
9991,1,930.9,848.9,82.0,0.52,1.18,603.1,13.6,83.259444,28.137778,0,1,WECS_NEA_MIP,0.0473,0.0318,0.0163,0.0093,0.0067,0.0104,0.0095,0.0104,0.0142,0.026,0.0828,0.1609,0.1728,0.0994,0.045,0.0199,0.0123,0.0009,0.0163,0.0153,0.65,Micro/Mini Hydro (<1 MW),73.8,7.2,57.27,23.58,33.69,3.33,2.72,3.33,4.51,5.71,5.52,5.71,5.71,5.52,5.71,5.52,3.99,Musikot,0,1.0,Micro (5-100 kW),0,1,1
9992,1,848.9,839.8,9.1,1.18,52.44,418.9,2.17,83.256389,28.135278,1,0,WECS_NEA_MIP,1.9499,1.3623,0.7503,0.4644,0.3481,0.429,0.39,0.429,0.585,1.0724,3.4123,6.6297,7.1171,4.0948,1.8524,0.819,0.507,0.039,1.3623,1.3233,0.82,Commercial RoR (>1 MW),8.2,87.29,520.46,153.45,367.01,19.14,15.56,19.14,25.93,50.72,64.7,66.86,66.86,64.7,66.86,37.04,22.97,Isma,0,1.0,Micro (5-100 kW),0,1,1
10008,3,930.1,918.9,11.2,10.29,11.16,530.3,2.11,83.391111,28.018333,1,0,WECS_NEA_MIP,0.428,0.2944,0.1572,0.0943,0.0696,0.0942,0.0856,0.0942,0.1284,0.2354,0.749,1.4552,1.5622,0.8988,0.4066,0.1798,0.1113,0.0086,0.2944,0.2858,0.82,Commercial RoR (>1 MW),10.1,23.22,139.32,41.48,97.85,5.17,4.2,5.17,7.01,13.71,17.22,17.8,17.8,17.22,17.8,10.01,6.21,Chatrakot,0,1.0,Micro (5-100 kW),0,1,1
10009,3,918.9,876.3,42.6,11.16,12.2,533.3,7.98,83.395833,28.017778,1,0,WECS_NEA_MIP,0.4671,0.3216,0.172,0.1034,0.0764,0.1028,0.0934,0.1028,0.1401,0.2569,0.8174,1.588,1.7048,0.9808,0.4437,0.1962,0.1214,0.0093,0.3216,0.3123,0.82,Commercial RoR (>1 MW),38.3,96.22,577.03,171.74,405.29,21.43,17.41,21.43,29.01,56.76,71.34,73.72,73.72,71.34,73.72,41.46,25.7,Chatrakot,0,1.0,Micro (5-100 kW),0,1,1
10011,3,929.9,897.8,32.1,25.63,26.14,561.2,5.71,83.557778,28.105278,1,0,WECS_NEA_MIP,0.9856,0.6838,0.3714,0.2267,0.1688,0.2168,0.1971,0.2168,0.2957,0.5421,1.7248,3.3511,3.5975,2.0698,0.9363,0.414,0.2563,0.0197,0.6838,0.6641,0.82,Commercial RoR (>1 MW),28.9,154.39,923.1,273.37,649.73,34.09,27.71,34.09,46.2,90.36,114.46,118.27,118.27,114.46,118.27,66.0,40.92,Kaligandaki,0,1.0,Mini (100-1000 kW),0,1,1
10012,3,897.8,889.8,8.0,26.14,27.16,95.8,8.34,83.560556,28.104167,1,0,WECS_NEA_MIP,1.0233,0.7102,0.3861,0.2358,0.1756,0.2251,0.2047,0.2251,0.307,0.5628,1.7907,3.4792,3.735,2.1489,0.9721,0.4298,0.2661,0.0205,0.7102,0.6897,0.82,Commercial RoR (>1 MW),7.2,39.95,238.81,70.7,168.11,8.82,7.17,8.82,11.95,23.37,29.62,30.6,30.6,29.62,30.6,17.07,10.58,Kaligandaki,0,1.0,Micro (5-100 kW),0,1,1
10025,2,929.2,900.5,28.7,3.18,3.83,608.1,4.72,83.225278,28.138056,0,1,WECS_NEA_MIP,0.1501,0.1021,0.0534,0.0314,0.0229,0.033,0.03,0.033,0.045,0.0825,0.2626,0.5102,0.5477,0.3151,0.1426,0.063,0.039,0.003,0.0534,0.0504,0.65,Micro/Mini Hydro (<1 MW),25.8,8.29,64.83,26.25,38.58,3.67,2.98,3.67,4.97,6.54,6.33,6.54,6.54,6.33,6.54,6.33,4.41,Isma,0,1.0,Micro (5-100 kW),0,1,1
10026,2,900.5,892.0,8.5,3.83,5.01,237.1,3.58,83.223611,28.134722,0,1,WECS_NEA_MIP,0.1952,0.1332,0.07,0.0413,0.0303,0.043,0.039,0.043,0.0586,0.1074,0.3417,0.6638,0.7127,0.41,0.1855,0.082,0.0508,0.0039,0.07,0.0661,0.65,Micro/Mini Hydro (<1 MW),7.7,3.25,25.31,10.22,15.1,1.43,1.16,1.43,1.93,2.56,2.47,2.56,2.56,2.47,2.56,2.47,1.71,Isma,0,1.0,Pico (<5 kW),0,1,0
10034,3,928.4,928.4,0.0,13.03,13.47,600.1,0.0,83.182222,28.135833,1,0,WECS_NEA_MIP,0.5147,0.3547,0.1901,0.1145,0.0847,0.1132,0.1029,0.1132,0.1544,0.2831,0.9007,1.7499,1.8785,1.0808,0.4889,0.2162,0.1338,0.0103,0.3547,0.3444,0.82,Commercial RoR (>1 MW),0.0,0.0,0.0,0.0,0.0,0.0,0.0,0.0,0.0,0.0,0.0,0.0,0.0,0.0,0.0,0.0,0.0,Isma,0,1.0,Pico (<5 kW),0,0,0
10035,3,928.4,928.4,0.0,13.47,14.29,82.5,0.0,83.179722,28.134722,1,0,WECS_NEA_MIP,0.5453,0.3761,0.2018,0.1217,0.0901,0.12,0.1091,0.12,0.1636,0.2999,0.9544,1.8542,1.9905,1.1452,0.5181,0.229,0.1418,0.0109,0.3761,0.3652,0.82,Commercial RoR (>1 MW),0.0,0.0,0.0,0.0,0.0,0.0,0.0,0.0,0.0,0.0,0.0,0.0,0.0,0.0,0.0,0.0,0.0,Dhurkot,0,1.0,Pico (<5 kW),0,0,0
10036,3,928.4,898.1,30.2,14.29,15.05,608.1,4.97,83.179167,28.131944,1,0,WECS_NEA_MIP,0.5738,0.3959,0.2127,0.1284,0.095,0.1262,0.1148,0.1262,0.1721,0.3156,1.0041,1.9508,2.0942,1.2049,0.5451,0.241,0.1492,0.0115,0.3959,0.3844,0.82,Commercial RoR (>1 MW),27.2,84.11,503.99,149.75,354.24,18.67,15.19,18.67,25.3,49.5,62.37,64.45,64.45,62.37,64.45,36.15,22.42,Dhurkot,0,1.0,Micro (5-100 kW),0,1,1
10037,3,898.1,889.4,8.7,15.05,15.42,618.4,1.4,83.181111,28.127222,1,0,WECS_NEA_MIP,0.5876,0.4055,0.218,0.1316,0.0975,0.1293,0.1175,0.1293,0.1763,0.3232,1.0283,1.9978,2.1447,1.2339,0.5582,0.2468,0.1528,0.0118,0.4055,0.3938,0.82,Commercial RoR (>1 MW),7.8,24.71,148.02,43.98,104.04,5.49,4.46,5.49,7.43,14.54,18.32,18.93,18.93,18.32,18.93,10.62,6.58,Isma,0,1.0,Micro (5-100 kW),0,1,1
10038,3,889.4,887.1,2.3,15.42,86.5,171.6,1.34,83.181389,28.124444,1,0,WECS_NEA_MIP,3.1843,2.2359,1.2439,0.7776,0.5858,0.7006,0.6369,0.7006,0.9553,1.7514,5.5726,10.8267,11.6228,6.6871,3.0251,1.3374,0.8279,0.0637,2.2359,2.1722,0.82,Commercial RoR (>1 MW),2.1,36.69,218.36,64.18,154.19,8.0,6.51,8.0,10.84,21.21,27.19,28.1,28.1,27.19,28.1,15.49,9.6,Dhurkot,0,1.0,Micro (5-100 kW),0,0,0
10045,1,928.0,884.0,44.1,0.51,0.81,604.4,7.29,83.201944,28.132778,0,1,WECS_NEA_MIP,0.0327,0.0219,0.0111,0.0063,0.0046,0.0072,0.0065,0.0072,0.0098,0.018,0.0573,0.1113,0.1195,0.0688,0.0311,0.0138,0.0085,0.0006,0.0111,0.0105,0.65,Micro/Mini Hydro (<1 MW),39.7,2.66,21.09,8.75,12.34,1.24,1.0,1.24,1.68,2.09,2.02,2.09,2.09,2.02,2.09,2.02,1.49,Isma,0,1.0,Pico (<5 kW),0,1,0
10046,1,884.0,860.7,23.3,0.81,107.43,586.8,3.96,83.205556,28.128611,1,0,WECS_NEA_MIP,3.9377,2.7709,1.5482,0.972,0.7339,0.8663,0.7875,0.8663,1.1813,2.1658,6.891,13.3883,14.3727,8.2692,3.7408,1.6538,1.0238,0.0788,2.7709,2.6922,0.82,Commercial RoR (>1 MW),21.0,454.79,2703.93,793.57,1910.37,98.98,80.45,98.98,134.1,262.3,337.02,348.25,348.25,337.02,348.25,191.56,118.77,Isma,0,1.0,Mini (100-1000 kW),0,1,1
10051,4,927.4,918.7,8.8,56.2,56.57,583.2,1.5,83.201944,28.099722,1,0,WECS_NEA_MIP,2.1003,1.4685,0.81,0.5021,0.3767,0.4621,0.4201,0.4621,0.6301,1.1552,3.6755,7.141,7.666,4.4106,1.9953,0.8821,0.5461,0.042,1.4685,1.4265,0.82,Commercial RoR (>1 MW),7.9,90.65,540.36,159.25,381.12,19.86,16.15,19.86,26.91,52.63,67.19,69.43,69.43,67.19,69.43,38.44,23.83,Dhurkot,0,1.0,Micro (5-100 kW),0,1,1
10052,4,918.7,918.7,0.0,56.57,56.83,491.4,0.0,83.206667,28.101111,1,0,WECS_NEA_MIP,2.1097,1.4752,0.8138,0.5045,0.3785,0.4641,0.4219,0.4641,0.6329,1.1604,3.692,7.1731,7.7006,4.4305,2.0043,0.8861,0.5485,0.0422,1.4752,1.433,0.82,Commercial RoR (>1 MW),0.0,0.0,0.0,0.0,0.0,0.0,0.0,0.0,0.0,0.0,0.0,0.0,0.0,0.0,0.0,0.0,0.0,Dhurkot,0,1.0,Pico (<5 kW),0,0,0
10053,4,918.7,918.7,0.0,56.83,57.22,545.6,0.0,83.21,28.1025,1,0,WECS_NEA_MIP,2.1239,1.4852,0.8194,0.508,0.3812,0.4673,0.4248,0.4673,0.6372,1.1682,3.7169,7.2214,7.7523,4.4603,2.0177,0.8921,0.5522,0.0425,1.4852,1.4427,0.82,Commercial RoR (>1 MW),0.0,0.0,0.0,0.0,0.0,0.0,0.0,0.0,0.0,0.0,0.0,0.0,0.0,0.0,0.0,0.0,0.0,Dhurkot,0,1.0,Pico (<5 kW),0,0,0
10054,4,918.7,893.9,24.8,57.22,57.67,548.6,4.52,83.21,28.107222,1,0,WECS_NEA_MIP,2.1403,1.4968,0.826,0.5122,0.3843,0.4709,0.4281,0.4709,0.6421,1.1772,3.7455,7.277,7.8121,4.4946,2.0333,0.8989,0.5565,0.0428,1.4968,1.454,0.82,Commercial RoR (>1 MW),22.3,260.83,1554.6,458.08,1096.52,57.14,46.45,57.14,77.4,151.4,193.32,199.77,199.77,193.32,199.77,110.57,68.56,Dhurkot,0,1.0,Mini (100-1000 kW),0,1,1
10055,4,893.9,893.9,0.0,57.67,59.72,54.5,0.0,83.212222,28.108056,1,0,WECS_NEA_MIP,2.2148,1.5494,0.8556,0.5309,0.3985,0.4873,0.443,0.4873,0.6644,1.2182,3.876,7.5304,8.0841,4.6511,2.1041,0.9302,0.5759,0.0443,1.5494,1.5051,0.82,Commercial RoR (>1 MW),0.0,0.0,0.0,0.0,0.0,0.0,0.0,0.0,0.0,0.0,0.0,0.0,0.0,0.0,0.0,0.0,0.0,Resunga,0,1.0,Pico (<5 kW),0,0,0
10060,2,926.8,872.9,53.9,7.93,8.28,573.5,9.4,83.449722,28.041111,0,1,WECS_NEA_MIP,0.3195,0.2191,0.1163,0.0694,0.0511,0.0703,0.0639,0.0703,0.0958,0.1757,0.5591,1.0862,1.166,0.6709,0.3035,0.1342,0.0831,0.0064,0.1163,0.1099,0.65,Micro/Mini Hydro (<1 MW),48.5,33.99,263.64,105.67,157.97,14.7,11.95,14.7,19.91,26.76,25.9,26.76,26.76,25.9,26.76,25.9,17.65,Satyawati,0,1.0,Micro (5-100 kW),0,1,1
10061,2,872.9,789.1,83.9,8.28,9.25,587.5,14.27,83.450278,28.036389,0,1,WECS_NEA_MIP,0.3561,0.2445,0.1301,0.0778,0.0573,0.0783,0.0712,0.0783,0.1068,0.1959,0.6232,1.2107,1.2997,0.7478,0.3383,0.1496,0.0926,0.0071,0.1301,0.123,0.65,Micro/Mini Hydro (<1 MW),75.5,59.22,458.61,183.52,275.09,25.5,20.74,25.5,34.56,46.6,45.1,46.6,46.6,45.1,46.6,45.1,30.62,Satyawati,0,1.0,Micro (5-100 kW),0,1,1
10062,2,789.1,744.1,44.9,9.25,9.99,422.6,10.63,83.450833,28.0325,0,1,WECS_NEA_MIP,0.384,0.2639,0.1406,0.0842,0.0621,0.0845,0.0768,0.0845,0.1152,0.2112,0.672,1.3056,1.4016,0.8064,0.3648,0.1613,0.0998,0.0077,0.1406,0.1329,0.65,Micro/Mini Hydro (<1 MW),40.4,34.24,265.02,105.94,159.08,14.72,11.96,14.72,19.94,26.95,26.08,26.95,26.95,26.08,26.95,26.08,17.65,Satyawati,0,1.0,Micro (5-100 kW),0,1,1
10073,4,925.7,914.1,11.7,117.19,117.89,123.0,9.48,83.402778,28.091667,1,0,WECS_NEA_MIP,4.3131,3.0379,1.7005,1.0697,0.8084,0.9489,0.8626,0.9489,1.2939,2.3722,7.5479,14.6646,15.7429,9.0575,4.0975,1.8115,1.1214,0.0863,3.0379,2.9516,0.82,Commercial RoR (>1 MW),10.5,249.3,1481.74,434.61,1047.13,54.21,44.06,54.21,73.44,143.65,184.75,190.91,190.91,184.75,190.91,104.92,65.05,Chandrakot,0,1.0,Mini (100-1000 kW),0,1,1
10076,2,925.6,916.5,9.1,6.24,7.25,649.3,1.4,83.388889,27.965833,0,1,WECS_NEA_MIP,0.2805,0.1921,0.1017,0.0605,0.0445,0.0617,0.0561,0.0617,0.0841,0.1543,0.4908,0.9536,1.0237,0.589,0.2664,0.1178,0.0729,0.0056,0.1017,0.0961,0.65,Micro/Mini Hydro (<1 MW),8.2,5.02,39.02,15.67,23.35,2.18,1.77,2.18,2.96,3.96,3.83,3.96,3.96,3.83,3.96,3.83,2.62,Chatrakot,0,1.0,Micro (5-100 kW),0,1,1
10077,2,916.5,852.2,64.3,7.25,7.56,576.5,11.15,83.391389,27.961389,0,1,WECS_NEA_MIP,0.2922,0.2002,0.1061,0.0632,0.0464,0.0643,0.0584,0.0643,0.0877,0.1607,0.5114,0.9935,1.0666,0.6136,0.2776,0.1227,0.076,0.0058,0.1061,0.1003,0.65,Micro/Mini Hydro (<1 MW),57.9,37.03,287.43,115.39,172.04,16.07,13.05,16.07,21.77,29.14,28.2,29.14,29.14,28.2,29.14,28.2,19.28,Chatrakot,0,1.0,Micro (5-100 kW),0,1,1
10078,2,852.2,831.9,20.3,7.56,8.25,600.8,3.38,83.393889,27.9575,0,1,WECS_NEA_MIP,0.3183,0.2183,0.1159,0.0691,0.0509,0.07,0.0637,0.07,0.0955,0.1751,0.5571,1.0823,1.1619,0.6685,0.3024,0.1337,0.0828,0.0064,0.1159,0.1095,0.65,Micro/Mini Hydro (<1 MW),18.3,12.78,99.12,39.72,59.4,5.52,4.49,5.52,7.49,10.06,9.74,10.06,10.06,9.74,10.06,9.74,6.63,Chatrakot,0,1.0,Micro (5-100 kW),0,1,1
10079,2,831.9,684.6,147.4,8.25,9.21,628.7,23.44,83.3975,27.953056,0,1,WECS_NEA_MIP,0.3546,0.2435,0.1295,0.0774,0.057,0.078,0.0709,0.078,0.1064,0.195,0.6205,1.2056,1.2942,0.7446,0.3369,0.1489,0.0922,0.0071,0.1295,0.1224,0.65,Micro/Mini Hydro (<1 MW),132.7,103.57,802.41,321.14,481.27,44.63,36.28,44.63,60.5,81.53,78.9,81.53,81.53,78.9,81.53,78.9,53.57,Chatrakot,0,1.0,Mini (100-1000 kW),0,1,1
10080,2,684.6,586.3,98.3,9.21,517.51,642.0,15.31,83.395,27.948333,1,0,GAUGE_TRANSFER_DHM,20.496,12.5669,6.2835,4.0394,2.8425,4.5091,4.0992,4.5091,6.1488,11.2728,35.8681,69.6865,74.8105,43.0417,19.4712,8.6083,5.329,0.4099,12.5669,12.157,0.82,Commercial RoR (>1 MW),88.5,4327.35,27231.03,8704.06,18526.97,2171.19,1764.98,2171.19,2941.62,5753.67,6441.5,6656.21,6656.21,6441.5,6656.21,4202.31,2605.46,Chatrakot,1,0.5,Small/Medium RoR (>1 MW),0,1,1
10084,1,924.2,879.4,44.9,0.51,5.75,164.2,27.33,83.314722,28.148056,0,1,WECS_NEA_MIP,0.2235,0.1527,0.0805,0.0477,0.0349,0.0492,0.0447,0.0492,0.067,0.1229,0.3911,0.7598,0.8157,0.4693,0.2123,0.0939,0.0581,0.0045,0.0805,0.076,0.65,Micro/Mini Hydro (<1 MW),40.4,19.58,152.47,61.39,91.08,8.57,6.96,8.57,11.59,15.43,14.93,15.43,15.43,14.93,15.43,14.93,10.27,Musikot,0,1.0,Micro (5-100 kW),0,1,1
10100,1,923.3,883.3,40.0,0.5,9.62,198.8,20.1,83.311944,28.100833,0,1,WECS_NEA_MIP,0.37,0.2542,0.1353,0.081,0.0597,0.0814,0.074,0.0814,0.111,0.2035,0.6476,1.2582,1.3507,0.7771,0.3515,0.1554,0.0962,0.0074,0.1353,0.1279,0.65,Micro/Mini Hydro (<1 MW),36.0,29.36,227.36,90.95,136.41,12.64,10.27,12.64,17.12,23.11,22.36,23.11,23.11,22.36,23.11,22.36,15.17,Resunga,0,1.0,Micro (5-100 kW),0,1,1
10102,2,922.6,891.1,31.5,9.53,9.91,631.7,4.98,83.297778,28.010833,0,1,WECS_NEA_MIP,0.381,0.2618,0.1395,0.0835,0.0615,0.0838,0.0762,0.0838,0.1143,0.2095,0.6667,1.2953,1.3906,0.8,0.3619,0.16,0.0991,0.0076,0.1395,0.1319,0.65,Micro/Mini Hydro (<1 MW),28.4,23.89,184.87,73.92,110.95,10.27,8.35,10.27,13.91,18.8,18.19,18.8,18.8,18.19,18.8,18.19,12.33,Gulmidarbar,0,1.0,Micro (5-100 kW),0,1,1
10103,3,891.1,863.8,27.3,9.91,10.67,625.1,4.37,83.301389,28.006111,1,0,WECS_NEA_MIP,0.4096,0.2816,0.1503,0.0901,0.0665,0.0901,0.0819,0.0901,0.1229,0.2253,0.7168,1.3926,1.495,0.8601,0.3891,0.172,0.1065,0.0082,0.2816,0.2734,0.82,Commercial RoR (>1 MW),24.6,54.1,324.66,96.69,227.96,12.06,9.8,12.06,16.34,31.96,40.12,41.46,41.46,40.12,41.46,23.34,14.47,Gulmidarbar,0,1.0,Micro (5-100 kW),0,1,1
10104,3,863.8,845.1,18.7,10.67,11.12,546.3,3.41,83.303333,28.001667,1,0,WECS_NEA_MIP,0.4265,0.2934,0.1567,0.094,0.0694,0.0938,0.0853,0.0938,0.128,0.2346,0.7464,1.4501,1.5567,0.8957,0.4052,0.1791,0.1109,0.0085,0.2934,0.2849,0.82,Commercial RoR (>1 MW),16.8,38.5,230.98,68.78,162.2,8.58,6.97,8.58,11.63,22.73,28.55,29.5,29.5,28.55,29.5,16.6,10.3,Gulmidarbar,0,1.0,Micro (5-100 kW),0,1,1
10105,3,845.1,821.3,23.9,11.12,13.02,226.8,10.53,83.303056,27.998333,1,0,WECS_NEA_MIP,0.4978,0.343,0.1837,0.1106,0.0817,0.1095,0.0996,0.1095,0.1493,0.2738,0.8712,1.6925,1.817,1.0454,0.4729,0.2091,0.1294,0.01,0.343,0.333,0.82,Commercial RoR (>1 MW),21.5,57.59,345.3,102.67,242.62,12.8,10.41,12.8,17.35,33.94,42.71,44.14,44.14,42.71,44.14,24.79,15.36,Gulmidarbar,0,1.0,Micro (5-100 kW),0,1,1
10106,3,922.3,910.4,11.9,13.86,14.38,559.6,2.13,83.1925,28.138333,1,0,WECS_NEA_MIP,0.5487,0.3784,0.2031,0.1225,0.0906,0.1207,0.1097,0.1207,0.1646,0.3018,0.9603,1.8656,2.0028,1.1523,0.5213,0.2305,0.1427,0.011,0.3784,0.3674,0.82,Commercial RoR (>1 MW),10.7,31.62,189.53,56.33,133.2,7.02,5.71,7.02,9.52,18.62,23.45,24.23,24.23,23.45,24.23,13.6,8.43,Isma,0,1.0,Micro (5-100 kW),0,1,1
10107,3,910.4,897.0,13.4,14.38,15.04,608.1,2.2,83.194444,28.133611,1,0,WECS_NEA_MIP,0.5734,0.3956,0.2125,0.1283,0.095,0.1261,0.1147,0.1261,0.172,0.3154,1.0034,1.9495,2.0929,1.2041,0.5447,0.2408,0.1491,0.0115,0.3956,0.3841,0.82,Commercial RoR (>1 MW),12.1,37.39,224.03,66.57,157.46,8.3,6.75,8.3,11.25,22.01,27.72,28.65,28.65,27.72,28.65,16.07,9.96,Isma,0,1.0,Micro (5-100 kW),0,1,1
10108,3,897.0,885.5,11.5,15.04,15.52,608.1,1.89,83.193611,28.128889,1,0,WECS_NEA_MIP,0.5913,0.4081,0.2194,0.1325,0.0981,0.1301,0.1183,0.1301,0.1774,0.3252,1.0348,2.0105,2.1583,1.2418,0.5617,0.2484,0.1537,0.0118,0.4081,0.3963,0.82,Commercial RoR (>1 MW),10.3,32.84,196.74,58.46,138.28,7.29,5.93,7.29,9.88,19.32,24.35,25.16,25.16,24.35,25.16,14.11,8.75,Isma,0,1.0,Micro (5-100 kW),0,1,1
10109,3,885.5,874.8,10.6,15.52,15.74,565.6,1.88,83.192222,28.124167,1,0,WECS_NEA_MIP,0.5995,0.4139,0.2225,0.1344,0.0996,0.1319,0.1199,0.1319,0.1799,0.3297,1.0492,2.0384,2.1883,1.259,0.5695,0.2518,0.1559,0.012,0.4139,0.4019,0.82,Commercial RoR (>1 MW),9.5,30.71,184.0,54.66,129.34,6.82,5.54,6.82,9.24,18.06,22.77,23.53,23.53,22.77,23.53,13.19,8.18,Isma,0,1.0,Micro (5-100 kW),0,1,1
10110,3,874.8,872.1,2.8,15.74,105.06,181.9,1.52,83.195,28.122778,1,0,WECS_NEA_MIP,3.8526,2.7104,1.5137,0.95,0.7171,0.8476,0.7705,0.8476,1.1558,2.1189,6.742,13.0988,14.0619,8.0904,3.66,1.6181,1.0017,0.0771,2.7104,2.6334,0.82,Commercial RoR (>1 MW),2.5,52.96,314.9,92.43,222.46,11.53,9.37,11.53,15.62,30.55,39.25,40.55,40.55,39.25,40.55,22.31,13.83,Isma,0,1.0,Micro (5-100 kW),0,0,0
10114,1,922.1,890.0,32.1,0.58,70.87,388.0,8.27,83.1775,28.123333,1,0,WECS_NEA_MIP,2.6194,1.8356,1.0171,0.6333,0.4762,0.5763,0.5239,0.5763,0.7858,1.4407,4.5839,8.9058,9.5607,5.5007,2.4884,1.1001,0.681,0.0524,1.8356,1.7832,0.82,Commercial RoR (>1 MW),28.9,414.55,2468.84,726.5,1742.34,90.62,73.66,90.62,122.76,240.12,307.25,317.49,317.49,307.25,317.49,175.37,108.72,Dhurkot,0,1.0,Mini (100-1000 kW),0,1,1
10115,3,921.9,921.9,0.0,19.5,20.12,164.9,0.0,83.266944,28.013889,1,0,WECS_NEA_MIP,0.7626,0.5277,0.2851,0.1731,0.1285,0.1678,0.1525,0.1678,0.2288,0.4194,1.3346,2.5929,2.7835,1.6015,0.7245,0.3203,0.1983,0.0152,0.5277,0.5124,0.82,Commercial RoR (>1 MW),0.0,0.0,0.0,0.0,0.0,0.0,0.0,0.0,0.0,0.0,0.0,0.0,0.0,0.0,0.0,0.0,0.0,Resunga,0,1.0,Pico (<5 kW),0,0,0
10116,3,921.9,870.9,51.0,20.12,20.72,566.9,9.0,83.266389,28.010833,1,0,WECS_NEA_MIP,0.7849,0.5433,0.2937,0.1784,0.1325,0.1727,0.157,0.1727,0.2355,0.4317,1.3735,2.6686,2.8648,1.6483,0.7456,0.3297,0.2041,0.0157,0.5433,0.5276,0.82,Commercial RoR (>1 MW),45.9,194.81,1165.87,345.78,820.09,43.13,35.06,43.13,58.43,114.28,144.43,149.25,149.25,144.43,149.25,83.48,51.75,Resunga,0,1.0,Mini (100-1000 kW),0,1,1
10117,3,870.9,854.8,16.0,20.72,21.29,566.9,2.82,83.267778,28.006111,1,0,WECS_NEA_MIP,0.806,0.5581,0.3019,0.1835,0.1363,0.1773,0.1612,0.1773,0.2418,0.4433,1.4106,2.7405,2.942,1.6927,0.7657,0.3385,0.2096,0.0161,0.5581,0.542,0.82,Commercial RoR (>1 MW),14.4,62.78,375.67,111.4,264.28,13.89,11.29,13.89,18.82,36.82,46.55,48.1,48.1,46.55,48.1,26.89,16.68,Resunga,0,1.0,Micro (5-100 kW),0,1,1
10118,3,854.8,839.6,15.3,21.29,23.39,371.1,4.12,83.268056,28.002222,1,0,WECS_NEA_MIP,0.8839,0.6126,0.332,0.2022,0.1503,0.1945,0.1768,0.1945,0.2652,0.4861,1.5468,3.0052,3.2262,1.8561,0.8397,0.3712,0.2298,0.0177,0.6126,0.5949,0.82,Commercial RoR (>1 MW),13.8,66.04,395.03,117.06,277.97,14.6,11.87,14.6,19.78,38.69,48.96,50.6,50.6,48.96,50.6,28.25,17.52,Resunga,0,1.0,Micro (5-100 kW),0,1,1
10120,1,921.7,797.3,124.3,0.54,0.99,491.4,25.3,83.343333,28.095833,0,1,WECS_NEA_MIP,0.0399,0.0268,0.0136,0.0078,0.0056,0.0088,0.008,0.0088,0.012,0.0219,0.0697,0.1355,0.1455,0.0837,0.0379,0.0167,0.0104,0.0008,0.0136,0.0128,0.65,Micro/Mini Hydro (<1 MW),111.9,9.13,72.64,30.02,42.62,4.25,3.45,4.25,5.75,7.22,6.99,7.22,7.22,6.99,7.22,6.99,5.1,Chandrakot,0,1.0,Micro (5-100 kW),0,1,1
10121,1,797.3,674.3,123.1,0.99,1.11,580.2,21.21,83.338889,28.093889,0,1,WECS_NEA_MIP,0.0446,0.03,0.0153,0.0088,0.0063,0.0098,0.0089,0.0098,0.0134,0.0245,0.078,0.1516,0.1627,0.0936,0.0424,0.0187,0.0116,0.0009,0.0153,0.0144,0.65,Micro/Mini Hydro (<1 MW),110.8,10.17,80.66,33.18,47.48,4.68,3.8,4.68,6.36,8.04,7.78,8.04,8.04,7.78,8.04,7.78,5.62,Chandrakot,0,1.0,Micro (5-100 kW),0,1,1
10122,1,674.3,638.7,35.5,1.11,1283.49,144.3,24.63,83.338611,28.091111,1,0,GAUGE_TRANSFER_DHM,44.3581,27.1976,13.5988,8.7421,6.1518,9.7588,8.8716,9.7588,13.3074,24.3969,77.6266,150.8174,161.9069,93.1519,42.1402,18.6304,11.5331,0.8872,27.1976,26.3104,0.82,Commercial RoR (>1 MW),31.9,3375.76,21242.88,6790.0,14452.88,1693.75,1376.85,1693.75,2294.75,4488.42,5025.01,5192.51,5192.51,5025.01,5192.51,3278.22,2032.49,Chandrakot,1,0.5,Small/Medium RoR (>1 MW),0,1,1
10123,1,921.6,742.6,179.0,0.5,14.42,437.5,40.92,83.404722,28.025278,1,0,WECS_NEA_MIP,0.5502,0.3795,0.2037,0.1228,0.0909,0.121,0.11,0.121,0.1651,0.3026,0.9629,1.8707,2.0083,1.1554,0.5227,0.2311,0.1431,0.011,0.3795,0.3685,0.82,Commercial RoR (>1 MW),161.1,477.55,2861.9,850.63,2011.26,106.06,86.22,106.06,143.78,281.15,354.1,365.9,365.9,354.1,365.9,205.37,127.37,Chatrakot,0,1.0,Mini (100-1000 kW),0,1,1
10137,1,920.8,901.4,19.4,0.59,0.87,573.5,3.38,83.238333,28.093889,0,1,WECS_NEA_MIP,0.0351,0.0235,0.0119,0.0068,0.0049,0.0077,0.007,0.0077,0.0105,0.0193,0.0614,0.1194,0.1282,0.0737,0.0334,0.0147,0.0091,0.0007,0.0119,0.0112,0.65,Micro/Mini Hydro (<1 MW),17.5,1.25,9.94,4.11,5.83,0.58,0.47,0.58,0.79,0.99,0.96,0.99,0.99,0.96,0.99,0.96,0.7,Resunga,0,1.0,Pico (<5 kW),0,1,0
10138,1,901.4,871.3,30.1,0.87,2.61,412.3,7.3,83.240278,28.0975,0,1,WECS_NEA_MIP,0.1031,0.0699,0.0362,0.0211,0.0154,0.0227,0.0206,0.0227,0.0309,0.0567,0.1803,0.3504,0.3761,0.2164,0.0979,0.0433,0.0268,0.0021,0.0362,0.0341,0.65,Micro/Mini Hydro (<1 MW),27.1,5.89,46.33,18.86,27.47,2.65,2.15,2.65,3.58,4.65,4.5,4.65,4.65,4.5,4.65,4.5,3.18,Resunga,0,1.0,Micro (5-100 kW),0,1,1
10142,2,920.5,902.3,18.1,9.65,10.42,550.9,3.29,83.324444,28.044444,1,0,WECS_NEA_MIP,0.4002,0.2751,0.1467,0.0879,0.0648,0.088,0.08,0.088,0.1201,0.2201,0.7003,1.3606,1.4607,0.8404,0.3802,0.1681,0.104,0.008,0.2751,0.2671,0.82,Commercial RoR (>1 MW),16.3,35.02,210.16,62.59,147.57,7.8,6.34,7.8,10.58,20.69,25.97,26.84,26.84,25.97,26.84,15.11,9.37,Gulmidarbar,0,1.0,Micro (5-100 kW),0,1,1
10143,3,902.3,864.6,37.7,10.42,10.84,505.4,7.47,83.329167,28.043889,1,0,WECS_NEA_MIP,0.416,0.2861,0.1527,0.0916,0.0676,0.0915,0.0832,0.0915,0.1248,0.2288,0.728,1.4143,1.5183,0.8736,0.3952,0.1747,0.1082,0.0083,0.2861,0.2778,0.82,Commercial RoR (>1 MW),33.9,75.76,454.52,135.37,319.16,16.88,13.73,16.88,22.87,44.74,56.17,58.05,58.05,56.17,58.05,32.67,20.27,Gulmidarbar,0,1.0,Micro (5-100 kW),0,1,1
10144,3,864.6,842.9,21.6,10.84,11.49,561.2,3.86,83.333889,28.043333,1,0,WECS_NEA_MIP,0.4404,0.3031,0.1619,0.0972,0.0718,0.0969,0.0881,0.0969,0.1321,0.2422,0.7707,1.4974,1.6075,0.9249,0.4184,0.185,0.1145,0.0088,0.3031,0.2943,0.82,Commercial RoR (>1 MW),19.4,45.93,275.49,82.0,193.49,10.23,8.32,10.23,13.85,27.1,34.06,35.19,35.19,34.06,35.19,19.8,12.27,Gulmidarbar,0,1.0,Micro (5-100 kW),0,1,1
10145,3,842.9,791.6,51.3,11.49,14.68,384.3,13.34,83.3375,28.040556,1,0,WECS_NEA_MIP,0.5599,0.3863,0.2074,0.1251,0.0926,0.1232,0.112,0.1232,0.168,0.308,0.9799,1.9038,2.0437,1.1759,0.5319,0.2352,0.1456,0.0112,0.3863,0.3751,0.82,Commercial RoR (>1 MW),46.2,139.4,835.41,248.29,587.11,30.97,25.17,30.97,41.96,82.07,103.37,106.81,106.81,103.37,106.81,59.94,37.16,Gulmidarbar,0,1.0,Mini (100-1000 kW),0,1,1
10146,1,920.5,858.0,62.5,0.57,0.77,586.8,10.64,83.223889,28.129167,0,1,WECS_NEA_MIP,0.0312,0.0209,0.0106,0.006,0.0043,0.0069,0.0062,0.0069,0.0093,0.0171,0.0545,0.1059,0.1137,0.0654,0.0296,0.0131,0.0081,0.0006,0.0106,0.01,0.65,Micro/Mini Hydro (<1 MW),56.2,3.58,28.46,11.78,16.68,1.68,1.35,1.68,2.24,2.83,2.73,2.83,2.83,2.73,2.83,2.73,2.0,Isma,0,1.0,Pico (<5 kW),0,1,0
10147,1,858.0,858.0,0.0,0.77,118.36,185.5,0.0,83.223056,28.126111,1,0,WECS_NEA_MIP,4.33,3.0499,1.7074,1.0741,0.8117,0.9526,0.866,0.9526,1.299,2.3815,7.5774,14.7219,15.8044,9.0929,4.1135,1.8186,1.1258,0.0866,3.0499,2.9633,0.82,Commercial RoR (>1 MW),0.0,0.0,0.0,0.0,0.0,0.0,0.0,0.0,0.0,0.0,0.0,0.0,0.0,0.0,0.0,0.0,0.0,Isma,0,1.0,Pico (<5 kW),0,0,0
10191,5,880.9,867.1,13.8,227.96,229.21,506.0,2.73,83.338056,28.19,1,0,GAUGE_TRANSFER_DHM,10.2574,6.2892,3.1446,2.0215,1.4226,2.2566,2.0515,2.2566,3.0772,5.6416,17.9505,34.8752,37.4395,21.5405,9.7445,4.3081,2.6669,0.2051,6.2892,6.0841,0.82,Commercial RoR (>1 MW),12.4,303.44,1909.46,610.34,1299.12,152.25,123.77,152.25,206.27,403.46,451.68,466.74,466.74,451.68,466.74,294.67,182.7,Musikot,1,0.5,Mini (100-1000 kW),0,1,1
10193,1,915.9,826.4,89.4,0.57,4.17,232.7,38.42,83.585,28.010556,0,1,WECS_NEA_MIP,0.1631,0.1111,0.0582,0.0342,0.025,0.0359,0.0326,0.0359,0.0489,0.0897,0.2854,0.5546,0.5953,0.3425,0.155,0.0685,0.0424,0.0033,0.0582,0.0549,0.65,Micro/Mini Hydro (<1 MW),80.5,28.18,220.23,89.02,131.21,12.45,10.11,12.45,16.85,22.23,21.51,22.23,22.23,21.51,22.23,21.51,14.93,Kaligandaki,0,1.0,Micro (5-100 kW),0,1,1
10195,1,915.5,714.2,201.3,0.51,0.67,577.2,34.87,83.368889,28.078333,0,1,WECS_NEA_MIP,0.0272,0.0182,0.0092,0.0052,0.0037,0.006,0.0054,0.006,0.0082,0.015,0.0476,0.0924,0.0992,0.0571,0.0258,0.0114,0.0071,0.0005,0.0092,0.0087,0.65,Micro/Mini Hydro (<1 MW),181.2,10.05,79.93,33.25,46.69,4.73,3.8,4.73,6.41,7.91,7.65,7.91,7.91,7.65,7.91,7.65,5.67,Chandrakot,0,1.0,Micro (5-100 kW),0,1,1
10196,1,714.2,693.8,20.5,0.67,128.72,144.3,14.18,83.367778,28.075556,1,0,WECS_NEA_MIP,4.7011,3.3141,1.8584,1.171,0.8858,1.0342,0.9402,1.0342,1.4103,2.5856,8.2269,15.9836,17.1589,9.8722,4.466,1.9744,1.2223,0.094,3.3141,3.2201,0.82,Commercial RoR (>1 MW),18.4,476.62,2831.77,830.15,2001.62,103.54,84.17,103.54,140.28,274.38,353.18,364.95,364.95,353.18,364.95,200.39,124.25,Chandrakot,0,1.0,Mini (100-1000 kW),0,1,1
10206,2,914.7,846.5,68.2,4.1,4.53,533.3,12.78,83.299444,28.175278,0,1,WECS_NEA_MIP,0.1769,0.1206,0.0632,0.0373,0.0273,0.0389,0.0354,0.0389,0.0531,0.0973,0.3096,0.6014,0.6457,0.3715,0.1681,0.0743,0.046,0.0035,0.0632,0.0597,0.65,Micro/Mini Hydro (<1 MW),61.4,23.37,182.46,73.79,108.68,10.31,8.39,10.31,13.98,18.41,17.82,18.41,18.41,17.82,18.41,17.82,12.38,Musikot,0,1.0,Micro (5-100 kW),0,1,1
10207,2,846.5,826.2,20.3,4.53,5.83,291.6,6.98,83.296111,28.175833,0,1,WECS_NEA_MIP,0.2265,0.1548,0.0816,0.0483,0.0354,0.0498,0.0453,0.0498,0.068,0.1246,0.3964,0.7702,0.8268,0.4757,0.2152,0.0951,0.0589,0.0045,0.0816,0.0771,0.65,Micro/Mini Hydro (<1 MW),18.3,9.0,70.03,28.21,41.82,3.93,3.2,3.93,5.34,7.08,6.86,7.08,7.08,6.86,7.08,6.86,4.72,Musikot,0,1.0,Micro (5-100 kW),0,1,1
10211,4,914.1,886.8,27.3,117.89,118.61,491.4,5.55,83.399722,28.091667,1,0,WECS_NEA_MIP,4.3389,3.0563,1.711,1.0764,0.8135,0.9546,0.8678,0.9546,1.3017,2.3864,7.5931,14.7523,15.8371,9.1117,4.122,1.8223,1.1281,0.0868,3.0563,2.9695,0.82,Commercial RoR (>1 MW),24.6,587.63,3492.47,1024.36,2468.11,127.76,103.86,127.76,173.1,338.57,435.46,449.97,449.97,435.46,449.97,247.27,153.31,Chandrakot,0,1.0,Mini (100-1000 kW),0,1,1
10212,4,886.8,881.7,5.1,118.61,119.49,95.8,5.37,83.396944,28.091389,1,0,WECS_NEA_MIP,4.3705,3.0787,1.7239,1.0846,0.8198,0.9615,0.8741,0.9615,1.3111,2.4038,7.6483,14.8596,15.9522,9.178,4.1519,1.8356,1.1363,0.0874,3.0787,2.9913,0.82,Commercial RoR (>1 MW),4.6,110.69,657.84,192.94,464.9,24.06,19.56,24.06,32.6,63.77,82.02,84.76,84.76,82.02,84.76,46.58,28.88,Chandrakot,0,1.0,Mini (100-1000 kW),0,1,1
10213,2,913.9,846.8,67.1,5.53,5.93,594.1,11.29,83.3225,27.999444,0,1,WECS_NEA_MIP,0.2303,0.1574,0.083,0.0492,0.0361,0.0507,0.0461,0.0507,0.0691,0.1267,0.4031,0.7831,0.8407,0.4837,0.2188,0.0967,0.0599,0.0046,0.083,0.0784,0.65,Micro/Mini Hydro (<1 MW),60.4,30.2,235.07,94.68,140.4,13.21,10.74,13.21,17.89,23.78,23.02,23.78,23.78,23.02,23.78,23.02,15.85,Gulmidarbar,0,1.0,Micro (5-100 kW),0,1,1
10214,2,846.8,829.2,17.6,5.93,12.38,288.6,6.11,83.320833,27.996111,1,0,WECS_NEA_MIP,0.4738,0.3263,0.1746,0.105,0.0776,0.1042,0.0948,0.1042,0.1421,0.2606,0.8292,1.611,1.7294,0.995,0.4501,0.199,0.1232,0.0095,0.3263,0.3168,0.82,Commercial RoR (>1 MW),15.8,40.26,241.45,71.83,169.63,8.95,7.29,8.95,12.13,23.74,29.86,30.86,30.86,29.86,30.86,17.34,10.75,Gulmidarbar,0,1.0,Micro (5-100 kW),0,1,1
10215,4,913.4,906.6,6.8,66.47,67.13,575.2,1.18,83.164167,28.125556,1,0,WECS_NEA_MIP,2.4838,1.7396,0.9629,0.5989,0.4501,0.5464,0.4968,0.5464,0.7451,1.3661,4.3467,8.445,9.066,5.216,2.3596,1.0432,0.6458,0.0497,1.7396,1.6899,0.82,Commercial RoR (>1 MW),6.1,82.92,493.95,145.4,348.55,18.13,14.74,18.13,24.57,48.06,61.46,63.51,63.51,61.46,63.51,35.1,21.76,Dhurkot,0,1.0,Micro (5-100 kW),0,1,1
10216,4,906.6,901.8,4.9,67.13,68.0,519.3,0.93,83.168889,28.125,1,0,WECS_NEA_MIP,2.5154,1.762,0.9755,0.6069,0.4561,0.5534,0.5031,0.5534,0.7546,1.3835,4.4019,8.5523,9.1811,5.2823,2.3896,1.0565,0.654,0.0503,1.762,1.7117,0.82,Commercial RoR (>1 MW),4.4,60.58,360.87,106.22,254.65,13.25,10.77,13.25,17.95,35.11,44.9,46.4,46.4,44.9,46.4,25.64,15.9,Dhurkot,0,1.0,Micro (5-100 kW),0,0,0
10217,4,901.8,899.4,2.4,68.0,69.8,154.6,1.54,83.171667,28.126111,1,0,WECS_NEA_MIP,2.5806,1.8081,1.0016,0.6234,0.4687,0.5677,0.5161,0.5677,0.7742,1.4193,4.5161,8.7741,9.4192,5.4193,2.4516,1.0839,0.671,0.0516,1.8081,1.7565,0.82,Commercial RoR (>1 MW),2.2,31.09,185.14,54.49,130.65,6.8,5.52,6.8,9.21,18.01,23.04,23.81,23.81,23.04,23.81,13.15,8.16,Dhurkot,0,1.0,Micro (5-100 kW),0,0,0
10230,5,912.2,902.8,9.4,542.07,542.69,583.2,1.61,83.185833,28.268889,1,0,GAUGE_TRANSFER_DHM,21.3407,13.0848,6.5424,4.2058,2.9597,4.6949,4.2681,4.6949,6.4022,11.7374,37.3462,72.5583,77.8934,44.8154,20.2736,8.9631,5.5486,0.4268,13.0848,12.658,0.82,Commercial RoR (>1 MW),8.5,432.75,2723.19,870.43,1852.76,217.12,176.5,217.12,294.17,575.39,644.17,665.64,665.64,644.17,665.64,420.25,260.55,Malika,1,0.5,Mini (100-1000 kW),0,1,1
10231,5,902.8,892.6,10.2,542.69,544.97,562.6,1.81,83.188611,28.265833,1,0,GAUGE_TRANSFER_DHM,21.4168,13.1315,6.5657,4.2208,2.9702,4.7117,4.2834,4.7117,6.4251,11.7793,37.4795,72.8173,78.1715,44.9754,20.346,8.9951,5.5684,0.4283,13.1315,12.7032,0.82,Commercial RoR (>1 MW),9.2,470.06,2957.99,945.49,2012.5,235.85,191.72,235.85,319.54,625.0,699.71,723.03,723.03,699.71,723.03,456.48,283.02,Musikot,1,0.5,Mini (100-1000 kW),0,1,1
10243,1,910.5,849.7,60.7,0.54,1.36,608.1,9.99,83.333611,27.972778,0,1,WECS_NEA_MIP,0.0544,0.0366,0.0188,0.0108,0.0078,0.012,0.0109,0.012,0.0163,0.0299,0.0952,0.185,0.1986,0.1142,0.0517,0.0228,0.0141,0.0011,0.0188,0.0177,0.65,Micro/Mini Hydro (<1 MW),54.6,6.16,48.73,19.99,28.75,2.82,2.29,2.82,3.81,4.87,4.71,4.87,4.87,4.71,4.87,4.71,3.37,Chatrakot,0,1.0,Micro (5-100 kW),0,1,1
10244,1,849.7,794.5,55.2,1.36,2.47,484.4,11.4,83.334722,27.968333,0,1,WECS_NEA_MIP,0.0976,0.0662,0.0343,0.02,0.0145,0.0215,0.0195,0.0215,0.0293,0.0537,0.1709,0.3319,0.3564,0.205,0.0927,0.041,0.0254,0.002,0.0343,0.0323,0.65,Micro/Mini Hydro (<1 MW),49.7,10.24,80.5,32.76,47.74,4.6,3.73,4.6,6.23,8.09,7.83,8.09,8.09,7.83,8.09,7.83,5.52,Chatrakot,0,1.0,Micro (5-100 kW),0,1,1
10253,1,910.0,897.7,12.2,0.57,5.37,72.1,16.93,83.325556,28.058889,0,1,WECS_NEA_MIP,0.209,0.1427,0.0751,0.0444,0.0325,0.046,0.0418,0.046,0.0627,0.1149,0.3657,0.7106,0.7628,0.4389,0.1985,0.0878,0.0543,0.0042,0.0751,0.0709,0.65,Micro/Mini Hydro (<1 MW),11.0,4.97,38.76,15.62,23.14,2.18,1.77,2.18,2.95,3.92,3.79,3.92,3.92,3.79,3.92,3.79,2.61,Gulmidarbar,0,1.0,Pico (<5 kW),0,1,0
10268,1,908.9,850.0,58.9,0.51,45.49,424.9,13.87,83.247778,28.147222,1,0,WECS_NEA_MIP,1.6963,1.1834,0.65,0.4011,0.3003,0.3732,0.3393,0.3732,0.5089,0.933,2.9685,5.7674,6.1915,3.5622,1.6115,0.7124,0.441,0.0339,1.1834,1.1495,0.82,Commercial RoR (>1 MW),53.0,490.08,2923.81,862.88,2060.93,107.63,87.5,107.63,145.81,285.19,363.26,375.37,375.37,363.26,375.37,208.28,129.13,Isma,0,1.0,Mini (100-1000 kW),0,1,1
10299,1,904.4,903.1,1.3,0.51,1.58,41.2,3.1,83.206667,28.110556,0,1,WECS_NEA_MIP,0.063,0.0425,0.0218,0.0126,0.0091,0.0139,0.0126,0.0139,0.0189,0.0347,0.1103,0.2142,0.23,0.1323,0.0599,0.0265,0.0164,0.0013,0.0218,0.0205,0.65,Micro/Mini Hydro (<1 MW),1.2,0.16,1.24,0.51,0.73,0.07,0.06,0.07,0.1,0.12,0.12,0.12,0.12,0.12,0.12,0.12,0.09,Dhurkot,0,1.0,Pico (<5 kW),0,1,0
10318,1,903.6,876.6,27.0,0.52,1.35,72.1,37.38,83.278333,28.160833,0,1,WECS_NEA_MIP,0.054,0.0364,0.0186,0.0107,0.0077,0.0119,0.0108,0.0119,0.0162,0.0297,0.0945,0.1836,0.1971,0.1134,0.0513,0.0227,0.014,0.0011,0.0186,0.0175,0.65,Micro/Mini Hydro (<1 MW),24.3,2.71,21.47,8.82,12.66,1.25,1.01,1.25,1.68,2.14,2.08,2.14,2.14,2.08,2.14,2.08,1.49,Musikot,0,1.0,Pico (<5 kW),0,1,0
10320,1,903.1,893.9,9.3,1.58,2.02,603.1,1.53,83.209167,28.109167,0,1,WECS_NEA_MIP,0.0802,0.0542,0.028,0.0162,0.0118,0.0176,0.016,0.0176,0.024,0.0441,0.1403,0.2726,0.2926,0.1683,0.0762,0.0337,0.0208,0.0016,0.028,0.0264,0.65,Micro/Mini Hydro (<1 MW),8.4,1.41,11.13,4.54,6.59,0.64,0.52,0.64,0.86,1.12,1.08,1.12,1.12,1.08,1.12,1.08,0.77,Dhurkot,0,1.0,Pico (<5 kW),0,1,0
10321,2,893.9,893.9,0.0,2.02,59.72,123.0,0.0,83.211944,28.108333,1,0,WECS_NEA_MIP,2.2148,1.5494,0.8556,0.5309,0.3985,0.4873,0.443,0.4873,0.6644,1.2182,3.876,7.5304,8.0841,4.6511,2.1041,0.9302,0.5759,0.0443,1.5494,1.5051,0.82,Commercial RoR (>1 MW),0.0,0.0,0.0,0.0,0.0,0.0,0.0,0.0,0.0,0.0,0.0,0.0,0.0,0.0,0.0,0.0,0.0,Isma,0,1.0,Pico (<5 kW),0,0,0
10326,1,902.8,698.1,204.7,0.52,1.0,631.7,32.4,83.450556,27.990833,0,1,WECS_NEA_MIP,0.0402,0.027,0.0138,0.0079,0.0057,0.0089,0.008,0.0089,0.0121,0.0221,0.0704,0.1368,0.1469,0.0845,0.0382,0.0169,0.0105,0.0008,0.0138,0.013,0.65,Micro/Mini Hydro (<1 MW),184.2,15.27,121.12,49.93,71.19,7.08,5.68,7.08,9.56,12.06,11.67,12.06,12.06,11.67,12.06,11.67,8.48,Ruru,0,1.0,Micro (5-100 kW),0,1,1
10327,1,698.1,593.3,104.8,1.0,1.3,604.4,17.34,83.454722,27.994722,0,1,WECS_NEA_MIP,0.052,0.035,0.0179,0.0103,0.0074,0.0115,0.0104,0.0115,0.0156,0.0286,0.0911,0.177,0.19,0.1093,0.0494,0.0219,0.0135,0.001,0.0179,0.0169,0.65,Micro/Mini Hydro (<1 MW),94.3,10.16,80.39,33.11,47.27,4.7,3.8,4.7,6.32,8.01,7.75,8.01,8.01,7.75,8.01,7.75,5.59,Ruru,0,1.0,Micro (5-100 kW),0,1,1
10328,1,593.3,545.2,48.1,1.3,1.46,526.7,9.14,83.456667,27.998056,0,1,WECS_NEA_MIP,0.0583,0.0393,0.0202,0.0116,0.0084,0.0128,0.0117,0.0128,0.0175,0.0321,0.1021,0.1983,0.2129,0.1225,0.0554,0.0245,0.0152,0.0012,0.0202,0.019,0.65,Micro/Mini Hydro (<1 MW),43.3,5.25,41.48,16.98,24.5,2.38,1.95,2.38,3.24,4.15,4.02,4.15,4.15,4.02,4.15,4.02,2.88,Ruru,0,1.0,Micro (5-100 kW),0,1,1
10329,1,545.2,545.2,0.0,1.46,1559.35,109.1,0.0,83.459444,27.998611,1,0,GAUGE_TRANSFER_DHM,52.3409,32.0922,16.0461,10.3154,7.259,11.515,10.4682,11.515,15.7023,28.7875,91.5965,177.959,191.0442,109.9158,49.7238,21.9832,13.6086,1.0468,32.0922,31.0454,0.82,Commercial RoR (>1 MW),0.0,0.0,0.0,0.0,0.0,0.0,0.0,0.0,0.0,0.0,0.0,0.0,0.0,0.0,0.0,0.0,0.0,Satyawati,1,0.5,Pico (<5 kW),0,0,0
10334,1,902.4,779.3,123.0,0.53,0.89,564.9,21.78,83.301389,28.158889,0,1,WECS_NEA_MIP,0.0359,0.0241,0.0122,0.007,0.005,0.0079,0.0072,0.0079,0.0108,0.0197,0.0628,0.1221,0.1311,0.0754,0.0341,0.0151,0.0093,0.0007,0.0122,0.0115,0.65,Micro/Mini Hydro (<1 MW),110.7,8.12,64.53,26.7,37.82,3.78,3.08,3.78,5.13,6.41,6.2,6.41,6.41,6.2,6.41,6.2,4.52,Musikot,0,1.0,Micro (5-100 kW),0,1,1
10335,1,779.3,696.4,82.9,0.89,1.01,583.2,14.22,83.2975,28.157222,0,1,WECS_NEA_MIP,0.0406,0.0273,0.0139,0.0079,0.0057,0.0089,0.0081,0.0089,0.0122,0.0224,0.0711,0.1382,0.1483,0.0853,0.0386,0.0171,0.0106,0.0008,0.0139,0.0131,0.65,Micro/Mini Hydro (<1 MW),74.6,6.23,49.4,20.36,29.04,2.87,2.33,2.87,3.9,4.92,4.76,4.92,4.92,4.76,4.92,4.76,3.47,Musikot,0,1.0,Micro (5-100 kW),0,1,1
10336,1,696.4,696.4,0.0,1.01,937.68,123.7,0.0,83.296667,28.154722,1,0,GAUGE_TRANSFER_DHM,33.9692,20.8278,10.4139,6.6947,4.7111,7.4732,6.7938,7.4732,10.1908,18.6831,59.4461,115.4953,123.9876,71.3353,32.2707,14.2671,8.832,0.6794,20.8278,20.1484,0.82,Commercial RoR (>1 MW),0.0,0.0,0.0,0.0,0.0,0.0,0.0,0.0,0.0,0.0,0.0,0.0,0.0,0.0,0.0,0.0,0.0,Musikot,1,0.5,Pico (<5 kW),0,0,0
10344,1,901.0,579.5,321.5,0.54,0.73,645.0,49.85,83.580278,28.025833,0,1,WECS_NEA_MIP,0.0296,0.0198,0.01,0.0057,0.0041,0.0065,0.0059,0.0065,0.0089,0.0163,0.0517,0.1005,0.1079,0.0621,0.0281,0.0124,0.0077,0.0006,0.01,0.0094,0.65,Micro/Mini Hydro (<1 MW),289.4,17.35,138.33,57.28,81.05,8.1,6.57,8.1,11.03,13.73,13.29,13.73,13.73,13.29,13.73,13.29,9.75,Kaligandaki,0,1.0,Micro (5-100 kW),0,1,1
10359,4,899.4,893.0,6.4,69.8,70.05,582.5,1.1,83.174167,28.126944,1,0,WECS_NEA_MIP,2.5897,1.8145,1.0052,0.6257,0.4704,0.5697,0.5179,0.5697,0.7769,1.4243,4.5319,8.8049,9.4523,5.4383,2.4602,1.0877,0.6733,0.0518,1.8145,1.7627,0.82,Commercial RoR (>1 MW),5.8,82.24,489.81,144.14,345.66,17.98,14.61,17.98,24.36,47.64,60.95,62.99,62.99,60.95,62.99,34.8,21.57,Dhurkot,0,1.0,Micro (5-100 kW),0,1,1
10360,4,893.0,890.0,3.0,70.05,70.87,346.1,0.87,83.1775,28.125278,1,0,WECS_NEA_MIP,2.6194,1.8356,1.0171,0.6333,0.4762,0.5763,0.5239,0.5763,0.7858,1.4407,4.5839,8.9058,9.5607,5.5007,2.4884,1.1001,0.681,0.0524,1.8356,1.7832,0.82,Commercial RoR (>1 MW),2.7,38.73,230.65,67.87,162.78,8.47,6.88,8.47,11.47,22.43,28.7,29.66,29.66,28.7,29.66,16.38,10.16,Dhurkot,0,1.0,Micro (5-100 kW),0,0,0
10378,2,897.7,879.6,18.2,5.37,6.73,369.1,4.92,83.327222,28.06,0,1,WECS_NEA_MIP,0.2607,0.1785,0.0943,0.056,0.0412,0.0574,0.0521,0.0574,0.0782,0.1434,0.4563,0.8865,0.9517,0.5475,0.2477,0.1095,0.0678,0.0052,0.0943,0.0891,0.65,Micro/Mini Hydro (<1 MW),16.4,9.32,72.43,29.12,43.31,4.06,3.3,4.06,5.5,7.34,7.1,7.34,7.34,7.1,7.34,7.1,4.87,Gulmidarbar,0,1.0,Micro (5-100 kW),0,1,1
10408,4,893.9,893.8,0.0,59.72,60.21,587.5,0.0,83.213889,28.105556,1,0,WECS_NEA_MIP,2.2326,1.562,0.8627,0.5354,0.4019,0.4912,0.4465,0.4912,0.6698,1.228,3.9071,7.591,8.1491,4.6885,2.121,0.9377,0.5805,0.0447,1.562,1.5173,0.82,Commercial RoR (>1 MW),0.0,0.0,0.0,0.0,0.0,0.0,0.0,0.0,0.0,0.0,0.0,0.0,0.0,0.0,0.0,0.0,0.0,Resunga,0,1.0,Pico (<5 kW),0,0,0
10409,4,893.8,893.8,0.0,60.21,60.85,642.0,0.0,83.216111,28.101389,1,0,WECS_NEA_MIP,2.2559,1.5784,0.872,0.5413,0.4064,0.4963,0.4512,0.4963,0.6768,1.2407,3.9478,7.67,8.234,4.7374,2.1431,0.9475,0.5865,0.0451,1.5784,1.5333,0.82,Commercial RoR (>1 MW),0.0,0.0,0.0,0.0,0.0,0.0,0.0,0.0,0.0,0.0,0.0,0.0,0.0,0.0,0.0,0.0,0.0,Resunga,0,1.0,Pico (<5 kW),0,0,0
10410,4,893.8,893.8,0.0,60.85,61.48,547.3,0.0,83.220556,28.097778,1,0,WECS_NEA_MIP,2.2788,1.5946,0.8811,0.547,0.4107,0.5013,0.4558,0.5013,0.6836,1.2533,3.9879,7.7479,8.3175,4.7854,2.1648,0.9571,0.5925,0.0456,1.5946,1.549,0.82,Commercial RoR (>1 MW),0.0,0.0,0.0,0.0,0.0,0.0,0.0,0.0,0.0,0.0,0.0,0.0,0.0,0.0,0.0,0.0,0.0,Resunga,0,1.0,Pico (<5 kW),0,0,0
10411,4,893.8,893.8,0.0,61.48,62.29,82.5,0.0,83.223056,28.097222,1,0,WECS_NEA_MIP,2.3082,1.6154,0.8928,0.5545,0.4164,0.5078,0.4616,0.5078,0.6925,1.2695,4.0393,7.8479,8.4249,4.8472,2.1928,0.9694,0.6001,0.0462,1.6154,1.5692,0.82,Commercial RoR (>1 MW),0.0,0.0,0.0,0.0,0.0,0.0,0.0,0.0,0.0,0.0,0.0,0.0,0.0,0.0,0.0,0.0,0.0,Isma,0,1.0,Pico (<5 kW),0,0,0
10412,4,893.8,893.8,0.0,62.29,63.56,492.1,0.0,83.225556,28.095833,1,0,WECS_NEA_MIP,2.3543,1.648,0.9112,0.5661,0.4252,0.5179,0.4709,0.5179,0.7063,1.2949,4.12,8.0047,8.5932,4.944,2.2366,0.9888,0.6121,0.0471,1.648,1.6009,0.82,Commercial RoR (>1 MW),0.0,0.0,0.0,0.0,0.0,0.0,0.0,0.0,0.0,0.0,0.0,0.0,0.0,0.0,0.0,0.0,0.0,Isma,0,1.0,Pico (<5 kW),0,0,0
10413,4,893.8,893.8,0.0,63.56,64.04,618.4,0.0,83.229444,28.098333,1,0,WECS_NEA_MIP,2.3717,1.6603,0.9181,0.5705,0.4285,0.5218,0.4743,0.5218,0.7115,1.3045,4.1505,8.0639,8.6568,4.9806,2.2531,0.9961,0.6167,0.0474,1.6603,1.6129,0.82,Commercial RoR (>1 MW),0.0,0.0,0.0,0.0,0.0,0.0,0.0,0.0,0.0,0.0,0.0,0.0,0.0,0.0,0.0,0.0,0.0,Isma,0,1.0,Pico (<5 kW),0,0,0
10414,4,893.8,858.0,35.8,64.04,64.74,587.5,6.1,83.231111,28.103056,1,0,WECS_NEA_MIP,2.3971,1.6783,0.9283,0.5769,0.4334,0.5274,0.4794,0.5274,0.7191,1.3184,4.195,8.1503,8.7495,5.034,2.2773,1.0068,0.6233,0.0479,1.6783,1.6304,0.82,Commercial RoR (>1 MW),32.2,422.31,2515.95,740.83,1775.12,92.41,75.11,92.41,125.18,244.84,313.0,323.43,323.43,313.0,323.43,178.83,110.89,Isma,0,1.0,Mini (100-1000 kW),0,1,1
10415,4,858.0,858.0,0.0,64.74,65.69,556.6,0.0,83.231111,28.107778,1,0,WECS_NEA_MIP,2.4316,1.7027,0.942,0.5857,0.44,0.535,0.4863,0.535,0.7295,1.3374,4.2553,8.2674,8.8753,5.1064,2.31,1.0213,0.6322,0.0486,1.7027,1.6541,0.82,Commercial RoR (>1 MW),0.0,0.0,0.0,0.0,0.0,0.0,0.0,0.0,0.0,0.0,0.0,0.0,0.0,0.0,0.0,0.0,0.0,Isma,0,1.0,Pico (<5 kW),0,0,0
10416,4,858.0,858.0,0.0,65.69,66.01,594.1,0.0,83.231389,28.1125,1,0,WECS_NEA_MIP,2.4432,1.7109,0.9467,0.5886,0.4423,0.5375,0.4886,0.5375,0.733,1.3438,4.2756,8.3069,8.9177,5.1307,2.321,1.0261,0.6352,0.0489,1.7109,1.662,0.82,Commercial RoR (>1 MW),0.0,0.0,0.0,0.0,0.0,0.0,0.0,0.0,0.0,0.0,0.0,0.0,0.0,0.0,0.0,0.0,0.0,Isma,0,1.0,Pico (<5 kW),0,0,0
10417,4,858.0,858.0,0.0,66.01,188.92,341.1,0.0,83.235,28.114444,1,0,WECS_NEA_MIP,6.8469,4.8453,2.738,1.7386,1.3201,1.5063,1.3694,1.5063,2.0541,3.7658,11.9821,23.2795,24.9913,14.3785,6.5046,2.8757,1.7802,0.1369,4.8453,4.7084,0.82,Commercial RoR (>1 MW),0.0,0.0,0.0,0.0,0.0,0.0,0.0,0.0,0.0,0.0,0.0,0.0,0.0,0.0,0.0,0.0,0.0,Isma,0,1.0,Pico (<5 kW),0,0,0
10426,1,893.5,865.1,28.4,0.51,1.61,181.9,15.59,83.284167,27.988611,0,1,WECS_NEA_MIP,0.0642,0.0433,0.0222,0.0128,0.0093,0.0141,0.0128,0.0141,0.0193,0.0353,0.1123,0.2182,0.2343,0.1348,0.061,0.027,0.0167,0.0013,0.0222,0.0209,0.65,Micro/Mini Hydro (<1 MW),25.6,3.41,26.97,11.05,15.92,1.55,1.26,1.55,2.12,2.7,2.61,2.7,2.7,2.61,2.7,2.61,1.87,Gulmidarbar,0,1.0,Pico (<5 kW),0,1,0
10430,5,892.6,885.1,7.5,544.97,546.2,606.8,1.23,83.193056,28.263333,1,0,GAUGE_TRANSFER_DHM,21.4579,13.1567,6.5783,4.2289,2.9759,4.7207,4.2916,4.7207,6.4374,11.8019,37.5514,72.957,78.3214,45.0617,20.385,9.0123,5.5791,0.4292,13.1567,12.7275,0.82,Commercial RoR (>1 MW),6.8,348.1,2190.52,700.16,1490.35,174.65,141.98,174.65,236.63,462.84,518.17,535.44,535.44,518.17,535.44,338.04,209.59,Musikot,1,0.5,Mini (100-1000 kW),0,1,1
10431,5,885.1,880.5,4.6,546.2,547.37,288.6,1.59,83.196111,28.260278,1,0,GAUGE_TRANSFER_DHM,21.497,13.1806,6.5903,4.2366,2.9813,4.7293,4.2994,4.7293,6.4491,11.8233,37.6197,73.0898,78.464,45.1437,20.4221,9.0287,5.5892,0.4299,13.1806,12.7507,0.82,Commercial RoR (>1 MW),4.1,210.26,1323.16,422.93,900.23,105.5,85.76,105.5,142.93,279.57,312.99,323.43,323.43,312.99,323.43,204.19,126.6,Musikot,1,0.5,Mini (100-1000 kW),0,0,0
10445,2,892.0,872.6,19.3,5.01,5.76,558.2,3.46,83.221667,28.1325,0,1,WECS_NEA_MIP,0.2239,0.153,0.0806,0.0477,0.035,0.0492,0.0448,0.0492,0.0672,0.1231,0.3917,0.7611,0.8171,0.4701,0.2127,0.094,0.0582,0.0045,0.0806,0.0761,0.65,Micro/Mini Hydro (<1 MW),17.4,8.44,65.76,26.48,39.28,3.69,3.0,3.69,5.01,6.65,6.44,6.65,6.65,6.44,6.65,6.44,4.43,Isma,0,1.0,Micro (5-100 kW),0,1,1
10446,2,872.6,858.0,14.6,5.76,6.09,610.4,2.4,83.2175,28.129722,0,1,WECS_NEA_MIP,0.2364,0.1617,0.0853,0.0506,0.0371,0.052,0.0473,0.052,0.0709,0.13,0.4137,0.8038,0.8629,0.4965,0.2246,0.0993,0.0615,0.0047,0.0853,0.0806,0.65,Micro/Mini Hydro (<1 MW),13.1,6.73,52.38,21.08,31.29,2.94,2.39,2.94,3.98,5.3,5.13,5.3,5.3,5.13,5.3,5.13,3.53,Isma,0,1.0,Micro (5-100 kW),0,1,1
10447,2,858.0,858.0,0.0,6.09,6.26,491.4,0.0,83.218611,28.127778,0,1,WECS_NEA_MIP,0.2429,0.1661,0.0877,0.052,0.0382,0.0534,0.0486,0.0534,0.0729,0.1336,0.425,0.8258,0.8865,0.51,0.2307,0.102,0.0631,0.0049,0.0877,0.0828,0.65,Micro/Mini Hydro (<1 MW),0.0,0.0,0.0,0.0,0.0,0.0,0.0,0.0,0.0,0.0,0.0,0.0,0.0,0.0,0.0,0.0,0.0,Isma,0,1.0,Pico (<5 kW),0,0,0
10448,4,858.0,858.0,0.0,6.26,117.38,41.2,0.0,83.221111,28.127222,1,0,WECS_NEA_MIP,4.2948,3.0249,1.6931,1.0649,0.8048,0.9449,0.859,0.9449,1.2884,2.3622,7.5159,14.6024,15.6761,9.0191,4.0801,1.8038,1.1167,0.0859,3.0249,2.939,0.82,Commercial RoR (>1 MW),0.0,0.0,0.0,0.0,0.0,0.0,0.0,0.0,0.0,0.0,0.0,0.0,0.0,0.0,0.0,0.0,0.0,Isma,0,1.0,Pico (<5 kW),0,0,0
10467,4,890.0,887.1,2.9,70.87,86.5,355.8,0.8,83.180278,28.124167,1,0,WECS_NEA_MIP,3.1843,2.2359,1.2439,0.7776,0.5858,0.7006,0.6369,0.7006,0.9553,1.7514,5.5726,10.8267,11.6228,6.6871,3.0251,1.3374,0.8279,0.0637,2.2359,2.1722,0.82,Commercial RoR (>1 MW),2.6,45.43,270.35,79.46,190.9,9.91,8.06,9.91,13.43,26.26,33.67,34.79,34.79,33.67,34.79,19.18,11.89,Dhurkot,0,1.0,Micro (5-100 kW),0,0,0
10468,3,889.8,839.8,50.1,27.16,28.49,535.3,9.35,83.562778,28.102222,1,0,WECS_NEA_MIP,1.0724,0.7447,0.4052,0.2477,0.1846,0.2359,0.2145,0.2359,0.3217,0.5898,1.8766,3.646,3.9141,2.252,1.0187,0.4504,0.2788,0.0215,0.7447,0.7233,0.82,Commercial RoR (>1 MW),45.1,262.41,1568.16,464.05,1104.11,57.87,47.05,57.87,78.42,153.39,194.52,201.01,201.01,194.52,201.01,112.03,69.45,Kaligandaki,0,1.0,Mini (100-1000 kW),0,1,1
10481,1,888.4,765.2,123.2,0.51,2.88,432.9,28.46,83.329167,27.948333,0,1,WECS_NEA_MIP,0.1135,0.077,0.04,0.0234,0.017,0.025,0.0227,0.025,0.034,0.0624,0.1986,0.3859,0.4142,0.2383,0.1078,0.0477,0.0295,0.0023,0.04,0.0377,0.65,Micro/Mini Hydro (<1 MW),110.9,26.66,209.31,85.08,124.23,11.94,9.69,11.94,16.14,21.04,20.37,21.04,21.04,20.37,21.04,20.37,14.31,Chatrakot,0,1.0,Micro (5-100 kW),0,1,1
10483,1,888.1,725.5,162.7,0.62,1.64,360.8,45.09,83.306389,27.931667,0,1,WECS_NEA_MIP,0.0654,0.0441,0.0227,0.0131,0.0095,0.0144,0.0131,0.0144,0.0196,0.0359,0.1144,0.2222,0.2386,0.1372,0.0621,0.0274,0.017,0.0013,0.0227,0.0214,0.65,Micro/Mini Hydro (<1 MW),146.4,19.98,157.64,64.57,93.07,9.1,7.4,9.1,12.3,15.77,15.26,15.77,15.77,15.26,15.77,15.26,10.9,Chatrakot,0,1.0,Micro (5-100 kW),0,1,1
10488,4,887.1,882.7,4.5,86.5,87.2,590.5,0.75,83.183056,28.121667,1,0,WECS_NEA_MIP,3.2096,2.2538,1.2541,0.7841,0.5908,0.7061,0.6419,0.7061,0.9629,1.7653,5.6168,10.9126,11.715,6.7401,3.0491,1.348,0.8345,0.0642,2.2538,2.1896,0.82,Commercial RoR (>1 MW),4.0,70.45,419.25,123.21,296.04,15.37,12.49,15.37,20.82,40.72,52.21,53.95,53.95,52.21,53.95,29.74,18.44,Dhurkot,0,1.0,Micro (5-100 kW),0,0,0
10489,4,882.7,878.1,4.5,87.2,88.09,505.4,0.9,83.186667,28.119722,1,0,WECS_NEA_MIP,3.2417,2.2766,1.267,0.7923,0.597,0.7132,0.6483,0.7132,0.9725,1.7829,5.673,11.0217,11.8322,6.8075,3.0796,1.3615,0.8428,0.0648,2.2766,2.2118,0.82,Commercial RoR (>1 MW),4.0,71.17,423.47,124.45,299.03,15.52,12.62,15.52,21.03,41.13,52.74,54.5,54.5,52.74,54.5,30.04,18.62,Isma,0,1.0,Micro (5-100 kW),0,0,0
10490,4,878.1,874.0,4.1,88.09,88.95,550.9,0.74,83.191111,28.121111,1,0,WECS_NEA_MIP,3.2727,2.2986,1.2795,0.8003,0.6031,0.72,0.6545,0.72,0.9818,1.8,5.7272,11.1272,11.9454,6.8727,3.1091,1.3745,0.8509,0.0654,2.2986,2.2332,0.82,Commercial RoR (>1 MW),3.7,66.47,395.49,116.22,279.27,14.5,11.78,14.5,19.64,38.41,49.26,50.9,50.9,49.26,50.9,28.05,17.39,Isma,0,1.0,Micro (5-100 kW),0,0,0
10546,2,883.3,821.8,61.5,9.62,14.76,315.2,19.52,83.314167,28.100833,1,0,WECS_NEA_MIP,0.5629,0.3883,0.2085,0.1258,0.0931,0.1238,0.1126,0.1238,0.1689,0.3096,0.9851,1.9139,2.0547,1.1821,0.5348,0.2364,0.1464,0.0113,0.3883,0.377,0.82,Commercial RoR (>1 MW),55.4,168.01,1006.86,299.21,707.65,37.3,30.34,37.3,50.57,98.91,124.59,128.75,128.75,124.59,128.75,72.23,44.79,Resunga,0,1.0,Mini (100-1000 kW),0,1,1
10547,1,883.3,858.0,25.3,0.76,0.79,523.0,4.83,83.226111,28.119167,0,1,WECS_NEA_MIP,0.0319,0.0214,0.0108,0.0062,0.0044,0.007,0.0064,0.007,0.0096,0.0176,0.0559,0.1086,0.1166,0.0671,0.0303,0.0134,0.0083,0.0006,0.0108,0.0102,0.65,Micro/Mini Hydro (<1 MW),22.8,1.48,11.79,4.89,6.9,0.69,0.57,0.69,0.94,1.17,1.13,1.17,1.17,1.13,1.17,1.13,0.83,Isma,0,1.0,Pico (<5 kW),0,1,0
10548,1,858.0,858.0,0.0,0.79,120.11,109.1,0.0,83.228889,28.119167,1,0,WECS_NEA_MIP,4.3927,3.0945,1.7329,1.0904,0.8242,0.9664,0.8785,0.9664,1.3178,2.416,7.6872,14.9352,16.0333,9.2247,4.1731,1.8449,1.1421,0.0878,3.0945,3.0067,0.82,Commercial RoR (>1 MW),0.0,0.0,0.0,0.0,0.0,0.0,0.0,0.0,0.0,0.0,0.0,0.0,0.0,0.0,0.0,0.0,0.0,Isma,0,1.0,Pico (<5 kW),0,0,0
10552,3,882.9,810.8,72.1,10.26,10.85,550.9,13.09,83.491389,28.004167,1,0,WECS_NEA_MIP,0.4164,0.2863,0.1528,0.0916,0.0676,0.0916,0.0833,0.0916,0.1249,0.229,0.7286,1.4156,1.5197,0.8743,0.3955,0.1749,0.1083,0.0083,0.2863,0.278,0.82,Commercial RoR (>1 MW),64.9,145.14,870.89,259.42,611.47,32.36,26.31,32.36,43.83,85.72,107.62,111.2,111.2,107.62,111.2,62.62,38.84,Satyawati,0,1.0,Mini (100-1000 kW),0,1,1
10553,3,810.8,801.6,9.2,10.85,15.29,68.5,13.4,83.489167,28.005,1,0,WECS_NEA_MIP,0.5827,0.4021,0.2161,0.1305,0.0966,0.1282,0.1165,0.1282,0.1748,0.3205,1.0198,1.9813,2.1269,1.2237,0.5536,0.2447,0.1515,0.0117,0.4021,0.3905,0.82,Commercial RoR (>1 MW),8.3,26.07,156.18,46.4,109.78,5.79,4.7,5.79,7.84,15.34,19.33,19.97,19.97,19.33,19.97,11.2,6.94,Satyawati,0,1.0,Micro (5-100 kW),0,1,1
10554,2,882.9,849.9,33.0,8.26,8.63,547.3,6.02,83.532778,28.064722,0,1,WECS_NEA_MIP,0.3327,0.2283,0.1213,0.0724,0.0533,0.0732,0.0665,0.0732,0.0998,0.183,0.5822,1.1311,1.2143,0.6986,0.3161,0.1397,0.0865,0.0067,0.1213,0.1147,0.65,Micro/Mini Hydro (<1 MW),29.7,21.72,168.27,67.38,100.89,9.37,7.61,9.37,12.69,17.09,16.54,17.09,17.09,16.54,17.09,16.54,11.24,Kaligandaki,0,1.0,Micro (5-100 kW),0,1,1
10555,2,849.9,801.3,48.6,8.63,9.02,592.8,8.2,83.5375,28.063889,0,1,WECS_NEA_MIP,0.3474,0.2385,0.1268,0.0758,0.0558,0.0764,0.0695,0.0764,0.1042,0.1911,0.608,1.1812,1.2681,0.7296,0.33,0.1459,0.0903,0.007,0.1268,0.1198,0.65,Micro/Mini Hydro (<1 MW),43.7,33.38,258.72,103.54,155.18,14.39,11.7,14.39,19.5,26.29,25.44,26.29,26.29,25.44,26.29,25.44,17.27,Kaligandaki,0,1.0,Micro (5-100 kW),0,1,1
10556,2,801.3,766.9,34.4,9.02,10.82,470.5,7.31,83.540556,28.06,1,0,WECS_NEA_MIP,0.4152,0.2856,0.1524,0.0914,0.0674,0.0914,0.083,0.0914,0.1246,0.2284,0.7266,1.4118,1.5156,0.872,0.3945,0.1744,0.108,0.0083,0.2856,0.2773,0.82,Commercial RoR (>1 MW),31.0,69.15,414.91,123.57,291.34,15.42,12.52,15.42,20.88,40.84,51.28,52.99,52.99,51.28,52.99,29.82,18.5,Kaligandaki,0,1.0,Micro (5-100 kW),0,1,1
10562,3,882.5,879.1,3.4,21.42,22.07,341.8,1.0,83.242222,28.008611,1,0,WECS_NEA_MIP,0.835,0.5783,0.3131,0.1904,0.1415,0.1837,0.167,0.1837,0.2505,0.4592,1.4612,2.8389,3.0476,1.7534,0.7932,0.3507,0.2171,0.0167,0.5783,0.5616,0.82,Commercial RoR (>1 MW),3.1,14.0,83.79,24.84,58.95,3.1,2.52,3.1,4.2,8.21,10.38,10.73,10.73,10.38,10.73,6.0,3.72,Resunga,0,1.0,Micro (5-100 kW),0,0,0
10563,3,882.3,873.7,8.6,34.66,35.76,511.7,1.68,83.248611,28.172778,1,0,WECS_NEA_MIP,1.3399,0.9326,0.5097,0.3131,0.2338,0.2948,0.268,0.2948,0.402,0.7369,2.3448,4.5557,4.8906,2.8138,1.2729,0.5628,0.3484,0.0268,0.9326,0.9058,0.82,Commercial RoR (>1 MW),7.7,56.11,335.04,99.02,236.02,12.35,10.04,12.35,16.73,32.72,41.59,42.98,42.98,41.59,42.98,23.9,14.82,Isma,0,1.0,Micro (5-100 kW),0,1,1
10565,4,881.7,850.8,30.9,119.49,120.78,481.8,6.4,83.394444,28.090833,1,0,WECS_NEA_MIP,4.4167,3.1116,1.7427,1.0967,0.829,0.9717,0.8833,0.9717,1.325,2.4292,7.7292,15.0168,16.121,9.2751,4.1959,1.855,1.1483,0.0883,3.1116,3.0233,0.82,Commercial RoR (>1 MW),27.8,676.1,4017.99,1178.4,2839.6,146.98,119.47,146.98,199.12,389.48,501.01,517.71,517.71,501.01,517.71,284.46,176.36,Chandrakot,0,1.0,Mini (100-1000 kW),0,1,1
10581,5,880.5,874.9,5.7,547.37,549.33,315.2,1.8,83.198333,28.258611,1,0,GAUGE_TRANSFER_DHM,21.5624,13.2207,6.6104,4.2495,2.9904,4.7437,4.3125,4.7437,6.4687,11.8593,37.7342,73.3122,78.7028,45.281,20.4843,9.0562,5.6062,0.4313,13.2207,12.7895,0.82,Commercial RoR (>1 MW),5.1,262.35,1650.88,527.68,1123.2,131.63,107.0,131.63,178.33,348.82,390.52,403.53,403.53,390.52,403.53,254.76,157.95,Musikot,1,0.5,Mini (100-1000 kW),0,1,1
10585,1,880.3,786.5,93.8,0.68,1.4,519.3,18.07,83.397222,28.054722,0,1,WECS_NEA_MIP,0.056,0.0377,0.0193,0.0111,0.008,0.0123,0.0112,0.0123,0.0168,0.0308,0.0979,0.1903,0.2043,0.1175,0.0532,0.0235,0.0146,0.0011,0.0193,0.0182,0.65,Micro/Mini Hydro (<1 MW),84.4,9.79,77.46,31.84,45.62,4.48,3.65,4.48,6.08,7.73,7.48,7.73,7.73,7.48,7.73,7.48,5.41,Satyawati,0,1.0,Micro (5-100 kW),0,1,1
10586,1,786.5,704.0,82.5,1.4,1.83,547.3,15.08,83.3925,28.053056,0,1,WECS_NEA_MIP,0.0728,0.0492,0.0253,0.0147,0.0106,0.016,0.0146,0.016,0.0218,0.04,0.1273,0.2474,0.2656,0.1528,0.0691,0.0306,0.0189,0.0015,0.0253,0.0238,0.65,Micro/Mini Hydro (<1 MW),74.2,11.26,88.89,36.32,52.57,5.1,4.17,5.1,6.92,8.91,8.62,8.91,8.91,8.62,8.91,8.62,6.13,Satyawati,0,1.0,Micro (5-100 kW),0,1,1
10587,1,704.0,640.0,64.0,1.83,2.08,597.8,10.7,83.389722,28.049722,0,1,WECS_NEA_MIP,0.0825,0.0558,0.0288,0.0167,0.0121,0.0181,0.0165,0.0181,0.0247,0.0454,0.1444,0.2805,0.3011,0.1732,0.0784,0.0346,0.0214,0.0017,0.0288,0.0272,0.65,Micro/Mini Hydro (<1 MW),57.6,9.99,78.41,31.95,46.46,4.48,3.65,4.48,6.08,7.87,7.62,7.87,7.87,7.62,7.87,7.62,5.38,Satyawati,0,1.0,Micro (5-100 kW),0,1,1
10588,2,640.0,599.0,41.0,2.08,1482.89,92.8,44.16,83.389444,28.046944,1,0,GAUGE_TRANSFER_DHM,50.1512,30.7497,15.3748,9.8838,6.9553,11.0333,10.0302,11.0333,15.0454,27.5832,87.7646,170.5141,183.0519,105.3176,47.6437,21.0635,13.0393,1.003,30.7497,29.7467,0.82,Commercial RoR (>1 MW),36.9,4414.87,27781.75,8880.08,18901.67,2215.11,1800.66,2215.11,3001.12,5870.03,6571.77,6790.83,6790.83,6571.77,6790.83,4287.3,2658.12,Chatrakot,1,0.5,Small/Medium RoR (>1 MW),0,1,1
10598,2,879.6,846.8,32.8,6.73,7.42,550.9,5.95,83.331389,28.059167,0,1,WECS_NEA_MIP,0.2869,0.1966,0.1041,0.062,0.0456,0.0631,0.0574,0.0631,0.0861,0.1578,0.5021,0.9755,1.0472,0.6025,0.2726,0.1205,0.0746,0.0057,0.1041,0.0984,0.65,Micro/Mini Hydro (<1 MW),29.5,18.51,143.71,57.7,86.0,8.03,6.54,8.03,10.89,14.57,14.1,14.57,14.57,14.1,14.57,14.1,9.64,Gulmidarbar,0,1.0,Micro (5-100 kW),0,1,1
10599,2,846.8,801.1,45.6,7.42,7.94,565.6,8.07,83.335556,28.060278,0,1,WECS_NEA_MIP,0.3066,0.2102,0.1115,0.0664,0.0489,0.0675,0.0613,0.0675,0.092,0.1686,0.5365,1.0424,1.1191,0.6439,0.2913,0.1288,0.0797,0.0061,0.1115,0.1054,0.65,Micro/Mini Hydro (<1 MW),41.0,27.56,213.78,85.76,128.03,11.94,9.7,11.94,16.17,21.69,20.99,21.69,21.69,20.99,21.69,20.99,14.32,Gulmidarbar,0,1.0,Micro (5-100 kW),0,1,1
10600,2,801.1,724.1,77.0,7.94,8.98,620.7,12.4,83.339167,28.061944,0,1,WECS_NEA_MIP,0.3459,0.2374,0.1262,0.0754,0.0556,0.0761,0.0692,0.0761,0.1038,0.1902,0.6053,1.1761,1.2625,0.7264,0.3286,0.1453,0.0899,0.0069,0.1262,0.1193,0.65,Micro/Mini Hydro (<1 MW),69.3,52.72,408.54,163.61,244.93,22.75,18.5,22.75,30.83,41.49,40.15,41.49,41.49,40.15,41.49,40.15,27.29,Gulmidarbar,0,1.0,Micro (5-100 kW),0,1,1
10601,2,724.1,649.7,74.4,8.98,9.51,621.4,11.98,83.342222,28.066389,0,1,WECS_NEA_MIP,0.3659,0.2513,0.1338,0.08,0.059,0.0805,0.0732,0.0805,0.1098,0.2012,0.6403,1.2441,1.3355,0.7684,0.3476,0.1537,0.0951,0.0073,0.1338,0.1265,0.65,Micro/Mini Hydro (<1 MW),67.0,54.04,418.48,167.42,251.06,23.27,18.92,23.27,31.53,42.53,41.16,42.53,42.53,41.16,42.53,41.16,27.91,Gulmidarbar,0,1.0,Micro (5-100 kW),0,1,1
10602,2,649.7,638.7,11.0,9.51,1301.69,204.8,5.36,83.345556,28.068056,1,0,GAUGE_TRANSFER_DHM,44.8921,27.5251,13.7626,8.8474,6.2259,9.8763,8.9784,9.8763,13.4676,24.6907,78.5612,152.6333,163.8563,94.2735,42.6475,18.8547,11.672,0.8978,27.5251,26.6273,0.82,Commercial RoR (>1 MW),9.9,1060.27,6672.02,2132.63,4539.39,531.98,432.45,531.98,720.74,1409.74,1578.26,1630.87,1630.87,1578.26,1630.87,1029.63,638.38,Gulmidarbar,1,0.5,Small/Medium RoR (>1 MW),0,1,1
10604,2,879.4,807.9,71.5,5.75,6.06,520.0,13.75,83.312778,28.146111,0,1,WECS_NEA_MIP,0.2353,0.1609,0.0849,0.0503,0.0369,0.0518,0.0471,0.0518,0.0706,0.1294,0.4117,0.7999,0.8587,0.4941,0.2235,0.0988,0.0612,0.0047,0.0849,0.0802,0.65,Micro/Mini Hydro (<1 MW),64.4,32.93,256.29,103.17,153.12,14.39,11.7,14.39,19.48,25.94,25.1,25.94,25.94,25.1,25.94,25.1,17.26,Musikot,0,1.0,Micro (5-100 kW),0,1,1
10605,2,807.9,762.5,45.4,6.06,6.47,564.9,8.03,83.308333,28.146944,0,1,WECS_NEA_MIP,0.2509,0.1716,0.0907,0.0538,0.0395,0.0552,0.0502,0.0552,0.0753,0.138,0.439,0.8529,0.9156,0.5268,0.2383,0.1054,0.0652,0.005,0.0907,0.0857,0.65,Micro/Mini Hydro (<1 MW),40.9,22.35,173.77,69.88,103.89,9.74,7.92,9.74,13.2,17.6,17.03,17.6,17.6,17.03,17.6,17.03,11.68,Musikot,0,1.0,Micro (5-100 kW),0,1,1
10606,2,762.5,710.2,52.4,6.47,6.64,533.3,9.82,83.303611,28.147222,0,1,WECS_NEA_MIP,0.2573,0.1761,0.0931,0.0553,0.0406,0.0566,0.0515,0.0566,0.0772,0.1415,0.4503,0.8749,0.9392,0.5404,0.2445,0.1081,0.0669,0.0052,0.0931,0.088,0.65,Micro/Mini Hydro (<1 MW),47.2,26.49,205.71,82.65,123.07,11.51,9.36,11.51,15.6,20.85,20.17,20.85,20.85,20.17,20.85,20.17,13.82,Musikot,0,1.0,Micro (5-100 kW),0,1,1
10607,2,710.2,696.4,13.7,6.64,947.15,394.6,3.48,83.300556,28.149167,1,0,GAUGE_TRANSFER_DHM,34.2606,21.0065,10.5032,6.7521,4.7515,7.5373,6.8521,7.5373,10.2782,18.8433,59.956,116.486,125.0511,71.9472,32.5476,14.3894,8.9078,0.6852,21.0065,20.3213,0.82,Commercial RoR (>1 MW),12.3,1005.33,6326.32,2022.12,4304.19,504.41,410.04,504.41,683.4,1336.69,1496.49,1546.37,1546.37,1496.49,1546.37,976.28,605.3,Musikot,1,0.5,Small/Medium RoR (>1 MW),0,1,1
10629,1,878.3,792.6,85.7,0.92,1.28,505.4,16.95,83.251389,28.12,0,1,WECS_NEA_MIP,0.0513,0.0345,0.0176,0.0101,0.0073,0.0113,0.0103,0.0113,0.0154,0.0282,0.0897,0.1743,0.1871,0.1077,0.0487,0.0215,0.0133,0.001,0.0176,0.0166,0.65,Micro/Mini Hydro (<1 MW),77.1,8.16,64.64,26.64,38.0,3.77,3.07,3.77,5.1,6.44,6.23,6.44,6.44,6.23,6.44,6.23,4.5,Isma,0,1.0,Micro (5-100 kW),0,1,1
10630,1,792.6,792.6,0.0,1.28,55.98,144.3,0.0,83.253889,28.119444,1,0,WECS_NEA_MIP,2.0788,1.4533,0.8015,0.4967,0.3726,0.4573,0.4158,0.4573,0.6236,1.1433,3.6379,7.068,7.5877,4.3655,1.9749,0.8731,0.5405,0.0416,1.4533,1.4117,0.82,Commercial RoR (>1 MW),0.0,0.0,0.0,0.0,0.0,0.0,0.0,0.0,0.0,0.0,0.0,0.0,0.0,0.0,0.0,0.0,0.0,Isma,0,1.0,Pico (<5 kW),0,0,0
10631,1,877.9,652.0,225.9,0.51,1.03,575.2,39.27,83.458333,27.978611,0,1,WECS_NEA_MIP,0.0414,0.0278,0.0142,0.0081,0.0058,0.0091,0.0083,0.0091,0.0124,0.0228,0.0725,0.1409,0.1512,0.087,0.0394,0.0174,0.0108,0.0008,0.0142,0.0134,0.65,Micro/Mini Hydro (<1 MW),203.3,17.37,137.56,56.71,80.85,8.01,6.53,8.01,10.83,13.7,13.25,13.7,13.7,13.25,13.7,13.25,9.64,Ruru,0,1.0,Micro (5-100 kW),0,1,1
10632,1,652.0,545.2,106.8,1.03,1.2,568.5,18.79,83.4625,27.981667,0,1,WECS_NEA_MIP,0.0481,0.0324,0.0165,0.0095,0.0068,0.0106,0.0096,0.0106,0.0144,0.0265,0.0842,0.1636,0.1756,0.1011,0.0457,0.0202,0.0125,0.001,0.0165,0.0155,0.65,Micro/Mini Hydro (<1 MW),96.1,9.5,75.38,30.97,44.41,4.38,3.54,4.38,5.91,7.52,7.28,7.52,7.52,7.28,7.52,7.28,5.24,Ruru,0,1.0,Micro (5-100 kW),0,1,1
10633,5,545.2,545.2,0.0,1.2,1583.87,27.3,0.0,83.465,27.981944,1,0,GAUGE_TRANSFER_DHM,53.0396,32.5206,16.2603,10.4531,7.3559,11.6687,10.6079,11.6687,15.9119,29.1718,92.8193,180.3347,193.5946,111.3832,50.3876,22.2766,13.7903,1.0608,32.5206,31.4598,0.82,Commercial RoR (>1 MW),0.0,0.0,0.0,0.0,0.0,0.0,0.0,0.0,0.0,0.0,0.0,0.0,0.0,0.0,0.0,0.0,0.0,Ruru,1,0.5,Pico (<5 kW),0,0,0
10636,1,877.7,874.0,3.6,0.52,88.95,415.3,0.87,83.191944,28.120278,1,0,WECS_NEA_MIP,3.2727,2.2986,1.2795,0.8003,0.6031,0.72,0.6545,0.72,0.9818,1.8,5.7272,11.1272,11.9454,6.8727,3.1091,1.3745,0.8509,0.0654,2.2986,2.2332,0.82,Commercial RoR (>1 MW),3.2,57.49,342.04,100.51,241.53,12.54,10.19,12.54,16.98,33.22,42.6,44.02,44.02,42.6,44.02,24.26,15.04,Isma,0,1.0,Micro (5-100 kW),0,0,0
10637,3,877.5,846.4,31.1,17.05,17.45,550.9,5.65,83.347778,28.108333,1,0,WECS_NEA_MIP,0.6633,0.4583,0.247,0.1495,0.1109,0.1459,0.1327,0.1459,0.199,0.3648,1.1608,2.2552,2.421,1.3929,0.6301,0.2786,0.1725,0.0133,0.4583,0.445,0.82,Commercial RoR (>1 MW),28.0,100.23,600.28,178.21,422.07,22.22,18.07,22.22,30.12,58.9,74.32,76.8,76.8,74.32,76.8,43.02,26.68,Musikot,0,1.0,Mini (100-1000 kW),0,1,1
10638,3,846.4,772.5,73.9,17.45,17.93,547.3,13.5,83.343333,28.106667,1,0,WECS_NEA_MIP,0.6812,0.4708,0.2538,0.1538,0.114,0.1499,0.1362,0.1499,0.2043,0.3746,1.192,2.316,2.4862,1.4304,0.6471,0.2861,0.1771,0.0136,0.4708,0.4572,0.82,Commercial RoR (>1 MW),66.5,244.57,1464.51,434.76,1029.75,54.25,44.07,54.25,73.45,143.68,181.33,187.38,187.38,181.33,187.38,104.96,65.07,Musikot,0,1.0,Mini (100-1000 kW),0,1,1
10639,3,772.5,762.2,10.3,17.93,18.59,178.2,5.77,83.340278,28.105556,1,0,WECS_NEA_MIP,0.7057,0.488,0.2633,0.1596,0.1184,0.1553,0.1411,0.1553,0.2117,0.3882,1.235,2.3995,2.5759,1.482,0.6704,0.2964,0.1835,0.0141,0.488,0.4739,0.82,Commercial RoR (>1 MW),9.3,35.45,212.26,63.0,149.26,7.86,6.38,7.86,10.64,20.82,26.29,27.16,27.16,26.29,27.16,15.21,9.43,Musikot,0,1.0,Micro (5-100 kW),0,1,1
10656,1,876.6,812.4,64.3,1.35,1.74,523.0,12.29,83.281111,28.161111,0,1,WECS_NEA_MIP,0.0693,0.0468,0.0241,0.0139,0.0101,0.0152,0.0139,0.0152,0.0208,0.0381,0.1212,0.2355,0.2528,0.1454,0.0658,0.0291,0.018,0.0014,0.0241,0.0227,0.65,Micro/Mini Hydro (<1 MW),57.9,8.38,66.1,27.02,39.08,3.79,3.1,3.79,5.16,6.62,6.41,6.62,6.62,6.41,6.62,6.41,4.56,Musikot,0,1.0,Micro (5-100 kW),0,1,1
10657,1,812.4,729.2,83.1,1.74,1.98,578.8,14.36,83.285556,28.163056,0,1,WECS_NEA_MIP,0.0786,0.0532,0.0274,0.0159,0.0115,0.0173,0.0157,0.0173,0.0236,0.0432,0.1376,0.2673,0.2869,0.1651,0.0747,0.033,0.0204,0.0016,0.0274,0.0258,0.65,Micro/Mini Hydro (<1 MW),74.8,12.31,97.01,39.61,57.4,5.57,4.52,5.57,7.56,9.72,9.41,9.72,9.72,9.41,9.72,9.41,6.67,Musikot,0,1.0,Micro (5-100 kW),0,1,1
10658,1,729.2,700.0,29.2,1.98,933.26,274.0,10.66,83.288611,28.165556,1,0,GAUGE_TRANSFER_DHM,33.833,20.7444,10.3722,6.6678,4.6922,7.4433,6.7666,7.4433,10.1499,18.6082,59.2078,115.0324,123.4906,71.0494,32.1414,14.2099,8.7966,0.6767,20.7444,20.0677,0.82,Commercial RoR (>1 MW),26.3,2122.78,13358.2,4269.76,9088.44,1065.08,865.8,1065.08,1443.0,2822.46,3159.89,3265.22,3265.22,3159.89,3265.22,2061.44,1278.09,Musikot,1,0.5,Small/Medium RoR (>1 MW),0,1,1
10662,3,876.3,861.8,14.6,12.2,12.7,561.2,2.6,83.400556,28.019167,1,0,WECS_NEA_MIP,0.4858,0.3346,0.1792,0.1078,0.0797,0.1069,0.0972,0.1069,0.1457,0.2672,0.8502,1.6518,1.7732,1.0202,0.4615,0.204,0.1263,0.0097,0.3346,0.3249,0.82,Commercial RoR (>1 MW),13.1,34.24,205.3,61.09,144.22,7.62,6.2,7.62,10.32,20.19,25.39,26.23,26.23,25.39,26.23,14.74,9.14,Chatrakot,0,1.0,Micro (5-100 kW),0,1,1
10663,3,861.8,795.0,66.8,12.7,13.47,565.6,11.81,83.405,28.020556,1,0,WECS_NEA_MIP,0.5147,0.3547,0.1901,0.1145,0.0847,0.1132,0.1029,0.1132,0.1544,0.2831,0.9007,1.7499,1.8785,1.0808,0.4889,0.2162,0.1338,0.0103,0.3547,0.3444,0.82,Commercial RoR (>1 MW),60.1,166.5,998.17,296.81,701.35,37.01,30.08,37.01,50.16,98.12,123.47,127.58,127.58,123.47,127.58,71.67,44.42,Chatrakot,0,1.0,Mini (100-1000 kW),0,1,1
10664,3,795.0,742.6,52.4,13.47,14.42,412.3,12.7,83.406111,28.024444,1,0,WECS_NEA_MIP,0.5502,0.3795,0.2037,0.1228,0.0909,0.121,0.11,0.121,0.1651,0.3026,0.9629,1.8707,2.0083,1.1554,0.5227,0.2311,0.1431,0.011,0.3795,0.3685,0.82,Commercial RoR (>1 MW),47.2,139.91,838.49,249.22,589.27,31.07,25.26,31.07,42.13,82.37,103.75,107.2,107.2,103.75,107.2,60.17,37.32,Chatrakot,0,1.0,Mini (100-1000 kW),0,1,1
10680,1,875.0,826.7,48.3,0.56,54.27,270.3,17.87,83.257778,28.123056,1,0,WECS_NEA_MIP,2.0166,1.4094,0.7768,0.4811,0.3608,0.4436,0.4033,0.4436,0.605,1.1091,3.529,6.8563,7.3605,4.2348,1.9157,0.847,0.5243,0.0403,1.4094,1.3691,0.82,Commercial RoR (>1 MW),43.5,479.08,2856.09,841.88,2014.2,105.0,85.36,105.0,142.27,278.25,355.09,366.93,366.93,355.09,366.93,203.24,126.01,Isma,0,1.0,Mini (100-1000 kW),0,1,1
10683,5,874.9,866.0,8.9,549.33,550.96,589.1,1.5,83.201944,28.257222,1,0,GAUGE_TRANSFER_DHM,21.6168,13.2541,6.627,4.2602,2.9979,4.7557,4.3234,4.7557,6.485,11.8892,37.8294,73.497,78.9012,45.3952,20.5359,9.079,5.6204,0.4323,13.2541,12.8218,0.82,Commercial RoR (>1 MW),8.0,412.56,2596.17,829.84,1766.34,207.0,168.27,207.0,280.45,548.55,614.12,634.59,634.59,614.12,634.59,400.64,248.4,Musikot,1,0.5,Mini (100-1000 kW),0,1,1
10688,1,874.0,823.1,50.9,0.74,1.6,586.2,8.69,83.325556,27.954722,0,1,WECS_NEA_MIP,0.0638,0.043,0.0221,0.0128,0.0092,0.014,0.0128,0.014,0.0191,0.0351,0.1116,0.2169,0.2328,0.134,0.0606,0.0268,0.0166,0.0013,0.0221,0.0208,0.65,Micro/Mini Hydro (<1 MW),45.8,6.07,47.99,19.64,28.35,2.76,2.26,2.76,3.74,4.8,4.65,4.8,4.8,4.65,4.8,4.65,3.32,Chatrakot,0,1.0,Micro (5-100 kW),0,1,1
10689,1,823.1,767.4,55.7,1.6,2.03,580.2,9.6,83.328889,27.952222,0,1,WECS_NEA_MIP,0.0806,0.0545,0.0281,0.0163,0.0118,0.0177,0.0161,0.0177,0.0242,0.0443,0.141,0.2739,0.294,0.1692,0.0765,0.0338,0.0209,0.0016,0.0281,0.0265,0.65,Micro/Mini Hydro (<1 MW),50.1,8.47,66.66,27.23,39.43,3.83,3.11,3.83,5.2,6.68,6.46,6.68,6.68,6.46,6.68,6.46,4.59,Chatrakot,0,1.0,Micro (5-100 kW),0,1,1
10690,2,767.4,765.2,2.3,2.03,2.88,41.2,5.46,83.330278,27.95,0,1,WECS_NEA_MIP,0.1135,0.077,0.04,0.0234,0.017,0.025,0.0227,0.025,0.034,0.0624,0.1986,0.3859,0.4142,0.2383,0.1078,0.0477,0.0295,0.0023,0.04,0.0377,0.65,Micro/Mini Hydro (<1 MW),2.1,0.5,3.96,1.61,2.35,0.23,0.18,0.23,0.31,0.4,0.39,0.4,0.4,0.39,0.4,0.39,0.27,Chatrakot,0,1.0,Pico (<5 kW),0,1,0
10691,4,874.0,872.1,2.0,88.95,105.06,274.0,0.71,83.194444,28.121667,1,0,WECS_NEA_MIP,3.8526,2.7104,1.5137,0.95,0.7171,0.8476,0.7705,0.8476,1.1558,2.1189,6.742,13.0988,14.0619,8.0904,3.66,1.6181,1.0017,0.0771,2.7104,2.6334,0.82,Commercial RoR (>1 MW),1.8,38.13,226.72,66.55,160.17,8.3,6.75,8.3,11.25,22.0,28.26,29.2,29.2,28.26,29.2,16.07,9.96,Isma,0,1.0,Micro (5-100 kW),0,0,0
10693,3,873.7,869.0,4.7,35.76,37.82,309.2,1.53,83.249167,28.169722,1,0,WECS_NEA_MIP,1.4155,0.9857,0.5394,0.3317,0.2478,0.3114,0.2831,0.3114,0.4247,0.7785,2.4771,4.8127,5.1666,2.9726,1.3447,0.5945,0.368,0.0283,0.9857,0.9574,0.82,Commercial RoR (>1 MW),4.2,32.35,193.12,57.06,136.06,7.12,5.78,7.12,9.64,18.86,23.98,24.78,24.78,23.98,24.78,13.77,8.54,Isma,0,1.0,Micro (5-100 kW),0,0,0
10705,4,872.1,867.7,4.4,105.06,105.34,561.2,0.78,83.198056,28.123611,1,0,WECS_NEA_MIP,3.8626,2.7175,1.5178,0.9526,0.7191,0.8498,0.7725,0.8498,1.1588,2.1245,6.7596,13.133,14.0987,8.1116,3.6695,1.6223,1.0043,0.0772,2.7175,2.6402,0.82,Commercial RoR (>1 MW),4.0,84.95,505.17,148.29,356.88,18.5,15.03,18.5,25.06,49.01,62.96,65.06,65.06,62.96,65.06,35.8,22.19,Isma,0,1.0,Micro (5-100 kW),0,0,0
10706,4,867.7,863.6,4.2,105.34,106.11,575.2,0.73,83.202778,28.123889,1,0,WECS_NEA_MIP,3.8903,2.7372,1.529,0.9597,0.7246,0.8559,0.7781,0.8559,1.1671,2.1397,6.808,13.2271,14.1996,8.1697,3.6958,1.6339,1.0115,0.0778,2.7372,2.6594,0.82,Commercial RoR (>1 MW),3.8,81.29,483.37,141.88,341.49,17.7,14.39,17.7,23.97,46.89,60.24,62.25,62.25,60.24,62.25,34.25,21.23,Isma,0,1.0,Micro (5-100 kW),0,0,0
10707,4,863.6,860.7,2.8,106.11,107.43,346.1,0.82,83.206389,28.125833,1,0,WECS_NEA_MIP,3.9377,2.7709,1.5482,0.972,0.7339,0.8663,0.7875,0.8663,1.1813,2.1658,6.891,13.3883,14.3727,8.2692,3.7408,1.6538,1.0238,0.0788,2.7709,2.6922,0.82,Commercial RoR (>1 MW),2.5,54.14,321.9,94.47,227.42,11.78,9.58,11.78,15.96,31.23,40.12,41.46,41.46,40.12,41.46,22.81,14.14,Isma,0,1.0,Micro (5-100 kW),0,0,0
10712,2,871.3,835.5,35.8,2.61,2.79,608.1,5.89,83.241389,28.101667,0,1,WECS_NEA_MIP,0.11,0.0746,0.0388,0.0226,0.0165,0.0242,0.022,0.0242,0.033,0.0605,0.1925,0.374,0.4015,0.231,0.1045,0.0462,0.0286,0.0022,0.0388,0.0366,0.65,Micro/Mini Hydro (<1 MW),32.2,7.51,58.96,23.97,34.99,3.36,2.73,3.36,4.55,5.93,5.74,5.93,5.93,5.74,5.93,5.74,4.03,Resunga,0,1.0,Micro (5-100 kW),0,1,1
10713,2,835.5,823.5,12.0,2.79,193.17,113.4,10.59,83.241944,28.104444,1,0,WECS_NEA_MIP,6.9978,4.9532,2.8002,1.7789,1.351,1.5395,1.3996,1.5395,2.0994,3.8488,12.2462,23.7927,25.5421,14.6955,6.6479,2.9391,1.8194,0.14,4.9532,4.8132,0.82,Commercial RoR (>1 MW),10.8,418.16,2480.52,725.3,1755.23,90.46,73.54,90.46,122.56,239.72,309.83,320.16,320.16,309.83,320.16,175.09,108.55,Isma,0,1.0,Mini (100-1000 kW),0,1,1
10725,3,869.0,866.6,2.3,37.82,40.77,164.9,1.42,83.249167,28.168056,1,0,WECS_NEA_MIP,1.5236,1.0618,0.5819,0.3583,0.2679,0.3352,0.3047,0.3352,0.4571,0.838,2.6663,5.1803,5.5612,3.1996,1.4474,0.6399,0.3961,0.0305,1.0618,1.0313,0.82,Commercial RoR (>1 MW),2.1,17.42,103.98,30.7,73.28,3.83,3.11,3.83,5.19,10.15,12.91,13.34,13.34,12.91,13.34,7.41,4.59,Isma,0,1.0,Micro (5-100 kW),0,0,0
10735,3,866.6,859.9,6.8,40.77,41.41,635.4,1.06,83.246389,28.165278,1,0,WECS_NEA_MIP,1.5471,1.0783,0.5911,0.3641,0.2723,0.3404,0.3094,0.3404,0.4641,0.8509,2.7073,5.26,5.6468,3.2488,1.4697,0.6498,0.4022,0.0309,1.0783,1.0474,0.82,Commercial RoR (>1 MW),6.1,51.4,306.74,90.58,216.16,11.3,9.18,11.3,15.31,29.94,38.1,39.37,39.37,38.1,39.37,21.87,13.56,Isma,0,1.0,Micro (5-100 kW),0,1,1
10736,3,859.9,854.6,5.3,41.41,42.72,484.4,1.1,83.246111,28.161111,1,0,WECS_NEA_MIP,1.595,1.1121,0.61,0.376,0.2813,0.3509,0.319,0.3509,0.4785,0.8773,2.7913,5.423,5.8218,3.3495,1.5153,0.6699,0.4147,0.0319,1.1121,1.0802,0.82,Commercial RoR (>1 MW),4.8,41.71,248.89,73.48,175.41,9.16,7.45,9.16,12.42,24.29,30.92,31.95,31.95,30.92,31.95,17.74,11.0,Isma,0,1.0,Micro (5-100 kW),0,1,1
10741,5,866.0,862.7,3.4,550.96,552.22,621.4,0.54,83.205278,28.253056,1,0,GAUGE_TRANSFER_DHM,21.6588,13.2798,6.6399,4.2685,3.0038,4.7649,4.3318,4.7649,6.4976,11.9123,37.9029,73.6399,79.0546,45.4835,20.5758,9.0967,5.6313,0.4332,13.2798,12.8466,0.82,Commercial RoR (>1 MW),3.1,160.18,1007.97,322.18,685.78,80.37,65.33,80.37,108.88,212.97,238.43,246.38,246.38,238.43,246.38,155.55,96.44,Musikot,1,0.5,Mini (100-1000 kW),0,0,0
10742,5,862.7,856.1,6.5,552.22,553.08,589.1,1.11,83.21,28.250278,1,0,GAUGE_TRANSFER_DHM,21.6875,13.2974,6.6487,4.2742,3.0077,4.7712,4.3375,4.7712,6.5062,11.9281,37.953,73.7374,79.1592,45.5437,20.6031,9.1087,5.6387,0.4338,13.2974,12.8636,0.82,Commercial RoR (>1 MW),5.9,305.26,1920.92,613.99,1306.92,153.16,124.5,153.16,207.5,405.87,454.4,469.54,469.54,454.4,469.54,296.44,183.79,Musikot,1,0.5,Mini (100-1000 kW),0,1,1
10756,1,865.1,829.3,35.8,1.61,2.1,587.5,6.1,83.285556,27.985833,0,1,WECS_NEA_MIP,0.0833,0.0563,0.0291,0.0169,0.0123,0.0183,0.0167,0.0183,0.025,0.0458,0.1457,0.2831,0.304,0.1749,0.0791,0.035,0.0217,0.0017,0.0291,0.0274,0.65,Micro/Mini Hydro (<1 MW),32.2,5.63,44.33,18.09,26.24,2.54,2.07,2.54,3.44,4.45,4.3,4.45,4.45,4.3,4.45,4.3,3.06,Gulmidarbar,0,1.0,Micro (5-100 kW),0,1,1
10757,2,829.3,783.6,45.7,2.1,2.55,577.2,7.91,83.285556,27.981111,0,1,WECS_NEA_MIP,0.1007,0.0683,0.0354,0.0206,0.015,0.0222,0.0201,0.0222,0.0302,0.0554,0.1763,0.3425,0.3677,0.2115,0.0957,0.0423,0.0262,0.002,0.0354,0.0334,0.65,Micro/Mini Hydro (<1 MW),41.1,8.75,68.75,28.01,40.75,3.94,3.19,3.94,5.32,6.9,6.68,6.9,6.9,6.68,6.9,6.68,4.72,Gulmidarbar,0,1.0,Micro (5-100 kW),0,1,1
10758,2,783.6,762.4,21.3,2.55,2.79,608.1,3.49,83.287778,27.976389,0,1,WECS_NEA_MIP,0.11,0.0746,0.0388,0.0226,0.0165,0.0242,0.022,0.0242,0.033,0.0605,0.1925,0.374,0.4015,0.231,0.1045,0.0462,0.0286,0.0022,0.0388,0.0366,0.65,Micro/Mini Hydro (<1 MW),19.2,4.48,35.15,14.29,20.86,2.0,1.63,2.0,2.71,3.53,3.42,3.53,3.53,3.42,3.53,3.42,2.4,Gulmidarbar,0,1.0,Pico (<5 kW),0,1,0
10759,2,762.4,760.1,2.3,2.79,3.76,178.2,1.31,83.288889,27.974444,0,1,WECS_NEA_MIP,0.1474,0.1003,0.0524,0.0308,0.0225,0.0324,0.0295,0.0324,0.0442,0.0811,0.2579,0.5011,0.5379,0.3095,0.14,0.0619,0.0383,0.0029,0.0524,0.0495,0.65,Micro/Mini Hydro (<1 MW),2.1,0.66,5.18,2.1,3.08,0.29,0.24,0.29,0.4,0.52,0.51,0.52,0.52,0.51,0.52,0.51,0.35,Gulmidarbar,0,1.0,Pico (<5 kW),0,0,0
10773,2,863.9,803.7,60.3,3.26,3.83,566.9,10.63,83.426944,27.975556,0,1,WECS_NEA_MIP,0.1501,0.1021,0.0534,0.0314,0.0229,0.033,0.03,0.033,0.045,0.0825,0.2626,0.5102,0.5477,0.3151,0.1426,0.063,0.039,0.003,0.0534,0.0504,0.65,Micro/Mini Hydro (<1 MW),54.3,17.45,136.44,55.24,81.21,7.73,6.28,7.73,10.47,13.76,13.31,13.76,13.76,13.31,13.76,13.31,9.27,Ruru,0,1.0,Micro (5-100 kW),0,1,1
10774,2,803.7,756.6,47.1,3.83,7.56,525.7,8.95,83.426111,27.971111,0,1,WECS_NEA_MIP,0.2922,0.2002,0.1061,0.0632,0.0464,0.0643,0.0584,0.0643,0.0877,0.1607,0.5114,0.9935,1.0666,0.6136,0.2776,0.1227,0.076,0.0058,0.1061,0.1003,0.65,Micro/Mini Hydro (<1 MW),42.4,27.12,210.48,84.5,125.99,11.77,9.56,11.77,15.94,21.34,20.65,21.34,21.34,20.65,21.34,20.65,14.12,Ruru,0,1.0,Micro (5-100 kW),0,1,1
10775,1,863.9,765.6,98.3,0.66,32.24,318.2,30.89,83.565,28.09,1,0,WECS_NEA_MIP,1.2105,0.8416,0.4591,0.2814,0.2099,0.2663,0.2421,0.2663,0.3632,0.6658,2.1184,4.1158,4.4184,2.5421,1.15,0.5084,0.3147,0.0242,0.8416,0.8174,0.82,Commercial RoR (>1 MW),88.5,581.92,3476.42,1028.17,2448.25,128.23,104.24,128.23,173.76,339.83,431.38,445.76,445.76,431.38,445.76,248.19,153.87,Kaligandaki,0,1.0,Mini (100-1000 kW),0,1,1
10802,5,862.6,857.6,5.0,231.6,232.5,190.9,2.61,83.328333,28.189167,1,0,GAUGE_TRANSFER_DHM,10.3824,6.3659,3.1829,2.0462,1.4399,2.2841,2.0765,2.2841,3.1147,5.7103,18.1692,35.3002,37.8958,21.8031,9.8633,4.3606,2.6994,0.2077,6.3659,6.1582,0.82,Commercial RoR (>1 MW),4.5,111.46,701.39,224.19,477.2,55.92,45.46,55.92,75.77,148.2,165.92,171.45,171.45,165.92,171.45,108.24,67.11,Musikot,1,0.5,Mini (100-1000 kW),0,1,1
10803,1,862.5,805.6,56.9,0.5,1.08,477.5,11.93,83.318611,27.978333,0,1,WECS_NEA_MIP,0.0434,0.0292,0.0149,0.0085,0.0061,0.0095,0.0087,0.0095,0.013,0.0239,0.076,0.1476,0.1584,0.0911,0.0412,0.0182,0.0113,0.0009,0.0149,0.014,0.65,Micro/Mini Hydro (<1 MW),51.2,4.57,36.24,14.88,21.36,2.09,1.71,2.09,2.84,3.62,3.5,3.62,3.62,3.5,3.62,3.5,2.53,Chatrakot,0,1.0,Pico (<5 kW),0,1,0
10804,1,805.6,761.4,44.2,1.08,1.19,477.5,9.26,83.313889,27.977778,0,1,WECS_NEA_MIP,0.0477,0.0321,0.0164,0.0094,0.0068,0.0105,0.0095,0.0105,0.0143,0.0263,0.0835,0.1623,0.1742,0.1002,0.0453,0.02,0.0124,0.0009,0.0164,0.0155,0.65,Micro/Mini Hydro (<1 MW),39.8,3.93,31.09,12.81,18.28,1.81,1.47,1.81,2.45,3.1,3.0,3.1,3.1,3.0,3.1,3.0,2.17,Chatrakot,0,1.0,Pico (<5 kW),0,1,0
10805,1,761.4,750.8,10.5,1.19,32.63,260.7,4.04,83.310833,27.977222,1,0,WECS_NEA_MIP,1.2249,0.8517,0.4647,0.2849,0.2125,0.2695,0.245,0.2695,0.3675,0.6737,2.1435,4.1645,4.4708,2.5722,1.1636,0.5144,0.3185,0.0245,0.8517,0.8272,0.82,Commercial RoR (>1 MW),9.5,63.21,377.64,111.68,265.95,13.93,11.32,13.93,18.87,36.91,46.86,48.42,48.42,46.86,48.42,26.96,16.72,Gulmidarbar,0,1.0,Micro (5-100 kW),0,1,1
10806,2,862.0,748.4,113.6,2.89,3.14,554.6,20.48,83.553889,27.982222,0,1,WECS_NEA_MIP,0.1235,0.0839,0.0437,0.0256,0.0186,0.0272,0.0247,0.0272,0.0371,0.0679,0.2162,0.42,0.4508,0.2594,0.1173,0.0519,0.0321,0.0025,0.0437,0.0412,0.65,Micro/Mini Hydro (<1 MW),102.2,26.85,210.52,85.45,125.08,11.98,9.72,11.98,16.23,21.19,20.5,21.19,21.19,20.5,21.19,20.5,14.35,Kaligandaki,0,1.0,Micro (5-100 kW),0,1,1
10807,2,748.4,689.0,59.4,3.14,5.6,464.8,12.79,83.558333,27.981389,0,1,WECS_NEA_MIP,0.2178,0.1488,0.0784,0.0464,0.034,0.0479,0.0436,0.0479,0.0653,0.1198,0.3811,0.7404,0.7948,0.4573,0.2069,0.0915,0.0566,0.0044,0.0784,0.074,0.65,Micro/Mini Hydro (<1 MW),53.5,25.24,196.64,79.17,117.47,11.04,8.99,11.04,14.96,19.9,19.26,19.9,19.9,19.26,19.9,19.26,13.25,Kaligandaki,0,1.0,Micro (5-100 kW),0,1,1
10818,1,860.8,827.2,33.6,0.5,1.63,164.2,20.45,83.301944,27.997222,0,1,WECS_NEA_MIP,0.065,0.0438,0.0225,0.013,0.0094,0.0143,0.013,0.0143,0.0195,0.0357,0.1137,0.2209,0.2371,0.1364,0.0617,0.0273,0.0169,0.0013,0.0225,0.0212,0.65,Micro/Mini Hydro (<1 MW),30.2,4.08,32.25,13.22,19.03,1.86,1.51,1.86,2.52,3.22,3.12,3.22,3.22,3.12,3.22,3.12,2.24,Gulmidarbar,0,1.0,Pico (<5 kW),0,1,0
10819,4,860.7,860.4,0.3,107.43,109.69,109.7,0.3,83.208056,28.1275,1,0,WECS_NEA_MIP,4.0189,2.8286,1.5811,0.9931,0.75,0.8842,0.8038,0.8842,1.2057,2.2104,7.0331,13.6643,14.669,8.4397,3.818,1.6879,1.0449,0.0804,2.8286,2.7482,0.82,Commercial RoR (>1 MW),0.3,6.63,39.43,11.57,27.86,1.44,1.17,1.44,1.96,3.82,4.91,5.08,5.08,4.91,5.08,2.79,1.73,Isma,0,1.0,Micro (5-100 kW),0,0,0
10823,4,860.4,858.0,2.4,109.69,109.9,550.9,0.43,83.210556,28.126667,1,0,WECS_NEA_MIP,4.0264,2.834,1.5842,0.9951,0.7515,0.8858,0.8053,0.8858,1.2079,2.2145,7.0463,13.6899,14.6965,8.4555,3.8251,1.6911,1.0469,0.0805,2.834,2.7535,0.82,Commercial RoR (>1 MW),2.2,48.73,289.7,85.01,204.69,10.6,8.62,10.6,14.37,28.1,36.11,37.31,37.31,36.11,37.31,20.52,12.72,Isma,0,1.0,Micro (5-100 kW),0,0,0
10824,4,858.0,858.0,0.0,109.9,110.7,190.9,0.0,83.213889,28.126389,1,0,WECS_NEA_MIP,4.0552,2.8544,1.5958,1.0025,0.7572,0.8921,0.811,0.8921,1.2165,2.2303,7.0965,13.7875,14.8013,8.5158,3.8524,1.7032,1.0543,0.0811,2.8544,2.7733,0.82,Commercial RoR (>1 MW),0.0,0.0,0.0,0.0,0.0,0.0,0.0,0.0,0.0,0.0,0.0,0.0,0.0,0.0,0.0,0.0,0.0,Isma,0,1.0,Pico (<5 kW),0,0,0
10848,1,858.0,858.0,0.0,0.7,110.7,232.1,0.0,83.213611,28.126111,1,0,WECS_NEA_MIP,4.0552,2.8544,1.5958,1.0025,0.7572,0.8921,0.811,0.8921,1.2165,2.2303,7.0965,13.7875,14.8013,8.5158,3.8524,1.7032,1.0543,0.0811,2.8544,2.7733,0.82,Commercial RoR (>1 MW),0.0,0.0,0.0,0.0,0.0,0.0,0.0,0.0,0.0,0.0,0.0,0.0,0.0,0.0,0.0,0.0,0.0,Isma,0,1.0,Pico (<5 kW),0,0,0
10849,4,858.0,858.0,0.0,110.7,111.1,505.4,0.0,83.217222,28.126944,1,0,WECS_NEA_MIP,4.0695,2.8646,1.6017,1.0063,0.76,0.8953,0.8139,0.8953,1.2209,2.2382,7.1217,13.8364,14.8537,8.546,3.866,1.7092,1.0581,0.0814,2.8646,2.7832,0.82,Commercial RoR (>1 MW),0.0,0.0,0.0,0.0,0.0,0.0,0.0,0.0,0.0,0.0,0.0,0.0,0.0,0.0,0.0,0.0,0.0,Isma,0,1.0,Pico (<5 kW),0,0,0
10850,4,858.0,858.0,0.0,111.1,117.38,163.6,0.0,83.220278,28.127222,1,0,WECS_NEA_MIP,4.2948,3.0249,1.6931,1.0649,0.8048,0.9449,0.859,0.9449,1.2884,2.3622,7.5159,14.6024,15.6761,9.0191,4.0801,1.8038,1.1167,0.0859,3.0249,2.939,0.82,Commercial RoR (>1 MW),0.0,0.0,0.0,0.0,0.0,0.0,0.0,0.0,0.0,0.0,0.0,0.0,0.0,0.0,0.0,0.0,0.0,Isma,0,1.0,Pico (<5 kW),0,0,0
10851,4,858.0,858.0,0.0,117.38,118.36,288.6,0.0,83.222222,28.126111,1,0,WECS_NEA_MIP,4.33,3.0499,1.7074,1.0741,0.8117,0.9526,0.866,0.9526,1.299,2.3815,7.5774,14.7219,15.8044,9.0929,4.1135,1.8186,1.1258,0.0866,3.0499,2.9633,0.82,Commercial RoR (>1 MW),0.0,0.0,0.0,0.0,0.0,0.0,0.0,0.0,0.0,0.0,0.0,0.0,0.0,0.0,0.0,0.0,0.0,Isma,0,1.0,Pico (<5 kW),0,0,0
10852,4,858.0,858.0,0.0,118.36,118.93,686.9,0.0,83.225556,28.122778,1,0,WECS_NEA_MIP,4.3504,3.0644,1.7157,1.0794,0.8158,0.9571,0.8701,0.9571,1.3051,2.3927,7.6132,14.7913,15.8789,9.1358,4.1329,1.8272,1.1311,0.087,3.0644,2.9774,0.82,Commercial RoR (>1 MW),0.0,0.0,0.0,0.0,0.0,0.0,0.0,0.0,0.0,0.0,0.0,0.0,0.0,0.0,0.0,0.0,0.0,Isma,0,1.0,Pico (<5 kW),0,0,0
10853,4,858.0,858.0,0.0,118.93,120.11,247.4,0.0,83.228611,28.12,1,0,WECS_NEA_MIP,4.3927,3.0945,1.7329,1.0904,0.8242,0.9664,0.8785,0.9664,1.3178,2.416,7.6872,14.9352,16.0333,9.2247,4.1731,1.8449,1.1421,0.0878,3.0945,3.0067,0.82,Commercial RoR (>1 MW),0.0,0.0,0.0,0.0,0.0,0.0,0.0,0.0,0.0,0.0,0.0,0.0,0.0,0.0,0.0,0.0,0.0,Isma,0,1.0,Pico (<5 kW),0,0,0
10854,4,858.0,858.0,0.0,120.11,120.99,631.0,0.0,83.231944,28.116944,1,0,WECS_NEA_MIP,4.4242,3.117,1.7457,1.0987,0.8305,0.9733,0.8848,0.9733,1.3273,2.4333,7.7424,15.0424,16.1484,9.2909,4.203,1.8582,1.1503,0.0885,3.117,3.0285,0.82,Commercial RoR (>1 MW),0.0,0.0,0.0,0.0,0.0,0.0,0.0,0.0,0.0,0.0,0.0,0.0,0.0,0.0,0.0,0.0,0.0,Isma,0,1.0,Pico (<5 kW),0,0,0
10855,4,858.0,858.0,0.0,120.99,122.69,177.5,0.0,83.235,28.115556,1,0,WECS_NEA_MIP,4.4851,3.1603,1.7705,1.1146,0.8426,0.9867,0.897,0.9867,1.3455,2.4668,7.849,15.2495,16.3708,9.4188,4.2609,1.8838,1.1661,0.0897,3.1603,3.0706,0.82,Commercial RoR (>1 MW),0.0,0.0,0.0,0.0,0.0,0.0,0.0,0.0,0.0,0.0,0.0,0.0,0.0,0.0,0.0,0.0,0.0,Isma,0,1.0,Pico (<5 kW),0,0,0
10856,4,858.0,858.0,0.0,122.69,188.92,123.7,0.0,83.236389,28.115,1,0,WECS_NEA_MIP,6.8469,4.8453,2.738,1.7386,1.3201,1.5063,1.3694,1.5063,2.0541,3.7658,11.9821,23.2795,24.9913,14.3785,6.5046,2.8757,1.7802,0.1369,4.8453,4.7084,0.82,Commercial RoR (>1 MW),0.0,0.0,0.0,0.0,0.0,0.0,0.0,0.0,0.0,0.0,0.0,0.0,0.0,0.0,0.0,0.0,0.0,Resunga,0,1.0,Pico (<5 kW),0,0,0
10857,4,858.0,845.1,12.9,188.92,189.41,583.8,2.21,83.236944,28.1125,1,0,WECS_NEA_MIP,6.8643,4.8578,2.7452,1.7432,1.3237,1.5102,1.3729,1.5102,2.0593,3.7754,12.0126,23.3387,25.0548,14.4151,6.5211,2.883,1.7847,0.1373,4.8578,4.7205,0.82,Commercial RoR (>1 MW),11.6,440.48,2613.15,764.18,1848.97,95.31,77.48,95.31,129.13,252.57,326.37,337.25,337.25,326.37,337.25,184.47,114.37,Resunga,0,1.0,Mini (100-1000 kW),0,1,1
10858,4,845.1,828.4,16.7,189.41,189.89,556.6,3.0,83.238889,28.107778,1,0,WECS_NEA_MIP,6.8814,4.87,2.7522,1.7478,1.3272,1.5139,1.3763,1.5139,2.0644,3.7848,12.0424,23.3967,25.117,14.4509,6.5373,2.8902,1.7892,0.1376,4.87,4.7324,0.82,Commercial RoR (>1 MW),15.0,571.03,3387.55,990.64,2396.91,123.55,100.44,123.55,167.4,327.42,423.09,437.2,437.2,423.09,437.2,239.14,148.27,Resunga,0,1.0,Mini (100-1000 kW),0,1,1
10859,4,828.4,823.5,4.9,189.89,193.17,369.7,1.31,83.240556,28.104444,1,0,WECS_NEA_MIP,6.9978,4.9532,2.8002,1.7789,1.351,1.5395,1.3996,1.5395,2.0994,3.8488,12.2462,23.7927,25.5421,14.6955,6.6479,2.9391,1.8194,0.14,4.9532,4.8132,0.82,Commercial RoR (>1 MW),4.4,170.36,1010.58,295.49,715.09,36.85,29.96,36.85,49.93,97.67,126.23,130.44,130.44,126.23,130.44,71.33,44.22,Resunga,0,1.0,Mini (100-1000 kW),0,0,0
10863,5,857.6,854.4,3.1,232.5,233.1,123.0,2.55,83.326944,28.189444,1,0,GAUGE_TRANSFER_DHM,10.4052,6.3798,3.1899,2.0507,1.4431,2.2891,2.081,2.2891,3.1216,5.7229,18.2091,35.3776,37.9789,21.8509,9.8849,4.3702,2.7053,0.2081,6.3798,6.1717,0.82,Commercial RoR (>1 MW),2.8,69.5,437.38,139.8,297.57,34.87,28.35,34.87,47.25,92.42,103.46,106.91,106.91,103.46,106.91,67.5,41.85,Musikot,1,0.5,Micro (5-100 kW),0,1,1
10871,2,857.1,791.6,65.4,2.89,14.68,422.6,15.48,83.338333,28.037778,1,0,WECS_NEA_MIP,0.5599,0.3863,0.2074,0.1251,0.0926,0.1232,0.112,0.1232,0.168,0.308,0.9799,1.9038,2.0437,1.1759,0.5319,0.2352,0.1456,0.0112,0.3863,0.3751,0.82,Commercial RoR (>1 MW),58.9,177.72,1065.05,316.55,748.5,39.48,32.09,39.48,53.49,104.62,131.78,136.17,136.17,131.78,136.17,76.42,47.38,Gulmidarbar,0,1.0,Mini (100-1000 kW),0,1,1
10873,3,856.6,825.2,31.4,31.55,32.31,564.9,5.56,83.525,28.079444,1,0,WECS_NEA_MIP,1.2131,0.8434,0.4601,0.282,0.2104,0.2669,0.2426,0.2669,0.3639,0.6672,2.1229,4.1245,4.4278,2.5475,1.1524,0.5095,0.3154,0.0243,0.8434,0.8191,0.82,Commercial RoR (>1 MW),28.3,186.47,1113.99,329.43,784.56,41.09,33.4,41.09,55.66,108.89,138.24,142.85,142.85,138.24,142.85,79.53,49.3,Kaligandaki,0,1.0,Mini (100-1000 kW),0,1,1
10874,3,825.2,804.1,21.1,32.31,33.12,523.0,4.04,83.529444,28.078056,1,0,WECS_NEA_MIP,1.2429,0.8644,0.4717,0.2893,0.2159,0.2734,0.2486,0.2734,0.3729,0.6836,2.1751,4.2258,4.5365,2.6101,1.1807,0.522,0.3232,0.0249,0.8644,0.8395,0.82,Commercial RoR (>1 MW),19.0,128.31,766.44,226.61,539.83,28.26,22.98,28.26,38.3,74.9,95.12,98.29,98.29,95.12,98.29,54.7,33.92,Kaligandaki,0,1.0,Mini (100-1000 kW),0,1,1
10875,3,804.1,782.9,21.2,33.12,40.04,458.2,4.63,83.533056,28.075556,1,0,WECS_NEA_MIP,1.4969,1.043,0.5714,0.3517,0.263,0.3293,0.2994,0.3293,0.4491,0.8233,2.6195,5.0894,5.4636,3.1435,1.422,0.6287,0.3892,0.0299,1.043,1.0131,0.82,Commercial RoR (>1 MW),19.1,155.66,929.1,274.42,654.68,34.22,27.83,34.22,46.37,90.69,115.38,119.23,119.23,115.38,119.23,66.24,41.07,Kaligandaki,0,1.0,Mini (100-1000 kW),0,1,1
10876,1,856.6,822.2,34.4,0.5,24.19,164.2,20.95,83.270556,27.996944,1,0,WECS_NEA_MIP,0.9135,0.6333,0.3435,0.2093,0.1557,0.201,0.1827,0.201,0.274,0.5024,1.5986,3.1059,3.3343,1.9183,0.8678,0.3837,0.2375,0.0183,0.6333,0.615,0.82,Commercial RoR (>1 MW),31.0,153.36,917.25,271.74,645.51,33.9,27.55,33.9,45.91,89.82,113.71,117.5,117.5,113.71,117.5,65.61,40.67,Resunga,0,1.0,Mini (100-1000 kW),0,1,1
10882,5,856.1,841.1,15.0,554.31,554.82,587.5,2.55,83.215556,28.246389,1,0,GAUGE_TRANSFER_DHM,21.7454,13.333,6.6665,4.2856,3.0158,4.784,4.3491,4.784,6.5236,11.96,38.0545,73.9345,79.3708,45.6654,20.6582,9.1331,5.6538,0.4349,13.333,12.8981,0.82,Commercial RoR (>1 MW),13.5,700.35,4407.11,1408.67,2998.43,351.39,285.65,351.39,476.07,931.18,1042.5,1077.25,1077.25,1042.5,1077.25,680.11,421.67,Musikot,1,0.5,Mini (100-1000 kW),0,1,1
10883,5,841.1,832.1,9.1,554.82,556.06,596.5,1.52,83.218056,28.242778,1,0,GAUGE_TRANSFER_DHM,21.7867,13.3583,6.6791,4.2937,3.0215,4.7931,4.3573,4.7931,6.536,11.9827,38.1268,74.0749,79.5216,45.7522,20.6974,9.1504,5.6646,0.4357,13.3583,12.9226,0.82,Commercial RoR (>1 MW),8.2,426.2,2681.99,857.27,1824.73,213.84,173.83,213.84,289.72,566.68,634.43,655.57,655.57,634.43,655.57,413.89,256.61,Musikot,1,0.5,Mini (100-1000 kW),0,1,1
10884,5,832.1,832.0,0.0,556.06,563.59,123.7,0.0,83.220556,28.240556,1,0,GAUGE_TRANSFER_DHM,22.0373,13.5119,6.7559,4.3431,3.0563,4.8482,4.4075,4.8482,6.6112,12.1205,38.5652,74.9267,80.436,46.2783,20.9354,9.2557,5.7297,0.4407,13.5119,13.0712,0.82,Commercial RoR (>1 MW),0.0,0.0,0.0,0.0,0.0,0.0,0.0,0.0,0.0,0.0,0.0,0.0,0.0,0.0,0.0,0.0,0.0,Musikot,1,0.5,Pico (<5 kW),0,0,0
10887,1,855.5,783.7,71.8,0.51,263.05,583.2,12.31,83.265833,28.118056,1,0,GAUGE_TRANSFER_DHM,11.5311,7.0702,3.5351,2.2726,1.5992,2.5368,2.3062,2.5368,3.4593,6.3421,20.1795,39.2058,42.0886,24.2153,10.9546,4.8431,2.9981,0.2306,7.0702,6.8396,0.82,Commercial RoR (>1 MW),64.6,1777.12,11182.94,3574.47,7608.48,891.63,724.82,891.63,1208.02,2362.85,2645.33,2733.51,2733.51,2645.33,2733.51,1725.78,1069.98,Musikot,1,0.5,Small/Medium RoR (>1 MW),0,1,1
10892,1,855.4,780.8,74.6,0.5,0.71,533.3,13.99,83.314444,28.136667,0,1,WECS_NEA_MIP,0.0288,0.0193,0.0097,0.0055,0.004,0.0063,0.0058,0.0063,0.0086,0.0158,0.0504,0.0978,0.105,0.0604,0.0273,0.0121,0.0075,0.0006,0.0097,0.0091,0.65,Micro/Mini Hydro (<1 MW),67.1,3.89,31.1,12.87,18.23,1.81,1.5,1.81,2.46,3.09,2.99,3.09,3.09,2.99,3.09,2.99,2.2,Musikot,0,1.0,Pico (<5 kW),0,1,0
10893,1,780.8,680.8,100.0,0.71,0.89,534.0,18.73,83.309722,28.136667,0,1,WECS_NEA_MIP,0.0359,0.0241,0.0122,0.007,0.005,0.0079,0.0072,0.0079,0.0108,0.0197,0.0628,0.1221,0.1311,0.0754,0.0341,0.0151,0.0093,0.0007,0.0122,0.0115,0.65,Micro/Mini Hydro (<1 MW),90.0,6.6,52.46,21.71,30.75,3.07,2.51,3.07,4.17,5.21,5.04,5.21,5.21,5.04,5.21,5.04,3.67,Musikot,0,1.0,Micro (5-100 kW),0,1,1
10894,5,680.8,680.8,0.0,0.89,951.34,41.2,0.0,83.308333,28.135278,1,0,GAUGE_TRANSFER_DHM,34.3894,21.0855,10.5427,6.7775,4.7693,7.5657,6.8779,7.5657,10.3168,18.9142,60.1814,116.9239,125.5212,72.2177,32.6699,14.4435,8.9412,0.6878,21.0855,20.3977,0.82,Commercial RoR (>1 MW),0.0,0.0,0.0,0.0,0.0,0.0,0.0,0.0,0.0,0.0,0.0,0.0,0.0,0.0,0.0,0.0,0.0,Musikot,1,0.5,Pico (<5 kW),0,0,0
10899,3,854.6,850.0,4.6,42.72,42.98,577.2,0.8,83.246944,28.156667,1,0,WECS_NEA_MIP,1.6045,1.1188,0.6138,0.3783,0.2831,0.353,0.3209,0.353,0.4814,0.8825,2.8079,5.4554,5.8565,3.3695,1.5243,0.6739,0.4172,0.0321,1.1188,1.0867,0.82,Commercial RoR (>1 MW),4.1,35.84,213.87,63.14,150.74,7.87,6.4,7.87,10.67,20.87,26.57,27.45,27.45,26.57,27.45,15.24,9.45,Isma,0,1.0,Micro (5-100 kW),0,0,0
10900,3,850.0,850.0,0.0,42.98,44.4,371.1,0.0,83.246944,28.152778,1,0,WECS_NEA_MIP,1.6565,1.1554,0.6342,0.3912,0.2928,0.3644,0.3313,0.3644,0.4969,0.911,2.8988,5.6319,6.046,3.4785,1.5736,0.6957,0.4307,0.0331,1.1554,1.1223,0.82,Commercial RoR (>1 MW),0.0,0.0,0.0,0.0,0.0,0.0,0.0,0.0,0.0,0.0,0.0,0.0,0.0,0.0,0.0,0.0,0.0,Isma,0,1.0,Pico (<5 kW),0,0,0
10927,1,852.2,751.5,100.7,0.66,1.35,594.1,16.96,83.444167,28.033333,0,1,WECS_NEA_MIP,0.054,0.0364,0.0186,0.0107,0.0077,0.0119,0.0108,0.0119,0.0162,0.0297,0.0945,0.1836,0.1971,0.1134,0.0513,0.0227,0.014,0.0011,0.0186,0.0175,0.65,Micro/Mini Hydro (<1 MW),90.6,10.11,80.06,32.87,47.19,4.64,3.77,4.64,6.28,7.99,7.74,7.99,7.99,7.74,7.99,7.74,5.54,Satyawati,0,1.0,Micro (5-100 kW),0,1,1
10928,1,751.5,692.3,59.2,1.35,11.6,494.7,11.96,83.446111,28.029444,1,0,WECS_NEA_MIP,0.4445,0.3059,0.1635,0.0982,0.0725,0.0978,0.0889,0.0978,0.1334,0.2445,0.7779,1.5114,1.6226,0.9335,0.4223,0.1867,0.1156,0.0089,0.3059,0.297,0.82,Commercial RoR (>1 MW),53.3,127.34,763.89,227.39,536.49,28.36,23.05,28.36,38.43,75.16,94.43,97.58,97.58,94.43,97.58,54.89,34.04,Satyawati,0,1.0,Mini (100-1000 kW),0,1,1
10940,4,850.8,825.9,24.9,120.78,122.33,589.8,4.22,83.390833,28.088333,1,0,WECS_NEA_MIP,4.4722,3.1511,1.7652,1.1112,0.8401,0.9839,0.8944,0.9839,1.3417,2.4597,7.8264,15.2056,16.3237,9.3917,4.2486,1.8783,1.1628,0.0894,3.1511,3.0617,0.82,Commercial RoR (>1 MW),22.4,551.69,3278.48,961.45,2317.04,119.92,97.48,119.92,162.47,317.77,408.81,422.44,422.44,408.81,422.44,232.09,143.9,Chandrakot,0,1.0,Mini (100-1000 kW),0,1,1
10948,3,850.0,850.0,0.0,44.4,45.49,402.0,0.0,83.249167,28.149722,1,0,WECS_NEA_MIP,1.6963,1.1834,0.65,0.4011,0.3003,0.3732,0.3393,0.3732,0.5089,0.933,2.9685,5.7674,6.1915,3.5622,1.6115,0.7124,0.441,0.0339,1.1834,1.1495,0.82,Commercial RoR (>1 MW),0.0,0.0,0.0,0.0,0.0,0.0,0.0,0.0,0.0,0.0,0.0,0.0,0.0,0.0,0.0,0.0,0.0,Isma,0,1.0,Pico (<5 kW),0,0,0
10949,3,850.0,850.0,0.0,45.49,46.38,618.4,0.0,83.250278,28.145833,1,0,WECS_NEA_MIP,1.7288,1.2064,0.6628,0.4092,0.3064,0.3803,0.3458,0.3803,0.5186,0.9508,3.0254,5.878,6.3102,3.6305,1.6424,0.7261,0.4495,0.0346,1.2064,1.1718,0.82,Commercial RoR (>1 MW),0.0,0.0,0.0,0.0,0.0,0.0,0.0,0.0,0.0,0.0,0.0,0.0,0.0,0.0,0.0,0.0,0.0,Isma,0,1.0,Pico (<5 kW),0,0,0
10950,3,850.0,850.0,0.0,46.38,48.28,41.2,0.0,83.252222,28.143333,1,0,WECS_NEA_MIP,1.7982,1.2553,0.6902,0.4265,0.3195,0.3956,0.3596,0.3956,0.5395,0.989,3.1468,6.1138,6.5634,3.7762,1.7083,0.7552,0.4675,0.036,1.2553,1.2193,0.82,Commercial RoR (>1 MW),0.0,0.0,0.0,0.0,0.0,0.0,0.0,0.0,0.0,0.0,0.0,0.0,0.0,0.0,0.0,0.0,0.0,Isma,0,1.0,Pico (<5 kW),0,0,0
10951,3,850.0,839.8,10.1,48.28,49.13,618.4,1.64,83.253889,28.140833,1,0,WECS_NEA_MIP,1.8292,1.2772,0.7025,0.4342,0.3253,0.4024,0.3658,0.4024,0.5488,1.0061,3.2011,6.2193,6.6766,3.8413,1.7377,0.7683,0.4756,0.0366,1.2772,1.2406,0.82,Commercial RoR (>1 MW),9.1,90.81,541.62,159.74,381.87,19.92,16.19,19.92,27.0,52.8,67.32,69.56,69.56,67.32,69.56,38.56,23.91,Isma,0,1.0,Micro (5-100 kW),0,1,1
10952,3,839.8,839.8,0.0,49.13,50.87,247.4,0.0,83.255,28.1375,1,0,WECS_NEA_MIP,1.8927,1.3219,0.7277,0.4501,0.3373,0.4164,0.3785,0.4164,0.5678,1.041,3.3122,6.4351,6.9083,3.9746,1.798,0.7949,0.4921,0.0379,1.3219,1.2841,0.82,Commercial RoR (>1 MW),0.0,0.0,0.0,0.0,0.0,0.0,0.0,0.0,0.0,0.0,0.0,0.0,0.0,0.0,0.0,0.0,0.0,Isma,0,1.0,Pico (<5 kW),0,0,0
10973,1,848.8,733.5,115.3,0.51,126.74,353.4,32.62,83.377778,28.076389,1,0,WECS_NEA_MIP,4.6302,3.2636,1.8295,1.1525,0.8716,1.0186,0.926,1.0186,1.3891,2.5466,8.1028,15.7426,16.9002,9.7234,4.3987,1.9447,1.2038,0.0926,3.2636,3.171,0.82,Commercial RoR (>1 MW),103.8,2647.75,15732.32,4612.41,11119.91,575.26,467.63,575.26,779.44,1524.5,1962.05,2027.45,2027.45,1962.05,2027.45,1113.47,690.31,Chandrakot,0,1.0,Small/Medium RoR (>1 MW),0,1,1
10976,5,848.4,844.0,4.5,234.16,234.85,481.1,0.93,83.321111,28.190278,1,0,GAUGE_TRANSFER_DHM,10.4715,6.4205,3.2103,2.0637,1.4523,2.3037,2.0943,2.3037,3.1415,5.7594,18.3252,35.6033,38.2211,21.9902,9.948,4.398,2.7226,0.2094,6.4205,6.2111,0.82,Commercial RoR (>1 MW),4.0,99.92,628.82,201.0,427.82,50.14,40.76,50.14,67.93,132.86,148.75,153.7,153.7,148.75,153.7,97.04,60.16,Musikot,1,0.5,Micro (5-100 kW),0,0,0
10977,5,844.0,839.5,4.5,234.85,235.58,523.0,0.86,83.316667,28.190833,1,0,GAUGE_TRANSFER_DHM,10.4992,6.4375,3.2187,2.0692,1.4561,2.3098,2.0998,2.3098,3.1498,5.7746,18.3736,35.6973,38.3221,22.0483,9.9742,4.4097,2.7298,0.21,6.4375,6.2275,0.82,Commercial RoR (>1 MW),4.0,100.19,630.48,201.52,428.95,50.27,40.86,50.27,68.11,133.21,149.14,154.11,154.11,149.14,154.11,97.3,60.32,Musikot,1,0.5,Mini (100-1000 kW),0,0,0
10978,5,839.5,839.5,0.0,235.58,236.66,386.7,0.0,83.313333,28.193333,1,0,GAUGE_TRANSFER_DHM,10.5401,6.4625,3.2313,2.0772,1.4618,2.3188,2.108,2.3188,3.162,5.7971,18.4452,35.8364,38.4714,22.1342,10.0131,4.4268,2.7404,0.2108,6.4625,6.2517,0.82,Commercial RoR (>1 MW),0.0,0.0,0.0,0.0,0.0,0.0,0.0,0.0,0.0,0.0,0.0,0.0,0.0,0.0,0.0,0.0,0.0,Musikot,1,0.5,Pico (<5 kW),0,0,0
10994,1,847.0,773.0,74.0,0.59,9.24,226.8,32.63,83.393611,28.064444,0,1,WECS_NEA_MIP,0.3557,0.2442,0.1299,0.0777,0.0572,0.0783,0.0711,0.0783,0.1067,0.1956,0.6225,1.2094,1.2984,0.747,0.3379,0.1494,0.0925,0.0071,0.1299,0.1228,0.65,Micro/Mini Hydro (<1 MW),66.6,52.15,404.02,161.74,242.29,22.5,18.26,22.5,30.45,41.04,39.72,41.04,41.04,39.72,41.04,39.72,26.98,Chandrakot,0,1.0,Micro (5-100 kW),0,1,1
11003,1,845.7,702.4,143.3,0.53,0.87,587.5,24.39,83.316111,27.927222,0,1,WECS_NEA_MIP,0.0351,0.0235,0.0119,0.0068,0.0049,0.0077,0.007,0.0077,0.0105,0.0193,0.0614,0.1194,0.1282,0.0737,0.0334,0.0147,0.0091,0.0007,0.0119,0.0112,0.65,Micro/Mini Hydro (<1 MW),129.0,9.21,73.27,30.28,42.99,4.28,3.48,4.28,5.8,7.28,7.05,7.28,7.28,7.05,7.28,7.05,5.14,Chatrakot,0,1.0,Micro (5-100 kW),0,1,1
11005,1,845.6,701.8,143.8,0.5,0.65,555.2,25.9,83.3225,28.126389,0,1,WECS_NEA_MIP,0.0264,0.0176,0.0089,0.005,0.0036,0.0058,0.0053,0.0058,0.0079,0.0145,0.0462,0.0897,0.0963,0.0554,0.0251,0.0111,0.0069,0.0005,0.0089,0.0084,0.65,Micro/Mini Hydro (<1 MW),129.4,6.93,55.21,22.96,32.25,3.25,2.66,3.25,4.4,5.46,5.29,5.46,5.46,5.29,5.46,5.29,3.93,Musikot,0,1.0,Micro (5-100 kW),0,1,1
11006,1,701.8,669.6,32.2,0.65,957.94,190.9,16.89,83.319444,28.125833,1,0,GAUGE_TRANSFER_DHM,34.5921,21.2097,10.6049,6.8174,4.7974,7.6103,6.9184,7.6103,10.3776,19.0256,60.5361,117.613,126.261,72.6433,32.8625,14.5287,8.9939,0.6918,21.2097,20.5179,0.82,Commercial RoR (>1 MW),29.0,2393.22,15060.03,4813.76,10246.27,1200.79,976.12,1200.79,1626.86,3182.04,3562.44,3681.19,3681.19,3562.44,3681.19,2324.09,1440.93,Musikot,1,0.5,Small/Medium RoR (>1 MW),0,1,1
11007,1,845.6,741.7,103.9,0.69,1.28,537.0,19.35,83.276111,28.176667,0,1,WECS_NEA_MIP,0.0513,0.0345,0.0176,0.0101,0.0073,0.0113,0.0103,0.0113,0.0154,0.0282,0.0897,0.1743,0.1871,0.1077,0.0487,0.0215,0.0133,0.001,0.0176,0.0166,0.65,Micro/Mini Hydro (<1 MW),93.5,9.9,78.39,32.31,46.09,4.57,3.73,4.57,6.18,7.81,7.56,7.81,7.81,7.56,7.81,7.56,5.46,Musikot,0,1.0,Micro (5-100 kW),0,1,1
11008,1,741.7,713.2,28.5,1.28,922.33,311.5,9.15,83.279722,28.176667,1,0,GAUGE_TRANSFER_DHM,33.4959,20.5377,10.2688,6.6014,4.6454,7.3691,6.6992,7.3691,10.0488,18.4228,58.6179,113.8862,122.2602,70.3415,31.8211,14.0683,8.7089,0.6699,20.5377,19.8678,0.82,Commercial RoR (>1 MW),25.7,2053.7,12923.41,4130.8,8792.61,1030.41,837.63,1030.41,1396.05,2730.6,3057.03,3158.94,3158.94,3057.03,3158.94,1994.35,1236.49,Musikot,1,0.5,Small/Medium RoR (>1 MW),0,1,1
11063,4,839.8,839.8,0.0,50.87,52.44,371.1,0.0,83.255833,28.135,1,0,WECS_NEA_MIP,1.9499,1.3623,0.7503,0.4644,0.3481,0.429,0.39,0.429,0.585,1.0724,3.4123,6.6297,7.1171,4.0948,1.8524,0.819,0.507,0.039,1.3623,1.3233,0.82,Commercial RoR (>1 MW),0.0,0.0,0.0,0.0,0.0,0.0,0.0,0.0,0.0,0.0,0.0,0.0,0.0,0.0,0.0,0.0,0.0,Isma,0,1.0,Pico (<5 kW),0,0,0
11064,4,839.8,839.8,0.0,52.44,53.01,608.1,0.0,83.258056,28.131111,1,0,WECS_NEA_MIP,1.9707,1.377,0.7586,0.4696,0.3521,0.4335,0.3941,0.4335,0.5912,1.0839,3.4487,6.7003,7.1929,4.1384,1.8721,0.8277,0.5124,0.0394,1.377,1.3376,0.82,Commercial RoR (>1 MW),0.0,0.0,0.0,0.0,0.0,0.0,0.0,0.0,0.0,0.0,0.0,0.0,0.0,0.0,0.0,0.0,0.0,Isma,0,1.0,Pico (<5 kW),0,0,0
11065,4,839.8,838.1,1.7,53.01,53.63,546.3,0.31,83.258611,28.126389,1,0,WECS_NEA_MIP,1.9933,1.3929,0.7675,0.4752,0.3563,0.4385,0.3987,0.4385,0.598,1.0963,3.4882,6.7771,7.2754,4.1858,1.8936,0.8372,0.5182,0.0399,1.3929,1.353,0.82,Commercial RoR (>1 MW),1.5,16.33,97.33,28.69,68.64,3.58,2.91,3.58,4.85,9.48,12.1,12.5,12.5,12.1,12.5,6.93,4.29,Isma,0,1.0,Micro (5-100 kW),0,0,0
11066,4,838.1,826.7,11.4,53.63,54.27,237.1,4.82,83.258611,28.123056,1,0,WECS_NEA_MIP,2.0166,1.4094,0.7768,0.4811,0.3608,0.4436,0.4033,0.4436,0.605,1.1091,3.529,6.8563,7.3605,4.2348,1.9157,0.847,0.5243,0.0403,1.4094,1.3691,0.82,Commercial RoR (>1 MW),10.3,113.44,676.27,199.34,476.93,24.86,20.21,24.86,33.69,65.89,84.08,86.88,86.88,84.08,86.88,48.12,29.84,Isma,0,1.0,Mini (100-1000 kW),0,1,1
11067,3,839.8,824.1,15.7,28.49,29.34,618.4,2.53,83.564444,28.098611,1,0,WECS_NEA_MIP,1.1037,0.7666,0.4174,0.2553,0.1903,0.2428,0.2207,0.2428,0.3311,0.607,1.9315,3.7526,4.0285,2.3178,1.0485,0.4636,0.287,0.0221,0.7666,0.7445,0.82,Commercial RoR (>1 MW),14.1,84.44,504.67,149.33,355.34,18.62,15.14,18.62,25.23,49.36,62.6,64.69,64.69,62.6,64.69,36.05,22.35,Kaligandaki,0,1.0,Micro (5-100 kW),0,1,1
11068,3,824.1,811.9,12.2,29.34,30.11,206.1,5.91,83.5625,28.095556,1,0,WECS_NEA_MIP,1.1321,0.7866,0.4284,0.2622,0.1955,0.2491,0.2264,0.2491,0.3396,0.6226,1.9812,3.8491,4.1321,2.3774,1.0755,0.4755,0.2943,0.0226,0.7866,0.764,0.82,Commercial RoR (>1 MW),11.0,67.6,403.96,119.52,284.44,14.91,12.12,14.91,20.2,39.5,50.11,51.78,51.78,50.11,51.78,28.85,17.89,Kaligandaki,0,1.0,Micro (5-100 kW),0,1,1
11075,3,839.6,822.2,17.4,23.39,24.19,611.1,2.85,83.270278,27.999444,1,0,WECS_NEA_MIP,0.9135,0.6333,0.3435,0.2093,0.1557,0.201,0.1827,0.201,0.274,0.5024,1.5986,3.1059,3.3343,1.9183,0.8678,0.3837,0.2375,0.0183,0.6333,0.615,0.82,Commercial RoR (>1 MW),15.7,77.67,464.54,137.62,326.92,17.17,13.95,17.17,23.25,45.49,57.59,59.51,59.51,57.59,59.51,33.23,20.6,Resunga,0,1.0,Micro (5-100 kW),0,1,1
11076,5,839.5,820.9,18.5,236.66,237.81,642.0,2.89,83.31,28.195556,1,0,GAUGE_TRANSFER_DHM,10.5836,6.4892,3.2446,2.0858,1.4678,2.3284,2.1167,2.3284,3.1751,5.821,18.5213,35.9843,38.6302,22.2256,10.0544,4.4451,2.7517,0.2117,6.4892,6.2775,0.82,Commercial RoR (>1 MW),16.7,421.65,2653.38,848.12,1805.26,211.56,171.97,211.56,286.63,560.64,627.66,648.58,648.58,627.66,648.58,409.47,253.87,Musikot,1,0.5,Mini (100-1000 kW),0,1,1
11080,1,839.0,685.8,153.2,0.5,273.43,226.8,67.56,83.296944,28.121111,1,0,GAUGE_TRANSFER_DHM,11.9168,7.3066,3.6533,2.3486,1.6527,2.6217,2.3834,2.6217,3.575,6.5542,20.8543,40.517,43.4962,25.0252,11.3209,5.005,3.0984,0.2383,7.3066,7.0683,0.82,Commercial RoR (>1 MW),137.9,3920.41,24670.3,7885.63,16784.67,1967.06,1599.06,1967.06,2665.0,5212.61,5835.73,6030.25,6030.25,5835.73,6030.25,3807.13,2360.49,Musikot,1,0.5,Small/Medium RoR (>1 MW),0,1,1
11098,1,836.3,718.0,118.4,0.5,10.34,288.6,41.01,83.388889,28.061667,1,0,WECS_NEA_MIP,0.3972,0.273,0.1456,0.0872,0.0643,0.0874,0.0794,0.0874,0.1192,0.2184,0.695,1.3504,1.4497,0.8341,0.3773,0.1668,0.1033,0.0079,0.273,0.2651,0.82,Commercial RoR (>1 MW),106.6,227.33,1364.24,406.52,957.72,50.72,41.2,50.72,68.72,134.3,168.55,174.17,174.17,168.55,174.17,98.11,60.86,Chandrakot,0,1.0,Mini (100-1000 kW),0,1,1
11108,1,834.5,775.7,58.8,0.64,1.05,505.4,11.63,83.315556,27.965278,0,1,WECS_NEA_MIP,0.0422,0.0284,0.0144,0.0083,0.006,0.0093,0.0084,0.0093,0.0127,0.0232,0.0739,0.1435,0.1541,0.0887,0.0401,0.0177,0.011,0.0008,0.0144,0.0136,0.65,Micro/Mini Hydro (<1 MW),52.9,4.59,36.39,15.05,21.33,2.13,1.72,2.13,2.89,3.61,3.5,3.61,3.61,3.5,3.61,3.5,2.56,Chatrakot,0,1.0,Pico (<5 kW),0,1,0
11109,1,775.7,735.6,40.1,1.05,35.9,538.3,7.46,83.311111,27.966944,1,0,WECS_NEA_MIP,1.345,0.9362,0.5117,0.3143,0.2347,0.2959,0.269,0.2959,0.4035,0.7398,2.3538,4.5731,4.9094,2.8246,1.2778,0.5649,0.3497,0.0269,0.9362,0.9093,0.82,Commercial RoR (>1 MW),36.1,264.06,1576.78,465.99,1110.79,58.12,47.24,58.12,78.74,154.03,195.75,202.27,202.27,195.75,202.27,112.49,69.74,Chatrakot,0,1.0,Mini (100-1000 kW),0,1,1
11134,5,832.0,820.4,11.6,563.59,568.16,569.9,2.04,83.221944,28.238056,1,0,GAUGE_TRANSFER_DHM,22.1891,13.605,6.8025,4.373,3.0773,4.8816,4.4378,4.8816,6.6567,12.204,38.8309,75.4428,80.9901,46.597,21.0796,9.3194,5.7692,0.4438,13.605,13.1612,0.82,Commercial RoR (>1 MW),10.4,550.53,3464.36,1107.34,2357.03,276.22,224.54,276.22,374.23,731.99,819.5,846.81,846.81,819.5,846.81,534.62,331.47,Musikot,1,0.5,Mini (100-1000 kW),0,1,1
11143,1,831.4,794.5,36.9,0.83,2.47,232.7,15.86,83.334167,27.966667,0,1,WECS_NEA_MIP,0.0976,0.0662,0.0343,0.02,0.0145,0.0215,0.0195,0.0215,0.0293,0.0537,0.1709,0.3319,0.3564,0.205,0.0927,0.041,0.0254,0.002,0.0343,0.0323,0.65,Micro/Mini Hydro (<1 MW),33.2,6.84,53.77,21.88,31.89,3.07,2.49,3.07,4.16,5.4,5.23,5.4,5.4,5.23,5.4,5.23,3.69,Chatrakot,0,1.0,Micro (5-100 kW),0,1,1
11144,1,831.4,694.4,137.0,0.51,0.8,491.4,27.88,83.339444,28.072222,0,1,WECS_NEA_MIP,0.0323,0.0217,0.011,0.0062,0.0045,0.0071,0.0065,0.0071,0.0097,0.0178,0.0566,0.11,0.118,0.0679,0.0307,0.0136,0.0084,0.0006,0.011,0.0103,0.65,Micro/Mini Hydro (<1 MW),123.3,8.1,64.85,26.87,37.98,3.8,3.12,3.8,5.15,6.43,6.23,6.43,6.43,6.23,6.43,6.23,4.56,Gulmidarbar,0,1.0,Micro (5-100 kW),0,1,1
11145,1,694.4,638.7,55.7,0.8,1288.98,301.2,18.49,83.343056,28.073056,1,0,GAUGE_TRANSFER_DHM,44.5193,27.2965,13.6482,8.7739,6.1742,9.7942,8.9039,9.7942,13.3558,24.4856,77.9087,151.3655,162.4954,93.4905,42.2933,18.6981,11.575,0.8904,27.2965,26.4061,0.82,Commercial RoR (>1 MW),50.1,5321.02,33483.94,10702.69,22781.26,2669.74,2170.26,2669.74,3617.09,7074.85,7920.64,8184.66,8184.66,7920.64,8184.66,5167.27,3203.7,Gulmidarbar,1,0.5,Small/Medium RoR (>1 MW),0,1,1
11160,1,830.1,778.3,51.8,0.5,1.79,181.9,28.49,83.291389,28.115556,0,1,WECS_NEA_MIP,0.0712,0.0481,0.0248,0.0143,0.0104,0.0157,0.0142,0.0157,0.0214,0.0392,0.1246,0.2421,0.2599,0.1495,0.0676,0.0299,0.0185,0.0014,0.0248,0.0234,0.65,Micro/Mini Hydro (<1 MW),46.6,6.95,54.79,22.42,32.37,3.16,2.56,3.16,4.28,5.48,5.31,5.48,5.48,5.31,5.48,5.31,3.78,Musikot,0,1.0,Micro (5-100 kW),0,1,1
11163,3,829.2,813.0,16.1,12.38,14.11,492.1,3.28,83.317778,27.996111,1,0,WECS_NEA_MIP,0.5386,0.3714,0.1993,0.1201,0.0889,0.1185,0.1077,0.1185,0.1616,0.2962,0.9426,1.8313,1.966,1.1311,0.5117,0.2262,0.14,0.0108,0.3714,0.3606,0.82,Commercial RoR (>1 MW),14.5,42.06,252.09,74.93,177.16,9.35,7.6,9.35,12.66,24.77,31.19,32.23,32.23,31.19,32.23,18.09,11.21,Gulmidarbar,0,1.0,Micro (5-100 kW),0,1,1
11166,1,828.5,615.2,213.3,0.58,0.96,579.5,36.82,83.393333,28.04,0,1,WECS_NEA_MIP,0.0387,0.026,0.0132,0.0075,0.0054,0.0085,0.0077,0.0085,0.0116,0.0213,0.0677,0.1315,0.1411,0.0812,0.0367,0.0162,0.0101,0.0008,0.0132,0.0124,0.65,Micro/Mini Hydro (<1 MW),192.0,15.18,120.7,49.72,70.98,7.01,5.68,7.01,9.52,12.02,11.64,12.02,12.02,11.64,12.02,11.64,8.47,Chatrakot,0,1.0,Micro (5-100 kW),0,1,1
11167,1,615.2,597.5,17.7,0.96,1484.55,92.8,19.04,83.395278,28.041944,1,0,GAUGE_TRANSFER_DHM,50.1989,30.7789,15.3895,9.8932,6.9619,11.0438,10.0398,11.0438,15.0597,27.6094,87.8481,170.6764,183.2261,105.4178,47.689,21.0836,13.0517,1.004,30.7789,29.7749,0.82,Commercial RoR (>1 MW),15.9,1904.14,11982.36,3830.01,8152.36,955.38,776.63,955.38,1294.39,2531.76,2834.43,2928.91,2928.91,2834.43,2928.91,1849.13,1146.46,Chatrakot,1,0.5,Small/Medium RoR (>1 MW),0,1,1
11176,1,828.1,545.2,282.9,0.5,0.77,569.9,49.65,83.489722,27.984444,0,1,WECS_NEA_MIP,0.0312,0.0209,0.0106,0.006,0.0043,0.0069,0.0062,0.0069,0.0093,0.0171,0.0545,0.1059,0.1137,0.0654,0.0296,0.0131,0.0081,0.0006,0.0106,0.01,0.65,Micro/Mini Hydro (<1 MW),254.6,16.23,128.94,53.36,75.58,7.61,6.11,7.61,10.17,12.8,12.39,12.8,12.8,12.39,12.8,12.39,9.06,Satyawati,0,1.0,Micro (5-100 kW),0,1,1
11177,1,545.2,545.2,0.0,0.77,2.02,617.1,0.0,83.486111,27.981944,0,1,WECS_NEA_MIP,0.0802,0.0542,0.028,0.0162,0.0118,0.0176,0.016,0.0176,0.024,0.0441,0.1403,0.2726,0.2926,0.1683,0.0762,0.0337,0.0208,0.0016,0.028,0.0264,0.65,Micro/Mini Hydro (<1 MW),0.0,0.0,0.0,0.0,0.0,0.0,0.0,0.0,0.0,0.0,0.0,0.0,0.0,0.0,0.0,0.0,0.0,Satyawati,0,1.0,Pico (<5 kW),0,0,0
11188,1,827.2,821.3,5.9,1.63,13.02,68.5,8.68,83.302778,27.997778,1,0,WECS_NEA_MIP,0.4978,0.343,0.1837,0.1106,0.0817,0.1095,0.0996,0.1095,0.1493,0.2738,0.8712,1.6925,1.817,1.0454,0.4729,0.2091,0.1294,0.01,0.343,0.333,0.82,Commercial RoR (>1 MW),5.3,14.2,85.12,25.31,59.81,3.16,2.57,3.16,4.28,8.37,10.53,10.88,10.88,10.53,10.88,6.11,3.79,Gulmidarbar,0,1.0,Micro (5-100 kW),0,1,1
11193,4,826.7,792.6,34.1,54.27,54.45,572.2,5.95,83.256389,28.120278,1,0,WECS_NEA_MIP,2.0231,1.414,0.7794,0.4827,0.362,0.4451,0.4046,0.4451,0.6069,1.1127,3.5405,6.8786,7.3844,4.2485,1.922,0.8497,0.526,0.0405,1.414,1.3735,0.82,Commercial RoR (>1 MW),30.7,339.2,2022.15,596.02,1426.13,74.34,60.42,74.34,100.71,197.0,251.42,259.8,259.8,251.42,259.8,143.88,89.2,Isma,0,1.0,Mini (100-1000 kW),0,1,1
11194,4,792.6,792.6,0.0,54.45,55.98,61.8,0.0,83.254167,28.119167,1,0,WECS_NEA_MIP,2.0788,1.4533,0.8015,0.4967,0.3726,0.4573,0.4158,0.4573,0.6236,1.1433,3.6379,7.068,7.5877,4.3655,1.9749,0.8731,0.5405,0.0416,1.4533,1.4117,0.82,Commercial RoR (>1 MW),0.0,0.0,0.0,0.0,0.0,0.0,0.0,0.0,0.0,0.0,0.0,0.0,0.0,0.0,0.0,0.0,0.0,Isma,0,1.0,Pico (<5 kW),0,0,0
11195,2,826.4,732.9,93.5,4.17,4.48,607.4,15.39,83.5875,28.011944,0,1,WECS_NEA_MIP,0.175,0.1193,0.0625,0.0369,0.027,0.0385,0.035,0.0385,0.0525,0.0962,0.3062,0.5949,0.6387,0.3675,0.1662,0.0735,0.0455,0.0035,0.0625,0.059,0.65,Micro/Mini Hydro (<1 MW),84.2,31.68,247.39,100.01,147.38,13.98,11.37,13.98,18.94,24.97,24.16,24.97,24.97,24.16,24.97,24.16,16.78,Kaligandaki,0,1.0,Micro (5-100 kW),0,1,1
11196,2,732.9,611.4,121.5,4.48,4.99,604.4,20.1,83.590556,28.016667,0,1,WECS_NEA_MIP,0.1945,0.1327,0.0697,0.0412,0.0302,0.0428,0.0389,0.0428,0.0583,0.107,0.3403,0.6612,0.7099,0.4084,0.1848,0.0817,0.0506,0.0039,0.0697,0.0658,0.65,Micro/Mini Hydro (<1 MW),109.4,45.9,358.07,144.52,213.55,20.19,16.41,20.19,27.32,36.17,35.01,36.17,36.17,35.01,36.17,35.01,24.24,Kaligandaki,0,1.0,Micro (5-100 kW),0,1,1
11197,2,611.4,579.5,32.0,4.99,346.18,523.0,6.11,83.593889,28.02,1,0,GAUGE_TRANSFER_DHM,14.5628,8.929,4.4645,2.87,2.0197,3.2038,2.9126,3.2038,4.3688,8.0096,25.4849,49.5136,53.1543,30.5819,13.8347,6.1164,3.7863,0.2913,8.929,8.6377,0.82,Commercial RoR (>1 MW),28.8,1000.56,6296.31,2012.52,4283.79,502.01,408.1,502.01,680.15,1330.36,1489.4,1539.04,1539.04,1489.4,1539.04,971.65,602.41,Kaligandaki,1,0.5,Small/Medium RoR (>1 MW),0,1,1
11200,2,826.2,792.5,33.6,5.83,6.19,519.3,6.47,83.292778,28.176944,0,1,WECS_NEA_MIP,0.2402,0.1643,0.0867,0.0514,0.0377,0.0528,0.048,0.0528,0.0721,0.1321,0.4204,0.8167,0.8768,0.5045,0.2282,0.1009,0.0625,0.0048,0.0867,0.0819,0.65,Micro/Mini Hydro (<1 MW),30.2,15.77,122.69,49.36,73.33,6.88,5.59,6.88,9.33,12.42,12.02,12.42,12.42,12.02,12.42,12.02,8.27,Musikot,0,1.0,Micro (5-100 kW),0,1,1
11201,2,792.5,768.2,24.3,6.19,6.59,558.9,4.35,83.289167,28.175278,0,1,WECS_NEA_MIP,0.2554,0.1748,0.0924,0.0548,0.0403,0.0562,0.0511,0.0562,0.0766,0.1405,0.447,0.8684,0.9323,0.5364,0.2426,0.1073,0.0664,0.0051,0.0924,0.0873,0.65,Micro/Mini Hydro (<1 MW),21.9,12.19,94.76,38.09,56.67,5.31,4.32,5.31,7.19,9.6,9.29,9.6,9.6,9.29,9.6,9.29,6.37,Musikot,0,1.0,Micro (5-100 kW),0,1,1
11202,2,768.2,705.0,63.2,6.59,929.93,538.3,11.75,83.288611,28.171389,1,0,GAUGE_TRANSFER_DHM,33.7304,20.6814,10.3407,6.6476,4.6779,7.4207,6.7461,7.4207,10.1191,18.5517,59.0282,114.6834,123.116,70.8339,32.0439,14.1668,8.7699,0.6746,20.6814,20.0068,0.82,Commercial RoR (>1 MW),56.9,4578.7,28812.76,9209.62,19603.13,2297.32,1867.5,2297.32,3112.48,6087.87,6815.65,7042.84,7042.84,6815.65,7042.84,4446.42,2756.77,Musikot,1,0.5,Small/Medium RoR (>1 MW),0,1,1
11203,4,825.9,780.3,45.6,122.33,123.09,617.7,7.38,83.3875,28.084444,1,0,WECS_NEA_MIP,4.4995,3.1705,1.7763,1.1183,0.8455,0.9899,0.8999,0.9899,1.3498,2.4747,7.8741,15.2982,16.4231,9.4489,4.2745,1.8898,1.1699,0.09,3.1705,3.0805,0.82,Commercial RoR (>1 MW),41.0,1015.99,6037.53,1770.44,4267.09,220.82,179.5,220.82,299.16,585.16,752.88,777.98,777.98,752.88,777.98,427.39,264.99,Chandrakot,0,1.0,Small/Medium RoR (>1 MW),0,1,1
11204,4,780.3,769.1,11.3,123.09,125.18,260.7,4.32,83.384167,28.082222,1,0,WECS_NEA_MIP,4.5743,3.2238,1.8068,1.1379,0.8604,1.0064,0.9149,1.0064,1.3723,2.5159,8.0051,15.5527,16.6963,9.6061,4.3456,1.9212,1.1893,0.0915,3.2238,3.1323,0.82,Commercial RoR (>1 MW),10.2,257.01,1527.18,447.78,1079.39,55.85,45.4,55.85,75.67,148.0,190.45,196.8,196.8,190.45,196.8,108.09,67.02,Chandrakot,0,1.0,Mini (100-1000 kW),0,1,1
11209,1,825.1,780.0,45.1,0.65,0.94,618.4,7.3,83.29,27.9775,0,1,WECS_NEA_MIP,0.0379,0.0254,0.0129,0.0074,0.0053,0.0083,0.0076,0.0083,0.0114,0.0208,0.0663,0.1288,0.1383,0.0795,0.036,0.0159,0.0098,0.0008,0.0129,0.0121,0.65,Micro/Mini Hydro (<1 MW),40.6,3.13,24.93,10.27,14.67,1.44,1.18,1.44,1.98,2.48,2.4,2.48,2.48,2.4,2.48,2.4,1.73,Gulmidarbar,0,1.0,Pico (<5 kW),0,1,0
11210,1,780.0,760.1,20.0,0.94,3.76,164.9,12.1,83.289444,27.974444,0,1,WECS_NEA_MIP,0.1474,0.1003,0.0524,0.0308,0.0225,0.0324,0.0295,0.0324,0.0442,0.0811,0.2579,0.5011,0.5379,0.3095,0.14,0.0619,0.0383,0.0029,0.0524,0.0495,0.65,Micro/Mini Hydro (<1 MW),18.0,5.68,44.42,18.0,26.41,2.52,2.05,2.52,3.41,4.47,4.33,4.47,4.47,4.33,4.47,4.33,3.02,Gulmidarbar,0,1.0,Micro (5-100 kW),0,1,1
11220,4,823.5,815.5,8.0,193.17,193.51,620.7,1.29,83.244444,28.104167,1,0,WECS_NEA_MIP,7.0099,4.9619,2.8052,1.7821,1.3535,1.5422,1.402,1.5422,2.103,3.8555,12.2673,23.8337,25.5862,14.7208,6.6594,2.9442,1.8226,0.1402,4.9619,4.8217,0.82,Commercial RoR (>1 MW),7.2,279.26,1656.59,484.38,1172.21,60.41,49.11,60.41,81.85,160.1,206.92,213.81,213.81,206.92,213.81,116.93,72.5,Resunga,0,1.0,Mini (100-1000 kW),0,1,1
11221,4,815.5,811.1,4.5,193.51,194.01,575.9,0.77,83.247778,28.103333,1,0,WECS_NEA_MIP,7.0277,4.9746,2.8125,1.7868,1.3571,1.5461,1.4055,1.5461,2.1083,3.8652,12.2984,23.8941,25.651,14.7581,6.6763,2.9516,1.8272,0.1406,4.9746,4.834,0.82,Commercial RoR (>1 MW),4.0,155.54,922.66,269.77,652.89,33.65,27.35,33.65,45.59,89.17,115.25,119.09,119.09,115.25,119.09,65.12,40.38,Isma,0,1.0,Mini (100-1000 kW),0,0,0
11222,4,811.1,811.1,0.0,194.01,194.98,109.1,0.0,83.250556,28.103889,1,0,WECS_NEA_MIP,7.0621,4.9992,2.8267,1.7961,1.3642,1.5537,1.4124,1.5537,2.1186,3.8842,12.3587,24.0111,25.7766,14.8304,6.709,2.9661,1.8361,0.1412,4.9992,4.858,0.82,Commercial RoR (>1 MW),0.0,0.0,0.0,0.0,0.0,0.0,0.0,0.0,0.0,0.0,0.0,0.0,0.0,0.0,0.0,0.0,0.0,Isma,0,1.0,Pico (<5 kW),0,0,0
11223,1,823.4,682.0,141.4,0.5,948.19,465.5,30.38,83.298333,28.144167,1,0,GAUGE_TRANSFER_DHM,34.2926,21.0261,10.513,6.7584,4.7559,7.5444,6.8585,7.5444,10.2878,18.8609,60.012,116.5947,125.1679,72.0144,32.5779,14.4029,8.9161,0.6859,21.0261,20.3403,0.82,Commercial RoR (>1 MW),127.3,10414.5,65535.84,20947.63,44588.21,5225.33,4247.65,5225.33,7079.47,13847.09,15502.53,16019.28,16019.28,15502.53,16019.28,10113.53,6270.39,Musikot,1,0.5,Small/Medium RoR (>1 MW),0,1,1
11228,1,822.3,762.0,60.3,0.53,0.72,575.2,10.48,83.314722,27.975,0,1,WECS_NEA_MIP,0.0292,0.0195,0.0099,0.0056,0.004,0.0064,0.0058,0.0064,0.0088,0.016,0.051,0.0992,0.1065,0.0613,0.0277,0.0123,0.0076,0.0006,0.0099,0.0093,0.65,Micro/Mini Hydro (<1 MW),54.3,3.22,25.65,10.6,15.05,1.49,1.21,1.49,2.04,2.55,2.47,2.55,2.55,2.47,2.55,2.47,1.8,Chatrakot,0,1.0,Pico (<5 kW),0,1,0
11229,1,762.0,744.7,17.3,0.72,34.28,353.4,4.9,83.311389,27.974444,1,0,WECS_NEA_MIP,1.2855,0.8943,0.4884,0.2997,0.2237,0.2828,0.2571,0.2828,0.3857,0.707,2.2497,4.3708,4.6922,2.6996,1.2213,0.5399,0.3342,0.0257,0.8943,0.8686,0.82,Commercial RoR (>1 MW),15.6,109.0,651.01,192.46,458.55,24.0,19.51,24.0,32.53,63.61,80.8,83.5,83.5,80.8,83.5,46.46,28.8,Gulmidarbar,0,1.0,Mini (100-1000 kW),0,1,1
11232,3,822.2,808.7,13.5,24.19,24.62,533.3,2.54,83.2675,27.996667,1,0,WECS_NEA_MIP,0.9294,0.6444,0.3496,0.2131,0.1586,0.2045,0.1859,0.2045,0.2788,0.5112,1.6265,3.16,3.3923,1.9518,0.8829,0.3904,0.2416,0.0186,0.6444,0.6258,0.82,Commercial RoR (>1 MW),12.2,61.42,367.31,108.82,258.49,13.57,11.03,13.57,18.39,35.97,45.53,47.05,47.05,45.53,47.05,26.27,16.28,Resunga,0,1.0,Micro (5-100 kW),0,1,1
11233,3,808.7,804.8,3.9,24.62,25.67,177.5,2.17,83.264444,27.996389,1,0,WECS_NEA_MIP,0.9682,0.6716,0.3647,0.2225,0.1656,0.213,0.1936,0.213,0.2905,0.5325,1.6944,3.292,3.5341,2.0333,0.9198,0.4067,0.2517,0.0194,0.6716,0.6522,0.82,Commercial RoR (>1 MW),3.5,18.36,109.8,32.52,77.28,4.06,3.3,4.06,5.5,10.75,13.61,14.07,14.07,13.61,14.07,7.85,4.87,Resunga,0,1.0,Micro (5-100 kW),0,1,1
11234,1,822.0,727.1,94.8,0.57,1.14,587.5,16.14,83.370556,27.970278,0,1,WECS_NEA_MIP,0.0458,0.0308,0.0157,0.009,0.0065,0.0101,0.0092,0.0101,0.0137,0.0252,0.0801,0.1556,0.167,0.0961,0.0435,0.0192,0.0119,0.0009,0.0157,0.0148,0.65,Micro/Mini Hydro (<1 MW),85.3,8.05,63.8,26.3,37.51,3.72,3.03,3.72,5.01,6.35,6.15,6.35,6.35,6.15,6.35,6.15,4.45,Chatrakot,0,1.0,Micro (5-100 kW),0,1,1
11235,1,727.1,710.7,16.4,1.14,1.82,278.3,5.9,83.372778,27.966944,0,1,WECS_NEA_MIP,0.0724,0.0489,0.0252,0.0146,0.0106,0.0159,0.0145,0.0159,0.0217,0.0398,0.1267,0.2461,0.2642,0.152,0.0688,0.0304,0.0188,0.0015,0.0252,0.0238,0.65,Micro/Mini Hydro (<1 MW),14.8,2.25,17.65,7.2,10.44,1.01,0.82,1.01,1.37,1.77,1.71,1.77,1.77,1.71,1.77,1.71,1.21,Chatrakot,0,1.0,Pico (<5 kW),0,1,0
11237,3,821.8,791.3,30.5,14.76,15.46,572.2,5.34,83.317778,28.100833,1,0,WECS_NEA_MIP,0.5891,0.4066,0.2185,0.132,0.0977,0.1296,0.1178,0.1296,0.1767,0.324,1.0309,2.0028,2.1501,1.2371,0.5596,0.2474,0.1532,0.0118,0.4066,0.3948,0.82,Commercial RoR (>1 MW),27.4,87.02,521.36,154.89,366.47,19.32,15.7,19.32,26.17,51.2,64.53,66.68,66.68,64.53,66.68,37.39,23.19,Resunga,0,1.0,Micro (5-100 kW),0,1,1
11238,3,791.3,742.3,48.9,15.46,16.25,628.7,7.78,83.320833,28.105,1,0,WECS_NEA_MIP,0.6186,0.4271,0.2298,0.1389,0.1029,0.1361,0.1237,0.1361,0.1856,0.3402,1.0825,2.1031,2.2577,1.299,0.5876,0.2598,0.1608,0.0124,0.4271,0.4147,0.82,Commercial RoR (>1 MW),44.0,146.78,879.3,261.16,618.14,32.57,26.47,32.57,44.14,86.32,108.84,112.47,112.47,108.84,112.47,63.05,39.08,Resunga,0,1.0,Mini (100-1000 kW),0,1,1
11239,3,742.3,701.7,40.7,16.25,16.75,597.1,6.81,83.323056,28.109444,1,0,WECS_NEA_MIP,0.6372,0.4401,0.2369,0.1433,0.1062,0.1402,0.1274,0.1402,0.1912,0.3505,1.1151,2.1665,2.3258,1.3381,0.6053,0.2676,0.1657,0.0127,0.4401,0.4274,0.82,Commercial RoR (>1 MW),36.6,125.83,753.72,223.9,529.83,27.93,22.69,27.93,37.84,73.99,93.29,96.4,96.4,93.29,96.4,54.03,33.51,Resunga,0,1.0,Mini (100-1000 kW),0,1,1
11240,3,701.7,664.2,37.4,16.75,16.92,586.8,6.38,83.326667,28.112778,1,0,WECS_NEA_MIP,0.6435,0.4446,0.2394,0.1448,0.1074,0.1416,0.1287,0.1416,0.1931,0.3539,1.1262,2.188,2.3489,1.3514,0.6114,0.2703,0.1673,0.0129,0.4446,0.4317,0.82,Commercial RoR (>1 MW),33.7,117.03,700.91,208.1,492.81,25.96,21.1,25.96,35.17,68.78,86.78,89.67,89.67,86.78,89.67,50.24,31.14,Resunga,0,1.0,Mini (100-1000 kW),0,1,1
11241,3,664.2,659.8,4.4,16.92,1256.51,61.8,7.09,83.326667,28.115278,1,0,GAUGE_TRANSFER_DHM,43.5642,26.7109,13.3555,8.5856,6.0418,9.5841,8.7128,9.5841,13.0693,23.9603,76.2374,148.1183,159.0094,91.4849,41.386,18.297,11.3267,0.8713,26.7109,25.8396,0.82,Commercial RoR (>1 MW),4.0,415.72,2616.01,836.17,1779.84,208.58,169.56,208.58,282.59,552.74,618.82,639.45,639.45,618.82,639.45,403.71,250.3,Resunga,1,0.5,Mini (100-1000 kW),0,1,1
11244,1,821.6,748.7,72.9,0.69,0.9,566.9,12.87,83.354444,27.973889,0,1,WECS_NEA_MIP,0.0363,0.0244,0.0124,0.0071,0.0051,0.008,0.0073,0.008,0.0109,0.02,0.0635,0.1234,0.1325,0.0762,0.0345,0.0152,0.0094,0.0007,0.0124,0.0117,0.65,Micro/Mini Hydro (<1 MW),65.6,4.89,38.82,16.04,22.78,2.27,1.86,2.27,3.07,3.86,3.73,3.86,3.86,3.73,3.86,3.73,2.71,Chatrakot,0,1.0,Pico (<5 kW),0,1,0
11245,1,748.7,748.7,0.0,0.9,3.66,216.5,0.0,83.354722,27.970556,0,1,WECS_NEA_MIP,0.1435,0.0976,0.051,0.0299,0.0218,0.0316,0.0287,0.0316,0.0431,0.0789,0.2512,0.488,0.5239,0.3014,0.1364,0.0603,0.0373,0.0029,0.051,0.0481,0.65,Micro/Mini Hydro (<1 MW),0.0,0.0,0.0,0.0,0.0,0.0,0.0,0.0,0.0,0.0,0.0,0.0,0.0,0.0,0.0,0.0,0.0,Chatrakot,0,1.0,Pico (<5 kW),0,0,0
11246,3,821.3,799.0,22.3,13.02,13.57,573.5,3.89,83.302778,27.995278,1,0,WECS_NEA_MIP,0.5184,0.3573,0.1916,0.1154,0.0853,0.114,0.1037,0.114,0.1555,0.2851,0.9072,1.7626,1.8922,1.0887,0.4925,0.2177,0.1348,0.0104,0.3573,0.3469,0.82,Commercial RoR (>1 MW),20.1,56.09,336.23,99.96,236.27,12.46,10.14,12.46,16.89,33.05,41.6,42.98,42.98,41.6,42.98,24.13,14.96,Gulmidarbar,0,1.0,Micro (5-100 kW),0,1,1
11247,3,799.0,790.4,8.6,13.57,14.36,617.7,1.39,83.304444,27.990833,1,0,WECS_NEA_MIP,0.548,0.3779,0.2028,0.1223,0.0905,0.1206,0.1096,0.1206,0.1644,0.3014,0.9589,1.8631,2.0001,1.1507,0.5206,0.2301,0.1425,0.011,0.3779,0.3669,0.82,Commercial RoR (>1 MW),7.7,22.73,136.21,40.49,95.72,5.05,4.1,5.05,6.84,13.38,16.85,17.41,17.41,16.85,17.41,9.77,6.06,Gulmidarbar,0,1.0,Micro (5-100 kW),0,1,1
11248,3,790.4,778.5,11.8,14.36,29.7,397.0,2.98,83.307778,27.988611,1,0,WECS_NEA_MIP,1.117,0.776,0.4226,0.2586,0.1927,0.2457,0.2234,0.2457,0.3351,0.6143,1.9547,3.7977,4.077,2.3457,1.0611,0.4691,0.2904,0.0223,0.776,0.7537,0.82,Commercial RoR (>1 MW),10.6,64.27,384.04,113.64,270.4,14.17,11.52,14.17,19.2,37.56,47.64,49.23,49.23,47.64,49.23,27.43,17.01,Gulmidarbar,0,1.0,Micro (5-100 kW),0,1,1
11253,5,820.4,813.1,7.3,568.16,568.77,558.9,1.31,83.225833,28.235278,1,0,GAUGE_TRANSFER_DHM,22.2093,13.6174,6.8087,4.377,3.0801,4.886,4.4419,4.886,6.6628,12.2151,38.8663,75.5117,81.064,46.6395,21.0988,9.3279,5.7744,0.4442,13.6174,13.1732,0.82,Commercial RoR (>1 MW),6.6,349.69,2200.54,703.37,1497.17,175.45,142.63,175.45,237.71,464.95,520.54,537.89,537.89,520.54,537.89,339.59,210.54,Musikot,1,0.5,Mini (100-1000 kW),0,1,1
11254,5,813.1,809.8,3.3,568.77,569.77,315.8,1.03,83.226944,28.232222,1,0,GAUGE_TRANSFER_DHM,22.2425,13.6377,6.8189,4.3836,3.0847,4.8933,4.4485,4.8933,6.6727,12.2334,38.9244,75.6245,81.1851,46.7092,21.1304,9.3418,5.783,0.4449,13.6377,13.1928,0.82,Commercial RoR (>1 MW),3.0,159.19,1001.74,320.19,681.54,79.87,64.93,79.87,108.21,211.66,236.96,244.86,244.86,236.96,244.86,154.59,95.84,Musikot,1,0.5,Mini (100-1000 kW),0,0,0
11260,1,819.8,681.3,138.5,0.5,949.55,579.5,23.9,83.304167,28.138611,1,0,GAUGE_TRANSFER_DHM,34.3344,21.0517,10.5259,6.7666,4.7617,7.5536,6.8669,7.5536,10.3003,18.8839,60.0851,116.7368,125.3204,72.1022,32.6176,14.4204,8.9269,0.6867,21.0517,20.365,0.82,Commercial RoR (>1 MW),124.7,10214.18,64275.57,20544.86,43730.71,5124.87,4166.02,5124.87,6943.33,13580.85,15204.39,15711.2,15711.2,15204.39,15711.2,9919.03,6149.79,Musikot,1,0.5,Small/Medium RoR (>1 MW),0,1,1
11264,1,819.6,761.5,58.1,0.5,0.77,656.0,8.86,83.345556,27.964722,0,1,WECS_NEA_MIP,0.0312,0.0209,0.0106,0.006,0.0043,0.0069,0.0062,0.0069,0.0093,0.0171,0.0545,0.1059,0.1137,0.0654,0.0296,0.0131,0.0081,0.0006,0.0106,0.01,0.65,Micro/Mini Hydro (<1 MW),52.3,3.33,26.49,10.96,15.53,1.56,1.25,1.56,2.09,2.63,2.55,2.63,2.63,2.55,2.63,2.55,1.86,Chatrakot,0,1.0,Pico (<5 kW),0,1,0
11265,1,761.5,649.7,111.8,0.77,5.14,226.8,49.29,83.347778,27.961389,0,1,WECS_NEA_MIP,0.2002,0.1367,0.0719,0.0425,0.0311,0.044,0.04,0.044,0.0601,0.1101,0.3504,0.6807,0.7308,0.4204,0.1902,0.0841,0.0521,0.004,0.0719,0.0679,0.65,Micro/Mini Hydro (<1 MW),100.6,43.56,339.45,136.88,202.57,19.09,15.52,19.09,25.91,34.31,33.21,34.31,34.31,33.21,34.31,33.21,22.96,Chatrakot,0,1.0,Micro (5-100 kW),0,1,1
11273,1,819.0,748.7,70.3,0.51,0.91,659.6,10.66,83.349167,27.971389,0,1,WECS_NEA_MIP,0.0367,0.0246,0.0125,0.0071,0.0051,0.0081,0.0073,0.0081,0.011,0.0202,0.0642,0.1248,0.1339,0.0771,0.0349,0.0154,0.0095,0.0007,0.0125,0.0118,0.65,Micro/Mini Hydro (<1 MW),63.3,4.76,37.78,15.62,22.16,2.22,1.79,2.22,2.99,3.75,3.63,3.75,3.75,3.63,3.75,3.63,2.64,Chatrakot,0,1.0,Pico (<5 kW),0,1,0
11274,1,748.7,748.7,0.0,0.91,5.51,340.1,0.0,83.3525,27.967778,0,1,WECS_NEA_MIP,0.2143,0.1464,0.0771,0.0456,0.0334,0.0472,0.0429,0.0472,0.0643,0.1179,0.3751,0.7287,0.7823,0.4501,0.2036,0.09,0.0557,0.0043,0.0771,0.0728,0.65,Micro/Mini Hydro (<1 MW),0.0,0.0,0.0,0.0,0.0,0.0,0.0,0.0,0.0,0.0,0.0,0.0,0.0,0.0,0.0,0.0,0.0,Chatrakot,0,1.0,Pico (<5 kW),0,0,0
11296,1,816.6,685.8,130.8,0.5,0.59,597.8,21.88,83.361389,28.077778,0,1,WECS_NEA_MIP,0.024,0.016,0.0081,0.0046,0.0033,0.0053,0.0048,0.0053,0.0072,0.0132,0.042,0.0816,0.0876,0.0504,0.0228,0.0101,0.0062,0.0005,0.0081,0.0076,0.65,Micro/Mini Hydro (<1 MW),117.7,5.7,45.56,18.86,26.7,2.68,2.17,2.68,3.62,4.52,4.38,4.52,4.52,4.38,4.52,4.38,3.18,Chandrakot,0,1.0,Micro (5-100 kW),0,1,1
11297,1,685.8,673.1,12.7,0.59,129.89,103.1,12.31,83.361389,28.075,1,0,WECS_NEA_MIP,4.7429,3.3439,1.8755,1.182,0.8941,1.0434,0.9486,1.0434,1.4229,2.6086,8.3001,16.126,17.3117,9.9602,4.5058,1.992,1.2332,0.0949,3.3439,3.249,0.82,Commercial RoR (>1 MW),11.4,297.95,1770.16,518.89,1251.27,64.71,52.61,64.71,87.68,171.5,220.79,228.15,228.15,220.79,228.15,125.26,77.66,Chandrakot,0,1.0,Mini (100-1000 kW),0,1,1
11300,1,815.6,757.4,58.1,0.66,0.92,582.5,9.98,83.283611,28.179722,0,1,WECS_NEA_MIP,0.0371,0.0249,0.0126,0.0072,0.0052,0.0082,0.0074,0.0082,0.0111,0.0204,0.0649,0.1261,0.1354,0.0779,0.0352,0.0156,0.0096,0.0007,0.0126,0.0119,0.65,Micro/Mini Hydro (<1 MW),52.3,3.97,31.51,13.05,18.46,1.86,1.5,1.86,2.5,3.13,3.03,3.13,3.13,3.03,3.13,3.03,2.21,Musikot,0,1.0,Pico (<5 kW),0,1,0
11301,1,757.4,715.2,42.3,0.92,920.86,109.1,38.75,83.281389,28.179444,1,0,GAUGE_TRANSFER_DHM,33.4506,20.5098,10.2549,6.5924,4.6391,7.3591,6.6901,7.3591,10.0352,18.3978,58.5385,113.7319,122.0946,70.2462,31.778,14.0492,8.6971,0.669,20.5098,19.8408,0.82,Commercial RoR (>1 MW),38.1,3040.45,19132.81,6115.56,13017.25,1525.5,1240.09,1525.5,2066.83,4042.59,4525.87,4676.73,4676.73,4525.87,4676.73,2952.59,1830.6,Musikot,1,0.5,Small/Medium RoR (>1 MW),0,1,1
11330,3,813.0,797.4,15.7,14.11,14.65,575.9,2.72,83.313056,27.995278,1,0,WECS_NEA_MIP,0.5588,0.3855,0.207,0.1249,0.0924,0.1229,0.1118,0.1229,0.1676,0.3073,0.9779,1.9,2.0397,1.1735,0.5309,0.2347,0.1453,0.0112,0.3855,0.3743,0.82,Commercial RoR (>1 MW),14.1,42.45,254.4,75.6,178.81,9.43,7.67,9.43,12.77,24.99,31.48,32.53,32.53,31.48,32.53,18.25,11.32,Gulmidarbar,0,1.0,Micro (5-100 kW),0,1,1
11331,3,797.4,784.0,13.4,14.65,14.97,552.3,2.43,83.311389,27.990833,1,0,WECS_NEA_MIP,0.5708,0.3938,0.2115,0.1277,0.0945,0.1256,0.1142,0.1256,0.1712,0.3139,0.9988,1.9406,2.0833,1.1986,0.5422,0.2397,0.1484,0.0114,0.3938,0.3824,0.82,Commercial RoR (>1 MW),12.1,37.22,223.04,66.29,156.75,8.27,6.72,8.27,11.2,21.91,27.6,28.52,28.52,27.6,28.52,16.0,9.92,Gulmidarbar,0,1.0,Micro (5-100 kW),0,1,1
11332,3,784.0,778.5,5.4,14.97,29.7,216.4,2.51,83.309722,27.988611,1,0,WECS_NEA_MIP,1.117,0.776,0.4226,0.2586,0.1927,0.2457,0.2234,0.2457,0.3351,0.6143,1.9547,3.7977,4.077,2.3457,1.0611,0.4691,0.2904,0.0223,0.776,0.7537,0.82,Commercial RoR (>1 MW),4.9,29.71,177.53,52.53,125.0,6.55,5.33,6.55,8.88,17.36,22.02,22.76,22.76,22.02,22.76,12.68,7.86,Gulmidarbar,0,1.0,Micro (5-100 kW),0,1,1
11340,3,811.9,797.8,14.1,30.11,31.25,206.1,6.86,83.5625,28.093889,1,0,WECS_NEA_MIP,1.1741,0.816,0.4448,0.2725,0.2032,0.2583,0.2348,0.2583,0.3522,0.6457,2.0546,3.9919,4.2854,2.4656,1.1154,0.4931,0.3053,0.0235,0.816,0.7925,0.82,Commercial RoR (>1 MW),12.7,80.96,483.74,143.09,340.65,17.85,14.51,17.85,24.18,47.29,60.02,62.02,62.02,60.02,62.02,34.54,21.42,Kaligandaki,0,1.0,Micro (5-100 kW),0,1,1
11348,4,811.1,804.0,7.0,194.98,195.34,596.5,1.18,83.2525,28.106111,1,0,WECS_NEA_MIP,7.0749,5.0083,2.832,1.7995,1.3668,1.5565,1.415,1.5565,2.1225,3.8912,12.381,24.0546,25.8233,14.8572,6.7211,2.9714,1.8395,0.1415,5.0083,4.8668,0.82,Commercial RoR (>1 MW),6.3,246.64,1463.02,427.76,1035.26,53.35,43.37,53.35,72.28,141.38,182.75,188.84,188.84,182.75,188.84,103.26,64.02,Isma,0,1.0,Mini (100-1000 kW),0,1,1
11349,4,804.0,804.0,0.0,195.34,203.6,164.2,0.0,83.255556,28.106944,1,0,GAUGE_TRANSFER_DHM,9.2747,5.6867,2.8433,1.8279,1.2863,2.0404,1.8549,2.0404,2.7824,5.1011,16.2307,31.534,33.8527,19.4769,8.811,3.8954,2.4114,0.1855,5.6867,5.5012,0.82,Commercial RoR (>1 MW),0.0,0.0,0.0,0.0,0.0,0.0,0.0,0.0,0.0,0.0,0.0,0.0,0.0,0.0,0.0,0.0,0.0,Isma,1,0.5,Pico (<5 kW),0,0,0
11361,5,809.8,807.8,2.0,569.77,571.23,178.2,1.14,83.228889,28.230556,1,0,GAUGE_TRANSFER_DHM,22.2909,13.6674,6.8337,4.3931,3.0914,4.904,4.4582,4.904,6.6873,12.26,39.0091,75.7892,81.3619,46.811,21.1764,9.3622,5.7956,0.4458,13.6674,13.2216,0.82,Commercial RoR (>1 MW),1.8,95.72,602.36,192.53,409.82,48.03,39.04,48.03,65.07,127.27,142.49,147.24,147.24,142.49,147.24,92.96,57.63,Musikot,1,0.5,Micro (5-100 kW),0,0,0
11362,1,809.1,762.2,46.9,0.55,18.59,247.4,18.97,83.339444,28.105833,1,0,WECS_NEA_MIP,0.7057,0.488,0.2633,0.1596,0.1184,0.1553,0.1411,0.1553,0.2117,0.3882,1.235,2.3995,2.5759,1.482,0.6704,0.2964,0.1835,0.0141,0.488,0.4739,0.82,Commercial RoR (>1 MW),42.2,160.87,963.16,285.86,677.3,35.66,28.97,35.66,48.3,94.48,119.27,123.25,123.25,119.27,123.25,69.0,42.78,Musikot,0,1.0,Mini (100-1000 kW),0,1,1
11370,5,807.8,805.2,2.6,571.23,573.08,608.1,0.42,83.231389,28.228056,1,0,GAUGE_TRANSFER_DHM,22.3523,13.705,6.8525,4.4052,3.1,4.9175,4.4705,4.9175,6.7057,12.2938,39.1165,75.9978,81.5858,46.9398,21.2347,9.388,5.8116,0.4471,13.705,13.2579,0.82,Commercial RoR (>1 MW),2.3,122.64,771.79,246.69,525.1,61.54,50.02,61.54,83.37,163.07,182.57,188.65,188.65,182.57,188.65,119.1,73.84,Musikot,1,0.5,Mini (100-1000 kW),0,0,0
11404,5,805.2,799.0,6.2,573.08,573.91,573.5,1.09,83.233611,28.223611,1,0,GAUGE_TRANSFER_DHM,22.3798,13.7219,6.861,4.4106,3.1038,4.9236,4.476,4.9236,6.7139,12.3089,39.1646,76.0913,81.6862,46.9976,21.2608,9.3995,5.8187,0.4476,13.7219,13.2743,0.82,Commercial RoR (>1 MW),5.6,298.99,1881.46,601.38,1280.08,150.01,121.95,150.01,203.24,397.54,445.06,459.89,459.89,445.06,459.89,290.35,180.01,Musikot,1,0.5,Mini (100-1000 kW),0,1,1
11409,2,804.9,796.3,8.7,0.52,5.03,27.3,31.73,83.416111,27.962222,0,1,WECS_NEA_MIP,0.196,0.1338,0.0703,0.0415,0.0304,0.0431,0.0392,0.0431,0.0588,0.1078,0.343,0.6664,0.7154,0.4116,0.1862,0.0823,0.051,0.0039,0.0703,0.0664,0.65,Micro/Mini Hydro (<1 MW),7.8,3.3,25.75,10.39,15.36,1.45,1.18,1.45,1.97,2.6,2.52,2.6,2.6,2.52,2.6,2.52,1.74,Ruru,0,1.0,Pico (<5 kW),0,1,0
11416,3,804.8,792.0,12.8,25.67,26.08,587.5,2.18,83.263889,27.993611,1,0,WECS_NEA_MIP,0.9834,0.6823,0.3706,0.2262,0.1684,0.2163,0.1967,0.2163,0.295,0.5409,1.7209,3.3435,3.5894,2.0651,0.9342,0.413,0.2557,0.0197,0.6823,0.6626,0.82,Commercial RoR (>1 MW),11.5,61.3,366.48,108.52,257.97,13.53,11.0,13.53,18.34,35.87,45.45,46.96,46.96,45.45,46.96,26.2,16.24,Resunga,0,1.0,Micro (5-100 kW),0,1,1
11417,3,792.0,784.1,7.9,26.08,58.49,237.1,3.33,83.262778,27.990278,1,0,WECS_NEA_MIP,2.1701,1.5178,0.8378,0.5197,0.39,0.4774,0.434,0.4774,0.651,1.1936,3.7977,7.3784,7.9209,4.5572,2.0616,0.9114,0.5642,0.0434,1.5178,1.4744,0.82,Commercial RoR (>1 MW),7.1,84.21,501.88,147.87,354.01,18.44,14.99,18.44,24.99,48.88,62.41,64.5,64.5,62.41,64.5,35.69,22.13,Resunga,0,1.0,Micro (5-100 kW),0,1,1
11420,5,804.0,792.6,11.4,203.6,204.12,603.8,1.89,83.255,28.11,1,0,GAUGE_TRANSFER_DHM,9.2948,5.699,2.8495,1.8318,1.2891,2.0449,1.859,2.0449,2.7884,5.1122,16.266,31.6024,33.9261,19.5191,8.8301,3.9038,2.4167,0.1859,5.699,5.5131,0.82,Commercial RoR (>1 MW),10.3,228.4,1437.24,459.4,977.84,114.6,93.16,114.6,155.25,303.68,339.98,351.31,351.31,339.98,351.31,221.79,137.52,Isma,1,0.5,Mini (100-1000 kW),0,1,1
11421,5,792.6,792.6,0.0,204.12,204.6,541.3,0.0,83.258333,28.111667,1,0,GAUGE_TRANSFER_DHM,9.3134,5.7104,2.8552,1.8355,1.2916,2.0489,1.8627,2.0489,2.794,5.1224,16.2985,31.6656,33.9939,19.5582,8.8477,3.9116,2.4215,0.1863,5.7104,5.5241,0.82,Commercial RoR (>1 MW),0.0,0.0,0.0,0.0,0.0,0.0,0.0,0.0,0.0,0.0,0.0,0.0,0.0,0.0,0.0,0.0,0.0,Isma,1,0.5,Pico (<5 kW),0,0,0
11422,5,792.6,792.6,0.0,204.6,261.56,525.6,0.0,83.2575,28.115833,1,0,GAUGE_TRANSFER_DHM,11.4756,7.0361,3.5181,2.2616,1.5915,2.5246,2.2951,2.5246,3.4427,6.3116,20.0823,39.017,41.8859,24.0987,10.9018,4.8197,2.9836,0.2295,7.0361,6.8066,0.82,Commercial RoR (>1 MW),0.0,0.0,0.0,0.0,0.0,0.0,0.0,0.0,0.0,0.0,0.0,0.0,0.0,0.0,0.0,0.0,0.0,Isma,1,0.5,Pico (<5 kW),0,0,0
11452,3,801.6,738.9,62.8,15.29,16.18,547.3,11.47,83.486389,28.004167,1,0,WECS_NEA_MIP,0.6159,0.4253,0.2288,0.1383,0.1025,0.1355,0.1232,0.1355,0.1848,0.3388,1.0779,2.0942,2.2482,1.2935,0.5851,0.2587,0.1601,0.0123,0.4253,0.413,0.82,Commercial RoR (>1 MW),56.5,187.71,1124.44,334.02,790.42,41.66,33.87,41.66,56.45,110.4,139.17,143.81,143.81,139.17,143.81,80.63,49.98,Satyawati,0,1.0,Mini (100-1000 kW),0,1,1
11453,3,738.9,703.9,35.0,16.18,16.96,550.9,6.36,83.481667,28.004167,1,0,WECS_NEA_MIP,0.645,0.4456,0.2399,0.1452,0.1076,0.1419,0.129,0.1419,0.1935,0.3548,1.1288,2.1931,2.3544,1.3546,0.6128,0.2709,0.1677,0.0129,0.4456,0.4327,0.82,Commercial RoR (>1 MW),31.5,109.64,656.68,195.0,461.68,24.32,19.77,24.32,32.95,64.46,81.3,84.01,84.01,81.3,84.01,47.07,29.18,Satyawati,0,1.0,Mini (100-1000 kW),0,1,1
11454,3,703.9,695.8,8.1,16.96,17.53,547.3,1.47,83.477222,28.001389,1,0,WECS_NEA_MIP,0.6663,0.4604,0.2481,0.1502,0.1114,0.1466,0.1333,0.1466,0.1999,0.3664,1.166,2.2653,2.4319,1.3992,0.633,0.2798,0.1732,0.0133,0.4604,0.4471,0.82,Commercial RoR (>1 MW),7.3,26.25,157.23,46.69,110.54,5.82,4.74,5.82,7.89,15.43,19.47,20.11,20.11,19.47,20.11,11.27,6.99,Satyawati,0,1.0,Micro (5-100 kW),0,1,1
11455,3,695.8,586.3,109.5,17.53,17.93,575.2,19.03,83.4725,28.000278,1,0,WECS_NEA_MIP,0.6812,0.4708,0.2538,0.1538,0.114,0.1499,0.1362,0.1499,0.2043,0.3746,1.192,2.316,2.4862,1.4304,0.6471,0.2861,0.1771,0.0136,0.4708,0.4572,0.82,Commercial RoR (>1 MW),98.5,362.26,2169.24,643.97,1525.26,80.35,65.28,80.35,108.79,212.81,268.59,277.54,277.54,268.59,277.54,155.46,96.39,Satyawati,0,1.0,Mini (100-1000 kW),0,1,1
11456,3,586.3,569.4,16.9,17.93,18.83,195.8,8.61,83.469444,27.998333,1,0,WECS_NEA_MIP,0.7147,0.4942,0.2667,0.1617,0.12,0.1572,0.1429,0.1572,0.2144,0.3931,1.2506,2.4298,2.6085,1.5008,0.6789,0.3002,0.1858,0.0143,0.4942,0.4799,0.82,Commercial RoR (>1 MW),15.2,58.68,351.3,104.24,247.06,13.0,10.57,13.0,17.62,34.46,43.51,44.96,44.96,43.51,44.96,25.17,15.6,Satyawati,0,1.0,Micro (5-100 kW),0,1,1
11470,1,800.2,692.4,107.8,0.58,0.84,610.4,17.66,83.417222,28.04,0,1,WECS_NEA_MIP,0.0339,0.0227,0.0115,0.0066,0.0047,0.0075,0.0068,0.0075,0.0102,0.0187,0.0594,0.1153,0.1238,0.0712,0.0322,0.0142,0.0088,0.0007,0.0115,0.0108,0.65,Micro/Mini Hydro (<1 MW),97.0,6.68,53.28,22.04,31.24,3.13,2.54,3.13,4.23,5.29,5.12,5.29,5.29,5.12,5.29,5.12,3.73,Satyawati,0,1.0,Micro (5-100 kW),0,1,1
11471,1,692.4,587.5,104.9,0.84,0.88,579.5,18.1,83.413611,28.037222,0,1,WECS_NEA_MIP,0.0355,0.0238,0.0121,0.0069,0.005,0.0078,0.0071,0.0078,0.0107,0.0195,0.0621,0.1207,0.1296,0.0746,0.0337,0.0149,0.0092,0.0007,0.0121,0.0114,0.65,Micro/Mini Hydro (<1 MW),94.4,6.86,54.5,22.51,31.99,3.18,2.59,3.18,4.33,5.42,5.24,5.42,5.42,5.24,5.42,5.24,3.81,Satyawati,0,1.0,Micro (5-100 kW),0,1,1
11472,5,587.5,585.7,1.8,0.88,1492.2,41.2,4.37,83.411389,28.035556,1,0,GAUGE_TRANSFER_DHM,50.4187,30.9137,15.4568,9.9365,6.9924,11.0921,10.0837,11.0921,15.1256,27.7303,88.2328,171.4237,184.0283,105.8793,47.8978,21.1759,13.1089,1.0084,30.9137,29.9053,0.82,Commercial RoR (>1 MW),1.6,192.45,1211.05,387.1,823.96,96.56,78.49,96.56,130.82,255.88,286.47,296.02,296.02,286.47,296.02,186.89,115.87,Chatrakot,1,0.5,Mini (100-1000 kW),0,1,1
11473,3,799.6,792.2,7.4,31.43,31.92,578.8,1.28,83.256667,27.986944,1,0,WECS_NEA_MIP,1.1987,0.8334,0.4545,0.2785,0.2077,0.2637,0.2397,0.2637,0.3596,0.6593,2.0978,4.0757,4.3754,2.5174,1.1388,0.5035,0.3117,0.024,0.8334,0.8094,0.82,Commercial RoR (>1 MW),6.7,43.62,260.61,77.07,183.54,9.61,7.81,9.61,13.02,25.47,32.34,33.42,33.42,32.34,33.42,18.61,11.54,Resunga,0,1.0,Micro (5-100 kW),0,1,1
11474,3,792.2,784.1,8.1,31.92,58.49,564.9,1.43,83.261111,27.988611,1,0,WECS_NEA_MIP,2.1701,1.5178,0.8378,0.5197,0.39,0.4774,0.434,0.4774,0.651,1.1936,3.7977,7.3784,7.9209,4.5572,2.0616,0.9114,0.5642,0.0434,1.5178,1.4744,0.82,Commercial RoR (>1 MW),7.3,86.58,516.01,152.03,363.98,18.96,15.41,18.96,25.69,50.25,64.17,66.31,66.31,64.17,66.31,36.7,22.75,Resunga,0,1.0,Micro (5-100 kW),0,1,1
11490,3,797.8,765.6,32.2,31.25,32.24,524.3,6.15,83.564167,28.091111,1,0,WECS_NEA_MIP,1.2105,0.8416,0.4591,0.2814,0.2099,0.2663,0.2421,0.2663,0.3632,0.6658,2.1184,4.1158,4.4184,2.5421,1.15,0.5084,0.3147,0.0242,0.8416,0.8174,0.82,Commercial RoR (>1 MW),29.0,190.68,1139.17,336.91,802.25,42.02,34.16,42.02,56.94,111.36,141.36,146.07,146.07,141.36,146.07,81.33,50.42,Kaligandaki,0,1.0,Mini (100-1000 kW),0,1,1
11504,1,796.7,750.3,46.5,0.53,33.35,519.3,8.95,83.308333,27.976111,1,0,WECS_NEA_MIP,1.2513,0.8703,0.475,0.2914,0.2174,0.2753,0.2503,0.2753,0.3754,0.6882,2.1899,4.2546,4.5674,2.6278,1.1888,0.5256,0.3253,0.025,0.8703,0.8453,0.82,Commercial RoR (>1 MW),41.9,284.91,1701.83,503.21,1198.62,62.77,51.03,62.77,85.03,166.31,211.2,218.24,218.24,211.2,218.24,121.48,75.31,Gulmidarbar,0,1.0,Mini (100-1000 kW),0,1,1
11506,1,796.5,752.4,44.1,0.64,1.02,519.3,8.5,83.311667,27.955,0,1,WECS_NEA_MIP,0.041,0.0276,0.014,0.008,0.0058,0.009,0.0082,0.009,0.0123,0.0226,0.0718,0.1395,0.1498,0.0862,0.039,0.0172,0.0107,0.0008,0.014,0.0132,0.65,Micro/Mini Hydro (<1 MW),39.7,3.34,26.51,10.95,15.57,1.54,1.26,1.54,2.1,2.64,2.55,2.64,2.64,2.55,2.64,2.55,1.86,Chatrakot,0,1.0,Pico (<5 kW),0,1,0
11507,1,752.4,724.3,28.1,1.02,1.78,533.3,5.26,83.306944,27.956667,0,1,WECS_NEA_MIP,0.0708,0.0478,0.0246,0.0142,0.0103,0.0156,0.0142,0.0156,0.0212,0.039,0.1239,0.2408,0.2585,0.1487,0.0673,0.0297,0.0184,0.0014,0.0246,0.0232,0.65,Micro/Mini Hydro (<1 MW),25.3,3.74,29.52,12.09,17.43,1.7,1.39,1.7,2.3,2.95,2.86,2.95,2.95,2.86,2.95,2.86,2.04,Chatrakot,0,1.0,Pico (<5 kW),0,1,0
11510,1,796.3,698.9,97.4,0.51,0.64,600.1,16.23,83.295278,28.163611,0,1,WECS_NEA_MIP,0.026,0.0174,0.0088,0.005,0.0036,0.0057,0.0052,0.0057,0.0078,0.0143,0.0455,0.0884,0.0949,0.0546,0.0247,0.0109,0.0068,0.0005,0.0088,0.0083,0.65,Micro/Mini Hydro (<1 MW),87.7,4.64,36.93,15.31,21.61,2.16,1.77,2.16,2.94,3.66,3.54,3.66,3.66,3.54,3.66,3.54,2.62,Musikot,0,1.0,Pico (<5 kW),0,1,0
11511,5,698.9,698.9,0.0,0.64,934.19,41.2,0.0,83.293056,28.161667,1,0,GAUGE_TRANSFER_DHM,33.8617,20.7619,10.381,6.6735,4.6961,7.4496,6.7723,7.4496,10.1585,18.6239,59.258,115.1298,123.5952,71.1096,32.1686,14.2219,8.804,0.6772,20.7619,20.0847,0.82,Commercial RoR (>1 MW),0.0,0.0,0.0,0.0,0.0,0.0,0.0,0.0,0.0,0.0,0.0,0.0,0.0,0.0,0.0,0.0,0.0,Musikot,1,0.5,Pico (<5 kW),0,0,0
11512,2,796.3,747.6,48.7,5.03,5.61,561.2,8.68,83.418611,27.961389,0,1,WECS_NEA_MIP,0.2181,0.149,0.0785,0.0465,0.0341,0.048,0.0436,0.048,0.0654,0.12,0.3817,0.7417,0.7962,0.4581,0.2072,0.0916,0.0567,0.0044,0.0785,0.0741,0.65,Micro/Mini Hydro (<1 MW),43.8,20.7,161.21,64.92,96.29,9.06,7.36,9.06,12.27,16.31,15.79,16.31,16.31,15.79,16.31,15.79,10.87,Ruru,0,1.0,Micro (5-100 kW),0,1,1
11513,2,747.6,716.1,31.5,5.61,6.1,561.2,5.6,83.423333,27.960556,0,1,WECS_NEA_MIP,0.2368,0.1619,0.0854,0.0506,0.0372,0.0521,0.0474,0.0521,0.071,0.1302,0.4144,0.8051,0.8643,0.4973,0.225,0.0995,0.0616,0.0047,0.0854,0.0807,0.65,Micro/Mini Hydro (<1 MW),28.4,14.61,113.71,45.79,67.92,6.39,5.2,6.39,8.64,11.51,11.14,11.51,11.51,11.14,11.51,11.14,7.67,Ruru,0,1.0,Micro (5-100 kW),0,1,1
11514,2,716.1,691.7,24.4,6.1,6.54,537.0,4.54,83.428056,27.960278,0,1,WECS_NEA_MIP,0.2535,0.1735,0.0916,0.0544,0.0399,0.0558,0.0507,0.0558,0.0761,0.1394,0.4437,0.862,0.9253,0.5324,0.2408,0.1065,0.0659,0.0051,0.0916,0.0865,0.65,Micro/Mini Hydro (<1 MW),22.0,12.13,94.4,37.96,56.44,5.29,4.3,5.29,7.17,9.56,9.25,9.56,9.56,9.25,9.56,9.25,6.35,Ruru,0,1.0,Micro (5-100 kW),1,1,0
11515,2,691.7,691.7,0.0,6.54,15.04,81.8,0.0,83.430556,27.958889,1,0,WECS_NEA_MIP,0.5734,0.3956,0.2125,0.1283,0.095,0.1261,0.1147,0.1261,0.172,0.3154,1.0034,1.9495,2.0929,1.2041,0.5447,0.2408,0.1491,0.0115,0.3956,0.3841,0.82,Commercial RoR (>1 MW),0.0,0.0,0.0,0.0,0.0,0.0,0.0,0.0,0.0,0.0,0.0,0.0,0.0,0.0,0.0,0.0,0.0,Ruru,0,1.0,Pico (<5 kW),1,0,0
11531,2,794.5,772.3,22.2,2.47,3.02,611.1,3.64,83.336667,27.963889,0,1,WECS_NEA_MIP,0.1189,0.0807,0.042,0.0245,0.0179,0.0262,0.0238,0.0262,0.0357,0.0654,0.2081,0.4042,0.434,0.2497,0.1129,0.0499,0.0309,0.0024,0.042,0.0396,0.65,Micro/Mini Hydro (<1 MW),20.0,5.05,39.62,16.1,23.52,2.26,1.83,2.26,3.06,3.99,3.86,3.99,3.99,3.86,3.99,3.86,2.7,Chatrakot,0,1.0,Micro (5-100 kW),0,1,1
11532,2,772.3,737.6,34.7,3.02,4.06,547.3,6.34,83.340556,27.961111,0,1,WECS_NEA_MIP,0.1589,0.1082,0.0566,0.0333,0.0243,0.035,0.0318,0.035,0.0477,0.0874,0.2781,0.5402,0.58,0.3337,0.1509,0.0667,0.0413,0.0032,0.0566,0.0534,0.65,Micro/Mini Hydro (<1 MW),31.2,10.62,83.08,33.63,49.46,4.71,3.82,4.71,6.37,8.38,8.11,8.38,8.38,8.11,8.38,8.11,5.64,Chatrakot,0,1.0,Micro (5-100 kW),0,1,1
11533,2,737.6,649.7,87.9,4.06,5.14,547.3,16.06,83.345278,27.961667,0,1,WECS_NEA_MIP,0.2002,0.1367,0.0719,0.0425,0.0311,0.044,0.04,0.044,0.0601,0.1101,0.3504,0.6807,0.7308,0.4204,0.1902,0.0841,0.0521,0.004,0.0719,0.0679,0.65,Micro/Mini Hydro (<1 MW),79.1,34.25,266.9,107.63,159.28,15.01,12.2,15.01,20.37,26.98,26.11,26.98,26.98,26.11,26.98,26.11,18.05,Chatrakot,0,1.0,Micro (5-100 kW),0,1,1
11542,5,793.2,793.2,0.0,604.66,605.13,533.3,0.0,83.240556,28.219722,1,0,GAUGE_TRANSFER_DHM,23.4105,14.3539,7.1769,4.6137,3.2467,5.1503,4.6821,5.1503,7.0231,12.8758,40.9683,79.5956,85.4482,49.162,22.24,9.8324,6.0867,0.4682,14.3539,13.8857,0.82,Commercial RoR (>1 MW),0.0,0.0,0.0,0.0,0.0,0.0,0.0,0.0,0.0,0.0,0.0,0.0,0.0,0.0,0.0,0.0,0.0,Musikot,1,0.5,Pico (<5 kW),0,0,0
11543,5,793.2,774.0,19.2,605.13,606.02,617.1,3.11,83.245278,28.216944,1,0,GAUGE_TRANSFER_DHM,23.4397,14.3718,7.1859,4.6195,3.2508,5.1567,4.6879,5.1567,7.0319,12.8919,41.0195,79.6951,85.555,49.2235,22.2678,9.8447,6.0943,0.4688,14.3718,13.903,0.82,Commercial RoR (>1 MW),17.3,967.4,6087.64,1945.83,4141.81,485.38,394.56,485.38,657.61,1286.27,1440.03,1488.03,1488.03,1440.03,1488.03,939.45,582.46,Musikot,1,0.5,Mini (100-1000 kW),0,1,1
11544,5,774.0,773.0,1.0,606.02,607.18,617.1,0.16,83.25,28.215278,1,0,GAUGE_TRANSFER_DHM,23.4779,14.3952,7.1976,4.627,3.2561,5.1651,4.6956,5.1651,7.0434,12.9128,41.0863,79.8248,85.6942,49.3035,22.304,9.8607,6.1042,0.4696,14.3952,13.9256,0.82,Commercial RoR (>1 MW),0.9,50.41,317.21,101.39,215.82,25.29,20.56,25.29,34.27,67.02,75.04,77.54,77.54,75.04,77.54,48.95,30.35,Musikot,1,0.5,Micro (5-100 kW),0,0,0
11545,5,773.0,766.7,6.3,607.18,608.63,597.8,1.06,83.253889,28.211111,1,0,GAUGE_TRANSFER_DHM,23.5255,14.4244,7.2122,4.6364,3.2627,5.1756,4.7051,5.1756,7.0577,12.939,41.1697,79.9868,85.8681,49.4036,22.3492,9.8807,6.1166,0.4705,14.4244,13.9539,0.82,Commercial RoR (>1 MW),5.7,319.9,2013.1,643.46,1369.63,160.51,130.48,160.51,217.47,425.35,476.2,492.07,492.07,476.2,492.07,310.66,192.61,Musikot,1,0.5,Mini (100-1000 kW),0,1,1
11546,5,766.7,757.8,8.9,608.63,609.3,329.8,2.69,83.254167,28.2075,1,0,GAUGE_TRANSFER_DHM,23.5475,14.4379,7.219,4.6408,3.2657,5.1805,4.7095,5.1805,7.0643,12.9511,41.2082,80.0616,85.9485,49.4498,22.3702,9.89,6.1224,0.471,14.4379,13.967,0.82,Commercial RoR (>1 MW),8.0,449.42,2828.04,903.95,1924.1,225.49,183.3,225.49,305.5,597.54,668.97,691.27,691.27,668.97,691.27,436.43,270.58,Musikot,1,0.5,Mini (100-1000 kW),0,1,1
11553,4,792.6,792.6,0.0,55.98,261.56,383.0,0.0,83.255833,28.117778,1,0,GAUGE_TRANSFER_DHM,11.4756,7.0361,3.5181,2.2616,1.5915,2.5246,2.2951,2.5246,3.4427,6.3116,20.0823,39.017,41.8859,24.0987,10.9018,4.8197,2.9836,0.2295,7.0361,6.8066,0.82,Commercial RoR (>1 MW),0.0,0.0,0.0,0.0,0.0,0.0,0.0,0.0,0.0,0.0,0.0,0.0,0.0,0.0,0.0,0.0,0.0,Isma,1,0.5,Pico (<5 kW),0,0,0
11554,5,792.6,783.7,8.9,261.56,261.82,617.1,1.44,83.26,28.119722,1,0,GAUGE_TRANSFER_DHM,11.4853,7.0421,3.521,2.2635,1.5928,2.5268,2.2971,2.5268,3.4456,6.3169,20.0992,39.0499,41.9212,24.1191,10.911,4.8238,2.9862,0.2297,7.0421,6.8124,0.82,Commercial RoR (>1 MW),8.0,219.2,1379.38,440.9,938.48,109.98,89.41,109.98,149.01,291.45,326.29,337.17,337.17,326.29,337.17,212.87,131.98,Musikot,1,0.5,Mini (100-1000 kW),0,1,1
11555,5,783.7,783.7,0.0,261.82,261.84,463.5,0.0,83.264722,28.119722,1,0,GAUGE_TRANSFER_DHM,11.486,7.0425,3.5213,2.2637,1.593,2.5269,2.2972,2.5269,3.4458,6.3173,20.1005,39.0525,41.924,24.1206,10.9117,4.8241,2.9864,0.2297,7.0425,6.8128,0.82,Commercial RoR (>1 MW),0.0,0.0,0.0,0.0,0.0,0.0,0.0,0.0,0.0,0.0,0.0,0.0,0.0,0.0,0.0,0.0,0.0,Musikot,1,0.5,Pico (<5 kW),0,0,0
11556,5,783.7,783.7,0.0,261.84,263.05,54.5,0.0,83.267222,28.119722,1,0,GAUGE_TRANSFER_DHM,11.5311,7.0702,3.5351,2.2726,1.5992,2.5368,2.3062,2.5368,3.4593,6.3421,20.1795,39.2058,42.0886,24.2153,10.9546,4.8431,2.9981,0.2306,7.0702,6.8396,0.82,Commercial RoR (>1 MW),0.0,0.0,0.0,0.0,0.0,0.0,0.0,0.0,0.0,0.0,0.0,0.0,0.0,0.0,0.0,0.0,0.0,Musikot,1,0.5,Pico (<5 kW),0,0,0
11566,3,791.6,784.4,7.2,14.68,16.07,123.0,5.88,83.339444,28.039722,1,0,WECS_NEA_MIP,0.6118,0.4224,0.2272,0.1373,0.1018,0.1346,0.1224,0.1346,0.1836,0.3365,1.0707,2.0803,2.2332,1.2849,0.5812,0.257,0.1591,0.0122,0.4224,0.4102,0.82,Commercial RoR (>1 MW),6.5,21.45,128.49,38.18,90.32,4.76,3.87,4.76,6.45,12.62,15.9,16.43,16.43,15.9,16.43,9.22,5.71,Gulmidarbar,0,1.0,Micro (5-100 kW),0,1,1
11607,1,787.8,549.2,238.6,0.59,0.74,568.5,41.96,83.5825,27.988333,0,1,WECS_NEA_MIP,0.03,0.0201,0.0101,0.0058,0.0041,0.0066,0.006,0.0066,0.009,0.0165,0.0524,0.1019,0.1094,0.0629,0.0285,0.0126,0.0078,0.0006,0.0101,0.0095,0.65,Micro/Mini Hydro (<1 MW),214.7,13.01,103.82,43.09,60.73,6.11,4.97,6.11,8.28,10.29,9.96,10.29,10.29,9.96,10.29,9.96,7.33,Kaligandaki,0,1.0,Micro (5-100 kW),0,1,1
11608,1,549.2,549.2,0.0,0.74,0.97,536.0,0.0,83.584167,27.985,0,1,WECS_NEA_MIP,0.0391,0.0262,0.0133,0.0076,0.0055,0.0086,0.0078,0.0086,0.0117,0.0215,0.0684,0.1328,0.1426,0.082,0.0371,0.0164,0.0102,0.0008,0.0133,0.0125,0.65,Micro/Mini Hydro (<1 MW),0.0,0.0,0.0,0.0,0.0,0.0,0.0,0.0,0.0,0.0,0.0,0.0,0.0,0.0,0.0,0.0,0.0,Kaligandaki,0,1.0,Pico (<5 kW),0,0,0
11609,1,549.2,549.2,0.0,0.97,492.27,278.3,0.0,83.584444,27.981389,1,0,GAUGE_TRANSFER_DHM,19.6432,12.044,6.022,3.8713,2.7242,4.3215,3.9286,4.3215,5.893,10.8037,34.3756,66.7868,71.6976,41.2507,18.661,8.2501,5.1072,0.3929,12.044,11.6511,0.82,Commercial RoR (>1 MW),0.0,0.0,0.0,0.0,0.0,0.0,0.0,0.0,0.0,0.0,0.0,0.0,0.0,0.0,0.0,0.0,0.0,Kaligandaki,1,0.5,Pico (<5 kW),0,0,0
11612,1,787.5,566.9,220.6,0.53,0.97,600.8,36.72,83.456944,27.985,0,1,WECS_NEA_MIP,0.0391,0.0262,0.0133,0.0076,0.0055,0.0086,0.0078,0.0086,0.0117,0.0215,0.0684,0.1328,0.1426,0.082,0.0371,0.0164,0.0102,0.0008,0.0133,0.0125,0.65,Micro/Mini Hydro (<1 MW),198.5,15.82,125.89,51.95,73.94,7.35,5.95,7.35,9.93,12.52,12.12,12.52,12.52,12.12,12.52,12.12,8.85,Ruru,0,1.0,Micro (5-100 kW),0,1,1
11613,1,566.9,545.2,21.7,0.97,1581.59,534.6,4.05,83.459722,27.987222,1,0,GAUGE_TRANSFER_DHM,52.9747,32.4809,16.2404,10.4403,7.3469,11.6544,10.5949,11.6544,15.8924,29.1361,92.7058,180.1141,193.3577,111.2469,50.326,22.2494,13.7734,1.0595,32.4809,31.4214,0.82,Commercial RoR (>1 MW),19.5,2464.41,15507.95,4956.9,10551.05,1236.48,1005.14,1236.48,1675.24,3276.69,3668.41,3790.69,3790.69,3668.41,3790.69,2393.2,1483.78,Ruru,1,0.5,Small/Medium RoR (>1 MW),0,1,1
11635,3,784.4,758.0,26.4,16.07,16.72,625.1,4.22,83.341111,28.041944,1,0,WECS_NEA_MIP,0.6361,0.4394,0.2365,0.1431,0.106,0.1399,0.1272,0.1399,0.1908,0.3498,1.1131,2.1627,2.3217,1.3358,0.6043,0.2672,0.1654,0.0127,0.4394,0.4267,0.82,Commercial RoR (>1 MW),23.8,81.69,489.27,145.29,343.98,18.12,14.73,18.12,24.55,48.02,60.57,62.59,62.59,60.57,62.59,35.08,21.75,Gulmidarbar,0,1.0,Micro (5-100 kW),0,1,1
11636,3,758.0,716.9,41.2,16.72,17.81,620.7,6.64,83.345278,28.045833,1,0,WECS_NEA_MIP,0.6767,0.4677,0.2521,0.1527,0.1132,0.1489,0.1353,0.1489,0.203,0.3722,1.1842,2.3008,2.4699,1.4211,0.6429,0.2842,0.1759,0.0135,0.4677,0.4542,0.82,Commercial RoR (>1 MW),37.1,135.55,811.69,240.98,570.71,30.06,24.43,30.06,40.72,79.65,100.5,103.85,103.85,100.5,103.85,58.17,36.06,Gulmidarbar,0,1.0,Mini (100-1000 kW),0,1,1
11637,3,716.9,707.7,9.2,17.81,18.94,610.4,1.51,83.349444,28.049167,1,0,WECS_NEA_MIP,0.7187,0.4971,0.2683,0.1627,0.1207,0.1581,0.1437,0.1581,0.2156,0.3953,1.2578,2.4437,2.6234,1.5094,0.6828,0.3019,0.1869,0.0144,0.4971,0.4827,0.82,Commercial RoR (>1 MW),8.3,32.23,192.93,57.24,135.69,7.14,5.8,7.14,9.67,18.92,23.9,24.69,24.69,23.9,24.69,13.82,8.57,Gulmidarbar,0,1.0,Micro (5-100 kW),0,1,1
11638,3,707.7,691.9,15.8,18.94,19.61,547.3,2.89,83.354167,28.050833,1,0,WECS_NEA_MIP,0.7437,0.5145,0.2778,0.1686,0.1252,0.1636,0.1487,0.1636,0.2231,0.409,1.3014,2.5284,2.7143,1.5617,0.7065,0.3123,0.1934,0.0149,0.5145,0.4996,0.82,Commercial RoR (>1 MW),14.2,57.07,341.59,101.33,240.26,12.64,10.27,12.64,17.12,33.49,42.31,43.72,43.72,42.31,43.72,24.46,15.17,Chatrakot,0,1.0,Micro (5-100 kW),0,1,1
11639,3,691.9,657.1,34.7,19.61,20.64,519.3,6.69,83.358889,28.048889,1,0,WECS_NEA_MIP,0.7819,0.5412,0.2926,0.1777,0.132,0.172,0.1564,0.172,0.2346,0.4301,1.3683,2.6585,2.854,1.642,0.7428,0.3284,0.2033,0.0156,0.5412,0.5256,0.82,Commercial RoR (>1 MW),31.2,131.91,789.47,234.18,555.29,29.2,23.75,29.2,39.57,77.4,97.8,101.06,101.06,97.8,101.06,56.52,35.05,Chatrakot,0,1.0,Mini (100-1000 kW),0,1,1
11640,3,657.1,627.4,29.7,20.64,20.96,533.3,5.57,83.363611,28.048611,1,0,WECS_NEA_MIP,0.7938,0.5495,0.2972,0.1806,0.1341,0.1746,0.1588,0.1746,0.2381,0.4366,1.3891,2.6989,2.8973,1.667,0.7541,0.3334,0.2064,0.0159,0.5495,0.5336,0.82,Commercial RoR (>1 MW),26.7,114.61,685.85,203.37,482.47,25.36,20.63,25.36,34.36,67.23,84.98,87.81,87.81,84.98,87.81,49.1,30.44,Gulmidarbar,0,1.0,Mini (100-1000 kW),0,1,1
11641,3,627.4,627.4,0.0,20.96,24.77,123.7,0.0,83.366389,28.049444,1,0,WECS_NEA_MIP,0.935,0.6483,0.3518,0.2145,0.1596,0.2057,0.187,0.2057,0.2805,0.5142,1.6362,3.1788,3.4126,1.9634,0.8882,0.3927,0.2431,0.0187,0.6483,0.6296,0.82,Commercial RoR (>1 MW),0.0,0.0,0.0,0.0,0.0,0.0,0.0,0.0,0.0,0.0,0.0,0.0,0.0,0.0,0.0,0.0,0.0,Gulmidarbar,0,1.0,Pico (<5 kW),0,0,0
11651,1,784.1,739.3,44.8,0.57,0.86,597.8,7.49,83.2975,27.971389,0,1,WECS_NEA_MIP,0.0347,0.0233,0.0118,0.0067,0.0048,0.0076,0.0069,0.0076,0.0104,0.0191,0.0608,0.118,0.1267,0.0729,0.033,0.0146,0.009,0.0007,0.0118,0.0111,0.65,Micro/Mini Hydro (<1 MW),40.3,2.85,22.66,9.35,13.32,1.32,1.07,1.32,1.79,2.26,2.18,2.26,2.26,2.18,2.26,2.18,1.59,Gulmidarbar,0,1.0,Pico (<5 kW),0,1,0
11652,1,739.3,728.1,11.2,0.86,70.58,195.2,5.74,83.299167,27.968333,1,0,WECS_NEA_MIP,2.6089,1.8281,1.0129,0.6306,0.4741,0.5739,0.5218,0.5739,0.7827,1.4349,4.5655,8.8701,9.5223,5.4786,2.4784,1.0957,0.6783,0.0522,1.8281,1.7759,0.82,Commercial RoR (>1 MW),10.1,144.29,859.3,252.87,606.43,31.54,25.64,31.54,42.73,83.58,106.94,110.5,110.5,106.94,110.5,61.04,37.85,Gulmidarbar,0,1.0,Mini (100-1000 kW),0,1,1
11656,5,783.7,783.7,0.0,263.05,263.86,631.0,0.0,83.27,28.122222,1,0,GAUGE_TRANSFER_DHM,11.5613,7.0887,3.5443,2.2785,1.6034,2.5435,2.3123,2.5435,3.4684,6.3587,20.2323,39.3084,42.1987,24.2787,10.9832,4.8557,3.0059,0.2312,7.0887,6.8575,0.82,Commercial RoR (>1 MW),0.0,0.0,0.0,0.0,0.0,0.0,0.0,0.0,0.0,0.0,0.0,0.0,0.0,0.0,0.0,0.0,0.0,Musikot,1,0.5,Pico (<5 kW),0,0,0
11657,5,783.7,783.7,0.0,263.86,266.69,81.8,0.0,83.272778,28.123056,1,0,GAUGE_TRANSFER_DHM,11.6666,7.1532,3.5766,2.2993,1.618,2.5667,2.3333,2.5667,3.5,6.4166,20.4166,39.6665,42.5831,24.4999,11.0833,4.9,3.0333,0.2333,7.1532,6.9199,0.82,Commercial RoR (>1 MW),0.0,0.0,0.0,0.0,0.0,0.0,0.0,0.0,0.0,0.0,0.0,0.0,0.0,0.0,0.0,0.0,0.0,Musikot,1,0.5,Pico (<5 kW),0,0,0
11658,5,783.7,783.7,0.0,266.69,268.29,645.6,0.0,83.275278,28.121111,1,0,GAUGE_TRANSFER_DHM,11.7261,7.1897,3.5949,2.311,1.6262,2.5797,2.3452,2.5797,3.5178,6.4493,20.5206,39.8687,42.8002,24.6248,11.1398,4.925,3.0488,0.2345,7.1897,6.9552,0.82,Commercial RoR (>1 MW),0.0,0.0,0.0,0.0,0.0,0.0,0.0,0.0,0.0,0.0,0.0,0.0,0.0,0.0,0.0,0.0,0.0,Musikot,1,0.5,Pico (<5 kW),0,0,0
11659,5,783.7,715.0,68.6,268.29,269.28,582.5,11.78,83.279444,28.116667,1,0,GAUGE_TRANSFER_DHM,11.7628,7.2123,3.6061,2.3182,1.6313,2.5878,2.3526,2.5878,3.5289,6.4696,20.585,39.9937,42.9344,24.702,11.1747,4.9404,3.0583,0.2353,7.2123,6.977,0.82,Commercial RoR (>1 MW),61.7,1731.43,10895.52,3482.57,7412.95,868.7,706.19,868.7,1176.99,2302.12,2577.36,2663.27,2663.27,2577.36,2663.27,1681.39,1042.44,Musikot,1,0.5,Small/Medium RoR (>1 MW),0,1,1
11660,5,715.0,694.9,20.1,269.28,269.8,491.4,4.09,83.284167,28.1175,1,0,GAUGE_TRANSFER_DHM,11.7821,7.2241,3.612,2.322,1.634,2.5921,2.3564,2.5921,3.5346,6.4802,20.6188,40.0593,43.0048,24.7425,11.193,4.9485,3.0634,0.2356,7.2241,6.9885,0.82,Commercial RoR (>1 MW),18.1,508.76,3201.53,1023.34,2178.19,255.27,207.51,255.27,345.84,676.46,757.32,782.56,782.56,757.32,782.56,494.06,306.33,Musikot,1,0.5,Mini (100-1000 kW),0,1,1
11661,5,694.9,694.9,0.0,269.8,272.06,492.1,0.0,83.288611,28.118056,1,0,GAUGE_TRANSFER_DHM,11.866,7.2755,3.6377,2.3386,1.6456,2.6105,2.3732,2.6105,3.5598,6.5263,20.7655,40.3444,43.3109,24.9186,11.2727,4.9837,3.0852,0.2373,7.2755,7.0382,0.82,Commercial RoR (>1 MW),0.0,0.0,0.0,0.0,0.0,0.0,0.0,0.0,0.0,0.0,0.0,0.0,0.0,0.0,0.0,0.0,0.0,Musikot,1,0.5,Pico (<5 kW),0,0,0
11662,1,783.0,719.6,63.4,0.51,0.68,484.8,13.07,83.598333,28.005833,0,1,WECS_NEA_MIP,0.0276,0.0184,0.0093,0.0053,0.0038,0.0061,0.0055,0.0061,0.0083,0.0152,0.0483,0.0938,0.1007,0.0579,0.0262,0.0116,0.0072,0.0006,0.0093,0.0087,0.65,Micro/Mini Hydro (<1 MW),57.1,3.17,25.38,10.5,14.87,1.49,1.2,1.49,2.02,2.52,2.44,2.52,2.52,2.44,2.52,2.44,1.79,Kaligandaki,0,1.0,Pico (<5 kW),0,1,0
11663,1,719.6,579.5,140.2,0.68,0.82,513.4,27.31,83.6025,28.004722,0,1,WECS_NEA_MIP,0.0331,0.0222,0.0113,0.0064,0.0046,0.0073,0.0066,0.0073,0.0099,0.0182,0.058,0.1127,0.1209,0.0696,0.0315,0.0139,0.0086,0.0007,0.0113,0.0106,0.65,Micro/Mini Hydro (<1 MW),126.2,8.53,67.86,27.92,39.94,3.95,3.19,3.95,5.33,6.77,6.55,6.77,6.77,6.55,6.77,6.55,4.73,Kaligandaki,0,1.0,Micro (5-100 kW),0,1,1
11664,1,579.5,579.5,0.0,0.82,485.5,474.1,0.0,83.603056,28.000556,1,0,GAUGE_TRANSFER_DHM,19.4133,11.9031,5.9515,3.826,2.6924,4.2709,3.8827,4.2709,5.824,10.6773,33.9733,66.0053,70.8586,40.768,18.4426,8.1536,5.0475,0.3883,11.9031,11.5148,0.82,Commercial RoR (>1 MW),0.0,0.0,0.0,0.0,0.0,0.0,0.0,0.0,0.0,0.0,0.0,0.0,0.0,0.0,0.0,0.0,0.0,Kaligandaki,1,0.5,Pico (<5 kW),0,0,0
11665,3,782.9,773.7,9.2,40.04,41.17,369.7,2.49,83.536667,28.074722,1,0,WECS_NEA_MIP,1.5383,1.0721,0.5877,0.3619,0.2707,0.3384,0.3077,0.3384,0.4615,0.846,2.692,5.2301,5.6147,3.2304,1.4614,0.6461,0.4,0.0308,1.0721,1.0413,0.82,Commercial RoR (>1 MW),8.3,69.52,414.95,122.52,292.42,15.28,12.42,15.28,20.7,40.49,51.54,53.26,53.26,51.54,53.26,29.58,18.34,Kaligandaki,0,1.0,Micro (5-100 kW),0,1,1
11697,1,585.5,585.5,0.0,1.5,293.58,257.7,0.0,83.563333,28.056944,1,0,GAUGE_TRANSFER_DHM,12.6592,7.7618,3.8809,2.4949,1.7557,2.785,2.5318,2.785,3.7978,6.9626,22.1536,43.0413,46.2061,26.5843,12.0262,5.3169,3.2914,0.2532,7.7618,7.5086,0.82,Commercial RoR (>1 MW),0.0,0.0,0.0,0.0,0.0,0.0,0.0,0.0,0.0,0.0,0.0,0.0,0.0,0.0,0.0,0.0,0.0,Kaligandaki,1,0.5,Pico (<5 kW),0,0,0
11703,3,778.5,767.2,11.3,29.7,30.33,604.4,1.88,83.310833,27.985556,1,0,WECS_NEA_MIP,1.1402,0.7923,0.4316,0.2642,0.197,0.2508,0.228,0.2508,0.3421,0.6271,1.9953,3.8767,4.1617,2.3944,1.0832,0.4789,0.2965,0.0228,0.7923,0.7695,0.82,Commercial RoR (>1 MW),10.2,63.14,377.27,111.61,265.66,13.92,11.31,13.92,18.86,36.89,46.81,48.37,48.37,46.81,48.37,26.94,16.71,Gulmidarbar,0,1.0,Micro (5-100 kW),0,1,1
11704,3,767.2,757.9,9.3,30.33,31.31,604.4,1.53,83.311111,27.981111,1,0,WECS_NEA_MIP,1.1763,0.8176,0.4457,0.273,0.2036,0.2588,0.2353,0.2588,0.3529,0.647,2.0585,3.9994,4.2934,2.4702,1.1175,0.494,0.3058,0.0235,0.8176,0.7941,0.82,Commercial RoR (>1 MW),8.4,53.66,320.59,94.84,225.75,11.83,9.62,11.83,16.03,31.35,39.78,41.1,41.1,39.78,41.1,22.89,14.19,Gulmidarbar,0,1.0,Micro (5-100 kW),0,1,1
11705,3,757.9,750.8,7.1,31.31,32.63,329.8,2.15,83.310556,27.9775,1,0,WECS_NEA_MIP,1.2249,0.8517,0.4647,0.2849,0.2125,0.2695,0.245,0.2695,0.3675,0.6737,2.1435,4.1645,4.4708,2.5722,1.1636,0.5144,0.3185,0.0245,0.8517,0.8272,0.82,Commercial RoR (>1 MW),6.4,42.59,254.41,75.24,179.17,9.38,7.63,9.38,12.71,24.87,31.57,32.62,32.62,31.57,32.62,18.16,11.26,Gulmidarbar,0,1.0,Micro (5-100 kW),0,1,1
11710,1,778.3,694.9,83.3,1.79,272.06,398.3,20.92,83.291111,28.117222,1,0,GAUGE_TRANSFER_DHM,11.866,7.2755,3.6377,2.3386,1.6456,2.6105,2.3732,2.6105,3.5598,6.5263,20.7655,40.3444,43.3109,24.9186,11.2727,4.9837,3.0852,0.2373,7.2755,7.0382,0.82,Commercial RoR (>1 MW),75.0,2123.12,13360.33,4270.48,9089.86,1065.25,865.95,1065.25,1443.25,2822.92,3160.38,3265.73,3265.73,3160.38,3265.73,2061.77,1278.33,Musikot,1,0.5,Small/Medium RoR (>1 MW),0,1,1
11750,3,773.7,726.6,47.0,41.17,41.71,614.7,7.65,83.540278,28.071667,1,0,WECS_NEA_MIP,1.558,1.086,0.5954,0.3668,0.2744,0.3428,0.3116,0.3428,0.4674,0.8569,2.7266,5.2973,5.6868,3.2719,1.4801,0.6544,0.4051,0.0312,1.086,1.0548,0.82,Commercial RoR (>1 MW),42.3,358.92,2142.05,632.44,1509.6,78.88,64.12,78.88,106.87,209.03,266.06,274.93,274.93,266.06,274.93,152.68,94.66,Kaligandaki,0,1.0,Mini (100-1000 kW),0,1,1
11751,3,726.6,692.1,34.6,41.71,42.41,491.4,7.03,83.543333,28.068889,1,0,WECS_NEA_MIP,1.5837,1.1041,0.6055,0.3732,0.2792,0.3484,0.3167,0.3484,0.4751,0.871,2.7714,5.3844,5.7804,3.3257,1.5045,0.6651,0.4118,0.0317,1.1041,1.0724,0.82,Commercial RoR (>1 MW),31.1,268.29,1601.01,472.64,1128.36,58.95,47.91,58.95,79.87,156.22,198.88,205.51,205.51,198.88,205.51,114.09,70.75,Kaligandaki,0,1.0,Mini (100-1000 kW),0,1,1
11752,3,692.1,671.2,20.9,42.41,43.26,246.0,8.5,83.546667,28.069167,1,0,WECS_NEA_MIP,1.6148,1.126,0.6178,0.3809,0.285,0.3552,0.323,0.3552,0.4844,0.8881,2.8258,5.4902,5.8939,3.391,1.534,0.6782,0.4198,0.0323,1.126,1.0937,0.82,Commercial RoR (>1 MW),18.8,165.4,986.94,291.32,695.62,36.33,29.54,36.33,49.23,96.29,122.61,126.69,126.69,122.61,126.69,70.33,43.6,Kaligandaki,0,1.0,Mini (100-1000 kW),0,1,1
11754,1,773.3,744.1,29.1,0.5,9.99,54.5,53.38,83.451667,28.030833,0,1,WECS_NEA_MIP,0.384,0.2639,0.1406,0.0842,0.0621,0.0845,0.0768,0.0845,0.1152,0.2112,0.672,1.3056,1.4016,0.8064,0.3648,0.1613,0.0998,0.0077,0.1406,0.1329,0.65,Micro/Mini Hydro (<1 MW),26.2,22.2,171.87,68.7,103.16,9.55,7.76,9.55,12.93,17.48,16.91,17.48,17.48,16.91,17.48,16.91,11.45,Satyawati,0,1.0,Micro (5-100 kW),0,1,1
11755,2,773.0,718.0,55.0,9.24,10.34,579.5,9.5,83.391389,28.061667,1,0,WECS_NEA_MIP,0.3972,0.273,0.1456,0.0872,0.0643,0.0874,0.0794,0.0874,0.1192,0.2184,0.695,1.3504,1.4497,0.8341,0.3773,0.1668,0.1033,0.0079,0.273,0.2651,0.82,Commercial RoR (>1 MW),49.5,105.56,633.49,188.77,444.72,23.55,19.13,23.55,31.91,62.36,78.27,80.88,80.88,78.27,80.88,45.56,28.26,Chandrakot,0,1.0,Mini (100-1000 kW),0,1,1
11782,4,769.1,745.7,23.3,125.18,125.94,572.2,4.08,83.381667,28.079444,1,0,WECS_NEA_MIP,4.6015,3.2432,1.8179,1.145,0.8659,1.0123,0.9203,1.0123,1.3805,2.5308,8.0527,15.6453,16.7956,9.6632,4.3715,1.9326,1.1964,0.092,3.2432,3.1512,0.82,Commercial RoR (>1 MW),21.0,532.33,3163.04,927.4,2235.64,115.67,94.03,115.67,156.72,306.51,394.46,407.61,407.61,394.46,407.61,223.87,138.8,Chandrakot,0,1.0,Mini (100-1000 kW),0,1,1
11783,4,745.7,733.5,12.2,125.94,126.74,274.0,4.47,83.378333,28.078611,1,0,WECS_NEA_MIP,4.6302,3.2636,1.8295,1.1525,0.8716,1.0186,0.926,1.0186,1.3891,2.5466,8.1028,15.7426,16.9002,9.7234,4.3987,1.9447,1.2038,0.0926,3.2636,3.171,0.82,Commercial RoR (>1 MW),11.0,280.59,1667.2,488.79,1178.41,60.96,49.56,60.96,82.6,161.56,207.92,214.85,214.85,207.92,214.85,118.0,73.15,Chandrakot,0,1.0,Mini (100-1000 kW),0,1,1
11799,3,766.9,715.6,51.3,10.82,11.25,620.7,8.27,83.544167,28.056389,1,0,WECS_NEA_MIP,0.4314,0.2968,0.1585,0.0951,0.0702,0.0949,0.0863,0.0949,0.1294,0.2373,0.7549,1.4667,1.5746,0.9059,0.4098,0.1812,0.1122,0.0086,0.2968,0.2882,0.82,Commercial RoR (>1 MW),46.2,107.11,642.55,191.33,451.22,23.86,19.41,23.86,32.32,63.24,79.42,82.07,82.07,79.42,82.07,46.18,28.65,Kaligandaki,0,1.0,Mini (100-1000 kW),0,1,1
11800,3,715.6,675.4,40.2,11.25,12.12,547.3,7.35,83.548611,28.054722,1,0,WECS_NEA_MIP,0.4641,0.3195,0.1709,0.1027,0.0759,0.1021,0.0928,0.1021,0.1392,0.2552,0.8121,1.5778,1.6938,0.9745,0.4409,0.1949,0.1207,0.0093,0.3195,0.3102,0.82,Commercial RoR (>1 MW),36.2,90.33,541.75,161.2,380.55,20.11,16.34,20.11,27.24,53.27,66.99,69.22,69.22,66.99,69.22,38.91,24.14,Kaligandaki,0,1.0,Micro (5-100 kW),0,1,1
11801,3,675.4,642.7,32.7,12.12,12.42,547.9,5.96,83.552222,28.052222,1,0,WECS_NEA_MIP,0.4753,0.3273,0.1752,0.1053,0.0778,0.1046,0.0951,0.1046,0.1426,0.2614,0.8318,1.6161,1.7349,0.9982,0.4516,0.1996,0.1236,0.0095,0.3273,0.3178,0.82,Commercial RoR (>1 MW),29.4,75.16,450.74,134.13,316.61,16.73,13.6,16.73,22.66,44.32,55.73,57.59,57.59,55.73,57.59,32.37,20.08,Kaligandaki,0,1.0,Micro (5-100 kW),0,1,1
11802,3,642.7,598.5,44.3,12.42,12.78,561.2,7.89,83.556944,28.051389,1,0,WECS_NEA_MIP,0.4888,0.3367,0.1803,0.1085,0.0802,0.1075,0.0978,0.1075,0.1466,0.2688,0.8554,1.662,1.7842,1.0265,0.4644,0.2053,0.1271,0.0098,0.3367,0.3269,0.82,Commercial RoR (>1 MW),39.9,104.92,629.12,187.11,442.01,23.33,18.98,23.33,31.61,61.85,77.81,80.4,80.4,77.81,80.4,45.18,28.01,Kaligandaki,0,1.0,Mini (100-1000 kW),0,1,1
11803,3,598.5,585.5,12.9,12.78,308.26,326.2,3.96,83.56,28.049444,1,0,GAUGE_TRANSFER_DHM,13.1953,8.0905,4.0453,2.6005,1.83,2.903,2.6391,2.903,3.9586,7.2574,23.0917,44.8639,48.1628,27.7101,12.5355,5.542,3.4308,0.2639,8.0905,7.8266,0.82,Commercial RoR (>1 MW),11.6,365.16,2297.88,734.5,1563.38,183.22,148.94,183.22,248.23,485.52,543.56,561.68,561.68,543.56,561.68,354.61,219.86,Kaligandaki,1,0.5,Mini (100-1000 kW),0,1,1
11811,3,765.6,711.5,54.0,32.24,33.05,533.3,10.13,83.568611,28.089167,1,0,WECS_NEA_MIP,1.2403,0.8626,0.4707,0.2887,0.2154,0.2729,0.2481,0.2729,0.3721,0.6822,2.1705,4.2171,4.5271,2.6047,1.1783,0.5209,0.3225,0.0248,0.8626,0.8378,0.82,Commercial RoR (>1 MW),48.6,327.54,1956.52,578.56,1377.96,72.16,58.66,72.16,97.76,191.21,242.81,250.9,250.9,242.81,250.9,139.64,86.59,Kaligandaki,0,1.0,Mini (100-1000 kW),0,1,1
11812,3,711.5,698.6,12.9,33.05,34.46,534.6,2.42,83.573056,28.088889,1,0,WECS_NEA_MIP,1.2921,0.899,0.491,0.3013,0.225,0.2843,0.2584,0.2843,0.3876,0.7107,2.2613,4.3933,4.7163,2.7135,1.2275,0.5427,0.336,0.0258,0.899,0.8732,0.82,Commercial RoR (>1 MW),11.6,81.48,486.64,143.87,342.77,17.95,14.59,17.95,24.31,47.55,60.4,62.41,62.41,60.4,62.41,34.73,21.54,Kaligandaki,0,1.0,Micro (5-100 kW),0,1,1
11813,2,765.2,712.3,52.8,2.88,3.36,519.3,10.17,83.332778,27.949444,0,1,WECS_NEA_MIP,0.132,0.0897,0.0468,0.0274,0.02,0.029,0.0264,0.029,0.0396,0.0726,0.231,0.4488,0.4818,0.2772,0.1254,0.0554,0.0343,0.0026,0.0468,0.0442,0.65,Micro/Mini Hydro (<1 MW),47.5,13.39,104.76,42.5,62.26,5.95,4.84,5.95,8.07,10.55,10.21,10.55,10.55,10.21,10.55,10.21,7.14,Chatrakot,0,1.0,Micro (5-100 kW),0,1,1
11814,2,712.3,674.4,37.9,3.36,3.83,491.4,7.71,83.3375,27.95,0,1,WECS_NEA_MIP,0.1501,0.1021,0.0534,0.0314,0.0229,0.033,0.03,0.033,0.045,0.0825,0.2626,0.5102,0.5477,0.3151,0.1426,0.063,0.039,0.003,0.0534,0.0504,0.65,Micro/Mini Hydro (<1 MW),34.1,10.96,85.69,34.69,51.0,4.85,3.95,4.85,6.58,8.64,8.36,8.64,8.64,8.36,8.64,8.36,5.82,Chatrakot,0,1.0,Micro (5-100 kW),0,1,1
11815,2,674.4,604.1,70.3,3.83,481.19,575.2,12.22,83.342222,27.948056,1,0,GAUGE_TRANSFER_DHM,19.2667,11.8132,5.9066,3.7971,2.672,4.2387,3.8533,4.2387,5.78,10.5967,33.7168,65.5069,70.3236,40.4601,18.3034,8.092,5.0093,0.3853,11.8132,11.4279,0.82,Commercial RoR (>1 MW),63.3,2909.53,18308.97,5852.23,12456.74,1459.83,1186.68,1459.83,1977.82,3868.52,4330.98,4475.35,4475.35,4330.98,4475.35,2825.45,1751.77,Chatrakot,1,0.5,Small/Medium RoR (>1 MW),0,1,1
11833,1,763.6,732.4,31.1,0.5,615.25,123.7,25.16,83.270556,28.191111,1,0,GAUGE_TRANSFER_DHM,23.7428,14.5577,7.2788,4.6792,3.2928,5.2234,4.7486,5.2234,7.1229,13.0586,41.55,80.7257,86.6614,49.86,22.5557,9.972,6.1731,0.4749,14.5577,14.0828,0.82,Commercial RoR (>1 MW),28.0,1585.99,9980.25,3190.04,6790.22,795.74,646.87,795.74,1078.11,2108.74,2360.84,2439.53,2439.53,2360.84,2439.53,1540.15,954.89,Musikot,1,0.5,Small/Medium RoR (>1 MW),0,1,1
11836,1,763.4,702.0,61.4,0.61,931.11,413.9,14.84,83.288889,28.167778,1,0,GAUGE_TRANSFER_DHM,33.7668,20.7037,10.3519,6.6548,4.683,7.4287,6.7534,7.4287,10.13,18.5717,59.0919,114.8071,123.2488,70.9102,32.0784,14.182,8.7794,0.6753,20.7037,20.0284,0.82,Commercial RoR (>1 MW),55.3,4454.76,28032.78,8960.34,19072.44,2235.13,1816.96,2235.13,3028.23,5923.07,6631.14,6852.18,6852.18,6631.14,6852.18,4326.03,2682.17,Musikot,1,0.5,Small/Medium RoR (>1 MW),0,1,1
11842,1,579.5,579.5,0.0,0.68,322.1,525.7,0.0,83.563611,28.038611,1,0,GAUGE_TRANSFER_DHM,13.6972,8.3983,4.1991,2.6994,1.8996,3.0134,2.7394,3.0134,4.1092,7.5334,23.9701,46.5704,49.9947,28.7641,13.0123,5.7528,3.5613,0.2739,8.3983,8.1244,0.82,Commercial RoR (>1 MW),0.0,0.0,0.0,0.0,0.0,0.0,0.0,0.0,0.0,0.0,0.0,0.0,0.0,0.0,0.0,0.0,0.0,Kaligandaki,1,0.5,Pico (<5 kW),0,0,0
11847,3,762.2,710.6,51.7,18.59,19.23,614.1,8.41,83.338611,28.1025,1,0,WECS_NEA_MIP,0.7295,0.5046,0.2724,0.1652,0.1226,0.1605,0.1459,0.1605,0.2189,0.4012,1.2767,2.4804,2.6628,1.532,0.6931,0.3064,0.1897,0.0146,0.5046,0.49,0.82,Commercial RoR (>1 MW),46.5,183.29,1097.22,325.55,771.67,40.6,33.0,40.6,55.02,107.59,135.9,140.43,140.43,135.9,140.43,78.59,48.73,Musikot,0,1.0,Mini (100-1000 kW),0,1,1
11848,3,710.6,677.8,32.8,19.23,19.41,575.2,5.7,83.333889,28.1025,1,0,WECS_NEA_MIP,0.7362,0.5093,0.275,0.1668,0.1238,0.162,0.1472,0.162,0.2209,0.4049,1.2884,2.5032,2.6872,1.5461,0.6994,0.3092,0.1914,0.0147,0.5093,0.4946,0.82,Commercial RoR (>1 MW),29.5,117.37,702.57,208.46,494.11,26.01,21.13,26.01,35.23,68.89,87.02,89.92,89.92,87.02,89.92,50.32,31.2,Chandrakot,0,1.0,Mini (100-1000 kW),0,1,1
11849,3,677.8,651.7,26.1,19.41,1279.89,376.4,6.93,83.33,28.103333,1,0,GAUGE_TRANSFER_DHM,44.2523,27.1328,13.5664,8.7213,6.1372,9.7355,8.8505,9.7355,13.2757,24.3388,77.4415,150.4577,161.5208,92.9298,42.0397,18.586,11.5056,0.8851,27.1328,26.2477,0.82,Commercial RoR (>1 MW),23.5,2480.91,15611.84,4990.11,10621.74,1244.76,1011.88,1244.76,1686.46,3298.64,3692.99,3816.09,3816.09,3692.99,3816.09,2409.23,1493.72,Gulmidarbar,1,0.5,Small/Medium RoR (>1 MW),0,1,1
11868,1,760.5,630.7,129.8,0.56,474.47,341.1,38.05,83.348056,27.936389,1,0,GAUGE_TRANSFER_DHM,19.0378,11.6728,5.8364,3.752,2.6403,4.1883,3.8076,4.1883,5.7113,10.4708,33.3161,64.7285,69.4879,39.9793,18.0859,7.9959,4.9498,0.3808,11.6728,11.292,0.82,Commercial RoR (>1 MW),116.8,5304.77,33381.72,10669.97,22711.76,2661.57,2163.63,2661.57,3606.0,7053.26,7896.47,8159.69,8159.69,7896.47,8159.69,5151.5,3193.89,Chatrakot,1,0.5,Small/Medium RoR (>1 MW),0,1,1
11871,5,760.1,757.8,2.3,0.5,609.3,41.2,5.58,83.254722,28.206111,1,0,GAUGE_TRANSFER_DHM,23.5475,14.4379,7.219,4.6408,3.2657,5.1805,4.7095,5.1805,7.0643,12.9511,41.2082,80.0616,85.9485,49.4498,22.3702,9.89,6.1224,0.471,14.4379,13.967,0.82,Commercial RoR (>1 MW),2.1,117.97,742.36,237.28,505.07,59.19,48.12,59.19,80.19,156.85,175.61,181.46,181.46,175.61,181.46,114.56,71.03,Musikot,1,0.5,Mini (100-1000 kW),0,1,1
11872,2,760.1,740.9,19.2,3.76,4.04,597.8,3.21,83.289722,27.971389,0,1,WECS_NEA_MIP,0.1581,0.1077,0.0563,0.0331,0.0242,0.0348,0.0316,0.0348,0.0474,0.087,0.2767,0.5376,0.5772,0.3321,0.1502,0.0664,0.0411,0.0032,0.0563,0.0531,0.65,Micro/Mini Hydro (<1 MW),17.3,5.86,45.81,18.53,27.28,2.59,2.11,2.59,3.51,4.62,4.47,4.62,4.62,4.47,4.62,4.47,3.11,Gulmidarbar,0,1.0,Micro (5-100 kW),0,1,1
11873,2,740.9,734.4,6.4,4.04,69.06,247.4,2.59,83.291389,27.968056,1,0,WECS_NEA_MIP,2.5538,1.7891,0.9909,0.6166,0.4635,0.5618,0.5108,0.5618,0.7661,1.4046,4.4691,8.6829,9.3213,5.363,2.4261,1.0726,0.664,0.0511,1.7891,1.738,0.82,Commercial RoR (>1 MW),5.8,81.09,482.97,142.15,340.83,17.73,14.41,17.73,24.02,46.98,60.1,62.1,62.1,60.1,62.1,34.31,21.28,Gulmidarbar,0,1.0,Micro (5-100 kW),0,1,1
11882,1,759.7,724.3,35.5,0.52,1.08,505.4,7.02,83.409167,27.946944,0,1,WECS_NEA_MIP,0.0434,0.0292,0.0149,0.0085,0.0061,0.0095,0.0087,0.0095,0.013,0.0239,0.076,0.1476,0.1584,0.0911,0.0412,0.0182,0.0113,0.0009,0.0149,0.014,0.65,Micro/Mini Hydro (<1 MW),31.9,2.85,22.58,9.27,13.31,1.3,1.07,1.3,1.77,2.25,2.18,2.25,2.25,2.18,2.25,2.18,1.57,Ruru,0,1.0,Pico (<5 kW),0,1,0
11883,1,724.3,692.2,32.1,1.08,1.96,505.4,6.35,83.413889,27.948056,0,1,WECS_NEA_MIP,0.0778,0.0526,0.0271,0.0157,0.0114,0.0171,0.0156,0.0171,0.0233,0.0428,0.1362,0.2646,0.2841,0.1634,0.0739,0.0327,0.0202,0.0016,0.0271,0.0255,0.65,Micro/Mini Hydro (<1 MW),28.9,4.7,37.06,15.13,21.93,2.13,1.73,2.13,2.88,3.72,3.6,3.72,3.72,3.6,3.72,3.6,2.55,Ruru,0,1.0,Pico (<5 kW),0,1,0
11884,2,692.2,658.5,33.7,1.96,2.62,533.3,6.32,83.418611,27.9475,0,1,WECS_NEA_MIP,0.1034,0.0701,0.0364,0.0212,0.0154,0.0228,0.0207,0.0228,0.031,0.0569,0.181,0.3517,0.3775,0.2172,0.0983,0.0434,0.0269,0.0021,0.0364,0.0343,0.65,Micro/Mini Hydro (<1 MW),30.3,6.63,52.07,21.18,30.89,2.98,2.41,2.98,4.02,5.23,5.06,5.23,5.23,5.06,5.23,5.06,3.56,Ruru,0,1.0,Micro (5-100 kW),1,1,0
11885,2,658.5,552.9,105.6,2.62,3.38,575.2,18.36,83.423333,27.945278,0,1,WECS_NEA_MIP,0.1328,0.0902,0.0471,0.0276,0.0201,0.0292,0.0266,0.0292,0.0398,0.073,0.2323,0.4514,0.4846,0.2788,0.1261,0.0558,0.0345,0.0027,0.0471,0.0444,0.65,Micro/Mini Hydro (<1 MW),95.0,26.9,210.67,85.36,125.31,11.94,9.73,11.94,16.18,21.23,20.54,21.23,21.23,20.54,21.23,20.54,14.33,Ruru,0,1.0,Micro (5-100 kW),1,1,0
11886,2,552.9,472.7,80.1,3.38,576.07,583.8,13.73,83.426667,27.941944,1,0,GAUGE_TRANSFER_DHM,22.4514,13.7658,6.8829,4.4247,3.1137,4.9393,4.4903,4.9393,6.7354,12.3483,39.2899,76.3347,81.9475,47.1479,21.3288,9.4296,5.8374,0.449,13.7658,13.3168,0.82,Commercial RoR (>1 MW),72.1,3861.78,24301.34,7767.64,16533.7,1937.61,1575.1,1937.61,2625.14,5134.67,5748.47,5940.08,5940.08,5748.47,5940.08,3750.21,2325.15,Ruru,1,0.5,Small/Medium RoR (>1 MW),1,1,0
11907,5,757.8,751.7,6.0,609.3,610.71,592.8,1.02,83.257222,28.204722,1,0,GAUGE_TRANSFER_DHM,23.5938,14.4663,7.2331,4.6499,3.2721,5.1906,4.7188,5.1906,7.0782,12.9766,41.2892,80.2191,86.1175,49.5471,22.4141,9.9094,6.1344,0.4719,14.4663,13.9944,0.82,Commercial RoR (>1 MW),5.4,303.95,1912.68,611.36,1301.32,152.5,123.97,152.5,206.62,404.13,452.45,467.53,467.53,452.45,467.53,295.17,183.0,Musikot,1,0.5,Mini (100-1000 kW),0,1,1
11908,5,751.7,746.1,5.7,610.71,611.67,545.6,1.04,83.259167,28.200833,1,0,GAUGE_TRANSFER_DHM,23.6254,14.4856,7.2428,4.6561,3.2765,5.1976,4.7251,5.1976,7.0876,12.9939,41.3444,80.3262,86.2326,49.6133,22.4441,9.9227,6.1426,0.4725,14.4856,14.0131,0.82,Commercial RoR (>1 MW),5.1,287.44,1808.84,578.17,1230.66,144.22,117.24,144.22,195.4,382.19,427.88,442.14,442.14,427.88,442.14,279.14,173.07,Musikot,1,0.5,Mini (100-1000 kW),0,1,1
11910,5,741.5,736.0,5.5,612.08,613.75,480.1,1.15,83.2675,28.198333,1,0,GAUGE_TRANSFER_DHM,23.6936,14.5275,7.2637,4.6695,3.286,5.2126,4.7387,5.2126,7.1081,13.0315,41.4639,80.5583,86.4818,49.7566,22.509,9.9513,6.1603,0.4739,14.5275,14.0536,0.82,Commercial RoR (>1 MW),5.0,282.62,1778.49,568.47,1210.03,141.8,115.27,141.8,192.12,375.78,420.7,434.73,434.73,420.7,434.73,274.46,170.16,Musikot,1,0.5,Mini (100-1000 kW),0,1,1
11917,2,756.6,721.0,35.6,7.56,7.98,618.4,5.76,83.427778,27.966389,0,1,WECS_NEA_MIP,0.3081,0.2112,0.1121,0.0668,0.0491,0.0678,0.0616,0.0678,0.0924,0.1695,0.5392,1.0476,1.1246,0.647,0.2927,0.1294,0.0801,0.0062,0.1121,0.1059,0.65,Micro/Mini Hydro (<1 MW),32.0,21.61,167.66,67.2,100.46,9.35,7.6,9.35,12.66,17.02,16.47,17.02,17.02,16.47,17.02,16.47,11.22,Ruru,0,1.0,Micro (5-100 kW),0,1,1
11918,2,721.0,695.4,25.6,7.98,8.47,577.2,4.43,83.429167,27.961667,0,1,WECS_NEA_MIP,0.3266,0.2241,0.119,0.071,0.0523,0.0719,0.0653,0.0719,0.098,0.1797,0.5716,1.1106,1.1922,0.6859,0.3103,0.1372,0.0849,0.0065,0.119,0.1125,0.65,Micro/Mini Hydro (<1 MW),23.0,16.5,127.92,51.27,76.65,7.14,5.8,7.14,9.66,12.98,12.57,12.98,12.98,12.57,12.98,12.57,8.55,Ruru,0,1.0,Micro (5-100 kW),1,1,0
11919,2,695.4,691.7,3.6,8.47,15.04,126.7,2.88,83.430278,27.959167,1,0,WECS_NEA_MIP,0.5734,0.3956,0.2125,0.1283,0.095,0.1261,0.1147,0.1261,0.172,0.3154,1.0034,1.9495,2.0929,1.2041,0.5447,0.2408,0.1491,0.0115,0.3956,0.3841,0.82,Commercial RoR (>1 MW),3.2,9.89,59.25,17.6,41.64,2.19,1.79,2.19,2.97,5.82,7.33,7.58,7.58,7.33,7.58,4.25,2.64,Ruru,0,1.0,Micro (5-100 kW),1,1,0
11970,5,751.2,747.0,4.2,299.36,302.02,327.8,1.28,83.280556,28.19,1,0,GAUGE_TRANSFER_DHM,12.9679,7.9511,3.9756,2.5557,1.7985,2.8529,2.5936,2.8529,3.8904,7.1323,22.6938,44.0908,47.3328,27.2326,12.3195,5.4465,3.3717,0.2594,7.9511,7.6917,0.82,Commercial RoR (>1 MW),3.8,117.56,739.78,236.46,503.32,58.98,47.95,58.98,79.91,156.31,175.0,180.83,180.83,175.0,180.83,114.16,70.78,Musikot,1,0.5,Mini (100-1000 kW),0,0,0
11973,3,750.8,750.3,0.6,32.63,33.35,30.9,1.89,83.310556,27.975833,1,0,WECS_NEA_MIP,1.2513,0.8703,0.475,0.2914,0.2174,0.2753,0.2503,0.2753,0.3754,0.6882,2.1899,4.2546,4.5674,2.6278,1.1888,0.5256,0.3253,0.025,0.8703,0.8453,0.82,Commercial RoR (>1 MW),0.5,3.4,20.31,6.0,14.3,0.75,0.61,0.75,1.01,1.98,2.52,2.6,2.6,2.52,2.6,1.45,0.9,Gulmidarbar,0,1.0,Pico (<5 kW),0,0,0
11974,1,750.8,673.0,77.7,0.63,11.45,432.9,17.95,83.384722,28.059444,1,0,WECS_NEA_MIP,0.4389,0.302,0.1614,0.0969,0.0715,0.0966,0.0878,0.0966,0.1317,0.2414,0.7681,1.4923,1.602,0.9217,0.417,0.1843,0.1141,0.0088,0.302,0.2932,0.82,Commercial RoR (>1 MW),69.9,164.86,989.02,294.43,694.6,36.73,29.85,36.73,49.76,97.31,122.26,126.34,126.34,122.26,126.34,71.05,44.05,Chandrakot,0,1.0,Mini (100-1000 kW),0,1,1
11976,3,750.3,744.7,5.5,33.35,34.28,329.8,1.68,83.310278,27.974444,1,0,WECS_NEA_MIP,1.2855,0.8943,0.4884,0.2997,0.2237,0.2828,0.2571,0.2828,0.3857,0.707,2.2497,4.3708,4.6922,2.6996,1.2213,0.5399,0.3342,0.0257,0.8943,0.8686,0.82,Commercial RoR (>1 MW),5.0,34.94,208.66,61.69,146.97,7.69,6.25,7.69,10.43,20.39,25.9,26.76,26.76,25.9,26.76,14.89,9.23,Gulmidarbar,0,1.0,Micro (5-100 kW),0,1,1
11983,2,748.7,748.7,0.0,3.66,5.51,412.3,0.0,83.353889,27.968056,0,1,WECS_NEA_MIP,0.2143,0.1464,0.0771,0.0456,0.0334,0.0472,0.0429,0.0472,0.0643,0.1179,0.3751,0.7287,0.7823,0.4501,0.2036,0.09,0.0557,0.0043,0.0771,0.0728,0.65,Micro/Mini Hydro (<1 MW),0.0,0.0,0.0,0.0,0.0,0.0,0.0,0.0,0.0,0.0,0.0,0.0,0.0,0.0,0.0,0.0,0.0,Chatrakot,0,1.0,Pico (<5 kW),0,0,0
11984,2,748.7,662.9,85.8,5.51,5.8,566.9,15.14,83.352778,27.964167,0,1,WECS_NEA_MIP,0.2254,0.154,0.0812,0.0481,0.0353,0.0496,0.0451,0.0496,0.0676,0.124,0.3944,0.7663,0.8226,0.4733,0.2141,0.0947,0.0586,0.0045,0.0812,0.0767,0.65,Micro/Mini Hydro (<1 MW),77.2,37.76,293.94,118.38,175.56,16.52,13.43,16.52,22.36,29.74,28.78,29.74,29.74,28.78,29.74,28.78,19.81,Chatrakot,0,1.0,Micro (5-100 kW),0,1,1
11985,2,662.9,631.4,31.5,5.8,6.42,631.7,4.98,83.352778,27.959444,0,1,WECS_NEA_MIP,0.249,0.1703,0.09,0.0534,0.0392,0.0548,0.0498,0.0548,0.0747,0.1369,0.4357,0.8465,0.9087,0.5228,0.2365,0.1046,0.0647,0.005,0.09,0.085,0.65,Micro/Mini Hydro (<1 MW),28.4,15.39,119.71,48.13,71.58,6.71,5.45,6.71,9.09,12.13,11.73,12.13,12.13,11.73,12.13,11.73,8.04,Chatrakot,0,1.0,Micro (5-100 kW),0,1,1
11986,2,631.4,622.5,8.9,6.42,11.77,137.0,6.47,83.350278,27.9575,1,0,WECS_NEA_MIP,0.4509,0.3104,0.1659,0.0997,0.0736,0.0992,0.0902,0.0992,0.1353,0.248,0.7891,1.5331,1.6459,0.9469,0.4284,0.1894,0.1172,0.009,0.3104,0.3014,0.82,Commercial RoR (>1 MW),8.0,19.4,116.33,34.62,81.71,4.32,3.51,4.32,5.85,11.44,14.38,14.86,14.86,14.38,14.86,8.36,5.18,Chatrakot,0,1.0,Micro (5-100 kW),0,1,1
11993,1,747.7,636.5,111.2,0.52,0.88,578.8,19.21,83.3675,28.0625,0,1,WECS_NEA_MIP,0.0355,0.0238,0.0121,0.0069,0.005,0.0078,0.0071,0.0078,0.0107,0.0195,0.0621,0.1207,0.1296,0.0746,0.0337,0.0149,0.0092,0.0007,0.0121,0.0114,0.65,Micro/Mini Hydro (<1 MW),100.1,7.28,57.79,23.87,33.92,3.37,2.75,3.37,4.6,5.75,5.56,5.75,5.75,5.56,5.75,5.56,4.04,Chandrakot,0,1.0,Micro (5-100 kW),0,1,1
11994,1,636.5,633.0,3.5,0.88,0.9,525.7,0.67,83.365556,28.060556,0,1,WECS_NEA_MIP,0.0363,0.0244,0.0124,0.0071,0.0051,0.008,0.0073,0.008,0.0109,0.02,0.0635,0.1234,0.1325,0.0762,0.0345,0.0152,0.0094,0.0007,0.0124,0.0117,0.65,Micro/Mini Hydro (<1 MW),3.1,0.23,1.83,0.76,1.08,0.11,0.09,0.11,0.15,0.18,0.18,0.18,0.18,0.18,0.18,0.18,0.13,Chandrakot,0,1.0,Pico (<5 kW),0,0,0
11995,1,633.0,633.0,0.0,0.9,1438.32,247.4,0.0,83.365556,28.057222,1,0,GAUGE_TRANSFER_DHM,48.867,29.9623,14.9811,9.6307,6.7772,10.7507,9.7734,10.7507,14.6601,26.8769,85.5173,166.1479,178.3647,102.6208,46.4237,20.5242,12.7054,0.9773,29.9623,28.985,0.82,Commercial RoR (>1 MW),0.0,0.0,0.0,0.0,0.0,0.0,0.0,0.0,0.0,0.0,0.0,0.0,0.0,0.0,0.0,0.0,0.0,Gulmidarbar,1,0.5,Pico (<5 kW),0,0,0
11998,2,667.3,640.9,26.4,9.42,473.35,418.3,6.32,83.347222,27.929444,1,0,GAUGE_TRANSFER_DHM,18.9996,11.6494,5.8247,3.7444,2.635,4.1799,3.7999,4.1799,5.6999,10.4498,33.2493,64.5986,69.3484,39.8991,18.0496,7.9798,4.9399,0.38,11.6494,11.2694,0.82,Commercial RoR (>1 MW),23.8,1078.78,6788.48,2169.84,4618.63,541.26,439.99,541.26,733.32,1434.34,1605.82,1659.34,1659.34,1605.82,1659.34,1047.6,649.51,Chatrakot,1,0.5,Small/Medium RoR (>1 MW),0,1,1
12000,5,728.7,726.7,1.9,302.31,918.02,178.2,1.09,83.274167,28.1875,1,0,GAUGE_TRANSFER_DHM,33.3629,20.4561,10.228,6.5752,4.627,7.3398,6.6726,7.3398,10.0089,18.3496,58.385,113.4337,121.7744,70.062,31.6947,14.0124,8.6743,0.6673,20.4561,19.7888,0.82,Commercial RoR (>1 MW),1.7,135.31,851.46,272.15,579.3,67.89,55.19,67.89,91.98,179.91,201.41,208.13,208.13,201.41,208.13,131.4,81.47,Musikot,1,0.5,Mini (100-1000 kW),0,0,0
12009,3,744.7,735.6,9.1,34.28,35.9,587.5,1.55,83.309722,27.970556,1,0,WECS_NEA_MIP,1.345,0.9362,0.5117,0.3143,0.2347,0.2959,0.269,0.2959,0.4035,0.7398,2.3538,4.5731,4.9094,2.8246,1.2778,0.5649,0.3497,0.0269,0.9362,0.9093,0.82,Commercial RoR (>1 MW),8.2,59.98,358.16,105.85,252.31,13.2,10.73,13.2,17.89,34.99,44.46,45.95,45.95,44.46,45.95,25.55,15.84,Gulmidarbar,0,1.0,Micro (5-100 kW),0,1,1
12018,3,744.1,701.0,43.2,9.99,10.18,578.8,7.46,83.449167,28.029167,1,0,WECS_NEA_MIP,0.3911,0.2688,0.1433,0.0858,0.0633,0.0861,0.0782,0.0861,0.1173,0.2151,0.6845,1.3299,1.4277,0.8214,0.3716,0.1643,0.1017,0.0078,0.2688,0.261,0.82,Commercial RoR (>1 MW),38.9,81.67,490.18,146.06,344.12,18.23,14.8,18.23,24.67,48.26,60.56,62.58,62.58,60.56,62.58,35.26,21.86,Satyawati,0,1.0,Micro (5-100 kW),0,1,1
12019,3,701.0,692.3,8.6,10.18,11.6,113.4,7.63,83.446667,28.027778,1,0,WECS_NEA_MIP,0.4445,0.3059,0.1635,0.0982,0.0725,0.0978,0.0889,0.0978,0.1334,0.2445,0.7779,1.5114,1.6226,0.9335,0.4223,0.1867,0.1156,0.0089,0.3059,0.297,0.82,Commercial RoR (>1 MW),7.7,18.4,110.36,32.85,77.5,4.1,3.33,4.1,5.55,10.86,13.64,14.1,14.1,13.64,14.1,7.93,4.92,Satyawati,0,1.0,Micro (5-100 kW),0,1,1
12029,1,743.1,671.2,71.9,0.68,43.26,154.6,46.5,83.547778,28.069444,1,0,WECS_NEA_MIP,1.6148,1.126,0.6178,0.3809,0.285,0.3552,0.323,0.3552,0.4844,0.8881,2.8258,5.4902,5.8939,3.391,1.534,0.6782,0.4198,0.0323,1.126,1.0937,0.82,Commercial RoR (>1 MW),64.7,569.23,3396.56,1002.59,2393.97,125.03,101.67,125.03,169.42,331.38,421.95,436.01,436.01,421.95,436.01,242.04,150.05,Kaligandaki,0,1.0,Mini (100-1000 kW),0,1,1
12031,3,742.6,666.0,76.6,14.42,14.95,573.5,13.36,83.406944,28.028611,1,0,WECS_NEA_MIP,0.57,0.3933,0.2112,0.1275,0.0944,0.1254,0.114,0.1254,0.171,0.3135,0.9975,1.9381,2.0806,1.197,0.5415,0.2394,0.1482,0.0114,0.3933,0.3819,0.82,Commercial RoR (>1 MW),68.9,211.67,1268.33,376.91,891.42,47.01,38.21,47.01,63.69,124.57,156.95,162.18,162.18,156.95,162.18,90.98,56.41,Chatrakot,0,1.0,Mini (100-1000 kW),0,1,1
12032,3,666.0,585.6,80.4,14.95,15.22,624.4,12.88,83.409722,28.032222,1,0,WECS_NEA_MIP,0.5801,0.4003,0.2151,0.1299,0.0962,0.1276,0.116,0.1276,0.174,0.3191,1.0152,1.9724,2.1174,1.2182,0.5511,0.2436,0.1508,0.0116,0.4003,0.3887,0.82,Commercial RoR (>1 MW),72.4,226.38,1356.4,403.04,953.35,50.26,40.86,50.26,68.1,133.24,167.86,173.45,173.45,167.86,173.45,97.28,60.32,Chatrakot,0,1.0,Mini (100-1000 kW),0,1,1
12033,3,585.6,584.3,1.3,15.22,1507.54,54.5,2.35,83.411667,28.034167,1,0,GAUGE_TRANSFER_DHM,50.8589,31.1836,15.5918,10.0233,7.0534,11.189,10.1718,11.189,15.2577,27.9724,89.0032,172.9204,185.6352,106.8038,48.316,21.3608,13.2233,1.0172,31.1836,30.1664,0.82,Commercial RoR (>1 MW),1.2,145.6,916.22,292.86,623.36,73.05,59.38,73.05,98.97,193.59,216.73,223.96,223.96,216.73,223.96,141.39,87.66,Chatrakot,1,0.5,Mini (100-1000 kW),0,1,1
12092,5,736.0,734.2,1.8,613.75,614.28,594.1,0.3,83.271111,28.194722,1,0,GAUGE_TRANSFER_DHM,23.711,14.5381,7.2691,4.673,3.2884,5.2164,4.7422,5.2164,7.1133,13.0411,41.4943,80.6175,86.5452,49.7931,22.5255,9.9586,6.1649,0.4742,14.5381,14.0639,0.82,Commercial RoR (>1 MW),1.6,90.5,569.53,182.04,387.49,45.41,36.91,45.41,61.52,120.34,134.72,139.21,139.21,134.72,139.21,87.89,54.49,Musikot,1,0.5,Micro (5-100 kW),0,0,0
12093,5,734.2,732.4,1.8,614.28,615.25,144.3,1.23,83.270556,28.191944,1,0,GAUGE_TRANSFER_DHM,23.7428,14.5577,7.2788,4.6792,3.2928,5.2234,4.7486,5.2234,7.1229,13.0586,41.55,80.7257,86.6614,49.86,22.5557,9.972,6.1731,0.4749,14.5577,14.0828,0.82,Commercial RoR (>1 MW),1.6,90.63,570.3,182.29,388.01,45.47,36.96,45.47,61.61,120.5,134.91,139.4,139.4,134.91,139.4,88.01,54.56,Musikot,1,0.5,Micro (5-100 kW),0,0,0
12097,3,735.6,729.3,6.3,35.9,36.45,523.0,1.21,83.307222,27.967222,1,0,WECS_NEA_MIP,1.3652,0.9504,0.5197,0.3193,0.2385,0.3004,0.273,0.3004,0.4096,0.7509,2.3892,4.6418,4.9831,2.867,1.297,0.5734,0.355,0.0273,0.9504,0.9231,0.82,Commercial RoR (>1 MW),5.7,42.33,252.73,74.69,178.05,9.32,7.57,9.32,12.62,24.68,31.38,32.42,32.42,31.38,32.42,18.03,11.18,Gulmidarbar,0,1.0,Micro (5-100 kW),0,1,1
12098,3,729.3,724.0,5.3,36.45,107.63,537.6,0.99,83.303333,27.965278,1,0,WECS_NEA_MIP,3.9449,2.776,1.5511,0.9739,0.7354,0.8679,0.789,0.8679,1.1835,2.1697,6.9036,13.4127,14.3989,8.2843,3.7477,1.6569,1.0257,0.0789,2.776,2.6971,0.82,Commercial RoR (>1 MW),4.8,104.14,619.19,181.73,437.46,22.67,18.43,22.67,30.71,60.06,77.17,79.75,79.75,77.17,79.75,43.87,27.2,Gulmidarbar,0,1.0,Mini (100-1000 kW),0,1,1
12105,4,734.4,730.2,4.3,69.06,69.49,589.1,0.73,83.294167,27.968611,1,0,WECS_NEA_MIP,2.5694,1.8002,0.9971,0.6206,0.4665,0.5653,0.5139,0.5653,0.7708,1.4132,4.4964,8.7359,9.3782,5.3957,2.4409,1.0791,0.668,0.0514,1.8002,1.7488,0.82,Commercial RoR (>1 MW),3.9,54.86,326.76,96.17,230.6,11.99,9.75,11.99,16.25,31.79,40.66,42.02,42.02,40.66,42.02,23.21,14.39,Gulmidarbar,0,1.0,Micro (5-100 kW),0,0,0
12115,4,733.5,712.0,21.5,126.74,127.54,606.8,3.55,83.374722,28.076111,1,0,WECS_NEA_MIP,4.6588,3.284,1.8412,1.16,0.8773,1.0249,0.9318,1.0249,1.3976,2.5624,8.1529,15.84,17.0047,9.7835,4.4259,1.9567,1.2113,0.0932,3.284,3.1908,0.82,Commercial RoR (>1 MW),19.4,497.95,2958.63,867.37,2091.26,108.18,87.94,108.18,146.56,286.69,368.99,381.29,381.29,368.99,381.29,209.39,129.82,Chandrakot,0,1.0,Mini (100-1000 kW),0,1,1
12116,4,712.0,696.9,15.1,127.54,128.0,505.4,2.99,83.370278,28.075,1,0,WECS_NEA_MIP,4.6753,3.2957,1.8479,1.1643,0.8806,1.0286,0.9351,1.0286,1.4026,2.5714,8.1818,15.896,17.0648,9.8181,4.4415,1.9636,1.2156,0.0935,3.2957,3.2022,0.82,Commercial RoR (>1 MW),13.6,350.32,2081.49,610.23,1471.26,76.11,61.87,76.11,103.12,201.69,259.6,268.25,268.25,259.6,268.25,147.31,91.33,Chandrakot,0,1.0,Mini (100-1000 kW),0,1,1
12117,4,696.9,693.8,3.1,128.0,128.72,81.8,3.78,83.3675,28.075,1,0,WECS_NEA_MIP,4.7011,3.3141,1.8584,1.171,0.8858,1.0342,0.9402,1.0342,1.4103,2.5856,8.2269,15.9836,17.1589,9.8722,4.466,1.9744,1.2223,0.094,3.3141,3.2201,0.82,Commercial RoR (>1 MW),2.8,72.53,430.92,126.33,304.59,15.76,12.81,15.76,21.35,41.75,53.75,55.54,55.54,53.75,55.54,30.49,18.91,Chandrakot,0,1.0,Micro (5-100 kW),0,1,1
12120,1,514.8,481.0,33.8,0.68,571.45,164.9,20.52,83.423056,27.933611,1,0,GAUGE_TRANSFER_DHM,22.2982,13.6719,6.836,4.3945,3.0925,4.9056,4.4596,4.9056,6.6895,12.264,39.0219,75.814,81.3885,46.8263,21.1833,9.3653,5.7975,0.446,13.6719,13.2259,0.82,Commercial RoR (>1 MW),30.4,1617.15,10176.39,3252.73,6923.65,811.38,659.57,811.38,1099.3,2150.17,2407.23,2487.47,2487.47,2407.23,2487.47,1570.43,973.65,Ruru,1,0.5,Small/Medium RoR (>1 MW),0,1,1
12125,5,732.4,726.7,5.7,615.25,918.02,621.4,0.92,83.272778,28.189167,1,0,GAUGE_TRANSFER_DHM,33.3629,20.4561,10.228,6.5752,4.627,7.3398,6.6726,7.3398,10.0089,18.3496,58.385,113.4337,121.7744,70.062,31.6947,14.0124,8.6743,0.6673,20.4561,19.7888,0.82,Commercial RoR (>1 MW),5.1,405.92,2554.37,816.47,1737.9,203.66,165.56,203.66,275.94,539.72,604.24,624.38,624.38,604.24,624.38,394.19,244.4,Musikot,1,0.5,Mini (100-1000 kW),0,1,1
12145,5,579.5,579.5,0.0,0.85,340.96,30.9,0.0,83.595,28.021111,1,0,GAUGE_TRANSFER_DHM,14.376,8.8145,4.4072,2.8332,1.9937,3.1627,2.8752,3.1627,4.3128,7.9068,25.1579,48.8783,52.4722,30.1895,13.6572,6.0379,3.7377,0.2875,8.8145,8.527,0.82,Commercial RoR (>1 MW),0.0,0.0,0.0,0.0,0.0,0.0,0.0,0.0,0.0,0.0,0.0,0.0,0.0,0.0,0.0,0.0,0.0,Kaligandaki,1,0.5,Pico (<5 kW),0,0,0
12171,5,726.7,722.3,4.4,918.02,919.16,607.4,0.72,83.273333,28.184722,1,0,GAUGE_TRANSFER_DHM,33.3981,20.4776,10.2388,6.5821,4.6318,7.3476,6.6796,7.3476,10.0194,18.3689,58.4466,113.5534,121.9029,70.1359,31.7282,14.0272,8.6835,0.668,20.4776,19.8096,0.82,Commercial RoR (>1 MW),4.0,318.7,2005.54,641.04,1364.49,159.91,129.99,159.91,216.65,423.75,474.41,490.22,490.22,474.41,490.22,309.5,191.89,Musikot,1,0.5,Mini (100-1000 kW),0,0,0
12172,5,722.3,717.6,4.7,919.16,919.53,564.9,0.83,83.277778,28.1825,1,0,GAUGE_TRANSFER_DHM,33.4095,20.4847,10.2423,6.5844,4.6334,7.3501,6.6819,7.3501,10.0228,18.3752,58.4666,113.5923,121.9446,70.1599,31.739,14.032,8.6865,0.6682,20.4847,19.8165,0.82,Commercial RoR (>1 MW),4.2,334.75,2106.55,673.33,1433.21,167.96,136.53,167.96,227.56,445.09,498.3,514.91,514.91,498.3,514.91,325.08,201.55,Musikot,1,0.5,Mini (100-1000 kW),0,0,0
12173,5,717.6,715.2,2.5,919.53,920.86,298.2,0.83,83.279722,28.18,1,0,GAUGE_TRANSFER_DHM,33.4506,20.5098,10.2549,6.5924,4.6391,7.3591,6.6901,7.3591,10.0352,18.3978,58.5385,113.7319,122.0946,70.2462,31.778,14.0492,8.6971,0.669,20.5098,19.8408,0.82,Commercial RoR (>1 MW),2.2,175.56,1104.78,353.13,751.65,88.09,71.61,88.09,119.34,233.43,261.34,270.05,270.05,261.34,270.05,170.49,105.7,Musikot,1,0.5,Mini (100-1000 kW),0,0,0
12179,1,725.5,675.0,50.5,1.64,452.5,295.2,17.09,83.306389,27.928889,1,0,GAUGE_TRANSFER_DHM,18.2858,11.2117,5.6059,3.6038,2.536,4.0229,3.6572,4.0229,5.4857,10.0572,32.0002,62.1718,66.7433,38.4002,17.3715,7.68,4.7543,0.3657,11.2117,10.846,0.82,Commercial RoR (>1 MW),45.5,1984.88,12490.4,3992.41,8497.99,995.9,809.58,995.9,1349.26,2639.11,2954.6,3053.08,3053.08,2954.6,3053.08,1927.52,1195.07,Chatrakot,1,0.5,Small/Medium RoR (>1 MW),0,1,1
12182,1,724.6,660.1,64.5,0.54,0.85,628.7,10.26,83.478056,27.985833,0,1,WECS_NEA_MIP,0.0343,0.023,0.0117,0.0067,0.0048,0.0076,0.0069,0.0076,0.0103,0.0189,0.0601,0.1167,0.1253,0.0721,0.0326,0.0144,0.0089,0.0007,0.0117,0.011,0.65,Micro/Mini Hydro (<1 MW),58.1,4.08,32.43,13.39,19.04,1.9,1.54,1.9,2.56,3.22,3.12,3.22,3.22,3.12,3.22,3.12,2.26,Satyawati,0,1.0,Pico (<5 kW),0,1,0
12183,1,660.1,545.2,114.9,0.85,0.91,577.2,19.91,83.479167,27.981111,0,1,WECS_NEA_MIP,0.0367,0.0246,0.0125,0.0071,0.0051,0.0081,0.0073,0.0081,0.011,0.0202,0.0642,0.1248,0.1339,0.0771,0.0349,0.0154,0.0095,0.0007,0.0125,0.0118,0.65,Micro/Mini Hydro (<1 MW),103.4,7.78,61.72,25.52,36.2,3.63,2.92,3.63,4.89,6.13,5.93,6.13,6.13,5.93,6.13,5.93,4.32,Satyawati,0,1.0,Micro (5-100 kW),0,1,1
12184,1,545.2,545.2,0.0,0.91,590.89,402.0,0.0,83.479444,27.976944,1,0,GAUGE_TRANSFER_DHM,22.9414,14.0662,7.0331,4.5213,3.1817,5.0471,4.5883,5.0471,6.8824,12.6178,40.1474,78.0007,83.736,48.1769,21.7943,9.6354,5.9648,0.4588,14.0662,13.6074,0.82,Commercial RoR (>1 MW),0.0,0.0,0.0,0.0,0.0,0.0,0.0,0.0,0.0,0.0,0.0,0.0,0.0,0.0,0.0,0.0,0.0,Satyawati,1,0.5,Pico (<5 kW),0,0,0
12192,1,724.1,649.9,74.2,0.5,0.57,552.9,13.41,83.521944,27.969722,0,1,WECS_NEA_MIP,0.0232,0.0155,0.0078,0.0044,0.0032,0.0051,0.0046,0.0051,0.007,0.0128,0.0406,0.0789,0.0847,0.0487,0.022,0.0097,0.006,0.0005,0.0078,0.0073,0.65,Micro/Mini Hydro (<1 MW),66.8,3.11,24.89,10.3,14.59,1.46,1.17,1.46,1.99,2.47,2.39,2.47,2.47,2.39,2.47,2.39,1.74,Satyawati,0,1.0,Pico (<5 kW),0,1,0
12193,1,649.9,545.2,104.7,0.57,565.28,212.1,49.35,83.523889,27.967778,1,0,GAUGE_TRANSFER_DHM,22.0934,13.5463,6.7732,4.3542,3.0641,4.8606,4.4187,4.8606,6.628,12.1514,38.6635,75.1176,80.641,46.3962,20.9887,9.2792,5.7443,0.4419,13.5463,13.1044,0.82,Commercial RoR (>1 MW),94.2,4965.02,31243.79,9986.67,21257.12,2491.16,2025.05,2491.16,3375.07,6601.54,7390.72,7637.08,7637.08,7390.72,7637.08,4821.54,2989.37,Satyawati,1,0.5,Small/Medium RoR (>1 MW),0,1,1
12199,1,723.5,710.7,12.7,0.51,1.82,137.0,9.3,83.373889,27.966111,0,1,WECS_NEA_MIP,0.0724,0.0489,0.0252,0.0146,0.0106,0.0159,0.0145,0.0159,0.0217,0.0398,0.1267,0.2461,0.2642,0.152,0.0688,0.0304,0.0188,0.0015,0.0252,0.0238,0.65,Micro/Mini Hydro (<1 MW),11.4,1.73,13.59,5.55,8.05,0.78,0.64,0.78,1.06,1.36,1.32,1.36,1.36,1.32,1.36,1.32,0.94,Chatrakot,0,1.0,Pico (<5 kW),0,1,0
12206,1,579.5,579.5,0.0,0.74,484.09,216.4,0.0,83.604444,28.000278,1,0,GAUGE_TRANSFER_DHM,19.3654,11.8737,5.9368,3.8165,2.6857,4.2604,3.8731,4.2604,5.8096,10.651,33.8894,65.8423,70.6836,40.6673,18.3971,8.1335,5.035,0.3873,11.8737,11.4864,0.82,Commercial RoR (>1 MW),0.0,0.0,0.0,0.0,0.0,0.0,0.0,0.0,0.0,0.0,0.0,0.0,0.0,0.0,0.0,0.0,0.0,Kaligandaki,1,0.5,Pico (<5 kW),0,0,0
12209,1,723.0,685.3,37.7,0.5,275.23,112.7,33.47,83.305556,28.119167,1,0,GAUGE_TRANSFER_DHM,11.9834,7.3475,3.6737,2.3617,1.6619,2.6363,2.3967,2.6363,3.595,6.5909,20.971,40.7436,43.7394,25.1652,11.3842,5.033,3.1157,0.2397,7.3475,7.1078,0.82,Commercial RoR (>1 MW),33.9,969.14,6098.59,1949.32,4149.27,486.24,395.28,486.24,658.79,1288.58,1442.63,1490.72,1490.72,1442.63,1490.72,941.13,583.5,Resunga,1,0.5,Mini (100-1000 kW),0,1,1
12240,1,718.5,654.5,64.0,0.52,456.48,309.2,20.71,83.325278,27.922222,1,0,GAUGE_TRANSFER_DHM,18.4224,11.2955,5.6478,3.6307,2.5549,4.0529,3.6845,4.0529,5.5267,10.1323,32.2393,62.6363,67.2419,38.6871,17.5013,7.7374,4.7898,0.3684,11.2955,10.9271,0.82,Commercial RoR (>1 MW),57.6,2531.51,15930.19,5091.89,10838.3,1270.16,1032.53,1270.16,1720.86,3365.9,3768.28,3893.89,3893.89,3768.28,3893.89,2458.37,1524.19,Chatrakot,1,0.5,Small/Medium RoR (>1 MW),0,1,1
12244,3,718.0,673.0,44.9,10.34,11.45,528.0,8.51,83.387222,28.059444,1,0,WECS_NEA_MIP,0.4389,0.302,0.1614,0.0969,0.0715,0.0966,0.0878,0.0966,0.1317,0.2414,0.7681,1.4923,1.602,0.9217,0.417,0.1843,0.1141,0.0088,0.302,0.2932,0.82,Commercial RoR (>1 MW),40.4,95.29,571.63,170.17,401.46,21.23,17.25,21.23,28.76,56.24,70.66,73.02,73.02,70.66,73.02,41.07,25.46,Chandrakot,0,1.0,Micro (5-100 kW),0,1,1
12271,5,715.2,713.2,2.0,920.86,922.33,474.1,0.42,83.280556,28.1775,1,0,GAUGE_TRANSFER_DHM,33.4959,20.5377,10.2688,6.6014,4.6454,7.3691,6.6992,7.3691,10.0488,18.4228,58.6179,113.8862,122.2602,70.3415,31.8211,14.0683,8.7089,0.6699,20.5377,19.8678,0.82,Commercial RoR (>1 MW),1.8,143.84,905.14,289.31,615.83,72.17,58.67,72.17,97.78,191.25,214.11,221.25,221.25,214.11,221.25,139.68,86.6,Musikot,1,0.5,Mini (100-1000 kW),0,0,0
12276,1,714.9,585.5,129.4,0.51,294.17,382.4,33.84,83.564444,28.055278,1,0,GAUGE_TRANSFER_DHM,12.6808,7.7751,3.8876,2.4991,1.7587,2.7898,2.5362,2.7898,3.8042,6.9745,22.1914,43.1148,46.285,26.6297,12.0468,5.3259,3.297,0.2536,7.7751,7.5215,0.82,Commercial RoR (>1 MW),116.5,3524.39,22178.14,7088.99,15089.15,1768.34,1437.5,1768.34,2395.76,4686.07,5246.23,5421.1,5421.1,5246.23,5421.1,3422.52,2121.98,Kaligandaki,1,0.5,Small/Medium RoR (>1 MW),0,1,1
12277,1,714.9,569.4,145.5,0.53,18.83,521.3,27.9,83.471111,27.997222,1,0,WECS_NEA_MIP,0.7147,0.4942,0.2667,0.1617,0.12,0.1572,0.1429,0.1572,0.2144,0.3931,1.2506,2.4298,2.6085,1.5008,0.6789,0.3002,0.1858,0.0143,0.4942,0.4799,0.82,Commercial RoR (>1 MW),131.0,505.71,3027.64,898.41,2129.24,112.04,91.07,112.04,151.82,296.99,374.96,387.46,387.46,374.96,387.46,216.92,134.46,Satyawati,0,1.0,Mini (100-1000 kW),0,1,1
12292,5,713.2,706.5,6.7,922.33,922.89,589.8,1.13,83.281667,28.173056,1,0,GAUGE_TRANSFER_DHM,33.5132,20.5483,10.2741,6.6048,4.6478,7.3729,6.7026,7.3729,10.054,18.4323,58.6482,113.945,122.3233,70.3778,31.8376,14.0756,8.7134,0.6703,20.5483,19.878,0.82,Commercial RoR (>1 MW),6.0,479.71,3018.69,964.88,2053.81,240.69,195.65,240.69,326.09,637.82,714.07,737.88,737.88,714.07,737.88,465.85,288.82,Musikot,1,0.5,Mini (100-1000 kW),0,1,1
12293,5,706.5,705.0,1.5,922.89,929.93,346.1,0.43,83.285278,28.171667,1,0,GAUGE_TRANSFER_DHM,33.7304,20.6814,10.3407,6.6476,4.6779,7.4207,6.7461,7.4207,10.1191,18.5517,59.0282,114.6834,123.116,70.8339,32.0439,14.1668,8.7699,0.6746,20.6814,20.0068,0.82,Commercial RoR (>1 MW),1.4,112.66,708.92,226.6,482.32,56.52,45.95,56.52,76.58,149.79,167.7,173.29,173.29,167.7,173.29,109.4,67.83,Musikot,1,0.5,Mini (100-1000 kW),0,0,0
12303,2,710.7,621.9,88.9,1.82,2.9,600.8,14.79,83.372222,27.963889,0,1,WECS_NEA_MIP,0.1143,0.0776,0.0403,0.0235,0.0171,0.0251,0.0229,0.0251,0.0343,0.0628,0.2,0.3885,0.417,0.2399,0.1085,0.048,0.0297,0.0023,0.0403,0.038,0.65,Micro/Mini Hydro (<1 MW),80.0,19.38,152.11,61.82,90.29,8.65,7.06,8.65,11.75,15.3,14.8,15.3,15.3,14.8,15.3,14.8,10.4,Chatrakot,0,1.0,Micro (5-100 kW),0,1,1
12304,2,621.9,586.3,35.6,2.9,503.49,545.6,6.52,83.373889,27.959444,1,0,GAUGE_TRANSFER_DHM,20.0231,12.2769,6.1385,3.9462,2.7769,4.4051,4.0046,4.4051,6.0069,11.0127,35.0404,68.0785,73.0843,42.0485,19.0219,8.4097,5.206,0.4005,12.2769,11.8764,0.82,Commercial RoR (>1 MW),32.0,1528.58,9619.0,3074.58,6544.43,766.95,623.45,766.95,1039.08,2032.41,2275.38,2351.23,2351.23,2275.38,2351.23,1484.41,920.33,Chatrakot,1,0.5,Small/Medium RoR (>1 MW),0,1,1
12338,5,705.0,702.0,3.0,929.93,931.11,514.7,0.58,83.286389,28.168611,1,0,GAUGE_TRANSFER_DHM,33.7668,20.7037,10.3519,6.6548,4.683,7.4287,6.7534,7.4287,10.13,18.5717,59.0919,114.8071,123.2488,70.9102,32.0784,14.182,8.7794,0.6753,20.7037,20.0284,0.82,Commercial RoR (>1 MW),2.7,217.5,1368.69,437.49,931.21,109.13,88.71,109.13,147.85,289.19,323.76,334.56,334.56,323.76,334.56,211.22,130.96,Musikot,1,0.5,Mini (100-1000 kW),0,0,0
12370,5,699.9,699.9,0.0,326.26,396.44,68.5,0.0,83.283333,27.925833,1,0,GAUGE_TRANSFER_DHM,16.3414,10.0196,5.0098,3.2206,2.2663,3.5951,3.2683,3.5951,4.9024,8.9878,28.5975,55.5608,59.6462,34.317,15.5243,6.8634,4.2488,0.3268,10.0196,9.6928,0.82,Commercial RoR (>1 MW),0.0,0.0,0.0,0.0,0.0,0.0,0.0,0.0,0.0,0.0,0.0,0.0,0.0,0.0,0.0,0.0,0.0,Chatrakot,1,0.5,Pico (<5 kW),0,0,0
12373,4,680.6,677.5,3.1,50.91,448.24,72.1,4.36,83.292778,27.924722,1,0,GAUGE_TRANSFER_DHM,18.1394,11.122,5.561,3.5749,2.5157,3.9907,3.6279,3.9907,5.4418,9.9767,31.7439,61.674,66.2088,38.0927,17.2324,7.6185,4.7162,0.3628,11.122,10.7592,0.82,Commercial RoR (>1 MW),2.8,121.17,762.49,243.72,518.77,60.8,49.42,60.8,82.37,161.11,180.37,186.38,186.38,180.37,186.38,117.67,72.95,Chatrakot,1,0.5,Mini (100-1000 kW),0,1,1
12374,5,702.0,700.0,2.0,931.11,933.26,287.9,0.69,83.288611,28.166111,1,0,GAUGE_TRANSFER_DHM,33.833,20.7444,10.3722,6.6678,4.6922,7.4433,6.7666,7.4433,10.1499,18.6082,59.2078,115.0324,123.4906,71.0494,32.1414,14.2099,8.7966,0.6767,20.7444,20.0677,0.82,Commercial RoR (>1 MW),1.8,145.28,914.25,292.23,622.02,72.9,59.26,72.9,98.76,193.17,216.27,223.48,223.48,216.27,223.48,141.09,87.47,Musikot,1,0.5,Mini (100-1000 kW),0,0,0
12386,1,700.5,649.2,51.3,0.74,0.81,533.3,9.62,83.365556,28.066944,0,1,WECS_NEA_MIP,0.0327,0.0219,0.0111,0.0063,0.0046,0.0072,0.0065,0.0072,0.0098,0.018,0.0573,0.1113,0.1195,0.0688,0.0311,0.0138,0.0085,0.0006,0.0111,0.0105,0.65,Micro/Mini Hydro (<1 MW),46.2,3.09,24.54,10.18,14.36,1.45,1.17,1.45,1.95,2.43,2.35,2.43,2.43,2.35,2.43,2.35,1.73,Chandrakot,0,1.0,Pico (<5 kW),0,1,0
12387,1,649.2,633.0,16.2,0.81,1.32,563.2,2.87,83.361944,28.064444,0,1,WECS_NEA_MIP,0.0528,0.0356,0.0182,0.0105,0.0076,0.0116,0.0106,0.0116,0.0158,0.0291,0.0925,0.1796,0.1928,0.1109,0.0502,0.0222,0.0137,0.0011,0.0182,0.0171,0.65,Micro/Mini Hydro (<1 MW),14.6,1.59,12.61,5.17,7.44,0.73,0.59,0.73,0.99,1.26,1.22,1.26,1.26,1.22,1.26,1.22,0.87,Chandrakot,0,1.0,Pico (<5 kW),0,1,0
12388,1,633.0,633.0,0.0,1.32,1436.84,154.6,0.0,83.361944,28.061389,1,0,GAUGE_TRANSFER_DHM,48.8243,29.9361,14.968,9.6223,6.7713,10.7413,9.7649,10.7413,14.6473,26.8534,85.4425,166.0026,178.2087,102.531,46.3831,20.5062,12.6943,0.9765,29.9361,28.9596,0.82,Commercial RoR (>1 MW),0.0,0.0,0.0,0.0,0.0,0.0,0.0,0.0,0.0,0.0,0.0,0.0,0.0,0.0,0.0,0.0,0.0,Gulmidarbar,1,0.5,Pico (<5 kW),0,0,0
12394,5,700.0,698.9,1.1,933.26,934.19,607.4,0.18,83.291667,28.163889,1,0,GAUGE_TRANSFER_DHM,33.8617,20.7619,10.381,6.6735,4.6961,7.4496,6.7723,7.4496,10.1585,18.6239,59.258,115.1298,123.5952,71.1096,32.1686,14.2219,8.804,0.6772,20.7619,20.0847,0.82,Commercial RoR (>1 MW),1.0,80.78,508.35,162.49,345.86,40.53,32.95,40.53,54.91,107.41,120.25,124.26,124.26,120.25,124.26,78.45,48.64,Musikot,1,0.5,Micro (5-100 kW),0,0,0
12398,5,681.0,677.5,3.5,396.85,448.24,450.2,0.78,83.290556,27.924722,1,0,GAUGE_TRANSFER_DHM,18.1394,11.122,5.561,3.5749,2.5157,3.9907,3.6279,3.9907,5.4418,9.9767,31.7439,61.674,66.2088,38.0927,17.2324,7.6185,4.7162,0.3628,11.122,10.7592,0.82,Commercial RoR (>1 MW),3.1,134.15,844.18,269.83,574.35,67.31,54.72,67.31,91.19,178.37,199.69,206.35,206.35,199.69,206.35,130.27,80.77,Chatrakot,1,0.5,Mini (100-1000 kW),0,0,0
12405,5,698.9,698.1,0.9,934.19,936.04,298.9,0.29,83.293333,28.160556,1,0,GAUGE_TRANSFER_DHM,33.9187,20.7969,10.3984,6.6847,4.7041,7.4621,6.7837,7.4621,10.1756,18.6553,59.3577,115.3236,123.8032,71.2293,32.2228,14.2459,8.8189,0.6784,20.7969,20.1185,0.82,Commercial RoR (>1 MW),0.8,64.73,407.36,130.21,277.15,32.48,26.4,32.48,44.0,86.07,96.36,99.57,99.57,96.36,99.57,62.86,38.98,Musikot,1,0.5,Micro (5-100 kW),0,0,0
12408,3,698.6,676.7,21.9,34.46,34.96,577.2,3.8,83.575556,28.084722,1,0,WECS_NEA_MIP,1.3105,0.9119,0.4982,0.3058,0.2283,0.2883,0.2621,0.2883,0.3932,0.7208,2.2934,4.4558,4.7834,2.7521,1.245,0.5504,0.3407,0.0262,0.9119,0.8857,0.82,Commercial RoR (>1 MW),19.7,140.36,838.22,247.78,590.45,30.9,25.12,30.9,41.87,81.89,104.05,107.52,107.52,104.05,107.52,59.81,37.08,Kaligandaki,0,1.0,Mini (100-1000 kW),0,1,1
12409,3,676.7,589.4,87.3,34.96,35.13,621.4,14.05,83.577778,28.08,1,0,WECS_NEA_MIP,1.3168,0.9163,0.5006,0.3074,0.2295,0.2897,0.2634,0.2897,0.395,0.7242,2.3043,4.477,4.8062,2.7652,1.2509,0.553,0.3424,0.0263,0.9163,0.89,0.82,Commercial RoR (>1 MW),78.6,562.72,3360.55,993.4,2367.16,123.91,100.74,123.91,167.85,328.3,417.13,431.04,431.04,417.13,431.04,239.77,148.7,Kaligandaki,0,1.0,Mini (100-1000 kW),0,1,1
12410,3,589.4,585.5,3.8,35.13,235.82,130.3,2.92,83.580278,28.078056,1,0,GAUGE_TRANSFER_DHM,10.5083,6.443,3.2215,2.071,1.4574,2.3118,2.1017,2.3118,3.1525,5.7796,18.3895,35.7282,38.3553,22.0674,9.9829,4.4135,2.7322,0.2102,6.443,6.2328,0.82,Commercial RoR (>1 MW),3.4,85.23,536.37,171.44,364.92,42.76,34.76,42.76,57.94,113.33,126.88,131.11,131.11,126.88,131.11,82.77,51.32,Kaligandaki,1,0.5,Micro (5-100 kW),0,1,1
12417,5,698.1,696.4,1.7,936.04,936.62,569.9,0.29,83.295556,28.1575,1,0,GAUGE_TRANSFER_DHM,33.9366,20.8078,10.4039,6.6882,4.7065,7.466,6.7873,7.466,10.181,18.6651,59.389,115.3843,123.8684,71.2668,32.2397,14.2534,8.8235,0.6787,20.8078,20.1291,0.82,Commercial RoR (>1 MW),1.5,121.44,764.21,244.27,519.93,60.93,49.53,60.93,82.55,161.47,180.77,186.8,186.8,180.77,186.8,117.93,73.12,Musikot,1,0.5,Mini (100-1000 kW),0,0,0
12418,5,696.4,696.4,0.0,936.62,937.68,154.6,0.0,83.296389,28.154722,1,0,GAUGE_TRANSFER_DHM,33.9692,20.8278,10.4139,6.6947,4.7111,7.4732,6.7938,7.4732,10.1908,18.6831,59.4461,115.4953,123.9876,71.3353,32.2707,14.2671,8.832,0.6794,20.8278,20.1484,0.82,Commercial RoR (>1 MW),0.0,0.0,0.0,0.0,0.0,0.0,0.0,0.0,0.0,0.0,0.0,0.0,0.0,0.0,0.0,0.0,0.0,Musikot,1,0.5,Pico (<5 kW),0,0,0
12426,1,697.0,585.5,111.5,0.51,243.36,233.4,47.76,83.572778,28.071389,1,0,GAUGE_TRANSFER_DHM,10.7932,6.6177,3.3089,2.1271,1.4969,2.3745,2.1586,2.3745,3.238,5.9363,18.8881,36.6969,39.3952,22.6657,10.2536,4.5331,2.8062,0.2159,6.6177,6.4018,0.82,Commercial RoR (>1 MW),100.4,2585.16,16267.9,5199.8,11068.1,1297.06,1054.37,1297.06,1757.35,3437.29,3848.19,3976.46,3976.46,3848.19,3976.46,2510.45,1556.47,Kaligandaki,1,0.5,Small/Medium RoR (>1 MW),0,1,1
12427,5,696.4,696.4,0.0,937.68,939.1,195.8,0.0,83.2975,28.153333,1,0,GAUGE_TRANSFER_DHM,34.0129,20.8546,10.4273,6.7033,4.7171,7.4828,6.8026,7.4828,10.2039,18.7071,59.5226,115.6439,124.1472,71.4271,32.3123,14.2854,8.8434,0.6803,20.8546,20.1743,0.82,Commercial RoR (>1 MW),0.0,0.0,0.0,0.0,0.0,0.0,0.0,0.0,0.0,0.0,0.0,0.0,0.0,0.0,0.0,0.0,0.0,Musikot,1,0.5,Pico (<5 kW),0,0,0
12428,5,696.4,696.4,0.0,939.1,947.15,577.2,0.0,83.298889,28.150278,1,0,GAUGE_TRANSFER_DHM,34.2606,21.0065,10.5032,6.7521,4.7515,7.5373,6.8521,7.5373,10.2782,18.8433,59.956,116.486,125.0511,71.9472,32.5476,14.3894,8.9078,0.6852,21.0065,20.3213,0.82,Commercial RoR (>1 MW),0.0,0.0,0.0,0.0,0.0,0.0,0.0,0.0,0.0,0.0,0.0,0.0,0.0,0.0,0.0,0.0,0.0,Musikot,1,0.5,Pico (<5 kW),0,0,0
12429,5,696.4,682.0,14.4,947.15,948.19,432.9,3.33,83.299444,28.146389,1,0,GAUGE_TRANSFER_DHM,34.2926,21.0261,10.513,6.7584,4.7559,7.5444,6.8585,7.5444,10.2878,18.8609,60.012,116.5947,125.1679,72.0144,32.5779,14.4029,8.9161,0.6859,21.0261,20.3403,0.82,Commercial RoR (>1 MW),13.0,1063.54,6692.59,2139.19,4553.39,533.62,433.77,533.62,722.96,1414.08,1583.13,1635.9,1635.9,1583.13,1635.9,1032.8,640.34,Musikot,1,0.5,Small/Medium RoR (>1 MW),0,1,1
12432,1,696.2,651.9,44.3,0.57,1.09,109.1,40.59,83.432778,28.010833,0,1,WECS_NEA_MIP,0.0438,0.0294,0.015,0.0086,0.0062,0.0096,0.0088,0.0096,0.0131,0.0241,0.0766,0.1489,0.1599,0.092,0.0416,0.0184,0.0114,0.0009,0.015,0.0141,0.65,Micro/Mini Hydro (<1 MW),39.9,3.59,28.47,11.71,16.76,1.65,1.35,1.65,2.23,2.84,2.75,2.84,2.84,2.75,2.84,2.75,1.99,Ruru,0,1.0,Pico (<5 kW),0,1,0
12452,5,694.9,689.1,5.8,272.06,272.83,533.3,1.09,83.293333,28.119444,1,0,GAUGE_TRANSFER_DHM,11.8945,7.293,3.6465,2.3442,1.6496,2.6168,2.3789,2.6168,3.5684,6.542,20.8154,40.4414,43.415,24.9785,11.2998,4.9957,3.0926,0.2379,7.293,7.0551,0.82,Commercial RoR (>1 MW),5.2,147.56,928.54,296.8,631.75,74.03,60.18,74.03,100.31,196.19,219.65,226.97,226.97,219.65,226.97,143.29,88.84,Musikot,1,0.5,Mini (100-1000 kW),0,1,1
12453,5,689.1,685.8,3.4,272.83,273.43,191.5,1.76,83.296389,28.12,1,0,GAUGE_TRANSFER_DHM,11.9168,7.3066,3.6533,2.3486,1.6527,2.6217,2.3834,2.6217,3.575,6.5542,20.8543,40.517,43.4962,25.0252,11.3209,5.005,3.0984,0.2383,7.3066,7.0683,0.82,Commercial RoR (>1 MW),3.1,88.13,554.59,177.27,377.32,44.22,35.95,44.22,59.91,117.18,131.19,135.56,135.56,131.19,135.56,85.58,53.06,Musikot,1,0.5,Micro (5-100 kW),0,0,0
12463,4,693.8,676.1,17.6,128.72,129.23,561.2,3.14,83.364722,28.076111,1,0,WECS_NEA_MIP,4.7193,3.3271,1.8658,1.1758,0.8894,1.0383,0.9439,1.0383,1.4158,2.5956,8.2588,16.0457,17.2255,9.9106,4.4834,1.9821,1.227,0.0944,3.3271,3.2327,0.82,Commercial RoR (>1 MW),15.8,410.87,2441.13,715.61,1725.52,89.26,72.56,89.26,120.92,236.52,304.47,314.61,314.61,304.47,314.61,172.74,107.1,Chandrakot,0,1.0,Mini (100-1000 kW),0,1,1
12464,4,676.1,673.1,3.0,129.23,129.89,137.0,2.21,83.361944,28.075,1,0,WECS_NEA_MIP,4.7429,3.3439,1.8755,1.182,0.8941,1.0434,0.9486,1.0434,1.4229,2.6086,8.3001,16.126,17.3117,9.9602,4.5058,1.992,1.2332,0.0949,3.3439,3.249,0.82,Commercial RoR (>1 MW),2.7,70.57,419.25,122.89,296.35,15.33,12.46,15.33,20.77,40.62,52.29,54.03,54.03,52.29,54.03,29.67,18.39,Chandrakot,0,1.0,Micro (5-100 kW),0,1,1
12466,1,692.7,545.2,147.5,0.92,1.04,614.7,23.99,83.464167,27.999167,0,1,WECS_NEA_MIP,0.0418,0.0281,0.0143,0.0082,0.0059,0.0092,0.0084,0.0092,0.0125,0.023,0.0732,0.1422,0.1527,0.0878,0.0397,0.0176,0.0109,0.0008,0.0143,0.0135,0.65,Micro/Mini Hydro (<1 MW),132.8,11.43,90.6,37.41,53.18,5.29,4.32,5.29,7.13,9.01,8.72,9.01,9.01,8.72,9.01,8.72,6.36,Satyawati,0,1.0,Micro (5-100 kW),0,1,1
12467,1,545.2,545.2,0.0,1.04,20.21,185.5,0.0,83.463056,27.996111,1,0,WECS_NEA_MIP,0.7659,0.5301,0.2864,0.1739,0.1291,0.1685,0.1532,0.1685,0.2298,0.4213,1.3404,2.6042,2.7957,1.6085,0.7276,0.3217,0.1991,0.0153,0.5301,0.5148,0.82,Commercial RoR (>1 MW),0.0,0.0,0.0,0.0,0.0,0.0,0.0,0.0,0.0,0.0,0.0,0.0,0.0,0.0,0.0,0.0,0.0,Ruru,0,1.0,Pico (<5 kW),0,0,0
12472,3,692.3,652.8,39.5,11.6,12.36,576.5,6.86,83.445833,28.025,1,0,WECS_NEA_MIP,0.4731,0.3258,0.1743,0.1048,0.0774,0.1041,0.0946,0.1041,0.1419,0.2602,0.8279,1.6084,1.7267,0.9934,0.4494,0.1987,0.123,0.0095,0.3258,0.3163,0.82,Commercial RoR (>1 MW),35.6,90.58,543.2,161.58,381.61,20.16,16.38,20.16,27.3,53.41,67.18,69.42,69.42,67.18,69.42,39.01,24.18,Satyawati,0,1.0,Micro (5-100 kW),0,1,1
12473,3,652.8,616.5,36.2,12.36,12.57,620.7,5.84,83.441667,28.0225,1,0,WECS_NEA_MIP,0.4809,0.3312,0.1773,0.1066,0.0788,0.1058,0.0962,0.1058,0.1443,0.2645,0.8416,1.6352,1.7554,1.01,0.4569,0.202,0.125,0.0096,0.3312,0.3216,0.82,Commercial RoR (>1 MW),32.6,84.34,505.74,150.48,355.26,18.77,15.26,18.77,25.43,49.73,62.54,64.62,64.62,62.54,64.62,36.33,22.52,Satyawati,0,1.0,Micro (5-100 kW),0,1,1
12474,3,616.5,599.3,17.2,12.57,23.4,257.7,6.68,83.439444,28.019167,1,0,WECS_NEA_MIP,0.8842,0.6128,0.3321,0.2023,0.1504,0.1945,0.1768,0.1945,0.2653,0.4863,1.5474,3.0064,3.2275,1.8569,0.84,0.3714,0.2299,0.0177,0.6128,0.5951,0.82,Commercial RoR (>1 MW),15.5,74.2,443.83,131.52,312.32,16.4,13.33,16.4,22.23,43.47,55.01,56.85,56.85,55.01,56.85,31.75,19.68,Satyawati,0,1.0,Micro (5-100 kW),0,1,1
12477,3,691.7,678.5,13.2,15.04,15.82,564.9,2.34,83.433333,27.958056,1,0,WECS_NEA_MIP,0.6025,0.4159,0.2237,0.1351,0.1001,0.1326,0.1205,0.1326,0.1808,0.3314,1.0544,2.0485,2.1992,1.2653,0.5724,0.2531,0.1567,0.012,0.4159,0.4038,0.82,Commercial RoR (>1 MW),11.9,38.65,231.65,68.85,162.81,8.59,6.98,8.59,11.63,22.75,28.66,29.62,29.62,28.66,29.62,16.62,10.31,Ruru,0,1.0,Micro (5-100 kW),1,1,0
12478,3,678.5,626.2,52.3,15.82,16.44,624.4,8.38,83.4375,27.954722,1,0,WECS_NEA_MIP,0.6256,0.4321,0.2325,0.1406,0.1042,0.1376,0.1251,0.1376,0.1877,0.3441,1.0949,2.1272,2.2836,1.3139,0.5944,0.2628,0.1627,0.0125,0.4321,0.4196,0.82,Commercial RoR (>1 MW),47.1,158.98,952.25,282.8,669.44,35.26,28.67,35.26,47.79,93.47,117.87,121.8,121.8,117.87,121.8,68.28,42.34,Ruru,0,1.0,Mini (100-1000 kW),1,1,0
12479,3,626.2,533.1,93.1,16.44,17.1,628.0,14.83,83.441111,27.950556,1,0,WECS_NEA_MIP,0.6502,0.4492,0.2419,0.1464,0.1085,0.1431,0.13,0.1431,0.1951,0.3576,1.1379,2.2108,2.3734,1.3655,0.6177,0.2731,0.1691,0.013,0.4492,0.4362,0.82,Commercial RoR (>1 MW),83.8,294.04,1761.15,523.0,1238.15,65.25,53.0,65.25,88.38,172.83,218.02,225.29,225.29,218.02,225.29,126.24,78.29,Ruru,0,1.0,Mini (100-1000 kW),1,1,0
12480,3,533.1,462.5,70.6,17.1,17.27,572.2,12.34,83.445833,27.948056,1,0,WECS_NEA_MIP,0.6566,0.4537,0.2444,0.1479,0.1097,0.1444,0.1313,0.1444,0.197,0.3611,1.149,2.2324,2.3965,1.3788,0.6238,0.2758,0.1707,0.0131,0.4537,0.4406,0.82,Commercial RoR (>1 MW),63.5,225.06,1347.77,400.16,947.61,49.9,40.57,49.9,67.63,132.25,166.86,172.42,172.42,166.86,172.42,96.62,59.89,Ruru,0,1.0,Mini (100-1000 kW),1,1,0
12481,3,462.5,462.5,0.0,17.27,17.27,54.5,0.0,83.4475,27.946389,1,0,WECS_NEA_MIP,0.6566,0.4537,0.2444,0.1479,0.1097,0.1444,0.1313,0.1444,0.197,0.3611,1.149,2.2324,2.3965,1.3788,0.6238,0.2758,0.1707,0.0131,0.4537,0.4406,0.82,Commercial RoR (>1 MW),0.0,0.0,0.0,0.0,0.0,0.0,0.0,0.0,0.0,0.0,0.0,0.0,0.0,0.0,0.0,0.0,0.0,Ruru,0,1.0,Pico (<5 kW),1,0,0
12496,2,689.0,549.2,139.8,5.6,5.92,628.7,22.23,83.561944,27.978333,0,1,WECS_NEA_MIP,0.2299,0.1572,0.0829,0.0491,0.036,0.0506,0.046,0.0506,0.069,0.1265,0.4024,0.7818,0.8393,0.4829,0.2184,0.0966,0.0598,0.0046,0.0829,0.0783,0.65,Micro/Mini Hydro (<1 MW),125.8,62.81,488.9,196.84,292.07,27.45,22.32,27.45,37.19,49.48,47.88,49.48,49.48,47.88,49.48,47.88,32.94,Kaligandaki,0,1.0,Micro (5-100 kW),0,1,1
12497,5,549.2,549.2,0.0,5.92,545.26,30.9,0.0,83.563056,27.975833,1,0,GAUGE_TRANSFER_DHM,21.4265,13.1374,6.5687,4.2227,2.9716,4.7138,4.2853,4.7138,6.428,11.7846,37.4964,72.8502,78.2069,44.9957,20.3552,8.9991,5.5709,0.4285,13.1374,12.7089,0.82,Commercial RoR (>1 MW),0.0,0.0,0.0,0.0,0.0,0.0,0.0,0.0,0.0,0.0,0.0,0.0,0.0,0.0,0.0,0.0,0.0,Kaligandaki,1,0.5,Pico (<5 kW),0,0,0
12519,5,685.8,685.3,0.5,273.43,274.22,519.3,0.1,83.299722,28.12,1,0,GAUGE_TRANSFER_DHM,11.946,7.3246,3.6623,2.3543,1.6567,2.6281,2.3892,2.6281,3.5838,6.5703,20.9055,40.6165,43.603,25.0866,11.3487,5.0173,3.106,0.2389,7.3246,7.0857,0.82,Commercial RoR (>1 MW),0.5,14.25,89.67,28.66,61.01,7.15,5.81,7.15,9.69,18.95,21.21,21.92,21.92,21.21,21.92,13.84,8.58,Musikot,1,0.5,Micro (5-100 kW),0,0,0
12520,5,685.3,685.3,0.0,274.22,275.23,436.9,0.0,83.304167,28.119444,1,0,GAUGE_TRANSFER_DHM,11.9834,7.3475,3.6737,2.3617,1.6619,2.6363,2.3967,2.6363,3.595,6.5909,20.971,40.7436,43.7394,25.1652,11.3842,5.033,3.1157,0.2397,7.3475,7.1078,0.82,Commercial RoR (>1 MW),0.0,0.0,0.0,0.0,0.0,0.0,0.0,0.0,0.0,0.0,0.0,0.0,0.0,0.0,0.0,0.0,0.0,Musikot,1,0.5,Pico (<5 kW),0,0,0
12525,5,685.3,680.2,5.1,275.23,275.77,547.3,0.93,83.308611,28.119444,1,0,GAUGE_TRANSFER_DHM,12.0034,7.3597,3.6799,2.3656,1.6647,2.6407,2.4007,2.6407,3.601,6.6019,21.0059,40.8115,43.8124,25.2071,11.4032,5.0414,3.1209,0.2401,7.3597,7.1196,0.82,Commercial RoR (>1 MW),4.6,131.72,828.91,264.95,563.97,66.09,53.73,66.09,89.54,175.14,196.08,202.62,202.62,196.08,202.62,127.92,79.31,Musikot,1,0.5,Mini (100-1000 kW),0,1,1
12526,5,680.2,671.0,9.2,275.77,276.31,550.9,1.67,83.313333,28.117778,1,0,GAUGE_TRANSFER_DHM,12.0234,7.372,3.686,2.3696,1.6675,2.6451,2.4047,2.6451,3.607,6.6128,21.0409,40.8794,43.8853,25.2491,11.4222,5.0498,3.1261,0.2405,7.372,7.1315,0.82,Commercial RoR (>1 MW),8.3,238.07,1498.14,478.86,1019.28,119.45,97.1,119.45,161.83,316.54,354.39,366.2,366.2,354.39,366.2,231.19,143.34,Musikot,1,0.5,Mini (100-1000 kW),0,1,1
12527,5,671.0,666.0,5.0,276.31,276.5,544.3,0.91,83.316944,28.12,1,0,GAUGE_TRANSFER_DHM,12.0304,7.3763,3.6881,2.371,1.6684,2.6467,2.4061,2.6467,3.6091,6.6167,21.0532,40.9033,43.9109,25.2638,11.4289,5.0528,3.1279,0.2406,7.3763,7.1357,0.82,Commercial RoR (>1 MW),4.5,129.15,812.73,259.77,552.95,64.8,52.68,64.8,87.79,171.72,192.25,198.66,198.66,192.25,198.66,125.42,77.76,Musikot,1,0.5,Mini (100-1000 kW),0,1,1
12528,5,666.0,661.0,5.0,276.5,1238.89,341.8,1.47,83.320833,28.12,1,0,GAUGE_TRANSFER_DHM,43.0444,26.3922,13.1961,8.4832,5.9697,9.4698,8.6089,9.4698,12.9133,23.6744,75.3277,146.351,157.1121,90.3932,40.8922,18.0786,11.1915,0.8609,26.3922,25.5313,0.82,Commercial RoR (>1 MW),4.5,462.1,2907.91,929.48,1978.43,231.85,188.48,231.85,314.12,614.41,687.87,710.79,710.79,687.87,710.79,448.75,278.22,Musikot,1,0.5,Mini (100-1000 kW),0,1,1
12565,2,682.2,638.7,43.5,2.24,2.27,563.2,7.72,83.344444,28.081667,0,1,WECS_NEA_MIP,0.0899,0.0609,0.0315,0.0183,0.0133,0.0198,0.018,0.0198,0.027,0.0494,0.1573,0.3056,0.3281,0.1887,0.0854,0.0377,0.0234,0.0018,0.0315,0.0297,0.65,Micro/Mini Hydro (<1 MW),39.1,7.4,58.26,23.77,34.49,3.34,2.71,3.34,4.52,5.84,5.65,5.84,5.84,5.65,5.84,5.65,4.01,Gulmidarbar,0,1.0,Micro (5-100 kW),0,1,1
12566,2,638.7,638.7,0.0,2.27,2.29,525.7,0.0,83.344444,28.076944,0,1,WECS_NEA_MIP,0.0907,0.0614,0.0318,0.0185,0.0134,0.0199,0.0181,0.0199,0.0272,0.0499,0.1586,0.3082,0.3309,0.1904,0.0861,0.0381,0.0236,0.0018,0.0318,0.03,0.65,Micro/Mini Hydro (<1 MW),0.0,0.0,0.0,0.0,0.0,0.0,0.0,0.0,0.0,0.0,0.0,0.0,0.0,0.0,0.0,0.0,0.0,Gulmidarbar,0,1.0,Pico (<5 kW),0,0,0
12567,2,638.7,638.7,0.0,2.29,1291.27,123.7,0.0,83.344444,28.074167,1,0,GAUGE_TRANSFER_DHM,44.5865,27.3377,13.6689,8.7871,6.1835,9.809,8.9173,9.809,13.3759,24.5226,78.0264,151.5941,162.7407,93.6316,42.3572,18.7263,11.5925,0.8917,27.3377,26.446,0.82,Commercial RoR (>1 MW),0.0,0.0,0.0,0.0,0.0,0.0,0.0,0.0,0.0,0.0,0.0,0.0,0.0,0.0,0.0,0.0,0.0,Gulmidarbar,1,0.5,Pico (<5 kW),0,0,0
12568,5,682.0,681.3,0.7,948.19,948.83,620.7,0.12,83.3025,28.143611,1,0,GAUGE_TRANSFER_DHM,34.3122,21.0382,10.5191,6.7623,4.7586,7.5487,6.8624,7.5487,10.2937,18.8717,60.0464,116.6616,125.2397,72.0557,32.5966,14.4111,8.9212,0.6862,21.0382,20.352,0.82,Commercial RoR (>1 MW),0.6,49.12,309.06,98.79,210.28,24.64,20.03,24.64,33.39,65.3,73.11,75.55,75.55,73.11,75.55,47.7,29.57,Musikot,1,0.5,Micro (5-100 kW),0,0,0
12569,5,681.3,681.3,0.0,948.83,949.55,192.2,0.0,83.305556,28.140833,1,0,GAUGE_TRANSFER_DHM,34.3344,21.0517,10.5259,6.7666,4.7617,7.5536,6.8669,7.5536,10.3003,18.8839,60.0851,116.7368,125.3204,72.1022,32.6176,14.4204,8.9269,0.6867,21.0517,20.365,0.82,Commercial RoR (>1 MW),0.0,0.0,0.0,0.0,0.0,0.0,0.0,0.0,0.0,0.0,0.0,0.0,0.0,0.0,0.0,0.0,0.0,Musikot,1,0.5,Pico (<5 kW),0,0,0
12575,5,681.3,680.8,0.5,949.55,950.44,594.1,0.09,83.307778,28.138056,1,0,GAUGE_TRANSFER_DHM,34.3617,21.0685,10.5342,6.772,4.7655,7.5596,6.8723,7.5596,10.3085,18.8989,60.133,116.8298,125.4203,72.1596,32.6436,14.4319,8.934,0.6872,21.0685,20.3813,0.82,Commercial RoR (>1 MW),0.5,40.99,257.93,82.44,175.49,20.57,16.72,20.57,27.86,54.5,61.01,63.05,63.05,61.01,63.05,39.8,24.68,Musikot,1,0.5,Micro (5-100 kW),0,0,0
12576,5,680.8,680.8,0.0,950.44,951.34,61.8,0.0,83.308333,28.135556,1,0,GAUGE_TRANSFER_DHM,34.3894,21.0855,10.5427,6.7775,4.7693,7.5657,6.8779,7.5657,10.3168,18.9142,60.1814,116.9239,125.5212,72.2177,32.6699,14.4435,8.9412,0.6878,21.0855,20.3977,0.82,Commercial RoR (>1 MW),0.0,0.0,0.0,0.0,0.0,0.0,0.0,0.0,0.0,0.0,0.0,0.0,0.0,0.0,0.0,0.0,0.0,Musikot,1,0.5,Pico (<5 kW),0,0,0
12581,5,680.8,680.0,0.7,951.34,952.04,607.4,0.12,83.309444,28.132778,1,0,GAUGE_TRANSFER_DHM,34.4109,21.0986,10.5493,6.7817,4.7723,7.5704,6.8822,7.5704,10.3233,18.926,60.219,116.997,125.5997,72.2628,32.6903,14.4526,8.9468,0.6882,21.0986,20.4104,0.82,Commercial RoR (>1 MW),0.6,49.26,309.95,99.08,210.88,24.71,20.09,24.71,33.48,65.49,73.32,75.76,75.76,73.32,75.76,47.83,29.66,Musikot,1,0.5,Micro (5-100 kW),0,0,0
12582,5,680.0,680.0,0.0,952.04,956.51,219.4,0.0,83.3125,28.130833,1,0,GAUGE_TRANSFER_DHM,34.5482,21.1828,10.5914,6.8088,4.7914,7.6006,6.9096,7.6006,10.3644,19.0015,60.4593,117.4638,126.1008,72.5511,32.8208,14.5102,8.9825,0.691,21.1828,20.4918,0.82,Commercial RoR (>1 MW),0.0,0.0,0.0,0.0,0.0,0.0,0.0,0.0,0.0,0.0,0.0,0.0,0.0,0.0,0.0,0.0,0.0,Musikot,1,0.5,Pico (<5 kW),0,0,0
12590,5,680.0,669.6,10.5,956.51,956.94,610.4,1.72,83.315556,28.128889,1,0,GAUGE_TRANSFER_DHM,34.5614,21.1909,10.5955,6.8114,4.7932,7.6035,6.9123,7.6035,10.3684,19.0087,60.4824,117.5086,126.149,72.5789,32.8333,14.5158,8.986,0.6912,21.1909,20.4997,0.82,Commercial RoR (>1 MW),9.5,783.29,4929.08,1575.52,3353.56,393.01,319.48,393.01,532.46,1041.47,1165.97,1204.84,1204.84,1165.97,1204.84,760.66,471.61,Musikot,1,0.5,Mini (100-1000 kW),0,1,1
12591,5,669.6,669.6,0.0,956.94,957.94,164.9,0.0,83.318056,28.126389,1,0,GAUGE_TRANSFER_DHM,34.5921,21.2097,10.6049,6.8174,4.7974,7.6103,6.9184,7.6103,10.3776,19.0256,60.5361,117.613,126.261,72.6433,32.8625,14.5287,8.9939,0.6918,21.2097,20.5179,0.82,Commercial RoR (>1 MW),0.0,0.0,0.0,0.0,0.0,0.0,0.0,0.0,0.0,0.0,0.0,0.0,0.0,0.0,0.0,0.0,0.0,Musikot,1,0.5,Pico (<5 kW),0,0,0
12600,1,678.1,545.2,132.9,0.53,0.95,589.1,22.55,83.46,27.960556,0,1,WECS_NEA_MIP,0.0383,0.0257,0.0131,0.0075,0.0054,0.0084,0.0077,0.0084,0.0115,0.0211,0.067,0.1301,0.1397,0.0804,0.0364,0.0161,0.01,0.0008,0.0131,0.0123,0.65,Micro/Mini Hydro (<1 MW),119.6,9.38,74.57,30.69,43.88,4.31,3.54,4.31,5.88,7.43,7.19,7.43,7.43,7.19,7.43,7.19,5.22,Ruru,0,1.0,Micro (5-100 kW),0,1,1
12601,1,545.2,545.2,0.0,0.95,2182.96,319.5,0.0,83.462778,27.957778,1,0,GAUGE_TRANSFER_DHM,69.6671,42.7156,21.3578,13.73,9.6619,15.3268,13.9334,15.3268,20.9001,38.3169,121.9174,236.8682,254.2849,146.3009,66.1838,29.2602,18.1134,1.3933,42.7156,41.3223,0.82,Commercial RoR (>1 MW),0.0,0.0,0.0,0.0,0.0,0.0,0.0,0.0,0.0,0.0,0.0,0.0,0.0,0.0,0.0,0.0,0.0,Ruru,1,0.5,Pico (<5 kW),0,0,0
12605,1,677.9,651.9,25.9,0.51,1.09,61.8,41.96,83.433333,28.010556,0,1,WECS_NEA_MIP,0.0438,0.0294,0.015,0.0086,0.0062,0.0096,0.0088,0.0096,0.0131,0.0241,0.0766,0.1489,0.1599,0.092,0.0416,0.0184,0.0114,0.0009,0.015,0.0141,0.65,Micro/Mini Hydro (<1 MW),23.3,2.09,16.62,6.84,9.79,0.96,0.79,0.96,1.31,1.66,1.6,1.66,1.66,1.6,1.66,1.6,1.16,Ruru,0,1.0,Pico (<5 kW),0,1,0
12608,5,677.5,676.2,1.3,448.24,449.32,561.2,0.24,83.295278,27.926111,1,0,GAUGE_TRANSFER_DHM,18.1765,11.1447,5.5724,3.5822,2.5208,3.9988,3.6353,3.9988,5.453,9.9971,31.8089,61.8002,66.3444,38.1707,17.2677,7.6341,4.7259,0.3635,11.1447,10.7812,0.82,Commercial RoR (>1 MW),1.2,52.03,327.45,104.67,222.78,26.11,21.22,26.11,35.37,69.19,77.46,80.04,80.04,77.46,80.04,50.53,31.33,Chatrakot,1,0.5,Micro (5-100 kW),0,0,0
12609,5,676.2,675.0,1.2,449.32,449.61,519.3,0.23,83.3,27.926667,1,0,GAUGE_TRANSFER_DHM,18.1865,11.1509,5.5754,3.5842,2.5222,4.001,3.6373,4.001,5.456,10.0026,31.8264,61.8341,66.3808,38.1917,17.2772,7.6383,4.7285,0.3637,11.1509,10.7872,0.82,Commercial RoR (>1 MW),1.1,47.73,300.32,96.0,204.33,23.95,19.47,23.95,32.44,63.46,71.04,73.41,73.41,71.04,73.41,46.35,28.74,Chatrakot,1,0.5,Micro (5-100 kW),0,0,0
12610,5,675.0,675.0,0.0,449.61,450.41,519.3,0.0,83.304722,27.927222,1,0,GAUGE_TRANSFER_DHM,18.214,11.1677,5.5839,3.5896,2.526,4.0071,3.6428,4.0071,5.4642,10.0177,31.8745,61.9277,66.4812,38.2494,17.3033,7.6499,4.7356,0.3643,11.1677,10.8034,0.82,Commercial RoR (>1 MW),0.0,0.0,0.0,0.0,0.0,0.0,0.0,0.0,0.0,0.0,0.0,0.0,0.0,0.0,0.0,0.0,0.0,Chatrakot,1,0.5,Pico (<5 kW),0,0,0
12615,1,676.4,596.0,80.4,0.51,1488.04,284.9,28.22,83.401389,28.036389,1,0,GAUGE_TRANSFER_DHM,50.2992,30.8404,15.4202,9.913,6.9758,11.0658,10.0598,11.0658,15.0898,27.6646,88.0236,171.0174,183.5922,105.6284,47.7843,21.1257,13.0778,1.006,30.8404,29.8344,0.82,Commercial RoR (>1 MW),72.4,8687.78,54670.19,17474.59,37195.6,4358.97,3543.41,4358.97,5905.73,11551.32,12932.25,13363.32,13363.32,12932.25,13363.32,8436.75,5230.78,Chatrakot,1,0.5,Small/Medium RoR (>1 MW),0,1,1
12627,4,673.1,660.3,12.7,129.89,130.57,520.0,2.45,83.359167,28.073611,1,0,WECS_NEA_MIP,4.7673,3.3612,1.8854,1.1884,0.899,1.0488,0.9535,1.0488,1.4302,2.622,8.3427,16.2087,17.4005,10.0113,4.5289,2.0023,1.2395,0.0954,3.3612,3.2659,0.82,Commercial RoR (>1 MW),11.4,299.5,1779.3,521.55,1257.75,65.05,52.88,65.05,88.13,172.38,221.93,229.33,229.33,221.93,229.33,125.91,78.06,Chandrakot,0,1.0,Mini (100-1000 kW),0,1,1
12628,3,673.0,634.3,38.7,11.45,12.09,583.8,6.63,83.383889,28.055556,1,0,WECS_NEA_MIP,0.4629,0.3187,0.1705,0.1025,0.0757,0.1018,0.0926,0.1018,0.1389,0.2546,0.8101,1.574,1.6897,0.9722,0.4398,0.1944,0.1204,0.0093,0.3187,0.3094,0.82,Commercial RoR (>1 MW),34.8,86.61,519.46,154.55,364.91,19.27,15.67,19.27,26.12,51.09,64.24,66.38,66.38,64.24,66.38,37.31,23.14,Chandrakot,0,1.0,Micro (5-100 kW),0,1,1
12629,3,634.3,605.8,28.6,12.09,12.44,577.2,4.95,83.383889,28.050833,1,0,WECS_NEA_MIP,0.4761,0.3279,0.1755,0.1055,0.078,0.1047,0.0952,0.1047,0.1428,0.2618,0.8331,1.6186,1.7376,0.9997,0.4523,0.1999,0.1238,0.0095,0.3279,0.3184,0.82,Commercial RoR (>1 MW),25.7,65.82,394.68,117.42,277.26,14.64,11.91,14.64,19.84,38.81,48.81,50.43,50.43,48.81,50.43,28.34,17.58,Chandrakot,0,1.0,Micro (5-100 kW),0,1,1
12630,3,605.8,599.5,6.3,12.44,1480.36,301.2,2.08,83.384167,28.0475,1,0,GAUGE_TRANSFER_DHM,50.0785,30.7051,15.3525,9.8695,6.9452,11.0173,10.0157,11.0173,15.0235,27.5432,87.6373,170.2668,182.7864,105.1648,47.5746,21.033,13.0204,1.0016,30.7051,29.7035,0.82,Commercial RoR (>1 MW),5.7,680.98,4285.26,1369.72,2915.53,341.67,277.75,341.67,462.91,905.44,1013.68,1047.47,1047.47,1013.68,1047.47,661.3,410.01,Chandrakot,1,0.5,Mini (100-1000 kW),0,1,1
12635,1,671.7,579.5,92.2,0.5,348.64,417.6,22.08,83.603333,28.008056,1,0,GAUGE_TRANSFER_DHM,14.6507,8.9829,4.4915,2.8874,2.0319,3.2232,2.9301,3.2232,4.3952,8.0579,25.6388,49.8125,53.4752,30.7665,13.9182,6.1533,3.8092,0.293,8.9829,8.6899,0.82,Commercial RoR (>1 MW),83.0,2900.99,18255.26,5835.09,12420.18,1455.56,1183.2,1455.56,1972.02,3857.18,4318.27,4462.21,4462.21,4318.27,4462.21,2817.17,1746.66,Kaligandaki,1,0.5,Small/Medium RoR (>1 MW),0,1,1
12636,3,671.2,640.0,31.2,43.26,43.78,582.5,5.35,83.55,28.067222,1,0,WECS_NEA_MIP,1.6338,1.1394,0.6253,0.3856,0.2885,0.3594,0.3268,0.3594,0.4901,0.8986,2.8591,5.5549,5.9633,3.4309,1.5521,0.6862,0.4248,0.0327,1.1394,1.1067,0.82,Commercial RoR (>1 MW),28.1,250.16,1492.66,440.57,1052.09,54.94,44.67,54.94,74.44,145.62,185.44,191.62,191.62,185.44,191.62,106.36,65.94,Kaligandaki,0,1.0,Mini (100-1000 kW),0,1,1
12637,3,640.0,597.7,42.3,43.78,44.65,547.3,7.72,83.554444,28.065556,1,0,WECS_NEA_MIP,1.6656,1.1618,0.6378,0.3935,0.2945,0.3664,0.3331,0.3664,0.4997,0.9161,2.9148,5.663,6.0794,3.4977,1.5823,0.6995,0.4331,0.0333,1.1618,1.1285,0.82,Commercial RoR (>1 MW),38.1,345.87,2063.55,609.04,1454.51,75.95,61.75,75.95,102.92,201.3,256.37,264.92,264.92,256.37,264.92,147.01,91.16,Kaligandaki,0,1.0,Mini (100-1000 kW),0,1,1
12638,3,597.7,585.5,12.2,44.65,45.04,534.0,2.29,83.559167,28.064444,1,0,WECS_NEA_MIP,1.6798,1.1719,0.6435,0.397,0.2972,0.3696,0.336,0.3696,0.504,0.9239,2.9397,5.7115,6.1314,3.5277,1.5959,0.7055,0.4368,0.0336,1.1719,1.1383,0.82,Commercial RoR (>1 MW),11.0,100.72,600.93,177.35,423.58,22.12,17.98,22.12,29.97,58.61,74.66,77.15,77.15,74.66,77.15,42.81,26.54,Kaligandaki,0,1.0,Mini (100-1000 kW),0,1,1
12639,3,585.5,585.5,0.0,45.04,291.66,309.2,0.0,83.561111,28.061667,1,0,GAUGE_TRANSFER_DHM,12.5888,7.7187,3.8593,2.481,1.7459,2.7695,2.5178,2.7695,3.7766,6.9238,22.0304,42.8019,45.9491,26.4365,11.9594,5.2873,3.2731,0.2518,7.7187,7.4669,0.82,Commercial RoR (>1 MW),0.0,0.0,0.0,0.0,0.0,0.0,0.0,0.0,0.0,0.0,0.0,0.0,0.0,0.0,0.0,0.0,0.0,Kaligandaki,1,0.5,Pico (<5 kW),0,0,0
12644,5,669.6,665.7,3.8,957.94,958.47,552.3,0.69,83.318333,28.123333,1,0,GAUGE_TRANSFER_DHM,34.6083,21.2197,10.6099,6.8206,4.7997,7.6138,6.9217,7.6138,10.3825,19.0346,60.5646,117.6683,126.3204,72.6775,32.8779,14.5355,8.9982,0.6922,21.2197,20.5275,0.82,Commercial RoR (>1 MW),3.4,280.71,1766.48,564.63,1201.85,140.84,114.49,140.84,190.82,373.24,417.86,431.79,431.79,417.86,431.79,272.61,169.02,Musikot,1,0.5,Mini (100-1000 kW),0,0,0
12645,5,665.7,662.5,3.2,958.47,962.31,369.7,0.87,83.321389,28.1225,1,0,GAUGE_TRANSFER_DHM,34.7261,21.2919,10.646,6.8438,4.816,7.6398,6.9452,7.6398,10.4178,19.0994,60.7708,118.0689,126.7504,72.9249,32.9898,14.585,9.0288,0.6945,21.2919,20.5974,0.82,Commercial RoR (>1 MW),2.9,240.25,1511.84,483.24,1028.6,120.54,97.99,120.54,163.32,319.44,357.62,369.55,369.55,357.62,369.55,233.31,144.65,Musikot,1,0.5,Mini (100-1000 kW),0,0,0
12704,5,662.5,661.0,1.5,962.31,1238.89,103.1,1.47,83.321944,28.120556,1,0,GAUGE_TRANSFER_DHM,43.0444,26.3922,13.1961,8.4832,5.9697,9.4698,8.6089,9.4698,12.9133,23.6744,75.3277,146.351,157.1121,90.3932,40.8922,18.0786,11.1915,0.8609,26.3922,25.5313,0.82,Commercial RoR (>1 MW),1.4,143.76,904.68,289.17,615.51,72.13,58.64,72.13,97.73,191.15,214.0,221.14,221.14,214.0,221.14,139.61,86.56,Musikot,1,0.5,Mini (100-1000 kW),0,0,0
12709,4,661.2,660.3,0.8,0.53,130.57,41.2,2.02,83.356944,28.074167,1,0,WECS_NEA_MIP,4.7673,3.3612,1.8854,1.1884,0.899,1.0488,0.9535,1.0488,1.4302,2.622,8.3427,16.2087,17.4005,10.0113,4.5289,2.0023,1.2395,0.0954,3.3612,3.2659,0.82,Commercial RoR (>1 MW),0.7,18.39,109.26,32.03,77.23,3.99,3.25,3.99,5.41,10.58,13.63,14.08,14.08,13.63,14.08,7.73,4.79,Chandrakot,0,1.0,Micro (5-100 kW),0,1,1
12710,5,661.0,659.8,1.2,1238.89,1239.53,625.1,0.19,83.323611,28.118056,1,0,GAUGE_TRANSFER_DHM,43.0633,26.4038,13.2019,8.4869,5.9723,9.4739,8.6127,9.4739,12.919,23.6848,75.3608,146.4152,157.1811,90.4329,40.9101,18.0866,11.1965,0.8613,26.4038,25.5425,0.82,Commercial RoR (>1 MW),1.1,113.01,711.13,227.31,483.83,56.7,46.09,56.7,76.82,150.26,168.22,173.83,173.83,168.22,173.83,109.74,68.04,Resunga,1,0.5,Mini (100-1000 kW),0,0,0
12711,5,659.8,659.8,0.0,1239.53,1256.51,178.2,0.0,83.326111,28.115278,1,0,GAUGE_TRANSFER_DHM,43.5642,26.7109,13.3555,8.5856,6.0418,9.5841,8.7128,9.5841,13.0693,23.9603,76.2374,148.1183,159.0094,91.4849,41.386,18.297,11.3267,0.8713,26.7109,25.8396,0.82,Commercial RoR (>1 MW),0.0,0.0,0.0,0.0,0.0,0.0,0.0,0.0,0.0,0.0,0.0,0.0,0.0,0.0,0.0,0.0,0.0,Resunga,1,0.5,Pico (<5 kW),0,0,0
12713,4,660.3,644.9,15.5,130.57,131.02,589.8,2.62,83.354444,28.073056,1,0,WECS_NEA_MIP,4.7834,3.3727,1.8919,1.1926,0.9022,1.0523,0.9567,1.0523,1.435,2.6309,8.3709,16.2635,17.4593,10.0451,4.5442,2.009,1.2437,0.0957,3.3727,3.277,0.82,Commercial RoR (>1 MW),14.0,369.05,2192.55,642.67,1549.87,80.15,65.16,80.15,108.6,212.42,273.48,282.59,282.59,273.48,282.59,155.14,96.19,Chandrakot,0,1.0,Mini (100-1000 kW),0,1,1
12714,4,644.9,633.0,11.9,131.02,131.23,583.8,2.04,83.351944,28.068611,1,0,WECS_NEA_MIP,4.7909,3.378,1.895,1.1945,0.9037,1.054,0.9582,1.054,1.4373,2.635,8.384,16.289,17.4867,10.0609,4.5513,2.0122,1.2456,0.0958,3.378,3.2822,0.82,Commercial RoR (>1 MW),10.7,282.51,1678.39,491.98,1186.41,61.36,49.88,61.36,83.14,162.61,209.34,216.32,216.32,209.34,216.32,118.76,73.63,Chandrakot,0,1.0,Mini (100-1000 kW),0,1,1
12715,4,633.0,633.0,0.0,131.23,131.45,505.4,0.0,83.355,28.066389,1,0,WECS_NEA_MIP,4.7988,3.3836,1.8982,1.1966,0.9053,1.0557,0.9598,1.0557,1.4396,2.6393,8.3978,16.3158,17.5155,10.0774,4.5588,2.0155,1.2477,0.096,3.3836,3.2876,0.82,Commercial RoR (>1 MW),0.0,0.0,0.0,0.0,0.0,0.0,0.0,0.0,0.0,0.0,0.0,0.0,0.0,0.0,0.0,0.0,0.0,Chandrakot,0,1.0,Pico (<5 kW),0,0,0
12716,5,633.0,633.0,0.0,131.45,1433.97,41.2,0.0,83.3575,28.065278,1,0,GAUGE_TRANSFER_DHM,48.7414,29.8852,14.9426,9.606,6.7598,10.7231,9.7483,10.7231,14.6224,26.8078,85.2974,165.7207,177.9061,102.3569,46.3043,20.4714,12.6728,0.9748,29.8852,28.9104,0.82,Commercial RoR (>1 MW),0.0,0.0,0.0,0.0,0.0,0.0,0.0,0.0,0.0,0.0,0.0,0.0,0.0,0.0,0.0,0.0,0.0,Gulmidarbar,1,0.5,Pico (<5 kW),0,0,0
12723,5,659.8,659.8,0.0,1256.51,1257.43,624.4,0.0,83.329167,28.114722,1,0,GAUGE_TRANSFER_DHM,43.5913,26.7275,13.3638,8.591,6.0455,9.5901,8.7183,9.5901,13.0774,23.9752,76.2848,148.2105,159.1084,91.5418,41.4118,18.3084,11.3337,0.8718,26.7275,25.8557,0.82,Commercial RoR (>1 MW),0.0,0.0,0.0,0.0,0.0,0.0,0.0,0.0,0.0,0.0,0.0,0.0,0.0,0.0,0.0,0.0,0.0,Gulmidarbar,1,0.5,Pico (<5 kW),0,0,0
12724,5,659.8,659.8,0.0,1257.43,1259.59,443.2,0.0,83.331111,28.110556,1,0,GAUGE_TRANSFER_DHM,43.655,26.7666,13.3833,8.6035,6.0543,9.6041,8.731,9.6041,13.0965,24.0102,76.3962,148.4269,159.3406,91.6754,41.4722,18.3351,11.3503,0.8731,26.7666,25.8935,0.82,Commercial RoR (>1 MW),0.0,0.0,0.0,0.0,0.0,0.0,0.0,0.0,0.0,0.0,0.0,0.0,0.0,0.0,0.0,0.0,0.0,Gulmidarbar,1,0.5,Pico (<5 kW),0,0,0
12725,5,659.8,656.8,3.0,1259.59,1260.31,649.3,0.46,83.33,28.106389,1,0,GAUGE_TRANSFER_DHM,43.6762,26.7796,13.3898,8.6077,6.0573,9.6088,8.7352,9.6088,13.1029,24.0219,76.4333,148.499,159.4181,91.72,41.4924,18.344,11.3558,0.8735,26.7796,25.9061,0.82,Commercial RoR (>1 MW),2.7,281.33,1770.36,565.87,1204.48,141.16,114.74,141.16,191.24,374.06,418.78,432.74,432.74,418.78,432.74,273.2,169.39,Gulmidarbar,1,0.5,Mini (100-1000 kW),0,0,0
12726,5,656.8,651.7,5.1,1260.31,1279.89,226.8,2.27,83.328611,28.103056,1,0,GAUGE_TRANSFER_DHM,44.2523,27.1328,13.5664,8.7213,6.1372,9.7355,8.8505,9.7355,13.2757,24.3388,77.4415,150.4577,161.5208,92.9298,42.0397,18.586,11.5056,0.8851,27.1328,26.2477,0.82,Commercial RoR (>1 MW),4.6,485.62,3055.93,976.78,2079.15,243.66,198.07,243.66,330.12,645.69,722.88,746.98,746.98,722.88,746.98,471.59,292.39,Gulmidarbar,1,0.5,Mini (100-1000 kW),0,1,1
12738,1,657.7,646.0,11.7,0.52,1280.9,68.5,17.1,83.332778,28.098333,1,0,GAUGE_TRANSFER_DHM,44.282,27.151,13.5755,8.7271,6.1413,9.742,8.8564,9.742,13.2846,24.3551,77.4934,150.5587,161.6291,92.9921,42.0679,18.5984,11.5133,0.8856,27.151,26.2654,0.82,Commercial RoR (>1 MW),10.5,1109.24,6980.19,2231.13,4749.06,556.55,452.42,556.55,754.03,1474.85,1651.17,1706.2,1706.2,1651.17,1706.2,1077.19,667.86,Gulmidarbar,1,0.5,Small/Medium RoR (>1 MW),0,1,1
12739,1,657.3,549.2,108.1,0.52,490.67,350.4,30.85,83.585556,27.989167,1,0,GAUGE_TRANSFER_DHM,19.5889,12.0107,6.0054,3.8606,2.7167,4.3096,3.9178,4.3096,5.8767,10.7739,34.2806,66.6022,71.4995,41.1367,18.6095,8.2273,5.0931,0.3918,12.0107,11.6189,0.82,Commercial RoR (>1 MW),97.3,4547.06,28613.65,9145.99,19467.67,2281.45,1854.59,2281.45,3090.99,6045.8,6768.56,6994.18,6994.18,6768.56,6994.18,4415.65,2737.7,Kaligandaki,1,0.5,Small/Medium RoR (>1 MW),0,1,1
12751,1,654.7,630.7,24.0,0.84,476.43,229.7,10.45,83.342222,27.940556,1,0,GAUGE_TRANSFER_DHM,19.1046,11.7138,5.8569,3.7651,2.6495,4.203,3.8209,4.203,5.7314,10.5075,33.4331,64.9557,69.7318,40.1197,18.1494,8.0239,4.9672,0.3821,11.7138,11.3317,0.82,Commercial RoR (>1 MW),21.6,984.47,6195.02,1980.15,4214.87,493.94,401.53,493.94,669.22,1308.95,1465.44,1514.28,1514.28,1465.44,1514.28,956.02,592.73,Chatrakot,1,0.5,Mini (100-1000 kW),0,1,1
12754,5,654.5,651.4,3.0,457.04,460.05,218.8,1.39,83.3275,27.921111,1,0,GAUGE_TRANSFER_DHM,18.5448,11.3706,5.6853,3.6548,2.5719,4.0799,3.709,4.0799,5.5635,10.1997,32.4535,63.0525,67.6887,38.9442,17.6176,7.7888,4.8217,0.3709,11.3706,10.9997,0.82,Commercial RoR (>1 MW),2.7,119.45,751.69,240.27,511.42,59.93,48.72,59.93,81.2,158.83,177.81,183.74,183.74,177.81,183.74,116.0,71.92,Chatrakot,1,0.5,Mini (100-1000 kW),0,0,0
12770,1,651.9,558.6,93.3,1.09,1546.47,370.4,25.19,83.434722,28.011667,1,0,GAUGE_TRANSFER_DHM,51.9732,31.8668,15.9334,10.2429,7.208,11.4341,10.3946,11.4341,15.5919,28.5852,90.953,176.7088,189.702,109.1436,49.3745,21.8287,13.513,1.0395,31.8668,30.8273,0.82,Commercial RoR (>1 MW),84.0,10415.2,65540.4,20949.06,44591.34,5225.68,4247.95,5225.68,7079.93,13848.06,15503.62,16020.41,16020.41,15503.62,16020.41,10114.22,6270.81,Ruru,1,0.5,Small/Medium RoR (>1 MW),0,1,1
12771,5,651.7,646.0,5.7,1279.89,1280.9,638.3,0.89,83.331111,28.100278,1,0,GAUGE_TRANSFER_DHM,44.282,27.151,13.5755,8.7271,6.1413,9.742,8.8564,9.742,13.2846,24.3551,77.4934,150.5587,161.6291,92.9921,42.0679,18.5984,11.5133,0.8856,27.151,26.2654,0.82,Commercial RoR (>1 MW),5.1,538.77,3390.38,1083.69,2306.69,270.32,219.75,270.32,366.25,716.36,801.99,828.73,828.73,801.99,828.73,523.21,324.39,Gulmidarbar,1,0.5,Mini (100-1000 kW),0,1,1
12772,5,651.4,649.0,2.4,460.05,460.49,533.3,0.46,83.330833,27.921667,1,0,GAUGE_TRANSFER_DHM,18.5599,11.3798,5.6899,3.6578,2.574,4.0832,3.712,4.0832,5.568,10.208,32.4799,63.1037,67.7437,38.9758,17.6319,7.7952,4.8256,0.3712,11.3798,11.0086,0.82,Commercial RoR (>1 MW),2.2,97.41,612.99,195.94,417.05,48.87,39.73,48.87,66.22,129.52,145.0,149.83,149.83,145.0,149.83,94.6,58.65,Chatrakot,1,0.5,Micro (5-100 kW),0,0,0
12774,5,643.5,642.6,0.8,461.18,462.31,603.8,0.14,83.339167,27.925278,1,0,GAUGE_TRANSFER_DHM,18.6223,11.418,5.709,3.6701,2.5826,4.0969,3.7245,4.0969,5.5867,10.2422,32.5889,63.3157,67.9712,39.1067,17.6911,7.8213,4.8418,0.3725,11.418,11.0455,0.82,Commercial RoR (>1 MW),0.7,31.1,195.69,62.55,133.15,15.6,12.68,15.6,21.14,41.35,46.29,47.83,47.83,46.29,47.83,30.2,18.72,Chatrakot,1,0.5,Micro (5-100 kW),0,0,0
12775,5,642.6,642.6,0.0,462.31,463.47,163.6,0.0,83.342222,27.926389,1,0,GAUGE_TRANSFER_DHM,18.662,11.4424,5.7212,3.6779,2.5882,4.1056,3.7324,4.1056,5.5986,10.2641,32.6584,63.4507,68.1162,39.1901,17.7289,7.838,4.8521,0.3732,11.4424,11.0692,0.82,Commercial RoR (>1 MW),0.0,0.0,0.0,0.0,0.0,0.0,0.0,0.0,0.0,0.0,0.0,0.0,0.0,0.0,0.0,0.0,0.0,Chatrakot,1,0.5,Pico (<5 kW),0,0,0
12781,2,649.7,622.5,27.2,5.14,11.77,504.4,5.39,83.349167,27.959167,1,0,WECS_NEA_MIP,0.4509,0.3104,0.1659,0.0997,0.0736,0.0992,0.0902,0.0992,0.1353,0.248,0.7891,1.5331,1.6459,0.9469,0.4284,0.1894,0.1172,0.009,0.3104,0.3014,0.82,Commercial RoR (>1 MW),24.5,59.4,356.27,106.04,250.23,13.23,10.75,13.23,17.92,35.04,44.05,45.51,45.51,44.05,45.51,25.6,15.87,Chatrakot,0,1.0,Micro (5-100 kW),0,1,1
12793,2,647.4,607.1,40.3,5.91,6.67,617.1,6.52,83.553056,28.044167,0,1,WECS_NEA_MIP,0.2585,0.1769,0.0935,0.0555,0.0408,0.0569,0.0517,0.0569,0.0775,0.1422,0.4523,0.8788,0.9434,0.5428,0.2455,0.1086,0.0672,0.0052,0.0935,0.0883,0.65,Micro/Mini Hydro (<1 MW),36.3,20.44,158.92,63.87,95.05,8.9,7.23,8.9,12.05,16.1,15.58,16.1,16.1,15.58,16.1,15.58,10.68,Kaligandaki,0,1.0,Micro (5-100 kW),0,1,1
12794,2,607.1,579.5,27.6,6.67,6.88,586.2,4.72,83.5575,28.045278,0,1,WECS_NEA_MIP,0.2664,0.1824,0.0965,0.0573,0.0421,0.0586,0.0533,0.0586,0.0799,0.1465,0.4662,0.9059,0.9725,0.5595,0.2531,0.1119,0.0693,0.0053,0.0965,0.0912,0.65,Micro/Mini Hydro (<1 MW),24.8,14.42,112.04,45.02,67.02,6.27,5.1,6.27,8.49,11.35,10.99,11.35,11.35,10.99,11.35,10.99,7.53,Kaligandaki,0,1.0,Micro (5-100 kW),0,1,1
12795,2,579.5,579.5,0.0,6.88,315.55,360.8,0.0,83.559167,28.043611,1,0,GAUGE_TRANSFER_DHM,13.4601,8.2529,4.1264,2.6527,1.8667,2.9612,2.692,2.9612,4.038,7.403,23.5551,45.7642,49.1292,28.2661,12.7871,5.6532,3.4996,0.2692,8.2529,7.9837,0.82,Commercial RoR (>1 MW),0.0,0.0,0.0,0.0,0.0,0.0,0.0,0.0,0.0,0.0,0.0,0.0,0.0,0.0,0.0,0.0,0.0,Kaligandaki,1,0.5,Pico (<5 kW),0,0,0
12799,5,646.0,644.3,1.7,1280.9,1281.3,575.2,0.3,83.335556,28.098333,1,0,GAUGE_TRANSFER_DHM,44.2937,27.1582,13.5791,8.7294,6.1429,9.7446,8.8587,9.7446,13.2881,24.3615,77.514,150.5986,161.672,93.0168,42.079,18.6034,11.5164,0.8859,27.1582,26.2723,0.82,Commercial RoR (>1 MW),1.5,158.5,997.43,318.81,678.62,79.53,64.65,79.53,107.75,210.75,235.94,243.81,243.81,235.94,243.81,153.92,95.43,Chandrakot,1,0.5,Mini (100-1000 kW),0,0,0
12800,5,644.3,642.1,2.2,1281.3,1281.59,590.5,0.37,83.333611,28.094167,1,0,GAUGE_TRANSFER_DHM,44.3022,27.1634,13.5817,8.7311,6.1441,9.7465,8.8604,9.7465,13.2907,24.3662,77.5289,150.6276,161.7031,93.0347,42.0871,18.6069,11.5186,0.886,27.1634,26.2774,0.82,Commercial RoR (>1 MW),2.0,211.38,1330.17,425.17,905.0,106.06,86.21,106.06,143.69,281.05,314.65,325.14,325.14,314.65,325.14,205.27,127.27,Gulmidarbar,1,0.5,Mini (100-1000 kW),0,0,0
12801,5,642.1,638.7,3.4,1281.59,1282.26,523.0,0.65,83.335278,28.090556,1,0,GAUGE_TRANSFER_DHM,44.3219,27.1755,13.5877,8.735,6.1468,9.7508,8.8644,9.7508,13.2966,24.3771,77.5634,150.6945,161.775,93.076,42.1058,18.6152,11.5237,0.8864,27.1755,26.2891,0.82,Commercial RoR (>1 MW),3.1,327.79,2062.68,659.31,1403.37,164.46,133.69,164.46,222.82,435.83,487.93,504.19,504.19,487.93,504.19,318.31,197.36,Gulmidarbar,1,0.5,Mini (100-1000 kW),0,0,0
12802,5,638.7,638.7,0.0,1282.26,1283.49,136.3,0.0,83.338333,28.090556,1,0,GAUGE_TRANSFER_DHM,44.3581,27.1976,13.5988,8.7421,6.1518,9.7588,8.8716,9.7588,13.3074,24.3969,77.6266,150.8174,161.9069,93.1519,42.1402,18.6304,11.5331,0.8872,27.1976,26.3104,0.82,Commercial RoR (>1 MW),0.0,0.0,0.0,0.0,0.0,0.0,0.0,0.0,0.0,0.0,0.0,0.0,0.0,0.0,0.0,0.0,0.0,Chandrakot,1,0.5,Pico (<5 kW),0,0,0
12854,5,642.6,640.9,1.8,463.47,473.35,639.0,0.28,83.344722,27.928889,1,0,GAUGE_TRANSFER_DHM,18.9996,11.6494,5.8247,3.7444,2.635,4.1799,3.7999,4.1799,5.6999,10.4498,33.2493,64.5986,69.3484,39.8991,18.0496,7.9798,4.9399,0.38,11.6494,11.2694,0.82,Commercial RoR (>1 MW),1.6,72.53,456.37,145.87,310.5,36.39,29.58,36.39,49.3,96.43,107.95,111.55,111.55,107.95,111.55,70.43,43.66,Chatrakot,1,0.5,Micro (5-100 kW),0,0,0
12857,5,640.9,630.7,10.1,473.35,473.83,536.0,1.89,83.346389,27.933611,1,0,GAUGE_TRANSFER_DHM,19.016,11.6594,5.8297,3.7477,2.6372,4.1835,3.8032,4.1835,5.7048,10.4588,33.2779,64.6542,69.4082,39.9335,18.0652,7.9867,4.9441,0.3803,11.6594,11.2791,0.82,Commercial RoR (>1 MW),9.1,412.83,2597.83,830.37,1767.46,207.13,168.38,207.13,280.63,548.9,614.52,635.0,635.0,614.52,635.0,400.9,248.56,Chatrakot,1,0.5,Mini (100-1000 kW),0,1,1
12858,5,630.7,630.7,0.0,473.83,474.47,61.8,0.0,83.346389,27.936111,1,0,GAUGE_TRANSFER_DHM,19.0378,11.6728,5.8364,3.752,2.6403,4.1883,3.8076,4.1883,5.7113,10.4708,33.3161,64.7285,69.4879,39.9793,18.0859,7.9959,4.9498,0.3808,11.6728,11.292,0.82,Commercial RoR (>1 MW),0.0,0.0,0.0,0.0,0.0,0.0,0.0,0.0,0.0,0.0,0.0,0.0,0.0,0.0,0.0,0.0,0.0,Chatrakot,1,0.5,Pico (<5 kW),0,0,0
12865,5,638.7,638.7,0.0,1283.49,1283.97,577.2,0.0,83.340278,28.088056,1,0,GAUGE_TRANSFER_DHM,44.3722,27.2063,13.6031,8.7449,6.1538,9.7619,8.8744,9.7619,13.3116,24.4047,77.6513,150.8653,161.9584,93.1815,42.1535,18.6363,11.5368,0.8874,27.2063,26.3189,0.82,Commercial RoR (>1 MW),0.0,0.0,0.0,0.0,0.0,0.0,0.0,0.0,0.0,0.0,0.0,0.0,0.0,0.0,0.0,0.0,0.0,Gulmidarbar,1,0.5,Pico (<5 kW),0,0,0
12866,5,638.7,638.7,0.0,1283.97,1286.82,185.5,0.0,83.340833,28.085,1,0,GAUGE_TRANSFER_DHM,44.4559,27.2576,13.6288,8.7614,6.1654,9.7803,8.8912,9.7803,13.3368,24.4507,77.7978,151.1499,162.2639,93.3573,42.2331,18.6715,11.5585,0.8891,27.2576,26.3685,0.82,Commercial RoR (>1 MW),0.0,0.0,0.0,0.0,0.0,0.0,0.0,0.0,0.0,0.0,0.0,0.0,0.0,0.0,0.0,0.0,0.0,Gulmidarbar,1,0.5,Pico (<5 kW),0,0,0
12867,5,638.7,638.7,0.0,1286.82,1287.15,546.3,0.0,83.341111,28.081944,1,0,GAUGE_TRANSFER_DHM,44.4655,27.2635,13.6318,8.7633,6.1668,9.7824,8.8931,9.7824,13.3397,24.4561,77.8147,151.1829,162.2993,93.3777,42.2423,18.6755,11.561,0.8893,27.2635,26.3742,0.82,Commercial RoR (>1 MW),0.0,0.0,0.0,0.0,0.0,0.0,0.0,0.0,0.0,0.0,0.0,0.0,0.0,0.0,0.0,0.0,0.0,Gulmidarbar,1,0.5,Pico (<5 kW),0,0,0
12868,5,638.7,638.7,0.0,1287.15,1287.99,618.4,0.0,83.342222,28.077222,1,0,GAUGE_TRANSFER_DHM,44.4902,27.2787,13.6393,8.7681,6.1702,9.7878,8.898,9.7878,13.3471,24.4696,77.8579,151.2667,162.3893,93.4294,42.2657,18.6859,11.5675,0.8898,27.2787,26.3889,0.82,Commercial RoR (>1 MW),0.0,0.0,0.0,0.0,0.0,0.0,0.0,0.0,0.0,0.0,0.0,0.0,0.0,0.0,0.0,0.0,0.0,Gulmidarbar,1,0.5,Pico (<5 kW),0,0,0
12869,5,638.7,638.7,0.0,1287.99,1288.98,123.7,0.0,83.344167,28.074444,1,0,GAUGE_TRANSFER_DHM,44.5193,27.2965,13.6482,8.7739,6.1742,9.7942,8.9039,9.7942,13.3558,24.4856,77.9087,151.3655,162.4954,93.4905,42.2933,18.6981,11.575,0.8904,27.2965,26.4061,0.82,Commercial RoR (>1 MW),0.0,0.0,0.0,0.0,0.0,0.0,0.0,0.0,0.0,0.0,0.0,0.0,0.0,0.0,0.0,0.0,0.0,Gulmidarbar,1,0.5,Pico (<5 kW),0,0,0
12870,5,638.7,638.7,0.0,1288.98,1291.27,41.2,0.0,83.344444,28.073611,1,0,GAUGE_TRANSFER_DHM,44.5865,27.3377,13.6689,8.7871,6.1835,9.809,8.9173,9.809,13.3759,24.5226,78.0264,151.5941,162.7407,93.6316,42.3572,18.7263,11.5925,0.8917,27.3377,26.446,0.82,Commercial RoR (>1 MW),0.0,0.0,0.0,0.0,0.0,0.0,0.0,0.0,0.0,0.0,0.0,0.0,0.0,0.0,0.0,0.0,0.0,Gulmidarbar,1,0.5,Pico (<5 kW),0,0,0
12871,5,638.7,638.7,0.0,1291.27,1291.69,577.2,0.0,83.344722,28.071111,1,0,GAUGE_TRANSFER_DHM,44.5988,27.3453,13.6726,8.7895,6.1852,9.8117,8.9198,9.8117,13.3796,24.5294,78.0479,151.636,162.7857,93.6575,42.3689,18.7315,11.5957,0.892,27.3453,26.4533,0.82,Commercial RoR (>1 MW),0.0,0.0,0.0,0.0,0.0,0.0,0.0,0.0,0.0,0.0,0.0,0.0,0.0,0.0,0.0,0.0,0.0,Gulmidarbar,1,0.5,Pico (<5 kW),0,0,0
12872,5,638.7,638.7,0.0,1291.69,1301.69,82.5,0.0,83.346111,28.068611,1,0,GAUGE_TRANSFER_DHM,44.8921,27.5251,13.7626,8.8474,6.2259,9.8763,8.9784,9.8763,13.4676,24.6907,78.5612,152.6333,163.8563,94.2735,42.6475,18.8547,11.672,0.8978,27.5251,26.6273,0.82,Commercial RoR (>1 MW),0.0,0.0,0.0,0.0,0.0,0.0,0.0,0.0,0.0,0.0,0.0,0.0,0.0,0.0,0.0,0.0,0.0,Gulmidarbar,1,0.5,Pico (<5 kW),0,0,0
12873,5,638.7,633.0,5.7,1301.69,1302.48,606.8,0.94,83.348611,28.065833,1,0,GAUGE_TRANSFER_DHM,44.9153,27.5393,13.7697,8.8519,6.2291,9.8814,8.9831,9.8814,13.4746,24.7034,78.6018,152.712,163.9408,94.3221,42.6695,18.8644,11.678,0.8983,27.5393,26.641,0.82,Commercial RoR (>1 MW),5.1,546.48,3438.87,1099.19,2339.68,274.19,222.89,274.19,371.48,726.6,813.46,840.58,840.58,813.46,840.58,530.69,329.03,Gulmidarbar,1,0.5,Mini (100-1000 kW),0,1,1
12874,5,633.0,633.0,0.0,1302.48,1302.5,463.5,0.0,83.353333,28.065278,1,0,GAUGE_TRANSFER_DHM,44.9159,27.5397,13.7698,8.852,6.2292,9.8815,8.9832,9.8815,13.4748,24.7037,78.6028,152.714,163.943,94.3234,42.6701,18.8647,11.6781,0.8983,27.5397,26.6414,0.82,Commercial RoR (>1 MW),0.0,0.0,0.0,0.0,0.0,0.0,0.0,0.0,0.0,0.0,0.0,0.0,0.0,0.0,0.0,0.0,0.0,Chandrakot,1,0.5,Pico (<5 kW),0,0,0
12875,5,633.0,633.0,0.0,1302.5,1433.97,190.9,0.0,83.356667,28.065278,1,0,GAUGE_TRANSFER_DHM,48.7414,29.8852,14.9426,9.606,6.7598,10.7231,9.7483,10.7231,14.6224,26.8078,85.2974,165.7207,177.9061,102.3569,46.3043,20.4714,12.6728,0.9748,29.8852,28.9104,0.82,Commercial RoR (>1 MW),0.0,0.0,0.0,0.0,0.0,0.0,0.0,0.0,0.0,0.0,0.0,0.0,0.0,0.0,0.0,0.0,0.0,Gulmidarbar,1,0.5,Pico (<5 kW),0,0,0
12916,5,633.0,633.0,0.0,1433.97,1436.84,659.6,0.0,83.359722,28.063056,1,0,GAUGE_TRANSFER_DHM,48.8243,29.9361,14.968,9.6223,6.7713,10.7413,9.7649,10.7413,14.6473,26.8534,85.4425,166.0026,178.2087,102.531,46.3831,20.5062,12.6943,0.9765,29.9361,28.9596,0.82,Commercial RoR (>1 MW),0.0,0.0,0.0,0.0,0.0,0.0,0.0,0.0,0.0,0.0,0.0,0.0,0.0,0.0,0.0,0.0,0.0,Gulmidarbar,1,0.5,Pico (<5 kW),0,0,0
12917,5,633.0,633.0,0.0,1436.84,1438.32,659.6,0.0,83.363611,28.058333,1,0,GAUGE_TRANSFER_DHM,48.867,29.9623,14.9811,9.6307,6.7772,10.7507,9.7734,10.7507,14.6601,26.8769,85.5173,166.1479,178.3647,102.6208,46.4237,20.5242,12.7054,0.9773,29.9623,28.985,0.82,Commercial RoR (>1 MW),0.0,0.0,0.0,0.0,0.0,0.0,0.0,0.0,0.0,0.0,0.0,0.0,0.0,0.0,0.0,0.0,0.0,Gulmidarbar,1,0.5,Pico (<5 kW),0,0,0
12918,5,633.0,623.8,9.2,1438.32,1439.02,566.9,1.63,83.365833,28.053611,1,0,GAUGE_TRANSFER_DHM,48.8873,29.9747,14.9873,9.6347,6.78,10.7552,9.7775,10.7552,14.6662,26.888,85.5527,166.2167,178.4385,102.6632,46.4429,20.5326,12.7107,0.9778,29.9747,28.9969,0.82,Commercial RoR (>1 MW),8.3,968.01,6091.5,1947.07,4144.44,485.69,394.82,485.69,658.03,1287.08,1440.95,1488.98,1488.98,1440.95,1488.98,940.04,582.83,Gulmidarbar,1,0.5,Mini (100-1000 kW),0,1,1
12919,5,623.8,623.8,0.0,1439.02,1463.88,204.8,0.0,83.367778,28.051389,1,0,GAUGE_TRANSFER_DHM,49.6042,30.4143,15.2071,9.776,6.8794,10.9129,9.9208,10.9129,14.8813,27.2823,86.8074,168.6543,181.0554,104.1688,47.124,20.8338,12.8971,0.9921,30.4143,29.4222,0.82,Commercial RoR (>1 MW),0.0,0.0,0.0,0.0,0.0,0.0,0.0,0.0,0.0,0.0,0.0,0.0,0.0,0.0,0.0,0.0,0.0,Gulmidarbar,1,0.5,Pico (<5 kW),0,0,0
12933,5,630.7,630.7,0.0,474.47,475.47,631.7,0.0,83.343889,27.938333,1,0,GAUGE_TRANSFER_DHM,19.0719,11.6937,5.8469,3.7587,2.645,4.1958,3.8144,4.1958,5.7216,10.4895,33.3758,64.8444,69.6124,40.0509,18.1183,8.0102,4.9587,0.3814,11.6937,11.3123,0.82,Commercial RoR (>1 MW),0.0,0.0,0.0,0.0,0.0,0.0,0.0,0.0,0.0,0.0,0.0,0.0,0.0,0.0,0.0,0.0,0.0,Chatrakot,1,0.5,Pico (<5 kW),0,0,0
12934,5,630.7,630.7,0.0,475.47,476.43,103.1,0.0,83.3425,27.941111,1,0,GAUGE_TRANSFER_DHM,19.1046,11.7138,5.8569,3.7651,2.6495,4.203,3.8209,4.203,5.7314,10.5075,33.4331,64.9557,69.7318,40.1197,18.1494,8.0239,4.9672,0.3821,11.7138,11.3317,0.82,Commercial RoR (>1 MW),0.0,0.0,0.0,0.0,0.0,0.0,0.0,0.0,0.0,0.0,0.0,0.0,0.0,0.0,0.0,0.0,0.0,Chatrakot,1,0.5,Pico (<5 kW),0,0,0
12935,5,630.7,606.2,24.5,476.43,476.98,597.8,4.11,83.342778,27.943889,1,0,GAUGE_TRANSFER_DHM,19.1234,11.7253,5.8626,3.7688,2.6521,4.2071,3.8247,4.2071,5.737,10.5178,33.4659,65.0194,69.8002,40.159,18.1672,8.0318,4.9721,0.3825,11.7253,11.3428,0.82,Commercial RoR (>1 MW),22.1,1008.25,6344.64,2027.96,4316.67,505.86,411.23,505.86,685.37,1340.56,1500.83,1550.86,1550.86,1500.83,1550.86,979.11,607.05,Chatrakot,1,0.5,Small/Medium RoR (>1 MW),0,1,1
12936,5,606.2,604.1,2.0,476.98,481.19,350.4,0.58,83.344444,27.9475,1,0,GAUGE_TRANSFER_DHM,19.2667,11.8132,5.9066,3.7971,2.672,4.2387,3.8533,4.2387,5.78,10.5967,33.7168,65.5069,70.3236,40.4601,18.3034,8.092,5.0093,0.3853,11.8132,11.4279,0.82,Commercial RoR (>1 MW),1.8,82.73,520.63,166.41,354.22,41.51,33.74,41.51,56.24,110.01,123.16,127.26,127.26,123.16,127.26,80.34,49.81,Chatrakot,1,0.5,Micro (5-100 kW),0,0,0
12955,3,627.4,623.8,3.6,24.77,1463.88,311.5,1.17,83.367222,28.050833,1,0,GAUGE_TRANSFER_DHM,49.6042,30.4143,15.2071,9.776,6.8794,10.9129,9.9208,10.9129,14.8813,27.2823,86.8074,168.6543,181.0554,104.1688,47.124,20.8338,12.8971,0.9921,30.4143,29.4222,0.82,Commercial RoR (>1 MW),3.2,378.69,2382.97,761.68,1621.29,190.0,154.45,190.0,257.42,503.5,563.69,582.48,582.48,563.69,582.48,367.74,228.0,Gulmidarbar,1,0.5,Mini (100-1000 kW),0,0,0
12973,5,623.8,606.6,17.2,1463.88,1466.78,561.2,3.06,83.371111,28.05,1,0,GAUGE_TRANSFER_DHM,49.6877,30.4655,15.2327,9.7925,6.891,10.9313,9.9375,10.9313,14.9063,27.3282,86.9535,168.9383,181.3602,104.3442,47.2033,20.8688,12.9188,0.9938,30.4655,29.4718,0.82,Commercial RoR (>1 MW),15.5,1837.35,11561.95,3695.61,7866.34,921.86,749.38,921.86,1248.97,2442.93,2734.99,2826.15,2826.15,2734.99,2826.15,1784.24,1106.23,Chatrakot,1,0.5,Small/Medium RoR (>1 MW),0,1,1
12985,1,623.3,545.2,78.1,0.69,0.79,564.9,13.83,83.504444,27.976389,0,1,WECS_NEA_MIP,0.0319,0.0214,0.0108,0.0062,0.0044,0.007,0.0064,0.007,0.0096,0.0176,0.0559,0.1086,0.1166,0.0671,0.0303,0.0134,0.0083,0.0006,0.0108,0.0102,0.65,Micro/Mini Hydro (<1 MW),70.3,4.57,36.35,15.09,21.26,2.13,1.75,2.13,2.9,3.6,3.49,3.6,3.6,3.49,3.6,3.49,2.57,Satyawati,0,1.0,Pico (<5 kW),0,1,0
12990,3,622.5,604.6,17.9,11.77,12.31,580.2,3.09,83.349722,27.954722,1,0,WECS_NEA_MIP,0.4712,0.3245,0.1736,0.1044,0.0771,0.1037,0.0942,0.1037,0.1414,0.2592,0.8246,1.602,1.7198,0.9895,0.4476,0.1979,0.1225,0.0094,0.3245,0.3151,0.82,Commercial RoR (>1 MW),16.1,40.81,244.73,72.83,171.9,9.09,7.38,9.09,12.31,24.07,30.26,31.27,31.27,30.26,31.27,17.58,10.9,Chatrakot,0,1.0,Micro (5-100 kW),0,1,1
12991,3,604.6,598.1,6.5,12.31,494.31,181.9,3.58,83.351667,27.953056,1,0,GAUGE_TRANSFER_DHM,19.7123,12.0864,6.0432,3.8849,2.7338,4.3367,3.9425,4.3367,5.9137,10.8418,34.4966,67.022,71.9501,41.3959,18.7267,8.2792,5.1252,0.3942,12.0864,11.6921,0.82,Commercial RoR (>1 MW),5.9,277.46,1745.99,558.09,1187.9,139.21,113.17,139.21,188.61,368.91,413.01,426.78,426.78,413.01,426.78,269.44,167.06,Chatrakot,1,0.5,Mini (100-1000 kW),0,1,1
13014,1,613.6,545.2,68.4,0.66,1556.7,245.4,27.85,83.453056,28.000833,1,0,GAUGE_TRANSFER_DHM,52.2653,32.0458,16.0229,10.3005,7.2485,11.4984,10.4531,11.4984,15.6796,28.7459,91.4642,177.7019,190.7682,109.757,49.652,21.9514,13.589,1.0453,32.0458,31.0005,0.82,Commercial RoR (>1 MW),61.6,7680.73,48333.11,15449.09,32884.02,3853.73,3132.72,3853.73,5221.17,10212.35,11433.18,11814.29,11814.29,11433.18,11814.29,7458.8,4624.47,Ruru,1,0.5,Small/Medium RoR (>1 MW),0,1,1
13032,5,606.6,601.5,5.1,1466.78,1467.36,537.0,0.94,83.375556,28.047778,1,0,GAUGE_TRANSFER_DHM,49.7044,30.4757,15.2379,9.7958,6.8933,10.935,9.9409,10.935,14.9113,27.3374,86.9827,168.995,181.4211,104.3793,47.2192,20.8759,12.9232,0.9941,30.4757,29.4816,0.82,Commercial RoR (>1 MW),4.6,545.46,3432.45,1097.13,2335.31,273.68,222.47,273.68,370.79,725.24,811.95,839.01,839.01,811.95,839.01,529.7,328.41,Chatrakot,1,0.5,Mini (100-1000 kW),0,1,1
13033,5,601.5,600.5,1.0,1467.36,1467.76,505.4,0.2,83.380278,28.047222,1,0,GAUGE_TRANSFER_DHM,49.7159,30.4828,15.2414,9.798,6.8949,10.9375,9.9432,10.9375,14.9148,27.3438,87.0029,169.0342,181.4632,104.4035,47.2301,20.8807,12.9261,0.9943,30.4828,29.4885,0.82,Commercial RoR (>1 MW),0.9,106.75,671.72,214.71,457.01,53.56,43.54,53.56,72.56,141.93,158.9,164.19,164.19,158.9,164.19,103.66,64.27,Chatrakot,1,0.5,Mini (100-1000 kW),0,0,0
13034,5,600.5,599.5,1.0,1467.76,1480.36,344.8,0.29,83.383889,28.047222,1,0,GAUGE_TRANSFER_DHM,50.0785,30.7051,15.3525,9.8695,6.9452,11.0173,10.0157,11.0173,15.0235,27.5432,87.6373,170.2668,182.7864,105.1648,47.5746,21.033,13.0204,1.0016,30.7051,29.7035,0.82,Commercial RoR (>1 MW),0.9,107.53,676.62,216.27,460.35,53.95,43.85,53.95,73.09,142.96,160.05,165.39,165.39,160.05,165.39,104.42,64.74,Chandrakot,1,0.5,Mini (100-1000 kW),0,0,0
13043,5,604.1,602.1,2.0,481.19,481.74,558.2,0.36,83.346111,27.950278,1,0,GAUGE_TRANSFER_DHM,19.2854,11.8247,5.9123,3.8008,2.6746,4.2428,3.8571,4.2428,5.7856,10.607,33.7495,65.5705,70.3919,40.4994,18.3212,8.0999,5.0142,0.3857,11.8247,11.439,0.82,Commercial RoR (>1 MW),1.8,82.81,521.14,166.57,354.56,41.55,33.78,41.55,56.3,110.11,123.28,127.39,127.39,123.28,127.39,80.42,49.86,Chatrakot,1,0.5,Micro (5-100 kW),0,0,0
13044,5,602.1,598.1,4.0,481.74,494.31,438.2,0.92,83.350278,27.951944,1,0,GAUGE_TRANSFER_DHM,19.7123,12.0864,6.0432,3.8849,2.7338,4.3367,3.9425,4.3367,5.9137,10.8418,34.4966,67.022,71.9501,41.3959,18.7267,8.2792,5.1252,0.3942,12.0864,11.6921,0.82,Commercial RoR (>1 MW),3.6,169.29,1065.35,340.53,724.83,84.94,69.05,84.94,115.08,225.1,252.01,260.41,260.41,252.01,260.41,164.41,101.93,Chatrakot,1,0.5,Mini (100-1000 kW),0,0,0
13059,5,599.5,599.0,0.5,1480.36,1482.89,409.6,0.12,83.3875,28.046944,1,0,GAUGE_TRANSFER_DHM,50.1512,30.7497,15.3748,9.8838,6.9553,11.0333,10.0302,11.0333,15.0454,27.5832,87.7646,170.5141,183.0519,105.3176,47.6437,21.0635,13.0393,1.003,30.7497,29.7467,0.82,Commercial RoR (>1 MW),0.5,59.82,376.44,120.33,256.12,30.02,24.4,30.02,40.67,79.54,89.05,92.02,92.02,89.05,92.02,58.09,36.02,Chatrakot,1,0.5,Micro (5-100 kW),0,0,0
13060,3,599.3,566.3,33.0,23.4,1544.91,503.0,6.57,83.4375,28.017222,1,0,GAUGE_TRANSFER_DHM,51.9286,31.8394,15.9197,10.2341,7.2018,11.4243,10.3857,11.4243,15.5786,28.5607,90.875,176.5572,189.5394,109.05,49.3322,21.81,13.5014,1.0386,31.8394,30.8008,0.82,Commercial RoR (>1 MW),29.7,3679.35,23153.33,7400.65,15752.67,1846.07,1500.67,1846.07,2501.13,4892.08,5476.92,5659.49,5659.49,5476.92,5659.49,3573.04,2215.28,Ruru,1,0.5,Small/Medium RoR (>1 MW),0,1,1
13065,5,599.0,598.0,1.0,1482.89,1483.38,600.1,0.17,83.391944,28.045278,1,0,GAUGE_TRANSFER_DHM,50.1653,30.7583,15.3791,9.8866,6.9572,11.0364,10.0331,11.0364,15.0496,27.5909,87.7893,170.562,183.1033,105.3471,47.657,21.0694,13.043,1.0033,30.7583,29.755,0.82,Commercial RoR (>1 MW),0.9,107.71,677.79,216.65,461.14,54.04,43.93,54.04,73.22,143.21,160.33,165.68,165.68,160.33,165.68,104.6,64.85,Chatrakot,1,0.5,Mini (100-1000 kW),0,0,0
13066,5,598.0,597.5,0.5,1483.38,1484.55,263.7,0.19,83.394167,28.0425,1,0,GAUGE_TRANSFER_DHM,50.1989,30.7789,15.3895,9.8932,6.9619,11.0438,10.0398,11.0438,15.0597,27.6094,87.8481,170.6764,183.2261,105.4178,47.689,21.0836,13.0517,1.004,30.7789,29.7749,0.82,Commercial RoR (>1 MW),0.5,59.88,376.81,120.44,256.37,30.04,24.42,30.04,40.7,79.62,89.13,92.1,92.1,89.13,92.1,58.15,36.05,Chatrakot,1,0.5,Micro (5-100 kW),0,0,0
13072,5,598.1,595.4,2.7,494.31,494.75,631.0,0.43,83.354444,27.953889,1,0,GAUGE_TRANSFER_DHM,19.7273,12.0955,6.0478,3.8879,2.7359,4.34,3.9455,4.34,5.9182,10.85,34.5227,67.0727,72.0045,41.4272,18.7409,8.2854,5.1291,0.3946,12.0955,11.7009,0.82,Commercial RoR (>1 MW),2.4,112.95,710.76,227.19,483.58,56.67,46.07,56.67,76.78,150.18,168.13,173.74,173.74,168.13,173.74,109.69,68.01,Chatrakot,1,0.5,Mini (100-1000 kW),0,0,0
13079,5,597.5,596.0,1.5,1484.55,1486.98,547.9,0.27,83.3975,28.041944,1,0,GAUGE_TRANSFER_DHM,50.2688,30.8217,15.4109,9.907,6.9716,11.0591,10.0538,11.0591,15.0806,27.6478,87.9703,170.9138,183.481,105.5644,47.7553,21.1129,13.0699,1.0054,30.8217,29.8163,0.82,Commercial RoR (>1 MW),1.4,167.9,1056.52,337.7,718.82,84.24,68.48,84.24,114.13,223.23,249.92,258.25,258.25,249.92,258.25,163.04,101.09,Chatrakot,1,0.5,Mini (100-1000 kW),0,0,0
13082,5,596.0,596.0,0.0,1486.98,1488.04,435.9,0.01,83.400556,28.038333,1,0,GAUGE_TRANSFER_DHM,50.2992,30.8404,15.4202,9.913,6.9758,11.0658,10.0598,11.0658,15.0898,27.6646,88.0236,171.0174,183.5922,105.6284,47.7843,21.1257,13.0778,1.006,30.8404,29.8344,0.82,Commercial RoR (>1 MW),0.0,0.0,0.0,0.0,0.0,0.0,0.0,0.0,0.0,0.0,0.0,0.0,0.0,0.0,0.0,0.0,0.0,Chatrakot,1,0.5,Pico (<5 kW),0,0,0
13083,5,596.0,595.9,0.0,1488.04,1488.42,519.3,0.0,83.404722,28.037222,1,0,GAUGE_TRANSFER_DHM,50.3101,30.8471,15.4235,9.9151,6.9773,11.0682,10.062,11.0682,15.093,27.6706,88.0427,171.0545,183.632,105.6513,47.7946,21.1303,13.0806,1.0062,30.8471,29.8409,0.82,Commercial RoR (>1 MW),0.0,0.0,0.0,0.0,0.0,0.0,0.0,0.0,0.0,0.0,0.0,0.0,0.0,0.0,0.0,0.0,0.0,Chatrakot,1,0.5,Pico (<5 kW),0,0,0
13084,5,595.9,594.0,1.9,1488.42,1490.75,27.3,7.0,83.407222,28.037222,1,0,GAUGE_TRANSFER_DHM,50.3771,30.8881,15.4441,9.9283,6.9866,11.083,10.0754,11.083,15.1131,27.7074,88.1599,171.2821,183.8763,105.7919,47.8582,21.1584,13.098,1.0075,30.8881,29.8806,0.82,Commercial RoR (>1 MW),1.7,204.31,1285.68,410.95,874.73,102.51,83.33,102.51,138.89,271.65,304.13,314.26,314.26,304.13,314.26,198.41,123.01,Satyawati,1,0.5,Mini (100-1000 kW),0,1,1
13089,5,590.1,590.1,0.0,497.05,499.21,164.2,0.0,83.364167,27.953611,1,0,GAUGE_TRANSFER_DHM,19.8783,12.1882,6.0941,3.9176,2.7568,4.3732,3.9757,4.3732,5.9635,10.9331,34.7871,67.5863,72.5559,41.7445,18.8844,8.3489,5.1684,0.3976,12.1882,11.7906,0.82,Commercial RoR (>1 MW),0.0,0.0,0.0,0.0,0.0,0.0,0.0,0.0,0.0,0.0,0.0,0.0,0.0,0.0,0.0,0.0,0.0,Chatrakot,1,0.5,Pico (<5 kW),0,0,0
13095,5,594.0,585.7,8.4,1490.75,1492.2,492.7,1.7,83.409444,28.036667,1,0,GAUGE_TRANSFER_DHM,50.4187,30.9137,15.4568,9.9365,6.9924,11.0921,10.0837,11.0921,15.1256,27.7303,88.2328,171.4237,184.0283,105.8793,47.8978,21.1759,13.1089,1.0084,30.9137,29.9053,0.82,Commercial RoR (>1 MW),7.6,914.14,5752.49,1838.7,3913.79,458.66,372.84,458.66,621.41,1215.45,1360.75,1406.11,1406.11,1360.75,1406.11,887.73,550.39,Chatrakot,1,0.5,Mini (100-1000 kW),0,1,1
13110,5,590.1,589.9,0.3,499.21,499.78,617.1,0.04,83.367222,27.955278,1,0,GAUGE_TRANSFER_DHM,19.8976,12.2,6.1,3.9214,2.7595,4.3775,3.9795,4.3775,5.9693,10.9437,34.8208,67.6519,72.6263,41.785,18.9027,8.357,5.1734,0.398,12.2,11.802,0.82,Commercial RoR (>1 MW),0.3,14.24,89.61,28.64,60.97,7.15,5.81,7.15,9.68,18.93,21.2,21.9,21.9,21.2,21.9,13.83,8.57,Chatrakot,1,0.5,Micro (5-100 kW),0,0,0
13111,5,589.9,586.3,3.6,499.78,500.12,519.3,0.69,83.371944,27.957778,1,0,GAUGE_TRANSFER_DHM,19.9091,12.207,6.1035,3.9237,2.7611,4.38,3.9818,4.38,5.9727,10.95,34.841,67.691,72.6683,41.8091,18.9137,8.3618,5.1764,0.3982,12.207,11.8088,0.82,Commercial RoR (>1 MW),3.2,151.99,956.42,305.71,650.72,76.26,61.99,76.26,103.32,202.08,226.24,233.78,233.78,226.24,233.78,147.6,91.51,Chatrakot,1,0.5,Mini (100-1000 kW),0,0,0
13135,5,585.7,584.3,1.4,1492.2,1507.54,175.2,0.79,83.411944,28.034722,1,0,GAUGE_TRANSFER_DHM,50.8589,31.1836,15.5918,10.0233,7.0534,11.189,10.1718,11.189,15.2577,27.9724,89.0032,172.9204,185.6352,106.8038,48.316,21.3608,13.2233,1.0172,31.1836,30.1664,0.82,Commercial RoR (>1 MW),1.3,157.73,992.57,317.26,675.31,79.14,64.33,79.14,107.22,209.72,234.79,242.62,242.62,234.79,242.62,153.17,94.97,Chatrakot,1,0.5,Mini (100-1000 kW),0,0,0
13136,5,585.5,585.5,0.0,235.82,236.58,561.2,0.0,83.577778,28.076389,1,0,GAUGE_TRANSFER_DHM,10.5371,6.4607,3.2303,2.0767,1.4613,2.3182,2.1074,2.3182,3.1611,5.7954,18.4399,35.8261,38.4603,22.1279,10.0102,4.4256,2.7396,0.2107,6.4607,6.25,0.82,Commercial RoR (>1 MW),0.0,0.0,0.0,0.0,0.0,0.0,0.0,0.0,0.0,0.0,0.0,0.0,0.0,0.0,0.0,0.0,0.0,Kaligandaki,1,0.5,Pico (<5 kW),0,0,0
13137,5,585.5,585.5,0.0,236.58,242.34,95.8,0.0,83.575,28.075556,1,0,GAUGE_TRANSFER_DHM,10.7547,6.5942,3.2971,2.1195,1.4915,2.366,2.1509,2.366,3.2264,5.9151,18.8208,36.5661,39.2548,22.585,10.217,4.517,2.7962,0.2151,6.5942,6.3791,0.82,Commercial RoR (>1 MW),0.0,0.0,0.0,0.0,0.0,0.0,0.0,0.0,0.0,0.0,0.0,0.0,0.0,0.0,0.0,0.0,0.0,Kaligandaki,1,0.5,Pico (<5 kW),0,0,0
13138,5,585.5,585.5,0.0,242.34,243.36,474.1,0.0,83.573056,28.073611,1,0,GAUGE_TRANSFER_DHM,10.7932,6.6177,3.3089,2.1271,1.4969,2.3745,2.1586,2.3745,3.238,5.9363,18.8881,36.6969,39.3952,22.6657,10.2536,4.5331,2.8062,0.2159,6.6177,6.4018,0.82,Commercial RoR (>1 MW),0.0,0.0,0.0,0.0,0.0,0.0,0.0,0.0,0.0,0.0,0.0,0.0,0.0,0.0,0.0,0.0,0.0,Kaligandaki,1,0.5,Pico (<5 kW),0,0,0
13139,5,585.5,585.5,0.0,243.36,244.79,453.5,0.0,83.570556,28.070278,1,0,GAUGE_TRANSFER_DHM,10.8471,6.6508,3.3254,2.1377,1.5043,2.3864,2.1694,2.3864,3.2541,5.9659,18.9824,36.8801,39.5919,22.7789,10.3047,4.5558,2.8202,0.2169,6.6508,6.4339,0.82,Commercial RoR (>1 MW),0.0,0.0,0.0,0.0,0.0,0.0,0.0,0.0,0.0,0.0,0.0,0.0,0.0,0.0,0.0,0.0,0.0,Kaligandaki,1,0.5,Pico (<5 kW),0,0,0
13140,5,585.5,585.5,0.0,244.79,245.57,624.4,0.0,83.567778,28.066111,1,0,GAUGE_TRANSFER_DHM,10.8765,6.6688,3.3344,2.1435,1.5084,2.3928,2.1753,2.3928,3.2629,5.9821,19.0338,36.98,39.6991,22.8406,10.3326,4.5681,2.8279,0.2175,6.6688,6.4513,0.82,Commercial RoR (>1 MW),0.0,0.0,0.0,0.0,0.0,0.0,0.0,0.0,0.0,0.0,0.0,0.0,0.0,0.0,0.0,0.0,0.0,Kaligandaki,1,0.5,Pico (<5 kW),0,0,0
13141,5,585.5,585.5,0.0,245.57,246.38,534.0,0.0,83.563056,28.065,1,0,GAUGE_TRANSFER_DHM,10.907,6.6875,3.3437,2.1495,1.5126,2.3995,2.1814,2.3995,3.2721,5.9988,19.0872,37.0836,39.8104,22.9046,10.3616,4.5809,2.8358,0.2181,6.6875,6.4694,0.82,Commercial RoR (>1 MW),0.0,0.0,0.0,0.0,0.0,0.0,0.0,0.0,0.0,0.0,0.0,0.0,0.0,0.0,0.0,0.0,0.0,Kaligandaki,1,0.5,Pico (<5 kW),0,0,0
13142,5,585.5,585.5,0.0,246.38,291.66,247.4,0.0,83.561944,28.061667,1,0,GAUGE_TRANSFER_DHM,12.5888,7.7187,3.8593,2.481,1.7459,2.7695,2.5178,2.7695,3.7766,6.9238,22.0304,42.8019,45.9491,26.4365,11.9594,5.2873,3.2731,0.2518,7.7187,7.4669,0.82,Commercial RoR (>1 MW),0.0,0.0,0.0,0.0,0.0,0.0,0.0,0.0,0.0,0.0,0.0,0.0,0.0,0.0,0.0,0.0,0.0,Kaligandaki,1,0.5,Pico (<5 kW),0,0,0
13143,5,585.5,585.5,0.0,291.66,293.58,536.0,0.0,83.563056,28.058333,1,0,GAUGE_TRANSFER_DHM,12.6592,7.7618,3.8809,2.4949,1.7557,2.785,2.5318,2.785,3.7978,6.9626,22.1536,43.0413,46.2061,26.5843,12.0262,5.3169,3.2914,0.2532,7.7618,7.5086,0.82,Commercial RoR (>1 MW),0.0,0.0,0.0,0.0,0.0,0.0,0.0,0.0,0.0,0.0,0.0,0.0,0.0,0.0,0.0,0.0,0.0,Kaligandaki,1,0.5,Pico (<5 kW),0,0,0
13144,5,585.5,585.5,0.0,293.58,294.17,103.1,0.0,83.562778,28.055556,1,0,GAUGE_TRANSFER_DHM,12.6808,7.7751,3.8876,2.4991,1.7587,2.7898,2.5362,2.7898,3.8042,6.9745,22.1914,43.1148,46.285,26.6297,12.0468,5.3259,3.297,0.2536,7.7751,7.5215,0.82,Commercial RoR (>1 MW),0.0,0.0,0.0,0.0,0.0,0.0,0.0,0.0,0.0,0.0,0.0,0.0,0.0,0.0,0.0,0.0,0.0,Kaligandaki,1,0.5,Pico (<5 kW),0,0,0
13145,5,585.5,585.5,0.0,294.17,294.71,556.6,0.0,83.562222,28.052778,1,0,GAUGE_TRANSFER_DHM,12.7006,7.7872,3.8936,2.503,1.7614,2.7941,2.5401,2.7941,3.8102,6.9853,22.2261,43.1821,46.3572,26.6713,12.0656,5.3343,3.3022,0.254,7.7872,7.5332,0.82,Commercial RoR (>1 MW),0.0,0.0,0.0,0.0,0.0,0.0,0.0,0.0,0.0,0.0,0.0,0.0,0.0,0.0,0.0,0.0,0.0,Kaligandaki,1,0.5,Pico (<5 kW),0,0,0
13146,5,585.5,585.5,0.0,294.71,308.26,288.6,0.0,83.561389,28.049444,1,0,GAUGE_TRANSFER_DHM,13.1953,8.0905,4.0453,2.6005,1.83,2.903,2.6391,2.903,3.9586,7.2574,23.0917,44.8639,48.1628,27.7101,12.5355,5.542,3.4308,0.2639,8.0905,7.8266,0.82,Commercial RoR (>1 MW),0.0,0.0,0.0,0.0,0.0,0.0,0.0,0.0,0.0,0.0,0.0,0.0,0.0,0.0,0.0,0.0,0.0,Kaligandaki,1,0.5,Pico (<5 kW),0,0,0
13147,5,585.5,579.5,6.0,308.26,308.55,556.6,1.09,83.560278,28.045833,1,0,GAUGE_TRANSFER_DHM,13.2058,8.097,4.0485,2.6026,1.8315,2.9053,2.6412,2.9053,3.9617,7.2632,23.1102,44.8998,48.2013,27.7322,12.5455,5.5464,3.4335,0.2641,8.097,7.8329,0.82,Commercial RoR (>1 MW),5.4,170.12,1070.56,342.19,728.37,85.36,69.39,85.36,115.65,226.2,253.24,261.68,261.68,253.24,261.68,165.21,102.43,Kaligandaki,1,0.5,Mini (100-1000 kW),0,1,1
13148,5,579.5,579.5,0.0,308.55,315.55,164.9,0.0,83.559722,28.042778,1,0,GAUGE_TRANSFER_DHM,13.4601,8.2529,4.1264,2.6527,1.8667,2.9612,2.692,2.9612,4.038,7.403,23.5551,45.7642,49.1292,28.2661,12.7871,5.6532,3.4996,0.2692,8.2529,7.9837,0.82,Commercial RoR (>1 MW),0.0,0.0,0.0,0.0,0.0,0.0,0.0,0.0,0.0,0.0,0.0,0.0,0.0,0.0,0.0,0.0,0.0,Kaligandaki,1,0.5,Pico (<5 kW),0,0,0
13153,5,584.3,582.0,2.3,1507.54,1513.2,209.1,1.1,83.4125,28.033611,1,0,GAUGE_TRANSFER_DHM,51.0212,31.2831,15.6415,10.0553,7.0759,11.2247,10.2042,11.2247,15.3064,28.0617,89.2871,173.4721,186.2274,107.1445,48.4701,21.4289,13.2655,1.0204,31.2831,30.2627,0.82,Commercial RoR (>1 MW),2.1,255.61,1608.5,514.13,1094.37,128.25,104.25,128.25,173.76,339.86,380.49,393.17,393.17,380.49,393.17,248.23,153.9,Chatrakot,1,0.5,Mini (100-1000 kW),0,0,0
13169,5,582.0,578.5,3.5,1513.2,1513.61,519.3,0.67,83.415833,28.0325,1,0,GAUGE_TRANSFER_DHM,51.033,31.2903,15.6451,10.0576,7.0776,11.2273,10.2066,11.2273,15.3099,28.0681,89.3077,173.5121,186.2703,107.1692,48.4813,21.4338,13.2686,1.0207,31.2903,30.2696,0.82,Commercial RoR (>1 MW),3.1,377.42,2375.0,759.13,1615.86,189.36,153.93,189.36,256.56,501.81,561.81,580.53,580.53,561.81,580.53,366.51,227.24,Ruru,1,0.5,Mini (100-1000 kW),0,0,0
13170,5,578.5,575.0,3.5,1513.61,1514.42,555.2,0.63,83.420278,28.030556,1,0,GAUGE_TRANSFER_DHM,51.0562,31.3045,15.6523,10.0622,7.0808,11.2324,10.2112,11.2324,15.3169,28.0809,89.3483,173.591,186.355,107.218,48.5034,21.4436,13.2746,1.0211,31.3045,30.2834,0.82,Commercial RoR (>1 MW),3.1,377.59,2376.08,759.49,1616.6,189.45,154.0,189.45,256.68,502.04,562.06,580.8,580.8,562.06,580.8,366.68,227.34,Ruru,1,0.5,Mini (100-1000 kW),0,0,0
13171,5,575.0,571.5,3.5,1514.42,1514.87,562.6,0.62,83.422222,28.026944,1,0,GAUGE_TRANSFER_DHM,51.0691,31.3124,15.6562,10.0647,7.0826,11.2352,10.2138,11.2352,15.3207,28.088,89.3709,173.6348,186.4021,107.245,48.5156,21.449,13.278,1.0214,31.3124,30.291,0.82,Commercial RoR (>1 MW),3.1,377.69,2376.68,759.67,1617.01,189.5,154.04,189.5,256.74,502.17,562.2,580.94,580.94,562.2,580.94,366.77,227.4,Ruru,1,0.5,Mini (100-1000 kW),0,0,0
13172,5,571.5,571.5,0.0,1514.87,1518.36,30.9,0.0,83.423611,28.025,1,0,GAUGE_TRANSFER_DHM,51.1691,31.3737,15.6869,10.0844,7.0964,11.2572,10.2338,11.2572,15.3507,28.143,89.5458,173.9748,186.7671,107.455,48.6106,21.491,13.304,1.0234,31.3737,30.3503,0.82,Commercial RoR (>1 MW),0.0,0.0,0.0,0.0,0.0,0.0,0.0,0.0,0.0,0.0,0.0,0.0,0.0,0.0,0.0,0.0,0.0,Ruru,1,0.5,Pico (<5 kW),0,0,0
13183,5,579.5,579.5,0.0,315.55,321.09,247.4,0.0,83.560556,28.041389,1,0,GAUGE_TRANSFER_DHM,13.6607,8.3759,4.1879,2.6922,1.8945,3.0053,2.7321,3.0053,4.0982,7.5134,23.9062,46.4462,49.8614,28.6874,12.9776,5.7375,3.5518,0.2732,8.3759,8.1027,0.82,Commercial RoR (>1 MW),0.0,0.0,0.0,0.0,0.0,0.0,0.0,0.0,0.0,0.0,0.0,0.0,0.0,0.0,0.0,0.0,0.0,Kaligandaki,1,0.5,Pico (<5 kW),0,0,0
13184,5,579.5,579.5,0.0,321.09,322.1,546.3,0.0,83.562778,28.038333,1,0,GAUGE_TRANSFER_DHM,13.6972,8.3983,4.1991,2.6994,1.8996,3.0134,2.7394,3.0134,4.1092,7.5334,23.9701,46.5704,49.9947,28.7641,13.0123,5.7528,3.5613,0.2739,8.3983,8.1244,0.82,Commercial RoR (>1 MW),0.0,0.0,0.0,0.0,0.0,0.0,0.0,0.0,0.0,0.0,0.0,0.0,0.0,0.0,0.0,0.0,0.0,Kaligandaki,1,0.5,Pico (<5 kW),0,0,0
13190,5,579.5,579.5,0.0,330.19,331.16,700.8,0.0,83.581111,28.030833,1,0,GAUGE_TRANSFER_DHM,14.024,8.5986,4.2993,2.7638,1.9449,3.0853,2.8048,3.0853,4.2072,7.7132,24.542,47.6815,51.1875,29.4503,13.3228,5.8901,3.6462,0.2805,8.5986,8.3181,0.82,Commercial RoR (>1 MW),0.0,0.0,0.0,0.0,0.0,0.0,0.0,0.0,0.0,0.0,0.0,0.0,0.0,0.0,0.0,0.0,0.0,Kaligandaki,1,0.5,Pico (<5 kW),0,0,0
13193,5,579.5,579.5,0.0,338.32,339.63,700.8,0.0,83.59,28.024722,1,0,GAUGE_TRANSFER_DHM,14.3283,8.7852,4.3926,2.8238,1.9871,3.1522,2.8657,3.1522,4.2985,7.8806,25.0745,48.7161,52.2982,30.0894,13.6119,6.0179,3.7254,0.2866,8.7852,8.4986,0.82,Commercial RoR (>1 MW),0.0,0.0,0.0,0.0,0.0,0.0,0.0,0.0,0.0,0.0,0.0,0.0,0.0,0.0,0.0,0.0,0.0,Kaligandaki,1,0.5,Pico (<5 kW),0,0,0
13195,5,579.5,579.5,0.0,340.96,346.18,164.9,0.0,83.595556,28.020556,1,0,GAUGE_TRANSFER_DHM,14.5628,8.929,4.4645,2.87,2.0197,3.2038,2.9126,3.2038,4.3688,8.0096,25.4849,49.5136,53.1543,30.5819,13.8347,6.1164,3.7863,0.2913,8.929,8.6377,0.82,Commercial RoR (>1 MW),0.0,0.0,0.0,0.0,0.0,0.0,0.0,0.0,0.0,0.0,0.0,0.0,0.0,0.0,0.0,0.0,0.0,Kaligandaki,1,0.5,Pico (<5 kW),0,0,0
13196,5,579.5,579.5,0.0,346.18,347.22,700.8,0.0,83.598611,28.0175,1,0,GAUGE_TRANSFER_DHM,14.6,8.9518,4.4759,2.8774,2.0248,3.212,2.92,3.212,4.38,8.03,25.55,49.64,53.29,30.66,13.87,6.132,3.796,0.292,8.9518,8.6598,0.82,Commercial RoR (>1 MW),0.0,0.0,0.0,0.0,0.0,0.0,0.0,0.0,0.0,0.0,0.0,0.0,0.0,0.0,0.0,0.0,0.0,Kaligandaki,1,0.5,Pico (<5 kW),0,0,0
13197,5,579.5,579.5,0.0,347.22,348.0,649.3,0.0,83.603333,28.012778,1,0,GAUGE_TRANSFER_DHM,14.6279,8.9689,4.4845,2.8829,2.0287,3.2181,2.9256,3.2181,4.3884,8.0453,25.5988,49.7348,53.3917,30.7185,13.8965,6.1437,3.8032,0.2926,8.9689,8.6763,0.82,Commercial RoR (>1 MW),0.0,0.0,0.0,0.0,0.0,0.0,0.0,0.0,0.0,0.0,0.0,0.0,0.0,0.0,0.0,0.0,0.0,Kaligandaki,1,0.5,Pico (<5 kW),0,0,0
13198,5,579.5,579.5,0.0,348.0,348.64,443.2,0.0,83.604444,28.008611,1,0,GAUGE_TRANSFER_DHM,14.6507,8.9829,4.4915,2.8874,2.0319,3.2232,2.9301,3.2232,4.3952,8.0579,25.6388,49.8125,53.4752,30.7665,13.9182,6.1533,3.8092,0.293,8.9829,8.6899,0.82,Commercial RoR (>1 MW),0.0,0.0,0.0,0.0,0.0,0.0,0.0,0.0,0.0,0.0,0.0,0.0,0.0,0.0,0.0,0.0,0.0,Kaligandaki,1,0.5,Pico (<5 kW),0,0,0
13200,4,579.5,579.5,0.0,133.67,134.06,583.8,0.0,83.605833,28.008889,1,0,WECS_NEA_MIP,4.8921,3.4501,1.9363,1.2211,0.924,1.0763,0.9784,1.0763,1.4676,2.6907,8.5612,16.6332,17.8562,10.2734,4.6475,2.0547,1.2719,0.0978,3.4501,3.3523,0.82,Commercial RoR (>1 MW),0.0,0.0,0.0,0.0,0.0,0.0,0.0,0.0,0.0,0.0,0.0,0.0,0.0,0.0,0.0,0.0,0.0,Kaligandaki,0,1.0,Pico (<5 kW),0,0,0
13201,4,579.5,579.5,0.0,134.06,483.23,329.8,0.0,83.605278,28.005278,1,0,GAUGE_TRANSFER_DHM,19.3361,11.8557,5.9279,3.8108,2.6817,4.2539,3.8672,4.2539,5.8008,10.6349,33.8382,65.7429,70.5769,40.6059,18.3693,8.1212,5.0274,0.3867,11.8557,11.469,0.82,Commercial RoR (>1 MW),0.0,0.0,0.0,0.0,0.0,0.0,0.0,0.0,0.0,0.0,0.0,0.0,0.0,0.0,0.0,0.0,0.0,Kaligandaki,1,0.5,Pico (<5 kW),0,0,0
13202,5,579.5,579.5,0.0,348.64,483.23,278.3,0.0,83.604444,28.005278,1,0,GAUGE_TRANSFER_DHM,19.3361,11.8557,5.9279,3.8108,2.6817,4.2539,3.8672,4.2539,5.8008,10.6349,33.8382,65.7429,70.5769,40.6059,18.3693,8.1212,5.0274,0.3867,11.8557,11.469,0.82,Commercial RoR (>1 MW),0.0,0.0,0.0,0.0,0.0,0.0,0.0,0.0,0.0,0.0,0.0,0.0,0.0,0.0,0.0,0.0,0.0,Kaligandaki,1,0.5,Pico (<5 kW),0,0,0
13203,5,579.5,579.5,0.0,483.23,484.09,546.3,0.0,83.603889,28.001667,1,0,GAUGE_TRANSFER_DHM,19.3654,11.8737,5.9368,3.8165,2.6857,4.2604,3.8731,4.2604,5.8096,10.651,33.8894,65.8423,70.6836,40.6673,18.3971,8.1335,5.035,0.3873,11.8737,11.4864,0.82,Commercial RoR (>1 MW),0.0,0.0,0.0,0.0,0.0,0.0,0.0,0.0,0.0,0.0,0.0,0.0,0.0,0.0,0.0,0.0,0.0,Kaligandaki,1,0.5,Pico (<5 kW),0,0,0
13204,5,579.5,579.5,0.0,484.09,485.5,113.4,0.0,83.603333,27.998889,1,0,GAUGE_TRANSFER_DHM,19.4133,11.9031,5.9515,3.826,2.6924,4.2709,3.8827,4.2709,5.824,10.6773,33.9733,66.0053,70.8586,40.768,18.4426,8.1536,5.0475,0.3883,11.9031,11.5148,0.82,Commercial RoR (>1 MW),0.0,0.0,0.0,0.0,0.0,0.0,0.0,0.0,0.0,0.0,0.0,0.0,0.0,0.0,0.0,0.0,0.0,Kaligandaki,1,0.5,Pico (<5 kW),0,0,0
13205,5,579.5,553.5,26.0,485.5,487.3,175.2,14.83,83.603333,27.997778,1,0,GAUGE_TRANSFER_DHM,19.4745,11.9406,5.9703,3.838,2.7008,4.2844,3.8949,4.2844,5.8423,10.711,34.0803,66.2132,71.0818,40.8964,18.5008,8.1793,5.0634,0.3895,11.9406,11.5511,0.82,Commercial RoR (>1 MW),23.4,1087.15,6841.22,2186.7,4654.52,545.47,443.41,545.47,739.01,1445.49,1618.29,1672.24,1672.24,1618.29,1672.24,1055.74,654.56,Kaligandaki,1,0.5,Small/Medium RoR (>1 MW),0,1,1
13222,5,571.5,569.0,2.5,1518.36,1519.0,575.2,0.44,83.426111,28.022778,1,0,GAUGE_TRANSFER_DHM,51.1874,31.385,15.6925,10.088,7.099,11.2612,10.2375,11.2612,15.3562,28.1531,89.5779,174.0371,186.834,107.4935,48.628,21.4987,13.3087,1.0238,31.385,30.3613,0.82,Commercial RoR (>1 MW),2.2,268.65,1690.58,540.37,1150.21,134.79,109.57,134.79,182.62,357.2,399.91,413.24,413.24,399.91,413.24,260.89,161.75,Ruru,1,0.5,Mini (100-1000 kW),0,0,0
13223,5,569.0,569.0,0.0,1519.0,1520.24,589.1,0.0,83.430833,28.021944,1,0,GAUGE_TRANSFER_DHM,51.2229,31.4067,15.7034,10.095,7.1039,11.269,10.2446,11.269,15.3669,28.1726,89.6401,174.1579,186.9636,107.5681,48.6618,21.5136,13.318,1.0245,31.4067,30.3822,0.82,Commercial RoR (>1 MW),0.0,0.0,0.0,0.0,0.0,0.0,0.0,0.0,0.0,0.0,0.0,0.0,0.0,0.0,0.0,0.0,0.0,Ruru,1,0.5,Pico (<5 kW),0,0,0
13224,5,569.0,569.0,0.0,1520.24,1520.76,54.5,0.0,83.433333,28.020278,1,0,GAUGE_TRANSFER_DHM,51.2378,31.4159,15.7079,10.098,7.106,11.2723,10.2476,11.2723,15.3713,28.1808,89.6661,174.2085,187.018,107.5994,48.6759,21.5199,13.3218,1.0248,31.4159,30.3911,0.82,Commercial RoR (>1 MW),0.0,0.0,0.0,0.0,0.0,0.0,0.0,0.0,0.0,0.0,0.0,0.0,0.0,0.0,0.0,0.0,0.0,Ruru,1,0.5,Pico (<5 kW),0,0,0
13229,1,570.1,569.0,1.2,0.52,1520.76,72.1,1.61,83.433611,28.020556,1,0,GAUGE_TRANSFER_DHM,51.2378,31.4159,15.7079,10.098,7.106,11.2723,10.2476,11.2723,15.3713,28.1808,89.6661,174.2085,187.018,107.5994,48.6759,21.5199,13.3218,1.0248,31.4159,30.3911,0.82,Commercial RoR (>1 MW),1.1,134.46,846.12,270.45,575.67,67.46,54.84,67.46,91.4,178.78,200.15,206.82,206.82,200.15,206.82,130.57,80.96,Ruru,1,0.5,Mini (100-1000 kW),0,0,0
13234,3,569.4,545.2,24.2,18.83,19.11,547.3,4.43,83.466667,27.996944,1,0,WECS_NEA_MIP,0.7251,0.5015,0.2707,0.1642,0.1218,0.1595,0.145,0.1595,0.2175,0.3988,1.2689,2.4652,2.6465,1.5226,0.6888,0.3045,0.1885,0.0145,0.5015,0.487,0.82,Commercial RoR (>1 MW),21.8,85.4,511.24,151.69,359.55,18.92,15.38,18.92,25.63,50.14,63.32,65.43,65.43,63.32,65.43,36.62,22.7,Satyawati,0,1.0,Micro (5-100 kW),0,1,1
13235,3,545.2,545.2,0.0,19.11,20.21,178.2,0.0,83.463611,27.995833,1,0,WECS_NEA_MIP,0.7659,0.5301,0.2864,0.1739,0.1291,0.1685,0.1532,0.1685,0.2298,0.4213,1.3404,2.6042,2.7957,1.6085,0.7276,0.3217,0.1991,0.0153,0.5301,0.5148,0.82,Commercial RoR (>1 MW),0.0,0.0,0.0,0.0,0.0,0.0,0.0,0.0,0.0,0.0,0.0,0.0,0.0,0.0,0.0,0.0,0.0,Ruru,0,1.0,Pico (<5 kW),0,0,0
13240,5,569.0,566.3,2.7,1520.76,1544.91,515.3,0.52,83.435278,28.018333,1,0,GAUGE_TRANSFER_DHM,51.9286,31.8394,15.9197,10.2341,7.2018,11.4243,10.3857,11.4243,15.5786,28.5607,90.875,176.5572,189.5394,109.05,49.3322,21.81,13.5014,1.0386,31.8394,30.8008,0.82,Commercial RoR (>1 MW),2.4,297.32,1870.97,598.03,1272.94,149.18,121.27,149.18,202.11,395.32,442.58,457.33,457.33,442.58,457.33,288.73,179.01,Ruru,1,0.5,Mini (100-1000 kW),0,0,0
13242,5,566.3,558.6,7.6,1544.91,1546.47,412.3,1.85,83.435833,28.014444,1,0,GAUGE_TRANSFER_DHM,51.9732,31.8668,15.9334,10.2429,7.208,11.4341,10.3946,11.4341,15.5919,28.5852,90.953,176.7088,189.702,109.1436,49.3745,21.8287,13.513,1.0395,31.8668,30.8273,0.82,Commercial RoR (>1 MW),6.8,843.13,5305.65,1695.88,3609.78,423.03,343.88,423.03,573.14,1121.03,1255.05,1296.89,1296.89,1255.05,1296.89,818.77,507.64,Ruru,1,0.5,Mini (100-1000 kW),0,1,1
13268,5,558.6,545.2,13.4,1546.47,1547.12,547.3,2.45,83.438611,28.012222,1,0,GAUGE_TRANSFER_DHM,51.9917,31.8781,15.9391,10.2465,7.2105,11.4382,10.3983,11.4382,15.5975,28.5955,90.9855,176.7719,189.7698,109.1826,49.3921,21.8365,13.5178,1.0398,31.8781,30.8383,0.82,Commercial RoR (>1 MW),12.1,1500.82,9444.32,3018.76,6425.56,753.02,612.13,753.02,1020.22,1995.5,2234.05,2308.52,2308.52,2234.05,2308.52,1457.45,903.62,Ruru,1,0.5,Small/Medium RoR (>1 MW),0,1,1
13269,5,545.2,545.2,0.0,1547.12,1547.47,589.1,0.0,83.443333,28.011111,1,0,GAUGE_TRANSFER_DHM,52.0017,31.8843,15.9421,10.2485,7.2119,11.4404,10.4003,11.4404,15.6005,28.6009,91.003,176.8059,189.8063,109.2036,49.4016,21.8407,13.5204,1.04,31.8843,30.8443,0.82,Commercial RoR (>1 MW),0.0,0.0,0.0,0.0,0.0,0.0,0.0,0.0,0.0,0.0,0.0,0.0,0.0,0.0,0.0,0.0,0.0,Ruru,1,0.5,Pico (<5 kW),0,0,0
13270,5,545.2,545.2,0.0,1547.47,1549.91,163.6,0.0,83.446389,28.010833,1,0,GAUGE_TRANSFER_DHM,52.0714,31.927,15.9635,10.2622,7.2216,11.4557,10.4143,11.4557,15.6214,28.6393,91.125,177.0428,190.0607,109.35,49.4678,21.87,13.5386,1.0414,31.927,30.8856,0.82,Commercial RoR (>1 MW),0.0,0.0,0.0,0.0,0.0,0.0,0.0,0.0,0.0,0.0,0.0,0.0,0.0,0.0,0.0,0.0,0.0,Satyawati,1,0.5,Pico (<5 kW),0,0,0
13296,5,553.5,549.2,4.3,487.3,487.97,648.6,0.66,83.600556,27.995,1,0,GAUGE_TRANSFER_DHM,19.4972,11.9545,5.9773,3.8425,2.704,4.2894,3.8994,4.2894,5.8492,10.7235,34.1202,66.2906,71.1649,40.9442,18.5224,8.1888,5.0693,0.3899,11.9545,11.5646,0.82,Commercial RoR (>1 MW),3.9,181.41,1141.54,364.88,776.65,91.02,73.99,91.02,123.32,241.2,270.03,279.03,279.03,270.03,279.03,176.16,109.22,Kaligandaki,1,0.5,Mini (100-1000 kW),0,0,0
13297,5,549.2,549.2,0.0,487.97,488.89,411.6,0.0,83.596667,27.992222,1,0,GAUGE_TRANSFER_DHM,19.5285,11.9737,5.9868,3.8487,2.7083,4.2963,3.9057,4.2963,5.8585,10.7407,34.1748,66.3968,71.2789,41.0098,18.5521,8.202,5.0774,0.3906,11.9737,11.5831,0.82,Commercial RoR (>1 MW),0.0,0.0,0.0,0.0,0.0,0.0,0.0,0.0,0.0,0.0,0.0,0.0,0.0,0.0,0.0,0.0,0.0,Kaligandaki,1,0.5,Pico (<5 kW),0,0,0
13313,1,549.2,549.2,0.0,0.53,488.89,190.9,0.0,83.596111,27.991111,1,0,GAUGE_TRANSFER_DHM,19.5285,11.9737,5.9868,3.8487,2.7083,4.2963,3.9057,4.2963,5.8585,10.7407,34.1748,66.3968,71.2789,41.0098,18.5521,8.202,5.0774,0.3906,11.9737,11.5831,0.82,Commercial RoR (>1 MW),0.0,0.0,0.0,0.0,0.0,0.0,0.0,0.0,0.0,0.0,0.0,0.0,0.0,0.0,0.0,0.0,0.0,Kaligandaki,1,0.5,Pico (<5 kW),0,0,0
13314,5,549.2,549.2,0.0,488.89,489.36,575.2,0.0,83.592778,27.989167,1,0,GAUGE_TRANSFER_DHM,19.5444,11.9834,5.9917,3.8518,2.7105,4.2998,3.9089,4.2998,5.8633,10.7494,34.2028,66.4511,71.3372,41.0433,18.5672,8.2087,5.0816,0.3909,11.9834,11.5925,0.82,Commercial RoR (>1 MW),0.0,0.0,0.0,0.0,0.0,0.0,0.0,0.0,0.0,0.0,0.0,0.0,0.0,0.0,0.0,0.0,0.0,Kaligandaki,1,0.5,Pico (<5 kW),0,0,0
13315,5,549.2,549.2,0.0,489.36,490.06,505.4,0.0,83.588056,27.988611,1,0,GAUGE_TRANSFER_DHM,19.5682,11.998,5.999,3.8565,2.7138,4.305,3.9136,4.305,5.8705,10.7625,34.2443,66.5319,71.4239,41.0932,18.5898,8.2186,5.0877,0.3914,11.998,11.6066,0.82,Commercial RoR (>1 MW),0.0,0.0,0.0,0.0,0.0,0.0,0.0,0.0,0.0,0.0,0.0,0.0,0.0,0.0,0.0,0.0,0.0,Kaligandaki,1,0.5,Pico (<5 kW),0,0,0
13316,5,549.2,549.2,0.0,490.06,490.67,41.2,0.0,83.585556,27.987778,1,0,GAUGE_TRANSFER_DHM,19.5889,12.0107,6.0054,3.8606,2.7167,4.3096,3.9178,4.3096,5.8767,10.7739,34.2806,66.6022,71.4995,41.1367,18.6095,8.2273,5.0931,0.3918,12.0107,11.6189,0.82,Commercial RoR (>1 MW),0.0,0.0,0.0,0.0,0.0,0.0,0.0,0.0,0.0,0.0,0.0,0.0,0.0,0.0,0.0,0.0,0.0,Kaligandaki,1,0.5,Pico (<5 kW),0,0,0
13317,5,549.2,549.2,0.0,490.67,490.99,556.6,0.0,83.584722,27.985278,1,0,GAUGE_TRANSFER_DHM,19.5998,12.0174,6.0087,3.8627,2.7182,4.3119,3.92,4.3119,5.8799,10.7799,34.2996,66.6392,71.5391,41.1595,18.6198,8.2319,5.0959,0.392,12.0174,11.6254,0.82,Commercial RoR (>1 MW),0.0,0.0,0.0,0.0,0.0,0.0,0.0,0.0,0.0,0.0,0.0,0.0,0.0,0.0,0.0,0.0,0.0,Kaligandaki,1,0.5,Pico (<5 kW),0,0,0
13318,5,549.2,549.2,0.0,490.99,492.27,319.5,0.0,83.584722,27.981667,1,0,GAUGE_TRANSFER_DHM,19.6432,12.044,6.022,3.8713,2.7242,4.3215,3.9286,4.3215,5.893,10.8037,34.3756,66.7868,71.6976,41.2507,18.661,8.2501,5.1072,0.3929,12.044,11.6511,0.82,Commercial RoR (>1 MW),0.0,0.0,0.0,0.0,0.0,0.0,0.0,0.0,0.0,0.0,0.0,0.0,0.0,0.0,0.0,0.0,0.0,Kaligandaki,1,0.5,Pico (<5 kW),0,0,0
13321,5,549.2,549.2,0.0,492.27,536.47,506.0,0.0,83.582222,27.979722,1,0,GAUGE_TRANSFER_DHM,21.1326,12.9572,6.4786,4.1648,2.9308,4.6492,4.2265,4.6492,6.3398,11.6229,36.982,71.8508,77.1339,44.3784,20.0759,8.8757,5.4945,0.4226,12.9572,12.5345,0.82,Commercial RoR (>1 MW),0.0,0.0,0.0,0.0,0.0,0.0,0.0,0.0,0.0,0.0,0.0,0.0,0.0,0.0,0.0,0.0,0.0,Kaligandaki,1,0.5,Pico (<5 kW),0,0,0
13322,5,549.2,549.2,0.0,536.47,537.55,82.5,0.0,83.579722,27.978611,1,0,GAUGE_TRANSFER_DHM,21.1687,12.9794,6.4897,4.1719,2.9358,4.6571,4.2337,4.6571,6.3506,11.6428,37.0453,71.9737,77.2659,44.4543,20.1103,8.8909,5.5039,0.4234,12.9794,12.556,0.82,Commercial RoR (>1 MW),0.0,0.0,0.0,0.0,0.0,0.0,0.0,0.0,0.0,0.0,0.0,0.0,0.0,0.0,0.0,0.0,0.0,Kaligandaki,1,0.5,Pico (<5 kW),0,0,0
13323,5,549.2,549.2,0.0,537.55,538.01,589.1,0.0,83.576944,27.975833,1,0,GAUGE_TRANSFER_DHM,21.1841,12.9888,6.4944,4.175,2.9379,4.6605,4.2368,4.6605,6.3552,11.6513,37.0722,72.026,77.3221,44.4867,20.1249,8.8973,5.5079,0.4237,12.9888,12.5651,0.82,Commercial RoR (>1 MW),0.0,0.0,0.0,0.0,0.0,0.0,0.0,0.0,0.0,0.0,0.0,0.0,0.0,0.0,0.0,0.0,0.0,Kaligandaki,1,0.5,Pico (<5 kW),0,0,0
13325,5,549.2,549.2,0.0,538.02,538.04,463.5,0.0,83.5675,27.975833,1,0,GAUGE_TRANSFER_DHM,21.1851,12.9894,6.4947,4.1752,2.9381,4.6607,4.237,4.6607,6.3555,11.6518,37.074,72.0295,77.3257,44.4888,20.1259,8.8978,5.5081,0.4237,12.9894,12.5657,0.82,Commercial RoR (>1 MW),0.0,0.0,0.0,0.0,0.0,0.0,0.0,0.0,0.0,0.0,0.0,0.0,0.0,0.0,0.0,0.0,0.0,Kaligandaki,1,0.5,Pico (<5 kW),0,0,0
13326,5,549.2,549.2,0.0,538.04,545.26,218.1,0.0,83.564167,27.975833,1,0,GAUGE_TRANSFER_DHM,21.4265,13.1374,6.5687,4.2227,2.9716,4.7138,4.2853,4.7138,6.428,11.7846,37.4964,72.8502,78.2069,44.9957,20.3552,8.9991,5.5709,0.4285,13.1374,12.7089,0.82,Commercial RoR (>1 MW),0.0,0.0,0.0,0.0,0.0,0.0,0.0,0.0,0.0,0.0,0.0,0.0,0.0,0.0,0.0,0.0,0.0,Kaligandaki,1,0.5,Pico (<5 kW),0,0,0
13328,2,549.2,549.2,0.0,2.91,2.93,463.5,0.0,83.568056,27.975556,0,1,WECS_NEA_MIP,0.1154,0.0783,0.0407,0.0238,0.0173,0.0254,0.0231,0.0254,0.0346,0.0635,0.202,0.3924,0.4213,0.2424,0.1096,0.0485,0.03,0.0023,0.0407,0.0384,0.65,Micro/Mini Hydro (<1 MW),0.0,0.0,0.0,0.0,0.0,0.0,0.0,0.0,0.0,0.0,0.0,0.0,0.0,0.0,0.0,0.0,0.0,Kaligandaki,0,1.0,Pico (<5 kW),0,0,0
13329,2,549.2,549.2,0.0,2.93,548.19,299.9,0.0,83.564167,27.975556,1,0,GAUGE_TRANSFER_DHM,21.5244,13.1974,6.5987,4.242,2.9851,4.7354,4.3049,4.7354,6.4573,11.8384,37.6676,73.1828,78.5639,45.2012,20.4481,9.0402,5.5963,0.4305,13.1974,12.7669,0.82,Commercial RoR (>1 MW),0.0,0.0,0.0,0.0,0.0,0.0,0.0,0.0,0.0,0.0,0.0,0.0,0.0,0.0,0.0,0.0,0.0,Kaligandaki,1,0.5,Pico (<5 kW),0,0,0
13330,1,549.2,549.2,0.0,0.51,1.27,505.4,0.0,83.566944,27.976667,0,1,WECS_NEA_MIP,0.0509,0.0342,0.0175,0.0101,0.0073,0.0112,0.0102,0.0112,0.0153,0.028,0.089,0.173,0.1857,0.1068,0.0483,0.0214,0.0132,0.001,0.0175,0.0165,0.65,Micro/Mini Hydro (<1 MW),0.0,0.0,0.0,0.0,0.0,0.0,0.0,0.0,0.0,0.0,0.0,0.0,0.0,0.0,0.0,0.0,0.0,Kaligandaki,0,1.0,Pico (<5 kW),0,0,0
13331,1,549.2,549.2,0.0,1.27,545.26,177.5,0.0,83.563889,27.976111,1,0,GAUGE_TRANSFER_DHM,21.4265,13.1374,6.5687,4.2227,2.9716,4.7138,4.2853,4.7138,6.428,11.7846,37.4964,72.8502,78.2069,44.9957,20.3552,8.9991,5.5709,0.4285,13.1374,12.7089,0.82,Commercial RoR (>1 MW),0.0,0.0,0.0,0.0,0.0,0.0,0.0,0.0,0.0,0.0,0.0,0.0,0.0,0.0,0.0,0.0,0.0,Kaligandaki,1,0.5,Pico (<5 kW),0,0,0
13332,5,549.2,549.2,0.0,545.26,548.19,41.2,0.0,83.562778,27.975556,1,0,GAUGE_TRANSFER_DHM,21.5244,13.1974,6.5987,4.242,2.9851,4.7354,4.3049,4.7354,6.4573,11.8384,37.6676,73.1828,78.5639,45.2012,20.4481,9.0402,5.5963,0.4305,13.1974,12.7669,0.82,Commercial RoR (>1 MW),0.0,0.0,0.0,0.0,0.0,0.0,0.0,0.0,0.0,0.0,0.0,0.0,0.0,0.0,0.0,0.0,0.0,Kaligandaki,1,0.5,Pico (<5 kW),0,0,0
13333,5,549.2,549.2,0.0,548.19,548.54,505.4,0.0,83.560278,27.974722,1,0,GAUGE_TRANSFER_DHM,21.536,13.2046,6.6023,4.2443,2.9868,4.7379,4.3072,4.7379,6.4608,11.8448,37.6881,73.2225,78.6066,45.2257,20.4592,9.0451,5.5994,0.4307,13.2046,12.7739,0.82,Commercial RoR (>1 MW),0.0,0.0,0.0,0.0,0.0,0.0,0.0,0.0,0.0,0.0,0.0,0.0,0.0,0.0,0.0,0.0,0.0,Kaligandaki,1,0.5,Pico (<5 kW),0,0,0
13337,5,549.2,549.2,0.0,549.72,550.43,109.1,0.0,83.55,27.976111,1,0,GAUGE_TRANSFER_DHM,21.5991,13.2432,6.6216,4.2568,2.9955,4.7518,4.3198,4.7518,6.4797,11.8795,37.7984,73.4369,78.8367,45.3581,20.5191,9.0716,5.6158,0.432,13.2432,12.8112,0.82,Commercial RoR (>1 MW),0.0,0.0,0.0,0.0,0.0,0.0,0.0,0.0,0.0,0.0,0.0,0.0,0.0,0.0,0.0,0.0,0.0,Satyawati,1,0.5,Pico (<5 kW),0,0,0
13338,5,549.2,549.2,0.0,0.69,550.43,41.2,0.0,83.549444,27.976111,1,0,GAUGE_TRANSFER_DHM,21.5991,13.2432,6.6216,4.2568,2.9955,4.7518,4.3198,4.7518,6.4797,11.8795,37.7984,73.4369,78.8367,45.3581,20.5191,9.0716,5.6158,0.432,13.2432,12.8112,0.82,Commercial RoR (>1 MW),0.0,0.0,0.0,0.0,0.0,0.0,0.0,0.0,0.0,0.0,0.0,0.0,0.0,0.0,0.0,0.0,0.0,Satyawati,1,0.5,Pico (<5 kW),0,0,0
13339,5,549.2,545.2,4.0,550.43,550.89,645.7,0.62,83.547778,27.973611,1,0,GAUGE_TRANSFER_DHM,21.6144,13.2527,6.6263,4.2598,2.9976,4.7552,4.3229,4.7552,6.4843,11.8879,37.8253,73.4891,78.8927,45.3903,20.5337,9.0781,5.6198,0.4323,13.2527,12.8204,0.82,Commercial RoR (>1 MW),3.6,185.63,1168.15,373.38,794.76,93.14,75.71,93.14,126.19,246.82,276.33,285.54,285.54,276.33,285.54,180.27,111.77,Satyawati,1,0.5,Mini (100-1000 kW),0,0,0
13340,5,545.2,545.2,0.0,550.89,550.93,463.5,0.0,83.543333,27.971667,1,0,GAUGE_TRANSFER_DHM,21.6158,13.2535,6.6267,4.26,2.9978,4.7555,4.3232,4.7555,6.4847,11.8887,37.8276,73.4936,78.8976,45.3931,20.535,9.0786,5.6201,0.4323,13.2535,12.8212,0.82,Commercial RoR (>1 MW),0.0,0.0,0.0,0.0,0.0,0.0,0.0,0.0,0.0,0.0,0.0,0.0,0.0,0.0,0.0,0.0,0.0,Satyawati,1,0.5,Pico (<5 kW),0,0,0
13341,5,545.2,545.2,0.0,550.93,562.43,409.0,0.0,83.538889,27.971667,1,0,GAUGE_TRANSFER_DHM,21.9987,13.4883,6.7441,4.3355,3.0509,4.8397,4.3997,4.8397,6.5996,12.0993,38.4977,74.7956,80.2953,46.1973,20.8988,9.2395,5.7197,0.44,13.4883,13.0483,0.82,Commercial RoR (>1 MW),0.0,0.0,0.0,0.0,0.0,0.0,0.0,0.0,0.0,0.0,0.0,0.0,0.0,0.0,0.0,0.0,0.0,Satyawati,1,0.5,Pico (<5 kW),0,0,0
13348,5,545.2,545.2,0.0,562.43,563.79,672.9,0.0,83.534444,27.969722,1,0,GAUGE_TRANSFER_DHM,22.0439,13.516,6.758,4.3444,3.0572,4.8497,4.4088,4.8497,6.6132,12.1242,38.5768,74.9493,80.4603,46.2922,20.9417,9.2584,5.7314,0.4409,13.516,13.0751,0.82,Commercial RoR (>1 MW),0.0,0.0,0.0,0.0,0.0,0.0,0.0,0.0,0.0,0.0,0.0,0.0,0.0,0.0,0.0,0.0,0.0,Satyawati,1,0.5,Pico (<5 kW),0,0,0
13349,5,545.2,545.2,0.0,563.79,563.84,491.4,0.0,83.529722,27.966944,1,0,GAUGE_TRANSFER_DHM,22.0456,13.517,6.7585,4.3447,3.0574,4.85,4.4091,4.85,6.6137,12.1251,38.5798,74.9549,80.4663,46.2957,20.9433,9.2591,5.7318,0.4409,13.517,13.0761,0.82,Commercial RoR (>1 MW),0.0,0.0,0.0,0.0,0.0,0.0,0.0,0.0,0.0,0.0,0.0,0.0,0.0,0.0,0.0,0.0,0.0,Satyawati,1,0.5,Pico (<5 kW),0,0,0
13350,5,545.2,545.2,0.0,563.84,565.28,327.2,0.0,83.525833,27.966944,1,0,GAUGE_TRANSFER_DHM,22.0934,13.5463,6.7732,4.3542,3.0641,4.8606,4.4187,4.8606,6.628,12.1514,38.6635,75.1176,80.641,46.3962,20.9887,9.2792,5.7443,0.4419,13.5463,13.1044,0.82,Commercial RoR (>1 MW),0.0,0.0,0.0,0.0,0.0,0.0,0.0,0.0,0.0,0.0,0.0,0.0,0.0,0.0,0.0,0.0,0.0,Satyawati,1,0.5,Pico (<5 kW),0,0,0
13352,2,545.2,545.2,0.0,6.87,6.95,491.4,0.0,83.525278,27.965278,0,1,WECS_NEA_MIP,0.2691,0.1842,0.0975,0.0579,0.0426,0.0592,0.0538,0.0592,0.0807,0.148,0.4709,0.9149,0.9822,0.5651,0.2556,0.113,0.07,0.0054,0.0975,0.0921,0.65,Micro/Mini Hydro (<1 MW),0.0,0.0,0.0,0.0,0.0,0.0,0.0,0.0,0.0,0.0,0.0,0.0,0.0,0.0,0.0,0.0,0.0,Satyawati,0,1.0,Pico (<5 kW),0,0,0
13353,2,545.2,545.2,0.0,6.95,572.48,81.8,0.0,83.5225,27.965278,1,0,GAUGE_TRANSFER_DHM,22.3324,13.6929,6.8464,4.4013,3.0972,4.9131,4.4665,4.9131,6.6997,12.2828,39.0817,75.9301,81.5132,46.898,21.2158,9.3796,5.8064,0.4466,13.6929,13.2462,0.82,Commercial RoR (>1 MW),0.0,0.0,0.0,0.0,0.0,0.0,0.0,0.0,0.0,0.0,0.0,0.0,0.0,0.0,0.0,0.0,0.0,Satyawati,1,0.5,Pico (<5 kW),0,0,0
13354,1,545.2,545.2,0.0,0.6,565.28,164.9,0.0,83.524722,27.9675,1,0,GAUGE_TRANSFER_DHM,22.0934,13.5463,6.7732,4.3542,3.0641,4.8606,4.4187,4.8606,6.628,12.1514,38.6635,75.1176,80.641,46.3962,20.9887,9.2792,5.7443,0.4419,13.5463,13.1044,0.82,Commercial RoR (>1 MW),0.0,0.0,0.0,0.0,0.0,0.0,0.0,0.0,0.0,0.0,0.0,0.0,0.0,0.0,0.0,0.0,0.0,Satyawati,1,0.5,Pico (<5 kW),0,0,0
13355,5,545.2,545.2,0.0,565.28,572.48,274.6,0.0,83.523056,27.965833,1,0,GAUGE_TRANSFER_DHM,22.3324,13.6929,6.8464,4.4013,3.0972,4.9131,4.4665,4.9131,6.6997,12.2828,39.0817,75.9301,81.5132,46.898,21.2158,9.3796,5.8064,0.4466,13.6929,13.2462,0.82,Commercial RoR (>1 MW),0.0,0.0,0.0,0.0,0.0,0.0,0.0,0.0,0.0,0.0,0.0,0.0,0.0,0.0,0.0,0.0,0.0,Satyawati,1,0.5,Pico (<5 kW),0,0,0
13358,5,545.2,545.2,0.0,1549.91,1550.41,580.2,0.0,83.449167,28.011111,1,0,GAUGE_TRANSFER_DHM,52.0857,31.9358,15.9679,10.2651,7.2236,11.4589,10.4171,11.4589,15.6257,28.6471,91.15,177.0914,190.1128,109.38,49.4814,21.876,13.5423,1.0417,31.9358,30.8941,0.82,Commercial RoR (>1 MW),0.0,0.0,0.0,0.0,0.0,0.0,0.0,0.0,0.0,0.0,0.0,0.0,0.0,0.0,0.0,0.0,0.0,Satyawati,1,0.5,Pico (<5 kW),0,0,0
13359,5,545.2,545.2,0.0,1550.41,1552.04,515.3,0.0,83.449722,28.006944,1,0,GAUGE_TRANSFER_DHM,52.1322,31.9643,15.9821,10.2742,7.23,11.4691,10.4264,11.4691,15.6397,28.6727,91.2314,177.2496,190.2827,109.4777,49.5256,21.8955,13.5544,1.0426,31.9643,30.9217,0.82,Commercial RoR (>1 MW),0.0,0.0,0.0,0.0,0.0,0.0,0.0,0.0,0.0,0.0,0.0,0.0,0.0,0.0,0.0,0.0,0.0,Ruru,1,0.5,Pico (<5 kW),0,0,0
13361,1,545.2,545.2,0.0,0.5,0.52,463.5,0.0,83.515556,27.967222,0,1,WECS_NEA_MIP,0.0212,0.0141,0.0071,0.004,0.0029,0.0047,0.0042,0.0047,0.0064,0.0117,0.0371,0.0721,0.0774,0.0445,0.0201,0.0089,0.0055,0.0004,0.0071,0.0067,0.65,Micro/Mini Hydro (<1 MW),0.0,0.0,0.0,0.0,0.0,0.0,0.0,0.0,0.0,0.0,0.0,0.0,0.0,0.0,0.0,0.0,0.0,Satyawati,0,1.0,Pico (<5 kW),0,0,0
13365,1,545.2,545.2,0.0,0.67,1552.04,402.0,0.0,83.451667,28.006667,1,0,GAUGE_TRANSFER_DHM,52.1322,31.9643,15.9821,10.2742,7.23,11.4691,10.4264,11.4691,15.6397,28.6727,91.2314,177.2496,190.2827,109.4777,49.5256,21.8955,13.5544,1.0426,31.9643,30.9217,0.82,Commercial RoR (>1 MW),0.0,0.0,0.0,0.0,0.0,0.0,0.0,0.0,0.0,0.0,0.0,0.0,0.0,0.0,0.0,0.0,0.0,Ruru,1,0.5,Pico (<5 kW),0,0,0
13366,5,545.2,545.2,0.0,1552.04,1556.7,556.6,0.0,83.453056,28.002778,1,0,GAUGE_TRANSFER_DHM,52.2653,32.0458,16.0229,10.3005,7.2485,11.4984,10.4531,11.4984,15.6796,28.7459,91.4642,177.7019,190.7682,109.757,49.652,21.9514,13.589,1.0453,32.0458,31.0005,0.82,Commercial RoR (>1 MW),0.0,0.0,0.0,0.0,0.0,0.0,0.0,0.0,0.0,0.0,0.0,0.0,0.0,0.0,0.0,0.0,0.0,Ruru,1,0.5,Pico (<5 kW),0,0,0
13368,5,545.2,545.2,0.0,1556.7,1557.63,206.1,0.0,83.455,28.0,1,0,GAUGE_TRANSFER_DHM,52.2918,32.0621,16.0311,10.3057,7.2521,11.5042,10.4584,11.5042,15.6875,28.7605,91.5106,177.7921,190.865,109.8128,49.6772,21.9626,13.5959,1.0458,32.0621,31.0163,0.82,Commercial RoR (>1 MW),0.0,0.0,0.0,0.0,0.0,0.0,0.0,0.0,0.0,0.0,0.0,0.0,0.0,0.0,0.0,0.0,0.0,Ruru,1,0.5,Pico (<5 kW),0,0,0
13370,5,545.2,545.2,0.0,1557.63,1559.35,478.1,0.0,83.457778,27.998889,1,0,GAUGE_TRANSFER_DHM,52.3409,32.0922,16.0461,10.3154,7.259,11.515,10.4682,11.515,15.7023,28.7875,91.5965,177.959,191.0442,109.9158,49.7238,21.9832,13.6086,1.0468,32.0922,31.0454,0.82,Commercial RoR (>1 MW),0.0,0.0,0.0,0.0,0.0,0.0,0.0,0.0,0.0,0.0,0.0,0.0,0.0,0.0,0.0,0.0,0.0,Satyawati,1,0.5,Pico (<5 kW),0,0,0
13373,5,545.2,545.2,0.0,1559.35,1559.53,587.5,0.0,83.461667,27.996111,1,0,GAUGE_TRANSFER_DHM,52.346,32.0954,16.0477,10.3164,7.2597,11.5161,10.4692,11.5161,15.7038,28.7903,91.6055,177.9764,191.0629,109.9266,49.7287,21.9853,13.61,1.0469,32.0954,31.0485,0.82,Commercial RoR (>1 MW),0.0,0.0,0.0,0.0,0.0,0.0,0.0,0.0,0.0,0.0,0.0,0.0,0.0,0.0,0.0,0.0,0.0,Ruru,1,0.5,Pico (<5 kW),0,0,0
13374,5,545.2,545.2,0.0,1559.53,1579.83,30.9,0.0,83.461667,27.993611,1,0,GAUGE_TRANSFER_DHM,52.9246,32.4501,16.2251,10.4304,7.3399,11.6434,10.5849,11.6434,15.8774,29.1085,92.6181,179.9437,193.1748,111.1417,50.2784,22.2283,13.7604,1.0585,32.4501,31.3916,0.82,Commercial RoR (>1 MW),0.0,0.0,0.0,0.0,0.0,0.0,0.0,0.0,0.0,0.0,0.0,0.0,0.0,0.0,0.0,0.0,0.0,Ruru,1,0.5,Pico (<5 kW),0,0,0
13375,3,545.2,545.2,0.0,20.21,1579.83,237.0,0.0,83.4625,27.994444,1,0,GAUGE_TRANSFER_DHM,52.9246,32.4501,16.2251,10.4304,7.3399,11.6434,10.5849,11.6434,15.8774,29.1085,92.6181,179.9437,193.1748,111.1417,50.2784,22.2283,13.7604,1.0585,32.4501,31.3916,0.82,Commercial RoR (>1 MW),0.0,0.0,0.0,0.0,0.0,0.0,0.0,0.0,0.0,0.0,0.0,0.0,0.0,0.0,0.0,0.0,0.0,Ruru,1,0.5,Pico (<5 kW),0,0,0
13376,5,545.2,545.2,0.0,1579.83,1579.85,525.7,0.0,83.461667,27.991111,1,0,GAUGE_TRANSFER_DHM,52.9252,32.4505,16.2252,10.4305,7.34,11.6435,10.585,11.6435,15.8776,29.1088,92.6191,179.9456,193.1769,111.1429,50.2789,22.2286,13.7605,1.0585,32.4505,31.392,0.82,Commercial RoR (>1 MW),0.0,0.0,0.0,0.0,0.0,0.0,0.0,0.0,0.0,0.0,0.0,0.0,0.0,0.0,0.0,0.0,0.0,Ruru,1,0.5,Pico (<5 kW),0,0,0
13377,5,545.2,545.2,0.0,1579.85,1581.59,402.0,0.0,83.461667,27.986944,1,0,GAUGE_TRANSFER_DHM,52.9747,32.4809,16.2404,10.4403,7.3469,11.6544,10.5949,11.6544,15.8924,29.1361,92.7058,180.1141,193.3577,111.2469,50.326,22.2494,13.7734,1.0595,32.4809,31.4214,0.82,Commercial RoR (>1 MW),0.0,0.0,0.0,0.0,0.0,0.0,0.0,0.0,0.0,0.0,0.0,0.0,0.0,0.0,0.0,0.0,0.0,Satyawati,1,0.5,Pico (<5 kW),0,0,0
13381,5,545.2,545.2,0.0,1581.59,1583.87,494.7,0.0,83.463333,27.983611,1,0,GAUGE_TRANSFER_DHM,53.0396,32.5206,16.2603,10.4531,7.3559,11.6687,10.6079,11.6687,15.9119,29.1718,92.8193,180.3347,193.5946,111.3832,50.3876,22.2766,13.7903,1.0608,32.5206,31.4598,0.82,Commercial RoR (>1 MW),0.0,0.0,0.0,0.0,0.0,0.0,0.0,0.0,0.0,0.0,0.0,0.0,0.0,0.0,0.0,0.0,0.0,Ruru,1,0.5,Pico (<5 kW),0,0,0
13384,5,545.2,545.2,0.0,1583.87,1584.23,649.3,0.0,83.4675,27.979444,1,0,GAUGE_TRANSFER_DHM,53.0499,32.5269,16.2635,10.4551,7.3573,11.671,10.61,11.671,15.915,29.1774,92.8373,180.3696,193.632,111.4047,50.3974,22.2809,13.793,1.061,32.5269,31.4659,0.82,Commercial RoR (>1 MW),0.0,0.0,0.0,0.0,0.0,0.0,0.0,0.0,0.0,0.0,0.0,0.0,0.0,0.0,0.0,0.0,0.0,Ruru,1,0.5,Pico (<5 kW),0,0,0
13385,5,545.2,545.2,0.0,1584.23,1584.25,525.7,0.0,83.468333,27.974722,1,0,GAUGE_TRANSFER_DHM,53.0504,32.5273,16.2636,10.4552,7.3574,11.6711,10.6101,11.6711,15.9151,29.1777,92.8383,180.3715,193.6341,111.4059,50.3979,22.2812,13.7931,1.061,32.5273,31.4663,0.82,Commercial RoR (>1 MW),0.0,0.0,0.0,0.0,0.0,0.0,0.0,0.0,0.0,0.0,0.0,0.0,0.0,0.0,0.0,0.0,0.0,Ruru,1,0.5,Pico (<5 kW),0,0,0
13386,5,545.2,545.2,0.0,1584.25,1585.3,371.1,0.0,83.468333,27.970833,1,0,GAUGE_TRANSFER_DHM,53.0803,32.5456,16.2728,10.4611,7.3615,11.6777,10.6161,11.6777,15.9241,29.1942,92.8906,180.4731,193.7432,111.4687,50.4263,22.2937,13.8009,1.0616,32.5456,31.484,0.82,Commercial RoR (>1 MW),0.0,0.0,0.0,0.0,0.0,0.0,0.0,0.0,0.0,0.0,0.0,0.0,0.0,0.0,0.0,0.0,0.0,Ruru,1,0.5,Pico (<5 kW),0,0,0
13388,1,545.2,545.2,0.0,0.53,0.61,536.0,0.0,83.469167,27.976111,0,1,WECS_NEA_MIP,0.0248,0.0166,0.0083,0.0047,0.0034,0.0055,0.005,0.0055,0.0074,0.0136,0.0434,0.0843,0.0905,0.0521,0.0236,0.0104,0.0064,0.0005,0.0083,0.0078,0.65,Micro/Mini Hydro (<1 MW),0.0,0.0,0.0,0.0,0.0,0.0,0.0,0.0,0.0,0.0,0.0,0.0,0.0,0.0,0.0,0.0,0.0,Satyawati,0,1.0,Pico (<5 kW),0,0,0
13389,1,545.2,545.2,0.0,0.61,0.62,525.7,0.0,83.469167,27.971389,0,1,WECS_NEA_MIP,0.0252,0.0168,0.0085,0.0048,0.0034,0.0055,0.005,0.0055,0.0076,0.0139,0.0441,0.0857,0.092,0.0529,0.0239,0.0106,0.0066,0.0005,0.0085,0.008,0.65,Micro/Mini Hydro (<1 MW),0.0,0.0,0.0,0.0,0.0,0.0,0.0,0.0,0.0,0.0,0.0,0.0,0.0,0.0,0.0,0.0,0.0,Ruru,0,1.0,Pico (<5 kW),0,0,0
13390,1,545.2,545.2,0.0,0.62,594.32,463.8,0.0,83.469167,27.966944,1,0,GAUGE_TRANSFER_DHM,23.0545,14.1356,7.0678,4.5436,3.1973,5.072,4.6109,5.072,6.9164,12.68,40.3454,78.3854,84.149,48.4145,21.9018,9.6829,5.9942,0.4611,14.1356,13.6745,0.82,Commercial RoR (>1 MW),0.0,0.0,0.0,0.0,0.0,0.0,0.0,0.0,0.0,0.0,0.0,0.0,0.0,0.0,0.0,0.0,0.0,Ruru,1,0.5,Pico (<5 kW),0,0,0
13391,5,545.2,545.2,0.0,589.96,590.89,41.2,0.0,83.479444,27.975278,1,0,GAUGE_TRANSFER_DHM,22.9414,14.0662,7.0331,4.5213,3.1817,5.0471,4.5883,5.0471,6.8824,12.6178,40.1474,78.0007,83.736,48.1769,21.7943,9.6354,5.9648,0.4588,14.0662,13.6074,0.82,Commercial RoR (>1 MW),0.0,0.0,0.0,0.0,0.0,0.0,0.0,0.0,0.0,0.0,0.0,0.0,0.0,0.0,0.0,0.0,0.0,Satyawati,1,0.5,Pico (<5 kW),0,0,0
13394,1,545.2,545.2,0.0,0.53,1585.3,123.7,0.0,83.468056,27.969444,1,0,GAUGE_TRANSFER_DHM,53.0803,32.5456,16.2728,10.4611,7.3615,11.6777,10.6161,11.6777,15.9241,29.1942,92.8906,180.4731,193.7432,111.4687,50.4263,22.2937,13.8009,1.0616,32.5456,31.484,0.82,Commercial RoR (>1 MW),0.0,0.0,0.0,0.0,0.0,0.0,0.0,0.0,0.0,0.0,0.0,0.0,0.0,0.0,0.0,0.0,0.0,Ruru,1,0.5,Pico (<5 kW),0,0,0
13395,5,545.2,545.2,0.0,1585.3,1585.32,525.7,0.0,83.468333,27.966667,1,0,GAUGE_TRANSFER_DHM,53.0809,32.546,16.273,10.4612,7.3616,11.6778,10.6162,11.6778,15.9243,29.1945,92.8916,180.4751,193.7453,111.4699,50.4269,22.294,13.801,1.0616,32.546,31.4844,0.82,Commercial RoR (>1 MW),0.0,0.0,0.0,0.0,0.0,0.0,0.0,0.0,0.0,0.0,0.0,0.0,0.0,0.0,0.0,0.0,0.0,Ruru,1,0.5,Pico (<5 kW),0,0,0
13396,5,545.2,545.2,0.0,1585.32,2179.99,30.9,0.0,83.468333,27.964167,1,0,GAUGE_TRANSFER_DHM,69.5865,42.6662,21.3331,13.7141,9.6507,15.309,13.9173,15.309,20.876,38.2726,121.7764,236.5942,253.9908,146.1317,66.1072,29.2263,18.0925,1.3917,42.6662,41.2745,0.82,Commercial RoR (>1 MW),0.0,0.0,0.0,0.0,0.0,0.0,0.0,0.0,0.0,0.0,0.0,0.0,0.0,0.0,0.0,0.0,0.0,Ruru,1,0.5,Pico (<5 kW),0,0,0
13397,5,545.2,545.2,0.0,592.8,594.32,577.2,0.0,83.471111,27.966944,1,0,GAUGE_TRANSFER_DHM,23.0545,14.1356,7.0678,4.5436,3.1973,5.072,4.6109,5.072,6.9164,12.68,40.3454,78.3854,84.149,48.4145,21.9018,9.6829,5.9942,0.4611,14.1356,13.6745,0.82,Commercial RoR (>1 MW),0.0,0.0,0.0,0.0,0.0,0.0,0.0,0.0,0.0,0.0,0.0,0.0,0.0,0.0,0.0,0.0,0.0,Ruru,1,0.5,Pico (<5 kW),0,0,0
13398,5,545.2,545.2,0.0,594.32,2179.99,123.7,0.0,83.468611,27.964444,1,0,GAUGE_TRANSFER_DHM,69.5865,42.6662,21.3331,13.7141,9.6507,15.309,13.9173,15.309,20.876,38.2726,121.7764,236.5942,253.9908,146.1317,66.1072,29.2263,18.0925,1.3917,42.6662,41.2745,0.82,Commercial RoR (>1 MW),0.0,0.0,0.0,0.0,0.0,0.0,0.0,0.0,0.0,0.0,0.0,0.0,0.0,0.0,0.0,0.0,0.0,Ruru,1,0.5,Pico (<5 kW),0,0,0
13399,5,545.2,545.2,0.0,2179.99,2180.79,649.3,0.0,83.466389,27.961667,1,0,GAUGE_TRANSFER_DHM,69.6082,42.6795,21.3398,13.7184,9.6537,15.3138,13.9216,15.3138,20.8825,38.2845,121.8144,236.668,254.0701,146.1773,66.1278,29.2355,18.0981,1.3922,42.6795,41.2873,0.82,Commercial RoR (>1 MW),0.0,0.0,0.0,0.0,0.0,0.0,0.0,0.0,0.0,0.0,0.0,0.0,0.0,0.0,0.0,0.0,0.0,Ruru,1,0.5,Pico (<5 kW),0,0,0
13400,5,545.2,545.2,0.0,2180.79,2181.52,92.8,0.0,83.465,27.958889,1,0,GAUGE_TRANSFER_DHM,69.628,42.6916,21.3458,13.7223,9.6564,15.3182,13.9256,15.3182,20.8884,38.2954,121.8491,236.7353,254.1424,146.2189,66.1466,29.2438,18.1033,1.3926,42.6916,41.299,0.82,Commercial RoR (>1 MW),0.0,0.0,0.0,0.0,0.0,0.0,0.0,0.0,0.0,0.0,0.0,0.0,0.0,0.0,0.0,0.0,0.0,Ruru,1,0.5,Pico (<5 kW),0,0,0
13401,5,545.2,545.2,0.0,2181.52,2182.96,278.3,0.0,83.463889,27.9575,1,0,GAUGE_TRANSFER_DHM,69.6671,42.7156,21.3578,13.73,9.6619,15.3268,13.9334,15.3268,20.9001,38.3169,121.9174,236.8682,254.2849,146.3009,66.1838,29.2602,18.1134,1.3933,42.7156,41.3223,0.82,Commercial RoR (>1 MW),0.0,0.0,0.0,0.0,0.0,0.0,0.0,0.0,0.0,0.0,0.0,0.0,0.0,0.0,0.0,0.0,0.0,Ruru,1,0.5,Pico (<5 kW),0,0,0
13402,5,545.2,464.2,81.0,2182.96,2185.15,398.3,20.34,83.463056,27.955,1,0,GAUGE_TRANSFER_DHM,69.7265,42.752,21.376,13.7417,9.6701,15.3398,13.9453,15.3398,20.918,38.3496,122.0214,237.0701,254.5018,146.4257,66.2402,29.2851,18.1289,1.3945,42.752,41.3575,0.82,Commercial RoR (>1 MW),72.9,12126.48,76309.13,24391.25,51917.89,6084.31,4945.97,6084.31,8243.29,16123.44,18050.92,18652.62,18652.62,18050.92,18652.62,11776.08,7301.19,Ruru,1,0.5,Small/Medium RoR (>1 MW),0,1,1
13565,5,489.0,481.0,8.0,570.15,571.45,566.2,1.42,83.421111,27.933056,1,0,GAUGE_TRANSFER_DHM,22.2982,13.6719,6.836,4.3945,3.0925,4.9056,4.4596,4.9056,6.6895,12.264,39.0219,75.814,81.3885,46.8263,21.1833,9.3653,5.7975,0.446,13.6719,13.2259,0.82,Commercial RoR (>1 MW),7.2,383.01,2410.2,770.38,1639.82,192.17,156.21,192.17,260.36,509.25,570.13,589.14,589.14,570.13,589.14,371.94,230.6,Ruru,1,0.5,Mini (100-1000 kW),0,1,1
13580,5,481.0,474.1,6.9,571.45,572.15,590.5,1.17,83.424722,27.936111,1,0,GAUGE_TRANSFER_DHM,22.3214,13.6861,6.8431,4.3991,3.0957,4.9107,4.4643,4.9107,6.6964,12.2768,39.0625,75.8929,81.4733,46.875,21.2054,9.375,5.8036,0.4464,13.6861,13.2397,0.82,Commercial RoR (>1 MW),6.2,330.16,2077.61,664.09,1413.53,165.65,134.66,165.65,224.43,438.98,491.46,507.84,507.84,491.46,507.84,320.62,198.79,Ruru,1,0.5,Mini (100-1000 kW),0,1,1
13581,5,474.1,472.7,1.3,572.15,576.07,373.4,0.36,83.426944,27.939722,1,0,GAUGE_TRANSFER_DHM,22.4514,13.7658,6.8829,4.4247,3.1137,4.9393,4.4903,4.9393,6.7354,12.3483,39.2899,76.3347,81.9475,47.1479,21.3288,9.4296,5.8374,0.449,13.7658,13.3168,0.82,Commercial RoR (>1 MW),1.2,64.28,404.46,129.28,275.18,32.25,26.22,32.25,43.69,85.46,95.67,98.86,98.86,95.67,98.86,62.42,38.7,Ruru,1,0.5,Micro (5-100 kW),1,0,0
13595,5,472.7,471.1,1.6,576.07,576.87,533.3,0.3,83.430833,27.94,1,0,GAUGE_TRANSFER_DHM,22.4779,13.7821,6.891,4.4299,3.1174,4.9451,4.4956,4.9451,6.7434,12.3628,39.3363,76.4248,82.0442,47.2035,21.354,9.4407,5.8442,0.4496,13.7821,13.3325,0.82,Commercial RoR (>1 MW),1.4,75.08,472.43,151.0,321.42,37.67,30.62,37.67,51.03,99.82,111.75,115.48,115.48,111.75,115.48,72.9,45.2,Ruru,1,0.5,Micro (5-100 kW),1,0,0
13597,5,464.1,459.0,5.1,577.63,577.85,550.9,0.93,83.438333,27.935833,1,0,GAUGE_TRANSFER_DHM,22.5103,13.8019,6.901,4.4363,3.1219,4.9523,4.5021,4.9523,6.7531,12.3807,39.3931,76.5351,82.1627,47.2717,21.3848,9.4543,5.8527,0.4502,13.8019,13.3517,0.82,Commercial RoR (>1 MW),4.6,247.03,1554.5,496.88,1057.62,123.94,100.76,123.94,167.92,328.45,367.72,379.97,379.97,367.72,379.97,239.89,148.73,Ruru,1,0.5,Mini (100-1000 kW),0,1,1
13611,5,464.2,464.0,0.2,2185.15,2185.24,150.9,0.11,83.461389,27.953611,1,0,GAUGE_TRANSFER_DHM,69.729,42.7535,21.3768,13.7422,9.6704,15.3404,13.9458,15.3404,20.9187,38.3509,122.0257,237.0784,254.5107,146.4308,66.2425,29.2862,18.1295,1.3946,42.7535,41.3589,0.82,Commercial RoR (>1 MW),0.2,33.27,209.36,66.92,142.44,16.69,13.57,16.69,22.62,44.24,49.52,51.17,51.17,49.52,51.17,32.31,20.03,Ruru,1,0.5,Micro (5-100 kW),0,0,0
13617,1,461.0,460.0,1.0,0.57,1.02,559.6,0.18,83.445556,27.939722,0,1,WECS_NEA_MIP,0.041,0.0276,0.014,0.008,0.0058,0.009,0.0082,0.009,0.0123,0.0226,0.0718,0.1395,0.1498,0.0862,0.039,0.0172,0.0107,0.0008,0.014,0.0132,0.65,Micro/Mini Hydro (<1 MW),0.9,0.08,0.6,0.25,0.35,0.04,0.03,0.04,0.05,0.06,0.06,0.06,0.06,0.06,0.06,0.06,0.04,Ruru,0,1.0,Pico (<5 kW),0,0,0
13618,1,460.0,460.0,0.0,1.02,1.07,123.7,0.0,83.444167,27.936944,0,1,WECS_NEA_MIP,0.043,0.0289,0.0147,0.0084,0.0061,0.0095,0.0086,0.0095,0.0129,0.0237,0.0753,0.1462,0.157,0.0903,0.0409,0.0181,0.0112,0.0009,0.0147,0.0138,0.65,Micro/Mini Hydro (<1 MW),0.0,0.0,0.0,0.0,0.0,0.0,0.0,0.0,0.0,0.0,0.0,0.0,0.0,0.0,0.0,0.0,0.0,Ruru,0,1.0,Pico (<5 kW),0,0,0
